Date,Gold Price,10Y Real Yield,10Y Breakeven,Log Return Gold Price,Change 10Y Real Yield,Change 10Y Breakeven,Rolling Correlation levels,Rolling Correlation logs,acm_tp_level,acm_tp_change,is_episode,ep_id,Regime,Regime_order
2004-02-18,412.2999877929688,1.75,2.3,-0.0089340501555676,0.0,0.0,0.3686536618126645,0.0088098255380351,1.0762,0.0040999999999999,False,,No Episode,0
2004-02-19,409.7999877929688,1.76,2.29,-0.0060820040886744,0.01,-0.0099999999999997,0.3004186614568774,-0.0124622725899677,1.0726,-0.0036,False,,No Episode,0
2004-02-20,397.5,1.79,2.31,-0.0304742719226345,0.03,0.02,0.2543328184841996,-0.0763729802943826,1.0966,0.024,False,,No Episode,0
2004-02-23,399.0,1.76,2.29,0.003766482795477,-0.03,-0.02,0.1482902387380558,-0.1119242098907686,1.0789,-0.0177,False,,No Episode,0
2004-02-24,404.5,1.74,2.3,0.013690319608683,-0.02,0.0099999999999997,0.0666874025781091,-0.0871025904945186,1.0676,-0.0112999999999998,False,,No Episode,0
2004-02-25,395.7999877929688,1.71,2.31,-0.0217427341714948,-0.03,0.0100000000000002,0.0353222918451021,-0.0527334369220405,1.0563,-0.0113,False,,No Episode,0
2004-02-26,395.7999877929688,1.69,2.36,0.0,-0.02,0.0499999999999998,0.1048067484036028,-0.0708125916012769,1.0647,0.0083999999999999,False,,No Episode,0
2004-02-27,396.3999938964844,1.61,2.38,0.0015147847314151,-0.0799999999999998,0.02,0.1735395615185098,-0.0798736173108416,1.0519,-0.0127999999999999,False,,No Episode,0
2004-03-01,399.2999877929688,1.55,2.45,0.0072891964396308,-0.06,0.0700000000000002,0.2352690285284381,-0.159930368274091,1.0461,-0.0058,False,,No Episode,0
2004-03-02,393.5,1.58,2.47,-0.0146319156406402,0.03,0.02,0.3350666449626158,-0.1859718610865977,1.0664,0.0202999999999999,False,,No Episode,0
2004-03-03,392.3999938964844,1.59,2.48,-0.0027993557205707,0.01,0.0099999999999997,0.3939473042765308,-0.2126650455943534,1.0776,0.0111999999999998,False,,No Episode,0
2004-03-04,392.8999938964844,1.6,2.44,0.0012733988929998,0.01,-0.04,0.446567068603431,-0.2193812412413326,1.067,-0.0105999999999999,False,,No Episode,0
2004-03-05,401.2999877929688,1.46,2.39,0.0211541358242666,-0.1400000000000001,-0.0499999999999998,0.4189585755647266,-0.3440258656536955,0.9854,-0.0815999999999999,False,,No Episode,0
2004-03-08,400.6000061035156,1.43,2.35,-0.0017458083865005,-0.03,-0.04,0.3913850411167572,-0.3387572371601106,0.9349,-0.0505000000000001,False,,No Episode,0
2004-03-09,404.2000122070313,1.4,2.33,0.0089463967023402,-0.03,-0.02,0.3221446011091537,-0.3524934632759107,0.9001,-0.0347999999999999,False,,No Episode,0
2004-03-10,400.0,1.45,2.29,-0.0104452880620113,0.05,-0.04,0.3041773000617799,-0.3618257076182873,0.8939,-0.0061999999999999,False,,No Episode,0
2004-03-11,400.7000122070313,1.5,2.24,0.0017485009983824,0.05,-0.0499999999999998,0.2325942300813986,-0.443134916242836,0.8993,0.0053999999999999,False,,No Episode,0
2004-03-12,395.2999877929688,1.52,2.26,-0.0135681086841481,0.02,0.0199999999999995,0.3080051721729235,-0.5319850545933543,0.905,0.0057,False,,No Episode,0
2004-03-15,399.3999938964844,1.47,2.31,0.0103184662777868,-0.05,0.0500000000000002,0.3216104436428446,-0.5309155286529992,0.9072,0.0021999999999999,False,,No Episode,0
2004-03-16,402.3999938964844,1.4,2.3,0.0074831979177441,-0.07,-0.0100000000000002,0.3298191655592002,-0.5438698784535623,0.8753,-0.0319,False,,No Episode,0
2004-03-17,406.8999938964844,1.36,2.35,0.0111208363898587,-0.0399999999999998,0.0500000000000002,0.2812332508299825,-0.5517157541777941,0.8714,-0.0039,False,,No Episode,0
2004-03-18,411.1000061035156,1.37,2.39,0.0102690687430175,0.01,0.04,0.1977618977266292,-0.5362888373177048,0.8941,0.0227,False,,No Episode,0
2004-03-19,412.5,1.44,2.36,0.0033996970241121,0.0699999999999998,-0.0300000000000002,0.1748621255733004,-0.4783077375896358,0.9139,0.0198,False,,No Episode,0
2004-03-22,417.3999938964844,1.42,2.32,0.0118087742456634,-0.02,-0.04,0.0795990208603842,-0.4549686978101927,0.8911,-0.0228,False,,No Episode,0
2004-03-23,419.7999877929688,1.41,2.32,0.0057333982879264,-0.01,0.0,-0.0264907621174148,-0.4486881224661443,0.8827,-0.0083999999999999,False,,No Episode,0
2004-03-24,417.2000122070313,1.38,2.35,-0.0062126259222852,-0.03,0.0300000000000002,-0.1116798634844685,-0.4377168154181128,0.8809,-0.0018,False,,No Episode,0
2004-03-25,416.7000122070313,1.4,2.35,-0.0011991846631014,0.02,0.0,-0.1938070384616781,-0.4284155645031927,0.89,0.0090999999999999,False,,No Episode,0
2004-03-26,422.1000061035156,1.47,2.38,0.0128756995253951,0.07,0.0299999999999998,-0.2815443221595327,-0.3541732512783782,0.9356,0.0455999999999999,False,,No Episode,0
2004-03-29,417.1000061035156,1.5,2.41,-0.0119162514122148,0.03,0.0300000000000002,-0.325964753080688,-0.3909885130762273,0.9666,0.031,False,,No Episode,0
2004-03-30,421.7000122070313,1.52,2.39,0.0109681738635876,0.02,-0.02,-0.3993582121354803,-0.3894022985859592,0.9785,0.0119,False,,No Episode,0
2004-03-31,427.2999877929688,1.48,2.38,0.0131921243824484,-0.04,-0.0100000000000002,-0.4545647705865285,-0.4034331841504388,0.9577,-0.0208,False,,No Episode,0
2004-04-01,427.7999877929688,1.48,2.43,0.0011694540317153,0.0,0.0500000000000002,-0.4961022237187242,-0.3981551231567042,0.9769,0.0191999999999999,False,,No Episode,0
2004-04-02,421.6000061035156,1.69,2.46,-0.0145987564096881,0.2099999999999999,0.0299999999999998,-0.3759354671790909,-0.4672668312410318,1.09,0.1131,False,,No Episode,0
2004-04-05,415.3999938964844,1.75,2.49,-0.0148151149552751,0.06,0.0300000000000002,-0.2711806506716375,-0.4918298255518806,1.1521,0.0620999999999998,False,,No Episode,0
2004-04-06,418.8999938964844,1.73,2.46,0.0083903166337417,-0.02,-0.0300000000000002,-0.1838739414565525,-0.494111771494455,1.1485,-0.0035999999999998,False,,No Episode,0
2004-04-07,422.7999877929688,1.82,2.37,0.009267011741552,0.09,-0.0899999999999998,-0.00029434531376,-0.5244222030667387,1.1494,0.0008999999999999,False,,No Episode,0
2004-04-08,419.8999938964844,1.8,2.41,-0.0068826519696942,-0.02,0.04,0.1259497002118121,-0.5084603284244583,1.1647,0.0153,False,,No Episode,0
2004-04-13,407.0,1.88,2.47,-0.0316796072614629,0.0699999999999998,0.0300000000000002,0.1704466251054221,-0.5301924604479286,1.2332,0.0496,False,,No Episode,0
2004-04-14,399.7999877929688,1.91,2.49,-0.01784879390914,0.03,0.02,0.0931413221994873,-0.5258988032721202,1.2682,0.0349999999999999,False,,No Episode,0
2004-04-15,397.7000122070313,1.93,2.49,-0.005266408625741,0.02,0.0,0.0076892397699347,-0.5268594866625487,1.2823,0.0141,False,,No Episode,0
2004-04-16,401.0,1.87,2.5,0.0082634443988558,-0.0599999999999998,0.0099999999999997,-0.0382399969793701,-0.5366583886174259,1.2679,-0.0143999999999999,False,,No Episode,0
2004-04-19,400.6000061035156,1.87,2.52,-0.0009979888389164,0.0,0.02,-0.1142138741163345,-0.460986155751575,1.2755,0.0076,False,,No Episode,0
2004-04-20,397.7000122070313,1.97,2.46,-0.0072654555599394,0.0999999999999998,-0.06,-0.2224549313225967,-0.4815442509573419,1.2905,0.0149999999999999,False,,No Episode,0
2004-04-21,390.7999877929688,1.96,2.49,-0.0175020939750929,-0.01,0.0300000000000002,-0.3336221190297743,-0.4244538819910251,1.3116,0.0211000000000001,False,,No Episode,0
2004-04-22,393.2999877929688,1.98,2.42,0.0063767594676873,0.02,-0.0700000000000002,-0.42891110240118,-0.4121917638171131,1.2907,-0.0209000000000001,False,,No Episode,0
2004-04-23,395.1000061035156,2.12,2.36,0.0045662644650645,0.1400000000000001,-0.06,-0.5080142764783775,-0.3575375222629043,1.3255,0.0347999999999999,False,,No Episode,0
2004-04-26,396.0,2.03,2.43,0.0022752983891081,-0.0900000000000003,0.0700000000000002,-0.5878231483980794,-0.3592843101336275,1.3253,-0.0001999999999999,False,,No Episode,0
2004-04-27,398.6000061035156,2.0,2.43,0.0065442118365961,-0.0299999999999998,0.0,-0.6536797277233147,-0.3472982358525089,1.3088,-0.0164999999999999,False,,No Episode,0
2004-04-28,385.3999938964844,2.1,2.4,-0.033676682947644,0.1,-0.0300000000000002,-0.7370869508133492,-0.3902854109497787,1.3361,0.0273000000000001,False,,No Episode,0
2004-04-29,386.6000061035156,2.15,2.4,0.0031088424184737,0.0499999999999998,0.0,-0.8008279765110418,-0.3606691736507471,1.3684,0.0322999999999999,False,,No Episode,0
2004-04-30,387.0,2.11,2.42,0.0010341104678754,-0.04,0.02,-0.8381721801562446,-0.3599572189986969,1.3634,-0.0050000000000001,False,,No Episode,0
2004-05-03,387.0,2.09,2.44,0.0,-0.02,0.02,-0.8593402628404903,-0.3769411752027409,1.3602,-0.0031999999999998,False,,No Episode,0
2004-05-04,391.3999938964844,2.1,2.46,0.0113053463381325,0.0100000000000002,0.02,-0.8696368689101793,-0.3611364575987477,1.3707,0.0104999999999999,False,,No Episode,0
2004-05-05,393.3999938964844,2.1,2.51,0.0050968510722615,0.0,0.0499999999999998,-0.8742975879984235,-0.3582075042355334,1.3929,0.0221999999999999,False,,No Episode,0
2004-05-06,388.0,2.15,2.48,-0.0138215508169023,0.0499999999999998,-0.0299999999999998,-0.8934327940068667,-0.3799682171324213,1.4072,0.0142999999999999,False,,No Episode,0
2004-05-07,378.7000122070313,2.24,2.55,-0.0242609724814846,0.0900000000000003,0.0699999999999998,-0.9191387955337036,-0.4121428996078416,1.487,0.0798000000000001,False,,No Episode,0
2004-05-10,378.2999877929688,2.25,2.56,-0.0010568677709299,0.0099999999999997,0.0100000000000002,-0.9258650161253033,-0.4587038358840668,1.4984,0.0113999999999998,False,,No Episode,0
2004-05-11,376.8999938964844,2.21,2.58,-0.0037076152917618,-0.04,0.02,-0.9388081364338942,-0.4515446167369535,1.4947,-0.0037,False,,No Episode,0
2004-05-12,377.3999938964844,2.17,2.66,0.0013257326828153,-0.04,0.08,-0.940866393766982,-0.4650995401285046,1.5047,0.01,False,,No Episode,0
2004-05-13,374.7999877929688,2.18,2.67,-0.0069130989670993,0.0100000000000002,0.0099999999999997,-0.9382997147970424,-0.4381539073149929,1.529,0.0242999999999999,False,,No Episode,0
2004-05-14,377.0,2.16,2.63,0.0058526696531977,-0.02,-0.04,-0.9384643336464036,-0.445819056839472,1.5054,-0.0235999999999998,False,,No Episode,0
2004-05-17,379.5,2.07,2.63,0.006609409387674,-0.0900000000000003,0.0,-0.9230696420495113,-0.4554410446787676,1.4572,-0.0482,False,,No Episode,0
2004-05-18,375.7999877929688,2.05,2.69,-0.0097975423391076,-0.02,0.06,-0.8978023209659052,-0.4249684389105467,1.4613,0.0040999999999999,False,,No Episode,0
2004-05-19,382.8999938964844,2.03,2.76,0.0187167880464373,-0.02,0.0699999999999998,-0.8740092000359063,-0.4233567787173322,1.4829,0.0216,False,,No Episode,0
2004-05-20,378.3999938964844,1.96,2.76,-0.0118220214950897,-0.0699999999999998,0.0,-0.8182839797677419,-0.4490383950596995,1.4624,-0.0205000000000001,False,,No Episode,0
2004-05-21,384.7999877929688,2.04,2.72,0.016771866020572,0.08,-0.0399999999999995,-0.7834225323550708,-0.3544377716406577,1.4747,0.0122999999999999,False,,No Episode,0
2004-05-24,385.6000061035156,2.01,2.74,0.0020768914965128,-0.0300000000000002,0.02,-0.7326668472652055,-0.3604444983982038,1.4676,-0.0070999999999998,False,,No Episode,0
2004-05-25,388.2999877929688,2.03,2.7,0.0069776267354972,0.02,-0.04,-0.6991676553846742,-0.2977342096602784,1.4576,-0.01,False,,No Episode,0
2004-05-26,388.2999877929688,1.99,2.68,0.0,-0.0399999999999998,-0.02,-0.6711954115776182,-0.2863498955210463,1.4275,-0.0301,False,,No Episode,0
2004-05-27,394.8999938964844,1.97,2.63,0.0168543475362454,-0.02,-0.0500000000000002,-0.6612892633119511,-0.2911586714653243,1.3913,-0.0362,False,,No Episode,0
2004-05-28,394.0,2.0,2.66,-0.0022816435388186,0.03,0.0300000000000002,-0.6237012855732414,-0.272780814600953,1.4072,0.0159,False,,No Episode,0
2004-06-02,390.7000122070313,2.04,2.7,-0.0099325757510904,0.07,-0.04,-0.5612443363085242,-0.2795752738957099,1.4382,0.0146999999999999,False,,No Episode,0
2004-06-03,388.1000061035156,2.05,2.66,-0.0066769792035081,0.0099999999999997,-0.04,-0.554797209813116,-0.3037584254250881,1.4309,-0.0072999999999998,False,,No Episode,0
2004-06-04,390.8999938964844,2.11,2.67,0.0071887030833837,0.06,0.0099999999999997,-0.5222231609482416,-0.2815195387589642,1.4553,0.0243999999999999,False,,No Episode,0
2004-06-07,393.7999877929688,2.11,2.67,0.0073913780220751,0.0,0.0,-0.5349049113028855,-0.3558597922863549,1.4487,-0.0065999999999999,False,,No Episode,0
2004-06-08,391.0,2.15,2.63,-0.0071355752216106,0.04,-0.04,-0.4932659700928454,-0.3743013629496575,1.4449,-0.0038,False,,No Episode,0
2004-06-09,384.5,2.2,2.62,-0.0167637710396668,0.0500000000000002,-0.0099999999999997,-0.4538777786661341,-0.3906851596133251,1.4576,0.0126999999999999,False,,No Episode,0
2004-06-10,385.8999938964844,2.18,2.63,0.0036344637815597,-0.02,0.0099999999999997,-0.4437402790116375,-0.2532362518419804,1.4512,-0.0063999999999999,False,,No Episode,0
2004-06-15,388.1000061035156,2.16,2.53,0.0116626951810889,-0.0999999999999996,-0.1,-0.4295435162010529,-0.344089097562478,1.3937,-0.0785,False,,No Episode,0
2004-06-16,384.6000061035156,2.18,2.56,-0.0090592050770634,0.02,0.0300000000000002,-0.4275494911443758,-0.3507636415335559,1.3978,0.0040999999999999,False,,No Episode,0
2004-06-17,388.8999938964844,2.16,2.55,0.0111183764429414,-0.02,-0.0100000000000002,-0.4156896111755785,-0.3729435978472228,1.387,-0.0107999999999999,False,,No Episode,0
2004-06-18,395.1000061035156,2.15,2.57,0.0158166873979768,-0.0100000000000002,0.02,-0.3801374521899464,-0.3714989546319826,1.3896,0.0025999999999999,False,,No Episode,0
2004-06-21,394.0,2.16,2.54,-0.0027880035674385,0.0100000000000002,-0.0299999999999998,-0.3492803368407712,-0.3435658448458504,1.377,-0.0125999999999999,False,,No Episode,0
2004-06-22,395.0,2.17,2.55,0.0025348556031881,0.0099999999999997,0.0099999999999997,-0.2638186811544156,-0.2212932441669497,1.378,0.0009999999999998,False,,No Episode,0
2004-06-23,395.0,2.18,2.53,0.0,0.0100000000000002,-0.02,-0.159671364316918,-0.2204110956938654,1.3739,-0.0040999999999999,False,,No Episode,0
2004-06-24,403.1000061035156,2.15,2.51,0.0202989203634409,-0.0300000000000002,-0.02,-0.0431069120599723,-0.2651682040615928,1.353,-0.0208999999999999,False,,No Episode,0
2004-06-25,402.8999938964844,2.16,2.5,-0.0004963082162205,0.0100000000000002,-0.0099999999999997,0.0511014777280225,-0.2730781908017783,1.3476,-0.0054,False,,No Episode,0
2004-06-28,401.0,2.23,2.53,-0.004726949741773,0.0699999999999998,0.0299999999999998,0.2027369078583497,-0.2941203001051939,1.3816,0.034,False,,No Episode,0
2004-06-29,392.5,2.2,2.5,-0.0214248900841065,-0.0299999999999998,-0.0299999999999998,0.2702857781531166,-0.2122917932793093,1.3656,-0.016,False,,No Episode,0
2004-06-30,392.6000061035156,2.1,2.52,0.0002547601662952,-0.1,0.02,0.2591868575823442,-0.1696858760139528,1.3252,-0.0403999999999999,False,,No Episode,0
2004-07-01,396.0,2.04,2.53,0.0086229138657225,-0.06,0.0099999999999997,0.2030599156049408,-0.2122113299069249,1.3031,-0.0221,False,,No Episode,0
2004-07-02,398.2999877929688,1.96,2.52,0.0057912482852859,-0.08,-0.0099999999999997,0.0904699972958633,-0.213958654834331,1.2556,-0.0474999999999998,False,,No Episode,0
2004-07-07,402.2999877929688,2.0,2.5,0.0244067512238785,0.03,-0.02,-0.1503717755776162,-0.3284279656398024,1.2474,-9.9999999999989e-05,False,,No Episode,0
2004-07-08,407.7999877929688,2.02,2.47,0.0135787795938497,0.02,-0.0299999999999998,-0.2598038763160569,-0.3054714889328493,1.2436,-0.0038,False,,No Episode,0
2004-07-09,407.5,2.02,2.47,-0.0007358955255689,0.0,0.0,-0.3308805389304986,-0.3145295127314554,1.243,-0.0005999999999999,False,,No Episode,0
2004-07-12,408.1000061035156,2.02,2.44,0.0014713246867739,0.0,-0.0300000000000002,-0.4176107495764501,-0.3233560039975351,1.2297,-0.0133,False,,No Episode,0
2004-07-13,402.0,2.03,2.47,-0.0150601687486702,0.0099999999999997,0.0300000000000002,-0.4504830426709372,-0.3098485238138663,1.2378,0.0080999999999999,False,,No Episode,0
2004-07-14,405.3999938964844,2.02,2.48,0.0084221303433391,-0.0099999999999997,0.0099999999999997,-0.4932110520986594,-0.3093785552594341,1.2429,0.0050999999999998,False,,No Episode,0
2004-07-15,404.2000122070313,2.01,2.49,-0.0029643837923671,-0.0100000000000002,0.0100000000000002,-0.5447953618710627,-0.3066145897768207,1.2466,0.0037,False,,No Episode,0
2004-07-16,406.6000061035156,1.94,2.44,0.0059200810353585,-0.0699999999999998,-0.0500000000000002,-0.6105514724019765,-0.280258019389278,1.1981,-0.0484999999999999,False,,No Episode,0
2004-07-19,405.6000061035156,1.96,2.42,-0.0024624488802631,0.02,-0.02,-0.6706297650428574,-0.2802821120385048,1.1863,-0.0118,False,,No Episode,0
2004-07-20,401.8999938964844,2.05,2.42,-0.0091641810565858,0.0899999999999998,0.0,-0.6783490229120311,-0.3569896185426087,1.2217,0.0354000000000001,False,,No Episode,0
2004-07-21,397.1000061035156,2.05,2.45,-0.012015132761074,0.0,0.0300000000000002,-0.675699606880131,-0.3538387731431679,1.2432,0.0215,False,,No Episode,0
2004-07-22,395.2000122070313,2.03,2.45,-0.0047961567454795,-0.02,0.0,-0.6579791905632929,-0.3322385527376321,1.2394,-0.0038,False,,No Episode,0
2004-07-23,390.5,2.0,2.45,-0.0119640274822083,-0.0299999999999998,0.0,-0.5836030655647183,-0.2576351612135767,1.2284,-0.0110000000000001,False,,No Episode,0
2004-07-26,390.2999877929688,2.05,2.44,-0.0005123263691935,0.0499999999999998,-0.0100000000000002,-0.5365236470147962,-0.2525008144949288,1.2351,0.0067000000000001,False,,No Episode,0
2004-07-27,387.0,2.15,2.47,-0.0084909498807652,0.1,0.0300000000000002,-0.4822176801863505,-0.2696279024495282,1.2815,0.0464,False,,No Episode,0
2004-07-28,389.0,2.11,2.5,0.0051546505886639,-0.04,0.0299999999999998,-0.4610937476488604,-0.225229961811779,1.2849,0.0033999999999998,False,,No Episode,0
2004-07-29,387.0,2.07,2.53,-0.0051546505886639,-0.04,0.0299999999999998,-0.3929577718326925,-0.1962080662129551,1.2819,-0.0029999999999998,False,,No Episode,0
2004-07-30,391.0,2.01,2.49,0.0102828669555838,-0.06,-0.0399999999999995,-0.3232279602162484,-0.2197364650893718,1.2436,-0.0383,False,,No Episode,0
2004-08-02,391.7000122070313,2.0,2.48,0.0017887118506552,-0.0099999999999997,-0.0100000000000002,-0.2810595781093963,-0.2235597362232537,1.2191,-0.0244999999999999,False,,No Episode,0
2004-08-03,394.0,1.98,2.47,0.0058546374619128,-0.02,-0.0099999999999997,-0.2392799192396856,-0.2258982322709617,1.2024,-0.0167000000000001,False,,No Episode,0
2004-08-04,392.2000122070313,2.0,2.45,-0.0045789644111824,0.02,-0.02,-0.2033067434428619,-0.2361024900962726,1.1975,-0.0048999999999999,False,,No Episode,0
2004-08-05,392.2999877929688,1.96,2.47,0.0002548772121828,-0.04,0.02,-0.1518386729201658,-0.2359650977294028,1.1866,-0.0108999999999999,False,,No Episode,0
2004-08-06,399.7999877929688,1.82,2.42,0.0189375694345201,-0.1399999999999999,-0.0500000000000002,-0.2095679699038132,-0.3469271016729467,1.1031,-0.0835000000000001,False,,No Episode,0
2004-08-09,400.7000122070313,1.85,2.43,0.0022486565729096,0.03,0.0100000000000002,-0.2842689077827957,-0.3371149016216005,1.0946,-0.0084999999999999,False,,No Episode,0
2004-08-10,400.0,1.9,2.42,-0.0017485009983824,0.0499999999999998,-0.0100000000000002,-0.3825897769649491,-0.3263076240304763,1.1147,0.0201,False,,No Episode,0
2004-08-11,395.5,1.86,2.44,-0.0113137599002728,-0.0399999999999998,0.02,-0.3177219789824925,-0.3506500065594308,1.1144,-0.0002999999999999,False,,No Episode,0
2004-08-12,394.2999877929688,1.81,2.46,-0.0030387772828683,-0.05,0.02,-0.2241330653127698,-0.3555704854494704,1.1041,-0.0102999999999999,False,,No Episode,0
2004-08-13,398.8999938964844,1.77,2.45,0.0115987336856537,-0.04,-0.0099999999999997,-0.2131224909924362,-0.3500669731585893,1.0851,-0.0190000000000001,False,,No Episode,0
2004-08-16,402.8999938964844,1.82,2.44,0.009977633437848,0.05,-0.0100000000000002,-0.2458957285617395,-0.2822970213011573,1.0889,0.0038,False,,No Episode,0
2004-08-17,404.3999938964844,1.82,2.39,0.0037160950052053,0.0,-0.0499999999999998,-0.2877841323920933,-0.2765452309758194,1.0664,-0.0224999999999999,False,,No Episode,0
2004-08-18,404.2999877929688,1.83,2.4,-0.000247325599826,0.01,0.0099999999999997,-0.3265952595845884,-0.3902790234375752,1.0695,0.0030999999999998,False,,No Episode,0
2004-08-19,407.1000061035156,1.76,2.46,0.0069017240478803,-0.07,0.06,-0.4236933590158636,-0.4652386105441474,1.0646,-0.0048999999999999,False,,No Episode,0
2004-08-20,413.2000122070313,1.79,2.45,0.0148728962865511,0.03,-0.0099999999999997,-0.5264344770728638,-0.3892730357989629,1.0735,0.0088999999999999,False,,No Episode,0
2004-08-23,410.5,1.86,2.42,-0.0065558378956698,0.07,-0.0300000000000002,-0.5926222245362535,-0.4121435545999073,1.0872,0.0137,False,,No Episode,0
2004-08-24,403.0,1.87,2.41,-0.0184393669458007,0.01,-0.0099999999999997,-0.6212450903606901,-0.4053014808938674,1.0884,0.0012,False,,No Episode,0
2004-08-25,407.8999938964844,1.88,2.38,0.0120854694135656,0.0099999999999997,-0.0300000000000002,-0.6644130042725737,-0.3816503579274353,1.0826,-0.0058,False,,No Episode,0
2004-08-26,407.3999938964844,1.86,2.36,-0.0012265425491717,-0.0199999999999997,-0.02,-0.7014731525784854,-0.3814111443812828,1.0644,-0.0181999999999999,False,,No Episode,0
2004-08-27,403.2999877929688,1.86,2.37,-0.0101148171996223,0.0,0.0100000000000002,-0.7243934840567363,-0.3599938253022696,1.061,-0.0034,False,,No Episode,0
2004-08-30,407.7999877929688,1.83,2.36,0.0110961565950322,-0.03,-0.0100000000000002,-0.7557485091417425,-0.3685336552284716,1.0399,-0.0210999999999998,False,,No Episode,0
2004-08-31,410.3999938964844,1.78,2.35,0.006355450777959,-0.05,-0.0099999999999997,-0.8077429608513758,-0.3401347220906478,1.0064,-0.0335,False,,No Episode,0
2004-09-01,408.7999877929688,1.77,2.36,-0.0039062699555953,-0.01,0.0099999999999997,-0.830006901420375,-0.3409985853339631,0.9958,-0.0105999999999999,False,,No Episode,0
2004-09-02,406.0,1.83,2.37,-0.0068728494271175,0.06,0.0100000000000002,-0.8345933595248815,-0.3750586550503248,1.0205,0.0246999999999999,False,,No Episode,0
2004-09-03,400.5,1.88,2.42,-0.0136393930933182,0.0499999999999998,0.0499999999999998,-0.8285058036184132,-0.4505697092423844,1.0659,0.0454000000000001,False,,No Episode,0
2004-09-08,399.3999938964844,1.82,2.36,0.0050200909409063,-0.04,-0.04,-0.7765473229464224,-0.4082318656909144,1.0141,-0.0382,False,,No Episode,0
2004-09-09,398.5,1.83,2.39,-0.002255907469733,0.01,0.0300000000000002,-0.7420397830311276,-0.4053053049739411,1.015,0.0008999999999999,False,,No Episode,0
2004-09-10,401.8999938964844,1.83,2.36,0.0084957880382328,0.0,-0.0300000000000002,-0.6843234323467549,-0.4179420681729348,1.0074,-0.0075999999999998,False,,No Episode,0
2004-09-13,404.1000061035156,1.81,2.35,0.0054591009198983,-0.02,-0.0099999999999997,-0.6417640365034135,-0.3959411377221876,0.9927,-0.0147,False,,No Episode,0
2004-09-14,405.7000122070313,1.81,2.34,0.0039516131128127,0.0,-0.0100000000000002,-0.5910644236312029,-0.3933633605554817,0.9805,-0.0121999999999999,False,,No Episode,0
2004-09-15,405.0,1.86,2.32,-0.0017269331946749,0.05,-0.02,-0.5324316742023357,-0.392150211601226,0.9906,0.0100999999999999,False,,No Episode,0
2004-09-16,404.7000122070313,1.81,2.27,-0.000740985061558,-0.05,-0.0499999999999998,-0.4211737629369432,-0.3713394484783184,0.9541,-0.0365,False,,No Episode,0
2004-09-17,405.7999877929688,1.85,2.29,0.0027143152653357,0.04,0.02,-0.2399894273447743,-0.364959489786178,0.9658,0.0117,False,,No Episode,0
2004-09-20,405.2999877929688,1.8,2.27,-0.0012328937945618,-0.05,-0.02,-0.259263029569126,-0.1813369213620276,0.9357,-0.0301,False,,No Episode,0
2004-09-21,408.2999877929688,1.8,2.25,0.0073746649125636,0.0,-0.02,-0.2689850436432353,-0.1862169873216024,0.9224,-0.0132999999999999,False,,No Episode,0
2004-09-22,407.2000122070313,1.73,2.27,-0.0026976732140306,-0.07,0.02,-0.2536507972130726,-0.1459219450885327,0.8998,-0.0225999999999999,False,,No Episode,0
2004-09-23,410.8999938964844,1.76,2.26,0.0090453658210591,0.03,-0.0100000000000002,-0.2639587521495867,-0.1661406130156716,0.9059,0.0060999999999999,False,,No Episode,0
2004-09-24,408.1000061035156,1.78,2.26,-0.0068376036676554,0.02,0.0,-0.3386680679332828,-0.2094448293947678,0.9135,0.0075999999999999,False,,No Episode,0
2004-09-27,409.1000061035156,1.72,2.29,0.002447382487035,-0.06,0.0300000000000002,-0.470688821689274,-0.1750205499320817,0.8939,-0.0195999999999999,False,,No Episode,0
2004-09-28,412.5,1.7,2.32,0.008276565920009,-0.02,0.0299999999999998,-0.543196294461998,-0.2517845237353848,0.8913,-0.0026,False,,No Episode,0
2004-09-29,413.0,1.76,2.34,0.0012113871862977,0.06,0.02,-0.5675615624019518,-0.2390883613434377,0.9255,0.0342,False,,No Episode,0
2004-09-30,418.7000122070313,1.77,2.37,0.0137071092186644,0.01,0.0300000000000002,-0.5617369876220649,-0.2113073894082281,0.9459,0.0203999999999999,False,,No Episode,0
2004-10-01,419.5,1.83,2.38,0.0019088237275628,0.06,0.0099999999999997,-0.4750819966736308,-0.1669523454627986,0.9783,0.0323999999999999,False,,No Episode,0
2004-10-04,414.0,1.86,2.33,-0.0131975520819462,0.03,-0.0499999999999998,-0.4036878043900735,-0.2518115565706538,0.9798,0.0015,False,,No Episode,0
2004-10-05,418.2000122070313,1.84,2.34,0.0100938423586764,-0.02,0.0099999999999997,-0.3649472998057094,-0.2308731168911152,0.9809,0.0010999999999999,False,,No Episode,0
2004-10-06,418.3999938964844,1.9,2.33,0.0004780819789695,0.0599999999999998,-0.0099999999999997,-0.196252064681707,-0.2269991233767569,1.003,0.0220999999999998,False,,No Episode,0
2004-10-07,418.0,1.89,2.37,-0.0009564656382039,-0.01,0.04,-0.1002413912912705,-0.246231999025274,1.0213,0.0183000000000002,False,,No Episode,0
2004-10-08,423.1000061035156,1.78,2.37,0.0121271396269699,-0.1099999999999998,0.0,-0.1366694065560109,-0.3446991517290094,0.9786,-0.0427,False,,No Episode,0
2004-10-13,413.2000122070313,1.72,2.37,-0.0045877029745637,-0.03,0.0,-0.1661209435760549,-0.2232075775242809,0.9354,-0.0176999999999999,False,,No Episode,0
2004-10-14,418.1000061035156,1.68,2.35,0.0117888861725861,-0.04,-0.02,-0.2387471257807838,-0.2329740682020658,0.9065,-0.0289,False,,No Episode,0
2004-10-15,418.7000122070313,1.7,2.37,0.0014340492189583,0.02,0.02,-0.296185088296805,-0.2349224852696223,0.9155,0.009,False,,No Episode,0
2004-10-18,416.2000122070313,1.71,2.36,-0.0059887588904397,0.01,-0.0100000000000002,-0.3158509794509144,-0.2036901188303378,0.9117,-0.0038,False,,No Episode,0
2004-10-19,420.2999877929688,1.7,2.37,0.0098027696781981,-0.01,0.0100000000000002,-0.3154236518108594,-0.1336497625686765,0.9104,-0.0012999999999999,False,,No Episode,0
2004-10-20,423.5,1.66,2.35,0.0075848011246533,-0.04,-0.02,-0.3428504163109142,-0.1707763162533084,0.8819,-0.0284999999999999,False,,No Episode,0
2004-10-21,424.3999938964844,1.62,2.39,0.0021228782662019,-0.0399999999999998,0.04,-0.4130338182341735,-0.1604942957192773,0.8775,-0.0044,False,,No Episode,0
2004-10-22,424.6000061035156,1.64,2.36,0.0004711712855867,0.0199999999999997,-0.0300000000000002,-0.4520864707621789,-0.1573852879582165,0.8673,-0.0101999999999999,False,,No Episode,0
2004-10-25,429.0,1.63,2.36,0.0103093552841189,-0.01,0.0,-0.5010641309860189,-0.1638658383160746,0.8518,-0.0154999999999999,False,,No Episode,0
2004-10-26,426.7999877929688,1.63,2.38,-0.0051414281017105,0.0,0.02,-0.5379629336503672,-0.1619428120852042,0.8506,-0.0011999999999999,False,,No Episode,0
2004-10-27,424.7999877929688,1.73,2.38,-0.0046970496345268,0.1,0.0,-0.524476567451483,-0.2115106408276429,0.8905,0.0398999999999999,False,,No Episode,0
2004-10-28,425.1000061035156,1.68,2.41,0.0007060085308001,-0.05,0.0300000000000002,-0.5058469065637736,-0.1919683927772857,0.891,0.0005,False,,No Episode,0
2004-10-29,428.5,1.63,2.42,0.0079662883152549,-0.05,0.0099999999999997,-0.5293054659501493,-0.2277578740486874,0.8747,-0.0162999999999999,False,,No Episode,0
2004-11-01,427.2999877929688,1.67,2.44,-0.0028044239556797,0.04,0.02,-0.5076485449366454,-0.2511788015897532,0.8874,0.0126999999999999,False,,No Episode,0
2004-11-02,420.0,1.61,2.49,-0.017231602804741,-0.0599999999999998,0.0500000000000002,-0.4824893081632501,-0.1492300987776542,0.882,-0.0053999999999999,False,,No Episode,0
2004-11-03,424.6000061035156,1.61,2.48,0.0108928523664841,0.0,-0.0100000000000002,-0.481969234062833,-0.1453359981915734,0.8779,-0.0040999999999999,False,,No Episode,0
2004-11-04,430.1000061035156,1.65,2.45,0.0128701903367147,0.0399999999999998,-0.0299999999999998,-0.5287192208533913,-0.125053933821653,0.881,0.0030999999999999,False,,No Episode,0
2004-11-05,433.6000061035156,1.71,2.5,0.0081047102211968,0.06,0.0499999999999998,-0.492624074651121,-0.1090125708611259,0.9269,0.0458999999999999,False,,No Episode,0
2004-11-08,432.7000122070313,1.72,2.5,-0.0020777887596672,0.01,0.0,-0.4480083641704063,-0.0984143146163916,0.9348,0.0079,False,,No Episode,0
2004-11-09,435.7000122070313,1.74,2.48,0.0069092856983097,0.02,-0.02,-0.4178516033787798,-0.0893276489051546,0.9337,-0.0010999999999999,False,,No Episode,0
2004-11-10,434.0,1.75,2.5,-0.003909427040047,0.01,0.02,-0.400728297276802,-0.0823292691623152,0.9429,0.0091999999999999,False,,No Episode,0
2004-11-15,437.0,1.67,2.53,-0.0020573647736128,-0.04,0.0399999999999995,-0.3669224929508307,-0.1078796310350875,0.9252,-0.0076999999999999,False,,No Episode,0
2004-11-16,440.2000122070313,1.68,2.53,0.0072960017274192,0.01,0.0,-0.3468402364215874,-0.1056042859468797,0.9312,0.006,False,,No Episode,0
2004-11-17,444.7999877929688,1.63,2.51,0.0103955186694975,-0.05,-0.02,-0.322013118326018,-0.0912664206186709,0.9007,-0.0305,False,,No Episode,0
2004-11-18,442.6000061035156,1.64,2.48,-0.0049582740854186,0.01,-0.0299999999999998,-0.3096264183394066,-0.0933713057481759,0.8812,-0.0194999999999999,False,,No Episode,0
2004-11-19,446.7999877929688,1.67,2.53,0.0094445984669384,0.03,0.0499999999999998,-0.2502942284298342,-0.057519754911762,0.9107,0.0294999999999999,False,,No Episode,0
2004-11-22,448.7999877929688,1.62,2.56,0.0044662871351919,-0.0499999999999998,0.0300000000000002,-0.2312024281964929,-0.0660028714037746,0.901,-0.0096999999999999,False,,No Episode,0
2004-11-23,447.7999877929688,1.65,2.54,-0.0022306501045719,0.0299999999999998,-0.02,-0.2253422374482621,0.0209876068058369,0.9021,0.0010999999999999,False,,No Episode,0
2004-11-24,449.2999877929688,1.64,2.56,0.0033441120024679,-0.01,0.02,-0.1843989494801963,-0.046402057468616,0.908,0.0059,False,,No Episode,0
2004-11-29,453.7000122070313,1.74,2.6,0.0097454246683161,0.1,0.04,0.0139445727955631,0.0131025969879866,0.959,0.0353,False,,No Episode,0
2004-11-30,451.2999877929688,1.75,2.61,-0.0053039337910716,0.01,0.0099999999999997,0.1253601286441517,0.0485890449129585,0.9718,0.0128,False,,No Episode,0
2004-12-01,454.0,1.79,2.59,0.0059649182569891,0.04,-0.02,0.282119560464925,0.0645953005916272,0.983,0.0111999999999999,False,,No Episode,0
2004-12-02,450.3999938964844,1.83,2.57,-0.0079611347671901,0.04,-0.02,0.4151722052451217,0.025883567810812,0.9983,0.0152999999999999,False,,No Episode,0
2004-12-03,456.0,1.73,2.54,0.0123567462402283,-0.1,-0.0299999999999998,0.4729572909354772,-0.0678196438369839,0.9503,-0.0479999999999999,False,,No Episode,0
2004-12-06,454.2000122070313,1.7,2.54,-0.003955152967034,-0.03,0.0,0.4677862692501167,-0.0264285926498706,0.9242,-0.0261,False,,No Episode,0
2004-12-07,452.0,1.69,2.54,-0.0048554767151207,-0.01,0.0,0.4346555926443011,-0.0183254750540581,0.9158,-0.0084,False,,No Episode,0
2004-12-08,437.2000122070313,1.62,2.52,-0.0332913956089173,-0.0699999999999998,-0.02,0.4127408419829012,0.1692228067053577,0.8755,-0.0403,False,,No Episode,0
2004-12-09,435.7999877929688,1.64,2.55,-0.0032073897234221,0.0199999999999997,0.0299999999999998,0.3976861530832549,0.1721841759308781,0.8744,-0.0010999999999999,False,,No Episode,0
2004-12-10,433.8999938964844,1.66,2.5,-0.0043693157622284,0.02,-0.0499999999999998,0.3780800494755386,0.1646416969298454,0.8669,-0.0074999999999999,False,,No Episode,0
2004-12-13,438.8999938964844,1.65,2.51,0.0114575040501323,-0.01,0.0099999999999997,0.4391578460329816,0.212554930402441,0.862,-0.0049,False,,No Episode,0
2004-12-14,435.8999938964844,1.62,2.52,-0.0068587375455493,-0.0299999999999998,0.0100000000000002,0.4614965030117015,0.2294145414412461,0.8537,-0.0082999999999999,False,,No Episode,0
2004-12-15,440.7999877929688,1.57,2.52,0.0111783849035553,-0.05,0.0,0.4137075688759552,0.2150839782684793,0.8312,-0.0224999999999999,False,,No Episode,0
2004-12-16,436.8999938964844,1.64,2.55,-0.0088869081584634,0.0699999999999998,0.0299999999999998,0.4279464261147332,0.164835705983616,0.8674,0.0361999999999999,False,,No Episode,0
2004-12-17,441.6000061035156,1.64,2.57,0.0107001867969138,0.0,0.02,0.378426442728598,0.0877427371651982,0.8854,0.018,False,,No Episode,0
2004-12-20,442.3999938964844,1.62,2.59,0.0018099276274989,-0.0199999999999997,0.02,0.3195032257421125,0.0888371813647424,0.8846,-0.0007999999999999,False,,No Episode,0
2004-12-21,441.7999877929688,1.59,2.59,-0.0013571730559549,-0.03,0.0,0.3030114902187725,0.0571983104081223,0.8739,-0.0107,False,,No Episode,0
2004-12-22,440.2999877929688,1.63,2.58,-0.0034009783184387,0.0399999999999998,-0.0099999999999997,0.3463964050373934,0.0032881739320429,0.8794,0.0054999999999999,False,,No Episode,0
2004-12-23,441.8999938964844,1.62,2.61,0.0036273132873523,-0.0099999999999997,0.0299999999999998,0.4078255544940801,0.0044924539560076,0.8847,0.0053,False,,No Episode,0
2004-12-28,444.2999877929688,1.69,2.62,-0.0020236643534845,0.02,-0.0099999999999997,0.5897983037363993,0.0222639066103358,0.9158,0.0061999999999999,False,,No Episode,0
2004-12-29,436.0,1.73,2.6,-0.0188577391180784,0.04,-0.02,0.5542815596184612,-0.0145289899966859,0.9327,0.0169,False,,No Episode,0
2004-12-30,437.5,1.7,2.57,0.0034344624486344,-0.03,-0.0300000000000002,0.5349135342135652,-0.0299787192603172,0.9168,-0.0159,False,,No Episode,0
2005-01-03,428.7000122070313,1.7,2.53,-0.0203193037192068,0.0,-0.04,0.4534658183187827,-0.0325163063363396,0.8899,-0.0107999999999999,False,,No Episode,0
2005-01-04,428.5,1.78,2.51,-0.0004666640406272,0.08,-0.02,0.2852256064179825,0.0173840490069859,0.9127,0.0227999999999999,False,,No Episode,0
2005-01-05,426.6000061035156,1.79,2.5,-0.0044439176932344,0.01,-0.0099999999999997,0.1291212201042979,0.0175904777350109,0.9145,0.0018,False,,No Episode,0
2005-01-06,421.0,1.76,2.53,-0.0132139866622189,-0.03,0.0299999999999998,0.0187418504088439,0.0256221838631558,0.9111,-0.0033999999999999,False,,No Episode,0
2005-01-07,418.8999938964844,1.8,2.49,-0.0050006202997323,0.04,-0.0399999999999995,-0.0904879261135077,0.0461774096237381,0.9167,0.0055999999999999,False,,No Episode,0
2005-01-10,419.1000061035156,1.77,2.52,0.0004773561117641,-0.03,0.0299999999999998,-0.1492205819783797,0.0384821122384544,0.9134,-0.0032999999999999,False,,No Episode,0
2005-01-11,421.8999938964844,1.76,2.5,0.0066587351691449,-0.01,-0.02,-0.1718923583300256,0.0346412263101063,0.8993,-0.0141,False,,No Episode,0
2005-01-12,426.1000061035156,1.73,2.52,0.0099057701664477,-0.03,0.02,-0.2252430210666507,-0.0903371720690482,0.8909,-0.0083999999999999,False,,No Episode,0
2005-01-13,424.5,1.7,2.5,-0.0037620690786033,-0.03,-0.02,-0.2672427090785257,-0.0827933584110772,0.8688,-0.0221,False,,No Episode,0
2005-01-14,422.7000122070313,1.72,2.51,-0.0042492692999474,0.02,0.0099999999999997,-0.3831986236694238,-0.1175233230684023,0.874,0.0051999999999999,False,,No Episode,0
2005-01-19,423.0,1.7,2.5,-0.0004727303424036,-0.01,0.0,-0.6427411447859674,0.0246474039120437,0.8623,-0.0039,False,,No Episode,0
2005-01-20,422.3999938964844,1.7,2.47,-0.0014194611038371,0.0,-0.0299999999999998,-0.7074122194171327,0.0205197242529691,0.8494,-0.0128999999999999,False,,No Episode,0
2005-01-21,426.7000122070313,1.69,2.47,0.0101285008595075,-0.01,0.0,-0.7684191644928486,0.005114658737573,0.8366,-0.0128,False,,No Episode,0
2005-01-24,426.8999938964844,1.68,2.46,0.0004685606646726,-0.01,-0.0100000000000002,-0.7587213627506707,-0.2975144164802235,0.827,-0.0096,False,,No Episode,0
2005-01-25,422.0,1.74,2.46,-0.0115444654306084,0.06,0.0,-0.7633864024065271,-0.3461994514050731,0.8471,0.0201,False,,No Episode,0
2005-01-26,426.8999938964844,1.72,2.49,0.0115444654306084,-0.02,0.0300000000000002,-0.7645430384476409,-0.3594877486352179,0.8532,0.0060999999999999,False,,No Episode,0
2005-01-27,426.2999877929688,1.72,2.5,-0.0014064843302934,0.0,0.0099999999999997,-0.7608204113273753,-0.3550402351439861,0.8589,0.0057,False,,No Episode,0
2005-01-28,425.7999877929688,1.65,2.51,-0.0011735713454106,-0.07,0.0099999999999997,-0.7326493196534856,-0.357610684196503,0.8335,-0.0253999999999999,False,,No Episode,0
2005-01-31,421.7999877929688,1.65,2.49,-0.0094384846865729,0.0,-0.0199999999999995,-0.666672616541974,-0.2979024350184077,0.8181,-0.0153999999999999,False,,No Episode,0
2005-02-01,420.7999877929688,1.67,2.48,-0.0023736066899484,0.02,-0.0100000000000002,-0.6203960458405969,-0.2563462093717932,0.8133,-0.0048,False,,No Episode,0
2005-02-02,421.1000061035156,1.7,2.45,0.0007127172477057,0.03,-0.0299999999999998,-0.5872234115712188,-0.2526189286512422,0.8149,0.0015999999999999,False,,No Episode,0
2005-02-03,416.6000061035156,1.73,2.45,-0.0107438061844478,0.03,0.0,-0.5463808017759394,-0.268681631326009,0.8272,0.0123,False,,No Episode,0
2005-02-04,414.0,1.65,2.44,-0.0062605696523387,-0.08,-0.0100000000000002,-0.3673804096545285,-0.1996614711329335,0.7955,-0.0317,False,,No Episode,0
2005-02-07,413.6000061035156,1.62,2.45,-0.0009666358740458,-0.0299999999999998,0.0100000000000002,-0.1603577897977985,-0.1994867966885723,0.7769,-0.0185999999999999,False,,No Episode,0
2005-02-08,412.6000061035156,1.57,2.48,-0.0024207225213013,-0.05,0.0299999999999998,0.1291226234580246,-0.1874994663962298,0.7645,-0.0124,False,,No Episode,0
2005-02-09,412.8999938964844,1.49,2.51,0.0007268026800097,-0.08,0.0299999999999998,0.3528498076387668,-0.2789316104248902,0.7325,-0.0319999999999999,True,0,Demand Boom,1
2005-02-10,417.2000122070313,1.57,2.5,0.0103603342760631,0.08,-0.0099999999999997,0.4718893790436329,-0.1320595810761744,0.7542,0.0216999999999999,True,0,Demand Boom,1
2005-02-11,420.5,1.57,2.53,0.0078787270269629,0.0,0.0299999999999998,0.4731187464624819,-0.0482852892025428,0.7719,0.0177,True,0,Demand Boom,1
2005-02-14,425.7999877929688,1.54,2.54,0.0125252443779135,-0.03,0.0100000000000002,0.4444112507329543,-0.0709045763037178,0.7676,-0.0043,True,0,Demand Boom,1
2005-02-15,425.8999938964844,1.61,2.49,0.000234838807386,0.07,-0.0499999999999998,0.4093352641727172,-0.0592166525504392,0.7703,0.0027,True,0,Demand Boom,1
2005-02-16,425.5,1.65,2.51,-0.0009396145848734,0.0399999999999998,0.0199999999999995,0.3517417490821957,-0.0637374220685312,0.7957,0.0253999999999999,True,0,Demand Boom,1
2005-02-17,427.2999877929688,1.65,2.54,0.0042213660687258,0.0,0.0300000000000002,0.2895547164936816,-0.0534758522263861,0.8091,0.0134,True,0,Demand Boom,1
2005-02-18,427.1000061035156,1.67,2.6,-0.0004681219441335,0.02,0.06,0.2970127842892969,-0.1077336726762622,0.843,0.0338999999999999,True,0,Demand Boom,1
2005-02-23,434.8999938964844,1.64,2.63,0.0009201608638491,-0.03,0.0099999999999997,0.3259975985035028,-0.0620612138938918,0.85,-0.0032999999999999,True,0,Demand Boom,1
2005-02-24,434.5,1.65,2.64,-0.0009201608638491,0.01,0.0100000000000002,0.3195481410436975,-0.0619201196918288,0.8576,0.0076,True,0,Demand Boom,1
2005-02-25,434.8999938964844,1.64,2.63,0.0009201608638491,-0.01,-0.0100000000000002,0.2741982009519961,-0.0323681204762384,0.8516,-0.006,True,0,Demand Boom,1
2005-02-28,436.5,1.7,2.66,0.0036722697103606,0.06,0.0300000000000002,0.302598419306502,-0.0255378047859404,0.88,0.0283999999999999,True,0,Demand Boom,1
2005-03-01,432.8999938964844,1.69,2.69,-0.0082816349308565,-0.01,0.0299999999999998,0.3330747848053587,-0.0008335891846093,0.8923,0.0122999999999999,True,0,Demand Boom,1
2005-03-02,432.7999877929688,1.69,2.69,-0.0002310410213146,0.0,0.0,0.3594299106067762,-0.0004630854071345,0.8971,0.0048,True,0,Demand Boom,1
2005-03-03,429.8999938964844,1.69,2.7,-0.0067230900227741,0.0,0.0100000000000002,0.3806631897226847,-0.0022297004946971,0.9028,0.0057,True,0,Demand Boom,1
2005-03-04,434.2000122070313,1.65,2.67,0.0099526762533246,-0.04,-0.0300000000000002,0.3844609211832926,-0.0446394496541661,0.8799,-0.0229,True,0,Demand Boom,1
2005-03-07,435.0,1.63,2.68,0.0018407455306483,-0.02,0.0100000000000002,0.3562625039926536,-0.0389068076597612,0.8712,-0.0087,True,0,Demand Boom,1
2005-03-08,440.2999877929688,1.67,2.71,0.0121102539486734,0.04,0.0299999999999998,0.3560290238834441,0.0163830554847843,0.8926,0.0213999999999999,True,0,Demand Boom,1
2005-03-09,442.1000061035156,1.77,2.75,0.0040798296005748,0.1,0.04,0.483274204218642,0.1357216757070578,0.9507,0.0581,True,0,Demand Boom,1
2005-03-10,442.7999877929688,1.76,2.72,0.0015820586287276,-0.01,-0.0299999999999998,0.5503486090803159,0.1670071452625453,0.9482,-0.0024999999999999,True,0,Demand Boom,1
2005-03-11,446.2000122070313,1.82,2.74,0.0076491360895287,0.06,0.02,0.6363146567793061,0.2009814075656202,0.9823,0.0340999999999999,True,0,Demand Boom,1
2005-03-14,441.1000061035156,1.82,2.7,-0.011495688408261,0.0,-0.04,0.6627162955220083,0.1843793225012507,0.9774,-0.0048999999999999,True,0,Demand Boom,1
2005-03-15,440.8999938964844,1.82,2.72,-0.0004535424273468,0.0,0.02,0.6848403906538798,0.1860039858478367,0.9849,0.0074999999999999,True,0,Demand Boom,1
2005-03-16,443.7000122070313,1.79,2.73,0.006330607376185,-0.03,0.0099999999999997,0.7161078261781515,0.1718072823398291,0.974,-0.0109,True,0,Demand Boom,1
2005-03-17,438.7000122070313,1.73,2.74,-0.0113328498991336,-0.06,0.0100000000000002,0.7438239078418015,0.2465247887416334,0.9544,-0.0195999999999999,True,0,Demand Boom,1
2005-03-18,439.2999877929688,1.77,2.74,0.0013666871966409,0.04,0.0,0.8171614492380338,0.2974782603661072,0.9632,0.0087999999999999,True,0,Demand Boom,1
2005-03-21,431.1000061035156,1.8,2.73,-0.0188424272831806,0.03,-0.0100000000000002,0.8143178867213945,0.1532909845925091,0.9657,0.0025,True,0,Demand Boom,1
2005-03-22,431.2999877929688,1.87,2.76,0.0004637794398263,0.07,0.0299999999999998,0.7636362809531667,0.134921405969996,1.0041,0.0383999999999999,True,0,Demand Boom,1
2005-03-23,425.2000122070313,1.92,2.69,-0.0142442001742102,0.0499999999999998,-0.0699999999999998,0.5983949383037124,0.0465757092049008,1.0109,0.0067999999999999,False,,No Episode,0
2005-03-24,424.7000122070313,1.9,2.7,-0.0011766091147684,-0.02,0.0100000000000002,0.383261753463589,0.055286847933855,1.0106,-0.0002999999999999,False,,No Episode,0
2005-03-29,426.0,1.91,2.69,0.0002347836710683,-0.03,-0.0100000000000002,0.0219186399618765,0.003772746046657,1.0094,-0.0131999999999998,False,,No Episode,0
2005-03-31,428.7000122070313,1.79,2.71,0.0063180558090909,-0.1199999999999998,0.02,-0.0782562264439224,-0.0260488358731273,0.9607,-0.0319,False,,No Episode,0
2005-04-01,425.8999938964844,1.77,2.69,-0.0065528394801592,-0.02,-0.02,-0.1532898244230306,-0.0089340117535429,0.9344,-0.0262999999999999,False,,No Episode,0
2005-04-04,423.8999938964844,1.79,2.68,-0.0047069986381913,0.02,-0.0099999999999997,-0.2242404217317727,-0.0129645792328403,0.9307,-0.0037,False,,No Episode,0
2005-04-05,424.5,1.81,2.67,0.0014144417912911,0.02,-0.0100000000000002,-0.2915432935208207,-0.0082887428437229,0.9356,0.0049,False,,No Episode,0
2005-04-06,427.1000061035156,1.8,2.64,0.0061061863866189,-0.01,-0.0299999999999998,-0.3453720346838468,-0.0170387433941608,0.9226,-0.013,False,,No Episode,0
2005-04-07,426.5,1.85,2.64,-0.0014058252062874,0.05,0.0,-0.3688062641344932,-0.0138646765776018,0.9378,0.0151999999999999,False,,No Episode,0
2005-04-08,426.8999938964844,1.84,2.66,0.0009374125348866,-0.01,0.02,-0.3862973752800737,-0.0106076449823601,0.9466,0.0088,False,,No Episode,0
2005-04-11,428.6000061035156,1.82,2.63,0.0039743178134434,-0.02,-0.0300000000000002,-0.3968749783635738,-0.0232543538428179,0.9318,-0.0148,False,,No Episode,0
2005-04-12,427.6000061035156,1.73,2.65,-0.0023359038552834,-0.09,0.02,-0.3756634296007046,-0.0019740773417676,0.8969,-0.0348999999999999,False,,No Episode,0
2005-04-13,429.2999877929688,1.74,2.64,0.0039677533710005,0.01,-0.0099999999999997,-0.3510518764346679,-0.0239076575209373,0.8836,-0.0132999999999999,False,,No Episode,0
2005-04-14,424.0,1.72,2.65,-0.0124224915638233,-0.02,0.0099999999999997,-0.3090614280006868,-0.0065411272917208,0.8681,-0.0155,False,,No Episode,0
2005-04-15,424.8999938964844,1.67,2.6,0.0021203775242151,-0.05,-0.0499999999999998,-0.2452057042242032,-0.0202119245541569,0.8316,-0.0364999999999999,False,,No Episode,0
2005-04-18,427.5,1.66,2.61,0.0061004556206416,-0.01,0.0099999999999997,-0.2182664214167861,-0.0255730138323502,0.8108,-0.0208,False,,No Episode,0
2005-04-19,432.8999938964844,1.62,2.59,0.0125524519719855,-0.0399999999999998,-0.02,-0.2053719298980817,-0.034979752931348,0.7815,-0.0292999999999999,False,,No Episode,0
2005-04-20,435.2999877929688,1.6,2.62,0.00552868016665,-0.02,0.0300000000000002,-0.2088213202621724,-0.0414571754405981,0.7795,-0.002,False,,No Episode,0
2005-04-21,433.0,1.66,2.66,-0.0052976925129604,0.0599999999999998,0.04,-0.1659939563046525,-0.122515473095456,0.8175,0.038,False,,No Episode,0
2005-04-22,434.2999877929688,1.61,2.65,0.0029977834309153,-0.0499999999999998,-0.0100000000000002,-0.1835264930151117,-0.2001071699129557,0.8036,-0.0139,False,,No Episode,0
2005-04-25,434.6000061035156,1.63,2.63,0.0006905704329085,0.0199999999999997,-0.02,-0.2034125613819471,-0.1946962293168359,0.7962,-0.0073999999999999,False,,No Episode,0
2005-04-26,437.8999938964844,1.66,2.62,0.0075644780028891,0.03,-0.0099999999999997,-0.3106862006423884,-0.2272109985235734,0.8027,0.0064999999999999,False,,No Episode,0
2005-04-27,433.0,1.65,2.6,-0.0112528318667131,-0.01,-0.02,-0.3761522574460223,-0.2159132598347179,0.7899,-0.0127999999999999,False,,No Episode,0
2005-04-29,435.0,1.61,2.6,0.0046083030861945,-0.0399999999999998,0.0,-0.4701270875464288,-0.2305277196745456,0.7671,0.0061999999999999,False,,No Episode,0
2005-05-02,429.5,1.61,2.6,-0.0127242896643737,0.0,0.0,-0.5516693161586352,-0.2156367853117479,0.759,-0.0080999999999999,False,,No Episode,0
2005-05-03,426.7000122070313,1.64,2.57,-0.0065405226223624,0.0299999999999998,-0.0300000000000002,-0.5429718869608112,-0.3075843729216779,0.7617,0.0027,False,,No Episode,0
2005-05-04,429.0,1.63,2.57,0.005375700126069,-0.01,0.0,-0.6105351494753898,-0.3245558794637039,0.7573,-0.0044,False,,No Episode,0
2005-05-05,429.7999877929688,1.62,2.57,0.0018630368787375,-0.0099999999999997,0.0,-0.6219589553629357,-0.2897859510756998,0.7491,-0.0081999999999999,False,,No Episode,0
2005-05-06,426.1000061035156,1.69,2.59,-0.0086458809767488,0.0699999999999998,0.02,-0.6533971263622973,-0.3658614923842582,0.7896,0.0404999999999999,False,,No Episode,0
2005-05-09,426.2000122070313,1.69,2.6,0.0002346734760667,0.0,0.0100000000000002,-0.6271338564304942,-0.300710037328206,0.8015,0.0119,False,,No Episode,0
2005-05-10,427.2000122070313,1.65,2.58,0.0023435679144236,-0.04,-0.02,-0.5887504350534771,-0.3091649598820003,0.7789,-0.0225999999999999,False,,No Episode,0
2005-05-11,427.2000122070313,1.64,2.57,0.0,-0.01,-0.0100000000000002,-0.5692769822599245,-0.3361884530969797,0.7678,-0.0110999999999999,False,,No Episode,0
2005-05-12,421.6000061035156,1.66,2.52,-0.013195304516314,0.02,-0.0499999999999998,-0.5031428045713341,-0.3597581816110764,0.7538,-0.014,False,,No Episode,0
2005-05-13,420.2000122070313,1.66,2.46,-0.0033261942427555,0.0,-0.06,-0.4498281140829794,-0.313074885420925,0.7398,-0.014,False,,No Episode,0
2005-05-16,418.8999938964844,1.66,2.47,-0.0030986040787777,0.0,0.0100000000000002,-0.3773158254812516,-0.3341367578268554,0.7346,-0.0051999999999999,False,,No Episode,0
2005-05-17,419.3999938964844,1.64,2.48,0.0011928905322005,-0.02,0.0099999999999997,-0.2877267210161439,-0.3258115639496712,0.7277,-0.0069,False,,No Episode,0
2005-05-18,421.5,1.65,2.42,0.0049946735270607,0.01,-0.06,-0.2301439689100514,-0.3186598882784717,0.7079,-0.0198,False,,No Episode,0
2005-05-19,420.5,1.69,2.42,-0.0023752980289071,0.04,0.0,-0.2355381944420655,-0.3227345473228512,0.7239,0.016,False,,No Episode,0
2005-05-20,417.3999938964844,1.67,2.46,-0.007399499392604,-0.02,0.04,-0.2325458373247465,-0.3071596275057463,0.7341,0.0101999999999999,False,,No Episode,0
2005-05-23,416.6000061035156,1.65,2.42,-0.0019184365427458,-0.02,-0.04,-0.2376046873934189,-0.3029871644279099,0.7068,-0.0272999999999999,False,,No Episode,0
2005-05-24,417.5,1.62,2.42,0.0021580008132575,-0.0299999999999998,0.0,-0.2799915462612546,-0.3038732687798013,0.6824,-0.0243999999999999,False,,No Episode,0
2005-05-25,418.7999877929688,1.66,2.42,0.0031089055578314,0.0399999999999998,0.0,-0.3188527265236399,-0.3233556647650461,0.6896,0.0071999999999999,False,,No Episode,0
2005-05-26,418.0,1.69,2.39,-0.0019120173239857,0.03,-0.0299999999999998,-0.4596456609044292,-0.3368469619659736,0.6955,0.0059,False,,No Episode,0
2005-05-27,419.7999877929688,1.67,2.41,0.0042969457835688,-0.02,0.02,-0.4998042303443827,-0.4085800192878555,0.6962,0.0007,False,,No Episode,0
2005-06-01,415.2999877929688,1.54,2.37,-0.0024050036348279,-0.0899999999999998,0.0,-0.1828387796726031,-0.2671334104880832,0.6124,-0.0502999999999999,False,,No Episode,0
2005-06-02,422.7000122070313,1.55,2.34,0.0176616152080324,0.01,-0.0300000000000002,-0.1105267245134313,-0.1417707407440305,0.5995,-0.0129,False,,No Episode,0
2005-06-03,423.7000122070313,1.61,2.37,0.0023629499916113,0.06,0.0300000000000002,-0.048162621850989,-0.0904528596102948,0.628,0.0284999999999999,False,,No Episode,0
2005-06-06,426.5,1.6,2.36,0.0065866804886676,-0.01,-0.0100000000000002,-0.0855371604939474,-0.0616237190412847,0.6274,-0.0006,False,,No Episode,0
2005-06-07,424.7999877929688,1.6,2.32,-0.0039939257399543,0.0,-0.04,-0.0470961228145525,-0.036684022427549,0.6083,-0.0191,False,,No Episode,0
2005-06-08,424.7000122070313,1.63,2.32,-0.0002353751298391,0.0299999999999998,0.0,-0.0353513009657499,-0.0385350732106322,0.6161,0.0078,False,,No Episode,0
2005-06-09,424.2000122070313,1.64,2.34,-0.0011779951547641,0.01,0.02,-0.0963628227627197,-0.0826734207826875,0.6293,0.0131999999999999,False,,No Episode,0
2005-06-10,427.3999938964844,1.74,2.31,0.0075152576973005,0.1,-0.0299999999999998,-0.0348526544788284,0.028130749905656,0.6642,0.0349,False,,No Episode,0
2005-06-13,429.2999877929688,1.76,2.33,0.0044356181913043,0.02,0.02,0.1576007744477531,0.0733067115296433,0.6835,0.0192999999999999,False,,No Episode,0
2005-06-14,427.5,1.79,2.34,-0.0042016584189665,0.03,0.0099999999999997,0.2784770778766047,0.0517879641763871,0.6999,0.0163999999999999,False,,No Episode,0
2005-06-15,429.1000061035156,1.79,2.33,0.0037357178446582,0.0,-0.0099999999999997,0.3655680685919083,0.0754367669615807,0.706,0.0060999999999999,False,,No Episode,0
2005-06-16,436.2000122070313,1.75,2.34,0.0164108755309966,-0.04,0.0099999999999997,0.4746881914784687,-0.0242631032325163,0.6962,-0.0097999999999999,False,,No Episode,0
2005-06-17,438.2999877929688,1.72,2.37,0.004802697821435,-0.03,0.0300000000000002,0.5370799262224001,-0.0410787387407791,0.6958,-0.0004,False,,No Episode,0
2005-06-20,438.3999938964844,1.74,2.37,0.0002281421376482,0.02,0.0,0.5658625305402873,0.050501743341491,0.6985,0.0027,False,,No Episode,0
2005-06-21,438.8999938964844,1.72,2.34,0.0011398610762434,-0.02,-0.0300000000000002,0.5728915651075266,0.0494938717110059,0.6757,-0.0228,False,,No Episode,0
2005-06-22,438.1000061035156,1.68,2.27,-0.0018243740361567,-0.04,-0.0699999999999998,0.554743495655294,0.0751663506479431,0.6249,-0.0507999999999999,False,,No Episode,0
2005-06-23,441.7000122070313,1.68,2.28,0.0081837374873163,0.0,0.0099999999999997,0.5292497405060177,0.0708294619626921,0.615,-0.0099,False,,No Episode,0
2005-06-24,440.5,1.65,2.27,-0.0027205008627211,-0.03,-0.0099999999999997,0.4776841803546212,0.1415683934460709,0.5921,-0.0229,False,,No Episode,0
2005-06-27,440.2999877929688,1.62,2.28,-0.0004541603388767,-0.0299999999999998,0.0099999999999997,0.4071657446952266,0.1511992734617386,0.5732,-0.0188999999999999,False,,No Episode,0
2005-06-28,436.3999938964844,1.67,2.3,-0.0088970450644998,0.0499999999999998,0.02,0.4013076895069006,0.0630633925710723,0.5932,0.0199999999999999,False,,No Episode,0
2005-06-30,435.8999938964844,1.67,2.27,-0.0011463947306111,0.0,-0.0299999999999998,0.3879785314664802,0.0630489855377669,0.5871,-0.0174,False,,No Episode,0
2005-07-01,427.7999877929688,1.75,2.31,-0.0187570771283764,0.08,0.04,0.3745073859318935,-0.1370977456985947,0.6251,0.038,False,,No Episode,0
2005-07-06,423.5,1.78,2.3,0.0014177840461933,-0.02,-0.0100000000000002,0.2895553078621443,-0.2095316884478717,0.6475,-0.0060999999999999,False,,No Episode,0
2005-07-07,423.2999877929688,1.77,2.28,-0.0004723954030092,-0.01,-0.02,0.244763258419412,-0.2158781045340241,0.6354,-0.0121,False,,No Episode,0
2005-07-08,422.8999938964844,1.83,2.28,-0.000945388643184,0.06,0.0,0.1531221246535897,-0.2142508763565966,0.6572,0.0218,False,,No Episode,0
2005-07-11,425.5,1.81,2.3,0.0061292179675129,-0.02,0.02,0.1131594151766456,-0.2406646175694823,0.6602,0.003,False,,No Episode,0
2005-07-12,426.2999877929688,1.83,2.32,0.001878347122898,0.02,0.02,0.0885201113442099,-0.2325033607948138,0.6739,0.0137,False,,No Episode,0
2005-07-13,423.8999938964844,1.87,2.3,-0.0056457311762159,0.04,-0.02,0.0234236845567287,-0.2424188241494221,0.6839,0.0099999999999998,False,,No Episode,0
2005-07-14,419.6000061035156,1.94,2.25,-0.0101956728919354,0.0699999999999998,-0.0499999999999998,-0.1371641924078595,-0.3546369728966246,0.6933,0.0094,False,,No Episode,0
2005-07-15,420.7000122070313,1.95,2.23,0.0026181285442987,0.01,-0.02,-0.3636533894941154,-0.433846114233293,0.6929,-0.0004,False,,No Episode,0
2005-07-18,420.5,1.98,2.24,-0.0004755401994716,0.03,0.0100000000000002,-0.5061489250426747,-0.4726770537267787,0.7023,0.0094,False,,No Episode,0
2005-07-19,419.7000122070313,1.92,2.28,-0.0019042799883228,-0.06,0.0399999999999995,-0.598435000979177,-0.4575219022257165,0.6912,-0.0110999999999999,False,,No Episode,0
2005-07-20,421.7000122070313,1.9,2.27,0.0047539902750264,-0.02,-0.0099999999999997,-0.6609992882267901,-0.4606983419905985,0.681,-0.0101999999999999,False,,No Episode,0
2005-07-21,425.3999938964844,1.95,2.33,0.0087356987187208,0.05,0.06,-0.7217902776217912,-0.40280300855223,0.7147,0.0336999999999999,False,,No Episode,0
2005-07-22,424.7000122070313,1.89,2.34,-0.0016468223564869,-0.06,0.0099999999999997,-0.7873639284523554,-0.3686404476208638,0.6988,-0.0159,False,,No Episode,0
2005-07-25,425.7000122070313,1.94,2.31,0.0023518354473628,0.05,-0.0299999999999998,-0.8488639463683787,-0.3508317982036883,0.6953,-0.0034999999999999,False,,No Episode,0
2005-07-26,423.3999938964844,1.92,2.32,-0.005417557224022,-0.02,0.0099999999999997,-0.8609270696484831,-0.4574804892527437,0.691,-0.0043,False,,No Episode,0
2005-07-27,424.7000122070313,1.92,2.35,0.0030657217766592,0.0,0.0300000000000002,-0.8615901005082802,-0.4720063354075601,0.7012,0.0102,False,,No Episode,0
2005-07-28,427.2999877929688,1.86,2.34,0.0061032480202145,-0.0599999999999998,-0.0100000000000002,-0.8628442955251339,-0.488203444492405,0.6777,-0.0235,False,,No Episode,0
2005-07-29,429.8999938964844,1.92,2.36,0.0060662952225563,0.0599999999999998,0.02,-0.84266260567218,-0.4251921286750596,0.7044,0.0267,False,,No Episode,0
2005-08-01,431.8999938964844,1.95,2.37,0.0046414565301642,0.03,0.0100000000000002,-0.7992434678688107,-0.3593341572545366,0.7182,0.0137999999999999,False,,No Episode,0
2005-08-02,431.8999938964844,1.99,2.35,0.0,0.04,-0.02,-0.7353326745290538,-0.3360468896624908,0.7253,0.0070999999999999,False,,No Episode,0
2005-08-03,436.8999938964844,1.93,2.37,0.0115102561524631,-0.06,0.02,-0.6650450909947033,-0.4035058114490066,0.7129,-0.0123999999999999,False,,No Episode,0
2005-08-04,437.8999938964844,1.94,2.38,0.0022862378818642,0.01,0.0099999999999997,-0.5755327341126727,-0.4004334799873716,0.7189,0.006,False,,No Episode,0
2005-08-05,437.2000122070313,2.0,2.4,-0.0015997756458885,0.06,0.02,-0.4492894262569318,-0.4203772579006046,0.7477,0.0288,False,,No Episode,0
2005-08-08,434.7000122070313,2.02,2.4,-0.0057346181470609,0.02,0.0,-0.3123343173884834,-0.422415096554056,0.763,0.0152999999999999,False,,No Episode,0
2005-08-09,434.2000122070313,2.02,2.39,-0.0011508805182174,0.0,-0.0099999999999997,-0.1480568610309945,-0.4409939921203191,0.7581,-0.0049,False,,No Episode,0
2005-08-10,436.5,2.01,2.39,0.0052830897216207,-0.0100000000000002,0.0,0.0935043499714451,-0.4578947558434821,0.7528,-0.0052999999999999,False,,No Episode,0
2005-08-11,445.5,1.97,2.35,0.0204088716312078,-0.0399999999999998,-0.04,0.2831877258100437,-0.4800752929375199,0.7288,-0.024,False,,No Episode,0
2005-08-12,445.8999938964844,1.91,2.33,0.0008974510344845,-0.06,-0.02,0.4164349457057087,-0.4629114005734575,0.6918,-0.037,False,,No Episode,0
2005-08-15,442.2000122070313,1.92,2.35,-0.0083324019167765,0.01,0.02,0.4269630330675242,-0.3628456651979419,0.6924,0.0006,False,,No Episode,0
2005-08-16,446.1000061035156,1.87,2.36,0.0087808597875911,-0.0499999999999998,0.0099999999999997,0.3222004036527026,-0.3513480862116621,0.6713,-0.0211,False,,No Episode,0
2005-08-17,439.8999938964844,1.91,2.37,-0.0139957413362692,0.0399999999999998,0.0100000000000002,0.2781644230812678,-0.3846282884237113,0.6865,0.0151999999999999,False,,No Episode,0
2005-08-18,439.5,1.86,2.35,-0.0009096973546629,-0.0499999999999998,-0.02,0.1824071746003455,-0.3638073982847191,0.6642,-0.0222999999999999,False,,No Episode,0
2005-08-19,437.2000122070313,1.85,2.36,-0.0052469329019171,-0.01,0.0099999999999997,0.0948046487916118,-0.3463893198653212,0.6574,-0.0068,False,,No Episode,0
2005-08-22,438.1000061035156,1.86,2.36,0.0020564245283249,0.01,0.0,0.0108155345778245,-0.3367242285593494,0.6548,-0.0025999999999999,False,,No Episode,0
2005-08-23,439.3999938964844,1.85,2.35,0.0029629373083022,-0.01,-0.0099999999999997,-0.0790814039337948,-0.341797264734508,0.647,-0.0078,False,,No Episode,0
2005-08-24,437.2999877929688,1.83,2.36,-0.0047907155556137,-0.02,0.0099999999999997,-0.1519210532990343,-0.3003151441388119,0.6433,-0.0037,False,,No Episode,0
2005-08-25,438.3999938964844,1.8,2.38,0.0025122912072248,-0.03,0.02,-0.1800262293882247,-0.2228961451531381,0.6381,-0.0051999999999999,False,,No Episode,0
2005-08-26,437.3999938964844,1.81,2.39,-0.0022836274229671,0.01,0.0100000000000002,-0.1805309564183036,-0.2315424452776332,0.6441,0.006,False,,No Episode,0
2005-08-29,437.0,1.79,2.41,-0.0009148991929954,-0.02,0.02,-0.1426818009243622,-0.2212199298579142,0.6426,-0.0015,False,,No Episode,0
2005-08-30,431.2000122070313,1.71,2.45,-0.013361147191361,-0.08,0.04,-0.0756398657978181,-0.0884624798646084,0.6256,-0.0169999999999999,False,,No Episode,0
2005-08-31,433.7999877929688,1.65,2.37,0.0060115223487766,-0.06,-0.08,-0.0516831745183742,-0.1119194122095643,0.5631,-0.0625,False,,No Episode,0
2005-09-01,442.2999877929688,1.61,2.41,0.0194047870222897,-0.0399999999999998,0.04,-0.1198584590516308,-0.2189765158940908,0.5531,-0.01,False,,No Episode,0
2005-09-02,444.2000122070313,1.59,2.44,0.0042865816659665,-0.02,0.0299999999999998,-0.2214374743416367,-0.2453762199277779,0.5581,0.005,False,,No Episode,0
2005-09-07,444.8999938964844,1.69,2.46,0.0011244800619563,0.04,0.02,-0.2964374342827295,-0.2644920505261555,0.6058,0.027,False,,No Episode,0
2005-09-08,446.7000122070313,1.68,2.47,0.0040377315920601,-0.01,0.0100000000000002,-0.338128088515167,-0.2661774486156065,0.6134,0.0075999999999999,False,,No Episode,0
2005-09-09,449.0,1.64,2.5,0.0051356320570468,-0.04,0.0299999999999998,-0.427591899999623,-0.2579212073217302,0.6093,-0.0040999999999999,False,,No Episode,0
2005-09-12,449.7000122070313,1.69,2.49,0.0015578331792394,0.05,-0.0099999999999997,-0.4533812176151003,-0.2988906929334785,0.6248,0.0155,True,1,Demand Boom,1
2005-09-13,446.1000061035156,1.67,2.47,-0.0080375651053303,-0.02,-0.02,-0.4569741822103128,-0.2993899568560268,0.6119,-0.0129,True,1,Demand Boom,1
2005-09-14,449.7999877929688,1.68,2.49,0.0082598565702536,0.01,0.02,-0.4485010054676493,-0.2791820022417882,0.6253,0.0133999999999999,True,1,Demand Boom,1
2005-09-15,455.5,1.71,2.51,0.0125927043135956,0.03,0.0199999999999995,-0.4448837826846412,-0.1677703267414484,0.6454,0.0201,True,1,Demand Boom,1
2005-09-16,459.5,1.73,2.53,0.0087432250957286,0.02,0.02,-0.4231643220221703,-0.143108644139072,0.67,0.0246,True,1,Demand Boom,1
2005-09-19,466.7000122070313,1.7,2.55,0.0155477373160834,-0.03,0.02,-0.4042877192970918,-0.1511266038763947,0.661,-0.009,True,1,Demand Boom,1
2005-09-20,466.2000122070313,1.74,2.52,-0.0010719263260607,0.04,-0.0299999999999998,-0.3498712927486156,-0.1414444691474609,0.6606,-0.0004,True,1,Demand Boom,1
2005-09-21,468.8999938964844,1.68,2.51,0.0057747602931081,-0.06,-0.0100000000000002,-0.3294032657931668,-0.1517442437363772,0.645,-0.0155999999999999,True,1,Demand Boom,1
2005-09-22,466.6000061035156,1.67,2.52,-0.0049171404107122,-0.01,0.0100000000000002,-0.3229647698229487,-0.1515595671786241,0.6363,-0.0087,True,1,Demand Boom,1
2005-09-23,463.5,1.74,2.51,-0.0066659876622505,0.07,-0.0100000000000002,-0.3340029713407926,-0.1646548883841319,0.664,0.0277,True,1,Demand Boom,1
2005-09-26,465.8999938964844,1.78,2.52,0.0051646207163571,0.04,0.0100000000000002,-0.3064413732220747,-0.1487630906234481,0.6848,0.0207999999999999,True,1,Demand Boom,1
2005-09-27,462.6000061035156,1.77,2.53,-0.0071082427309905,-0.01,0.0099999999999997,-0.2706873174406648,-0.128270108380969,0.6937,0.0089,True,1,Demand Boom,1
2005-09-28,469.7000122070313,1.73,2.53,0.0152314560306683,-0.04,0.0,-0.2618092732271982,-0.1420185873614304,0.685,-0.0086999999999999,True,1,Demand Boom,1
2005-09-29,472.2000122070313,1.75,2.54,0.0053084314808682,0.02,0.0100000000000002,-0.1973528455227985,-0.0571849178665282,0.6929,0.0078999999999999,True,1,Demand Boom,1
2005-09-30,469.0,1.78,2.56,-0.0067998820565335,0.03,0.02,-0.114618592544951,-0.1113429656974003,0.7118,0.0189,True,1,Demand Boom,1
2005-10-03,466.1000061035156,1.84,2.55,-0.0062025519727209,0.06,-0.0100000000000002,0.0094407501874947,-0.1723633014984963,0.7259,0.0141,True,1,Demand Boom,1
2005-10-04,466.1000061035156,1.87,2.51,0.0,0.03,-0.04,0.1499341828794646,-0.1777272819226442,0.7204,-0.0054999999999999,True,1,Demand Boom,1
2005-10-05,466.1000061035156,1.86,2.5,0.0,-0.01,-0.0099999999999997,0.2725603088299895,-0.1740841427235028,0.7146,-0.0058,True,1,Demand Boom,1
2005-10-06,471.8999938964844,1.91,2.46,0.0123668693248664,0.0499999999999998,-0.04,0.4201649630573028,-0.1308109134030777,0.7152,0.0005999999999999,True,1,Demand Boom,1
2005-10-07,474.7000122070313,1.9,2.45,0.0059159654741014,-0.01,-0.0099999999999997,0.5305025758728638,-0.1367606864038444,0.7092,-0.0059999999999998,True,1,Demand Boom,1
2005-10-12,473.8999938964844,1.96,2.49,-0.0067298092207996,0.04,0.02,0.7284237448838079,-0.1719203003361796,0.7289,0.0166999999999999,True,1,Demand Boom,1
2005-10-13,471.1000061035156,1.96,2.52,-0.005925917432334,0.0,0.0299999999999998,0.7683163901432724,-0.3646689517007681,0.7405,0.0116,True,1,Demand Boom,1
2005-10-14,469.2000122070313,1.98,2.5,-0.0040412558658653,0.02,-0.02,0.7634394821633724,-0.364325754646556,0.7476,0.0070999999999999,True,1,Demand Boom,1
2005-10-17,474.1000061035156,1.94,2.56,0.0103891399859605,-0.04,0.06,0.7566156052343919,-0.3268434118860878,0.7475,-9.9999999999989e-05,True,1,Demand Boom,1
2005-10-18,472.1000061035156,1.92,2.57,-0.0042274423012926,-0.02,0.0099999999999997,0.7378815940395449,-0.2862535195210146,0.7406,-0.0069,True,1,Demand Boom,1
2005-10-19,463.5,1.92,2.55,-0.0183844554747691,0.0,-0.02,0.7010970813373953,-0.2295961571637772,0.7299,-0.0107,True,1,Demand Boom,1
2005-10-20,461.0,1.92,2.54,-0.0054083420092609,0.0,-0.0099999999999997,0.6634176614450439,-0.2224347541073293,0.7274,-0.0024999999999999,True,1,Demand Boom,1
2005-10-21,467.0,1.89,2.5,0.0129312146722488,-0.03,-0.04,0.6446015783133222,-0.2588473008609708,0.6968,-0.0306,True,1,Demand Boom,1
2005-10-24,465.0,1.93,2.52,-0.0042918520815415,0.04,0.02,0.5870201963212891,-0.2624343473921233,0.7072,0.0104,True,1,Demand Boom,1
2005-10-25,472.7999877929688,2.05,2.49,0.0166350346859385,0.1199999999999998,-0.0299999999999998,0.5714607775972701,-0.0472517987828811,0.7419,0.0346999999999999,True,1,Demand Boom,1
2005-10-26,471.2000122070313,2.06,2.54,-0.0033897820296546,0.0100000000000002,0.0499999999999998,0.5308447075979227,-0.080527039210679,0.776,0.0341,True,1,Demand Boom,1
2005-10-27,473.7999877929688,2.01,2.56,0.0055026077169433,-0.0500000000000002,0.02,0.505322841737204,-0.0993948438532881,0.7731,-0.0029,True,1,Demand Boom,1
2005-10-28,473.0,2.01,2.57,-0.0016898774686504,0.0,0.0099999999999997,0.4819119777120387,-0.1213022319164823,0.7771,0.004,True,1,Demand Boom,1
2005-10-31,465.1000061035156,2.0,2.57,-0.0168429391388631,-0.0099999999999997,0.0,0.3872665050668798,-0.0887920808676901,0.7687,-0.0083999999999999,True,1,Demand Boom,1
2005-11-01,458.7999877929688,2.0,2.58,-0.013638090704287,0.0,0.0100000000000002,0.2543199672768609,-0.0163722552446106,0.7709,0.0021999999999999,True,1,Demand Boom,1
2005-11-02,462.7999877929688,2.02,2.59,0.0086806102942667,0.02,0.0099999999999997,0.1749153011115935,-0.0048497466118305,0.7847,0.0137999999999999,True,1,Demand Boom,1
2005-11-03,460.1000061035156,2.03,2.62,-0.0058510985159978,0.0099999999999997,0.0300000000000002,0.1085456608293361,0.0417682213782839,0.8062,0.0215,True,1,Demand Boom,1
2005-11-04,456.2999877929688,2.06,2.6,-0.0082934092459003,0.0300000000000002,-0.02,-0.0316173657202096,0.017292907502844,0.8181,0.0119,True,1,Demand Boom,1
2005-11-07,459.0,2.03,2.62,0.0058997488793943,-0.0300000000000002,0.02,-0.1448917760001855,0.027859304724543,0.8197,0.0015999999999999,True,1,Demand Boom,1
2005-11-08,460.8999938964844,2.01,2.56,0.0041308764233143,-0.02,-0.06,-0.1984808529172358,-0.0047614692840917,0.7901,-0.0295999999999999,True,1,Demand Boom,1
2005-11-09,466.2999877929688,2.08,2.56,0.0116480911519225,0.0700000000000002,0.0,-0.2749486793669562,0.0547116891664462,0.8079,0.0177999999999999,True,1,Demand Boom,1
2005-11-10,466.6000061035156,2.07,2.48,0.0006431950323779,-0.0100000000000002,-0.08,-0.272457723503381,0.1430372486474643,0.7822,-0.0256999999999999,True,1,Demand Boom,1
2005-11-15,468.1000061035156,2.12,2.44,-0.0002136197841293,-0.02,-0.0300000000000002,-0.1749726057539388,0.168285979132635,0.7771,-0.017,True,1,Demand Boom,1
2005-11-16,478.2999877929688,2.07,2.42,0.021556163819608,-0.0500000000000002,-0.02,-0.1157378274367647,0.0635269052881118,0.7429,-0.0342,True,1,Demand Boom,1
2005-11-17,486.2000122070313,2.04,2.42,0.016381961824492,-0.0299999999999998,0.0,-0.0585810281313463,0.0115365272940547,0.7212,-0.0217,True,1,Demand Boom,1
2005-11-18,485.6000061035156,2.09,2.41,-0.0012348346747312,0.0499999999999998,-0.0099999999999997,0.024424587395038,-0.0009607646940006,0.724,0.0028,True,1,Demand Boom,1
2005-11-21,489.0,2.08,2.38,0.0069772371605649,-0.0099999999999997,-0.0300000000000002,0.1273325714912796,-0.0545060616031646,0.7121,-0.0119,True,1,Demand Boom,1
2005-11-22,492.6000061035156,2.03,2.4,0.0073350086019745,-0.0500000000000002,0.02,0.1752559361667764,-0.0765378279567453,0.6996,-0.0124999999999999,True,1,Demand Boom,1
2005-11-23,492.1000061035156,2.08,2.39,-0.0010155378019156,0.0500000000000002,-0.0099999999999997,0.2743860136151649,-0.0889740914307376,0.7147,0.0151,True,1,Demand Boom,1
2005-11-28,498.2999877929688,2.04,2.37,0.0125203205150734,-0.04,-0.02,0.2846011739551576,-0.1047992956166156,0.6845,-0.0153999999999999,True,1,Demand Boom,1
2005-11-29,499.1000061035156,2.11,2.37,0.0016042079146023,0.0699999999999998,0.0,0.3564145684836517,-0.1049278971773678,0.7102,0.0257,True,1,Demand Boom,1
2005-11-30,494.6000061035156,2.12,2.37,-0.0090571212769843,0.0100000000000002,0.0,0.4047564750638984,-0.1008396989877817,0.7245,0.0142999999999999,True,1,Demand Boom,1
2005-12-01,502.5,2.15,2.37,0.0158462725056081,0.0299999999999998,0.0,0.4903401922813582,-0.0402152054308298,0.7378,0.0132999999999999,True,1,Demand Boom,1
2005-12-02,503.2999877929688,2.16,2.36,0.0015907495950973,0.0100000000000002,-0.0100000000000002,0.564014732975445,-0.0552458597357556,0.7401,0.0022999999999999,True,1,Demand Boom,1
2005-12-05,508.8999938964844,2.17,2.4,0.0110651320729129,0.0099999999999997,0.04,0.6071047212919667,-0.07309719937337,0.754,0.0139,True,1,Demand Boom,1
2005-12-06,510.2000122070313,2.12,2.37,0.0025513080324426,-0.0499999999999998,-0.0299999999999998,0.6054756177122607,-0.0740386836199409,0.724,-0.03,True,1,Demand Boom,1
2005-12-07,514.2999877929688,2.18,2.34,0.0080038994119515,0.06,-0.0300000000000002,0.6773806429146235,-0.0204175525613352,0.7289,0.0049,True,1,Demand Boom,1
2005-12-08,519.2999877929688,2.14,2.33,0.0096749982979336,-0.04,-0.0099999999999997,0.7031233692502373,-0.025133339952202,0.7106,-0.0182999999999999,True,1,Demand Boom,1
2005-12-09,527.0,2.18,2.36,0.0147188211977935,0.04,0.0299999999999998,0.7380802796985226,-0.1387048307720996,0.7397,0.0291,True,1,Demand Boom,1
2005-12-12,528.4000244140625,2.17,2.39,0.0026530703105587,-0.0100000000000002,0.0300000000000002,0.7599184550363373,-0.1341504938283949,0.754,0.0142999999999999,True,1,Demand Boom,1
2005-12-13,521.0,2.16,2.38,-0.0141035770985542,-0.0099999999999997,-0.0100000000000002,0.7751289418861214,-0.0949406250079305,0.7499,-0.0040999999999999,True,1,Demand Boom,1
2005-12-14,506.5,2.1,2.35,-0.028225718064629,-0.06,-0.0299999999999998,0.7705543444649476,0.0788412691968732,0.7162,-0.0337,True,1,Demand Boom,1
2005-12-15,503.8999938964844,2.12,2.35,-0.0051465001147388,0.02,0.0,0.7634948173467749,0.0502939934191092,0.7149,-0.0012999999999999,True,1,Demand Boom,1
2005-12-16,503.3999938964844,2.11,2.34,-0.0009927529973676,-0.0100000000000002,-0.0100000000000002,0.743213304033167,0.0514931669723447,0.7046,-0.0102999999999999,True,1,Demand Boom,1
2005-12-19,503.6000061035156,2.11,2.34,0.0003972437133299,0.0,0.0,0.7236981998728175,0.0442787575556911,0.6961,-0.0084999999999999,True,1,Demand Boom,1
2005-12-20,494.6000061035156,2.12,2.35,-0.0180329468623385,0.0100000000000002,0.0100000000000002,0.6995839014147309,0.0347798946262658,0.7005,0.0043999999999999,True,1,Demand Boom,1
2005-12-21,493.0,2.14,2.35,-0.0032401933849328,0.02,0.0,0.6827679463490339,0.051767485041579,0.7089,0.0083999999999999,True,1,Demand Boom,1
2005-12-22,502.7000122070313,2.11,2.33,0.0194844209387738,-0.0300000000000002,-0.02,0.6430983117975393,0.013892090956946,0.6887,-0.0201999999999999,True,1,Demand Boom,1
2005-12-23,503.0,2.07,2.31,0.0005965751182754,-0.04,-0.02,0.5550624592965839,0.023742600225209,0.6584,-0.0302999999999999,False,,No Episode,0
2005-12-28,514.2000122070312,2.1,2.28,0.0121308709931575,0.0500000000000002,-0.0100000000000002,0.4464760902622571,-0.0019420001910344,0.6462,0.0097,False,,No Episode,0
2005-12-29,515.7000122070312,2.07,2.3,0.002912906156073,-0.0300000000000002,0.02,0.4988970749663358,-0.002415369568153,0.6426,-0.0036,False,,No Episode,0
2005-12-30,517.0999755859375,2.06,2.33,0.0027110074610359,-0.0099999999999997,0.0300000000000002,0.5215123777810451,-0.0073556854700033,0.6442,0.0016,False,,No Episode,0
2006-01-04,533.9000244140625,2.01,2.35,0.0060116883983178,-0.02,0.0100000000000002,0.0651835796415355,0.0418409346507494,0.6074,-0.0162999999999999,False,,No Episode,0
2006-01-05,526.2999877929688,2.04,2.32,-0.0143372320682431,0.0300000000000002,-0.0300000000000002,-0.022282120479544,0.0129751932858287,0.6044,-0.003,False,,No Episode,0
2006-01-06,539.7000122070312,2.05,2.33,0.0251420830770978,0.0099999999999997,0.0100000000000002,-0.1321684574798877,0.0354043903574617,0.6115,0.0070999999999999,False,,No Episode,0
2006-01-09,549.0999755859375,2.05,2.33,0.0172670775800893,0.0,0.0,-0.2876555358934195,0.0521192949163357,0.6119,0.0003999999999999,False,,No Episode,0
2006-01-10,544.2999877929688,2.06,2.37,-0.0087799868097393,0.0100000000000002,0.04,-0.3590706165414016,0.0620098447761186,0.627,0.0151,False,,No Episode,0
2006-01-11,548.7999877929688,2.07,2.39,0.0082335111554163,0.0099999999999997,0.02,-0.4422536829606375,0.100586137067581,0.6408,0.0138,False,,No Episode,0
2006-01-12,548.2999877929688,2.01,2.41,-0.0009114940219561,-0.06,0.02,-0.5110098486054037,0.1348585482408895,0.6254,-0.0154,False,,No Episode,0
2006-01-13,556.0999755859375,1.97,2.39,0.0141255301446427,-0.0399999999999998,-0.02,-0.5915871605924927,0.115132343165777,0.595,-0.0303999999999999,False,,No Episode,0
2006-01-18,543.7000122070312,1.97,2.37,-0.0176834648656569,0.02,-0.02,-0.6428214779650383,0.0395868463514352,0.5722,-0.0024999999999999,False,,No Episode,0
2006-01-19,558.4000244140625,1.97,2.41,0.0266779485659682,0.0,0.04,-0.672607314153317,0.0394184284981251,0.5863,0.0141,False,,No Episode,0
2006-01-20,553.5,1.94,2.43,-0.0088138430209285,-0.03,0.02,-0.6950217118038932,0.061718995810582,0.585,-0.0013,False,,No Episode,0
2006-01-23,558.2999877929688,1.94,2.42,0.008634678302978,0.0,-0.0100000000000002,-0.7274136468598721,0.0391409613042824,0.5788,-0.0061999999999999,False,,No Episode,0
2006-01-24,557.7000122070312,1.97,2.43,-0.0010752251679937,0.03,0.0100000000000002,-0.7473164865760166,0.0483621353217443,0.5866,0.0078,False,,No Episode,0
2006-01-25,562.2000122070312,2.03,2.46,0.0080364749017247,0.0599999999999998,0.0299999999999998,-0.7744956838762131,0.0301663075947618,0.6228,0.0362,False,,No Episode,0
2006-01-26,559.7000122070312,2.01,2.52,-0.0044567324781334,-0.02,0.06,-0.8184433508879424,0.0385797501881451,0.6442,0.0213999999999999,False,,No Episode,0
2006-01-27,558.7000122070312,2.02,2.5,-0.001788269393173,0.0100000000000002,-0.02,-0.8394620086929753,0.026920729880322,0.6493,0.0050999999999999,False,,No Episode,0
2006-01-30,565.7999877929688,2.03,2.51,0.0126279589785553,0.0099999999999997,0.0099999999999997,-0.8133360943717318,-0.138820865848106,0.6534,0.0040999999999999,False,,No Episode,0
2006-01-31,570.7999877929688,2.0,2.53,0.0087982269242026,-0.0299999999999998,0.02,-0.7980926891511895,-0.1309171204320627,0.6515,-0.0019,False,,No Episode,0
2006-02-01,569.4000244140625,2.02,2.55,-0.0024556464960943,0.02,0.02,-0.7702244458302573,-0.1485483408178552,0.6657,0.0141999999999999,False,,No Episode,0
2006-02-02,572.5,2.04,2.53,0.0054295177076371,0.02,-0.02,-0.7181092037682503,-0.1432232877291139,0.6687,0.003,False,,No Episode,0
2006-02-03,567.4000244140625,2.0,2.54,-0.0089481700256888,-0.04,0.0100000000000002,-0.683861525858388,-0.0636967560545036,0.6585,-0.0101999999999999,False,,No Episode,0
2006-02-06,570.2000122070312,2.0,2.55,0.0049226324841979,0.0,0.0099999999999997,-0.6179217565811299,-0.0444263595439336,0.6558,-0.0026999999999999,False,,No Episode,0
2006-02-07,551.0,2.02,2.55,-0.0342523887339893,0.02,0.0,-0.5547693545023527,-0.0852771185911468,0.6595,0.0036999999999999,False,,No Episode,0
2006-02-08,550.0999755859375,2.07,2.49,-0.0016347736526389,0.0499999999999998,-0.0599999999999996,-0.4985655836288838,-0.1130483855954549,0.6697,0.0101999999999999,False,,No Episode,0
2006-02-09,564.5,2.05,2.49,0.0258403480894404,-0.02,0.0,-0.4535830552199168,-0.1355850900936257,0.6668,-0.0029,False,,No Episode,0
2006-02-10,550.2000122070312,2.09,2.5,-0.0256585129127078,0.04,0.0099999999999997,-0.3407420318903594,-0.2624142241390108,0.6816,0.0148,False,,No Episode,0
2006-02-13,539.0,2.08,2.5,-0.0205662997680109,-0.0099999999999997,0.0,-0.3050265821307519,-0.2361876793557833,0.6768,-0.0048,False,,No Episode,0
2006-02-14,545.9000244140625,2.14,2.48,0.0127202826013048,0.06,-0.02,-0.2714456856145608,-0.1695494841997723,0.6863,0.0095,False,,No Episode,0
2006-02-15,539.7000122070312,2.13,2.48,-0.0114224012675263,-0.0100000000000002,0.0,-0.3367670780200257,-0.1014066583764185,0.6868,0.0004999999999999,False,,No Episode,0
2006-02-16,546.0,2.1,2.49,0.011605523502129,-0.0299999999999998,0.0100000000000002,-0.3934603799092934,-0.1180652760018365,0.684,-0.0027999999999999,False,,No Episode,0
2006-02-17,551.7999877929688,2.03,2.51,0.0105666639160784,-0.0700000000000002,0.0199999999999995,-0.4219003704536587,-0.1270932521045175,0.6622,-0.0218,False,,No Episode,0
2006-02-22,553.9000244140625,2.01,2.52,0.0,-0.0300000000000002,-0.0099999999999997,-0.4093286686255459,-0.1513281534752635,0.652,-0.0145999999999999,False,,No Episode,0
2006-02-23,548.4000244140625,2.03,2.53,-0.0099792169088459,0.02,0.0099999999999997,-0.3927009913775915,-0.1590559727664817,0.6618,0.0098,False,,No Episode,0
2006-02-24,558.7999877929688,2.02,2.56,0.0187866133308531,-0.0099999999999997,0.0300000000000002,-0.3781293896323682,-0.1737705864454036,0.6689,0.0070999999999999,False,,No Episode,0
2006-02-27,554.7000122070312,2.04,2.55,-0.0073641564699906,0.02,-0.0100000000000002,-0.3920020595762631,-0.2013350888961277,0.6752,0.0062999999999999,False,,No Episode,0
2006-02-28,561.5999755859375,2.02,2.53,0.0123623601715321,-0.02,-0.02,-0.4001371031787231,-0.181696585613292,0.6567,-0.0185,False,,No Episode,0
2006-03-01,563.5,2.02,2.57,0.0033775242405642,0.0,0.04,-0.4364999387822994,-0.1936412588234373,0.6643,0.0076,False,,No Episode,0
2006-03-02,568.2000122070312,2.05,2.59,0.0083061574239433,0.0299999999999998,0.02,-0.4979711641642176,-0.1536200315981176,0.6884,0.0241,False,,No Episode,0
2006-03-03,566.0,2.07,2.61,-0.0038794127005914,0.02,0.02,-0.4705376856927428,-0.1630215940373784,0.7115,0.0231,False,,No Episode,0
2006-03-06,554.9000244140625,2.14,2.6,-0.0198061168740997,0.0700000000000002,-0.0099999999999997,-0.5253876724572327,-0.2800063968634437,0.7378,0.0262999999999999,False,,No Episode,0
2006-03-07,552.7000122070312,2.16,2.58,-0.0039725804036869,0.02,-0.02,-0.5536503482101257,-0.2802285422689298,0.7465,0.0087,False,,No Episode,0
2006-03-08,542.5,2.2,2.53,-0.0186272955107815,0.04,-0.0500000000000002,-0.6259468178478594,-0.3138126011073165,0.7469,0.0003999999999999,True,2,Demand Boom,1
2006-03-09,545.5,2.2,2.54,0.0055147198585103,0.0,0.0100000000000002,-0.6395890705318901,-0.3729957328555266,0.7464,-0.0005,True,2,Demand Boom,1
2006-03-10,539.9000244140625,2.23,2.53,-0.0103188228292836,0.0299999999999998,-0.0100000000000002,-0.6784786437396222,-0.3962647213835645,0.7541,0.0077,True,2,Demand Boom,1
2006-03-13,546.0999755859375,2.24,2.53,0.0114180820080536,0.0100000000000002,0.0,-0.6771647519127236,-0.3880062789766956,0.7586,0.0045,True,2,Demand Boom,1
2006-03-14,551.7000122070312,2.17,2.54,0.0102023779527016,-0.0700000000000002,0.0100000000000002,-0.6661443351410566,-0.4201971981088382,0.7283,-0.0303000000000001,True,2,Demand Boom,1
2006-03-15,553.0999755859375,2.18,2.55,0.0025343304556217,0.0100000000000002,0.0099999999999997,-0.6344025175147611,-0.4042164889300793,0.7259,-0.0023999999999999,True,2,Demand Boom,1
2006-03-16,554.4000244140625,2.12,2.53,0.0023477190523832,-0.06,-0.02,-0.6177691868223406,-0.3948833645920505,0.6921,-0.0337999999999999,True,2,Demand Boom,1
2006-03-17,554.0999755859375,2.16,2.52,-0.0005413601000503,0.04,-0.0099999999999997,-0.6075918813504307,-0.3969503405816439,0.6945,0.0023999999999999,True,2,Demand Boom,1
2006-03-20,555.2000122070312,2.15,2.51,0.0019832993667705,-0.0100000000000002,-0.0100000000000002,-0.5645375232343095,-0.4377279292959435,0.6865,-0.008,True,2,Demand Boom,1
2006-03-21,552.4000244140625,2.23,2.48,-0.0050559654478385,0.08,-0.0299999999999998,-0.4930187643115211,-0.4267530363692227,0.706,0.0194999999999999,True,2,Demand Boom,1
2006-03-22,550.9000244140625,2.23,2.47,-0.0027191169361273,0.0,-0.0099999999999997,-0.5008689129026822,-0.4473503905145994,0.7079,0.0019,True,2,Demand Boom,1
2006-03-23,550.0999755859375,2.24,2.49,-0.0014533132950802,0.0100000000000002,0.02,-0.5037877041761832,-0.4529931512470513,0.722,0.0141,True,2,Demand Boom,1
2006-03-24,560.0,2.2,2.47,0.0178367482289187,-0.04,-0.02,-0.4271525380183555,-0.4772191364002341,0.7004,-0.0215999999999999,True,2,Demand Boom,1
2006-03-27,567.0,2.23,2.47,0.012422519998557,0.0299999999999998,0.0,-0.3125363040367951,-0.4120003904776435,0.7082,0.0078,True,2,Demand Boom,1
2006-03-28,566.5999755859375,2.3,2.49,-0.000705759420045,0.0699999999999998,0.02,-0.2166313629581382,-0.4676721072026113,0.7429,0.0346999999999999,True,2,Demand Boom,1
2006-03-29,573.0,2.32,2.49,0.0112321724070332,0.02,0.0,-0.0330001155157127,-0.5281916547967693,0.7611,0.0181999999999999,True,2,Demand Boom,1
2006-03-30,586.7000122070312,2.35,2.51,0.0236279200233315,0.0300000000000002,0.0199999999999995,0.1926893686924735,-0.47876220282258,0.7842,0.0231,True,2,Demand Boom,1
2006-03-31,581.7999877929688,2.35,2.51,-0.0083869116584613,0.0,0.0,0.3007774263776257,-0.4458289003770668,0.7891,0.0049,True,2,Demand Boom,1
2006-04-03,589.4000244140625,2.36,2.52,0.0129783866458739,0.0099999999999997,0.0100000000000002,0.3976686435859737,-0.4176256382752862,0.7964,0.0072999999999999,True,2,Demand Boom,1
2006-04-04,586.0,2.38,2.49,-0.0057853221484718,0.02,-0.0299999999999998,0.4697560469316365,-0.4198252150870332,0.7912,-0.0051999999999999,True,2,Demand Boom,1
2006-04-05,587.9000244140625,2.34,2.5,0.0032371173587728,-0.04,0.0099999999999997,0.51307884164576,-0.4281074136679582,0.7785,-0.0127,True,2,Demand Boom,1
2006-04-06,595.2000122070312,2.38,2.52,0.0123405970922219,0.04,0.02,0.5514534498594296,-0.3899874187870519,0.7926,0.0141,True,2,Demand Boom,1
2006-04-07,588.4000244140625,2.43,2.54,-0.0114904738084371,0.0500000000000002,0.02,0.6108265427942409,-0.4033800836787641,0.8214,0.0288,True,2,Demand Boom,1
2006-04-10,597.5999755859375,2.41,2.56,0.0155145627455191,-0.02,0.02,0.6516696678824625,-0.426542966054905,0.8268,0.0053999999999999,True,2,Demand Boom,1
2006-04-11,595.2000122070312,2.37,2.56,-0.0040240889370819,-0.04,0.0,0.7007891816809189,-0.3626793026031995,0.8149,-0.0119,True,2,Demand Boom,1
2006-04-12,597.5,2.41,2.57,0.0038567797776591,0.04,0.0099999999999997,0.7681976010672757,-0.3534175764876997,0.8266,0.0117,True,2,Demand Boom,1
2006-04-13,596.5,2.48,2.57,-0.0016750422676956,0.0699999999999998,0.0,0.8420256157304986,-0.3689997951974302,0.8545,0.0279,True,2,Demand Boom,1
2006-04-18,620.0,2.38,2.61,0.0074469754793371,-0.0500000000000002,0.0299999999999998,0.8805155139886206,-0.3900668240794516,0.8262,-0.0177999999999999,True,2,Demand Boom,1
2006-04-19,632.5999755859375,2.38,2.66,0.0201187942392033,0.0,0.0500000000000002,0.8505776306792602,-0.3817234365814576,0.84,0.0137999999999999,True,2,Demand Boom,1
2006-04-20,619.7999877929688,2.42,2.62,-0.0204414466198068,0.04,-0.04,0.8521764747324935,-0.3817255491956096,0.8481,0.0080999999999999,True,2,Demand Boom,1
2006-04-21,632.2000122070312,2.39,2.62,0.0198089934317957,-0.0299999999999998,0.0,0.8339781406316132,-0.405750453334777,0.8406,-0.0074999999999999,True,2,Demand Boom,1
2006-04-24,620.5999755859375,2.39,2.6,-0.0185191064155008,0.0,-0.02,0.8343643762574872,-0.3570535044400222,0.8273,-0.0132999999999999,True,2,Demand Boom,1
2006-04-25,631.0,2.47,2.6,0.0166191498663836,0.08,0.0,0.8476727816459977,-0.2778136911300319,0.8519,0.0245999999999999,True,2,Demand Boom,1
2006-04-26,638.7999877929688,2.51,2.61,0.0122855346903278,0.0399999999999995,0.0099999999999997,0.855340464119497,-0.246782045463673,0.8715,0.0196,True,2,Demand Boom,1
2006-04-27,633.2999877929688,2.45,2.64,-0.0086471729844301,-0.0599999999999996,0.0300000000000002,0.851660036416674,-0.1690980275651331,0.8605,-0.011,True,2,Demand Boom,1
2006-04-28,651.7999877929688,2.39,2.68,0.0287935234281651,-0.06,0.04,0.8175256891999411,-0.2718684255998673,0.8508,-0.0097,True,2,Demand Boom,1
2006-05-01,657.5,2.42,2.72,0.0087070163766442,0.0299999999999998,0.04,0.7914825879276746,-0.2580519658714069,0.8731,0.0222999999999999,True,2,Demand Boom,1
2006-05-02,664.7000122070312,2.43,2.69,0.0108910653603393,0.0100000000000002,-0.0300000000000002,0.7728187199141114,-0.2629545207977409,0.8714,-0.0017,True,2,Demand Boom,1
2006-05-03,665.9000244140625,2.47,2.68,0.001803716367573,0.04,-0.0099999999999997,0.7639067556090052,-0.2337515223765049,0.8838,0.0124,True,2,Demand Boom,1
2006-05-04,674.2000122070312,2.49,2.67,0.0123872751260778,0.02,-0.0100000000000002,0.7567631555492942,-0.2352766449252034,0.8907,0.0069,True,2,Demand Boom,1
2006-05-05,682.2000122070312,2.45,2.67,0.0117960669722601,-0.04,0.0,0.7201528453965966,-0.2446630444672502,0.8753,-0.0154,True,2,Demand Boom,1
2006-05-08,677.7999877929688,2.45,2.67,-0.0064706467150026,0.0,0.0,0.6982779323788073,-0.2076278264333044,0.8711,-0.0041999999999999,True,2,Demand Boom,1
2006-05-09,699.4000244140625,2.43,2.7,0.03137061837326,-0.02,0.0300000000000002,0.6519670604370246,-0.2460677038257967,0.8688,-0.0022999999999999,True,2,Demand Boom,1
2006-05-10,703.7000122070312,2.43,2.7,0.0061292867830005,0.0,0.0,0.590801266189179,-0.2257172872180357,0.8675,-0.0012999999999999,False,,No Episode,0
2006-05-11,719.7999877929688,2.43,2.71,0.022621232366581,0.0,0.0099999999999997,0.5241794680687365,-0.2297970938112178,0.8811,0.0135999999999999,False,,No Episode,0
2006-05-12,710.2999877929688,2.47,2.72,-0.0132859798679856,0.04,0.0100000000000002,0.5293205664161751,-0.2991505053264669,0.9019,0.0208,False,,No Episode,0
2006-05-15,683.5999755859375,2.47,2.68,-0.0383144832905477,0.0,-0.04,0.5141795010031566,-0.2555099993572711,0.893,-0.0089,False,,No Episode,0
2006-05-16,691.5,2.44,2.66,0.0114902355773374,-0.0300000000000002,-0.02,0.4824743779149436,-0.2667419009784771,0.8731,-0.0199,False,,No Episode,0
2006-05-17,690.5,2.47,2.69,-0.0014471782554661,0.0300000000000002,0.0299999999999998,0.4738885220355981,-0.2664889312074816,0.8909,0.0178,False,,No Episode,0
2006-05-18,679.5999755859375,2.41,2.67,-0.0159116189757355,-0.06,-0.02,0.3895900712264764,-0.1888072949138818,0.8609,-0.03,False,,No Episode,0
2006-05-19,656.7000122070312,2.43,2.62,-0.0342770420882407,0.02,-0.0499999999999998,0.3443065011446858,-0.2247117188178215,0.8482,-0.0127,False,,No Episode,0
2006-05-22,657.0,2.43,2.61,0.0004567066992393,0.0,-0.0100000000000002,0.3557512221290596,-0.1964231694169473,0.8361,-0.0121,False,,No Episode,0
2006-05-23,673.0,2.44,2.63,0.0240613111601177,0.0099999999999997,0.02,0.3378524105569203,-0.1727634546048749,0.8423,0.0062,False,,No Episode,0
2006-05-24,637.0,2.42,2.61,-0.0549756740725646,-0.02,-0.02,0.2613615493700181,-0.1096035853798203,0.8301,-0.0122000000000001,False,,No Episode,0
2006-05-25,648.4000244140625,2.46,2.61,0.0177381719421374,0.04,0.0,0.2166105372907123,-0.0857499763311199,0.8447,0.0146,False,,No Episode,0
2006-05-26,650.9000244140625,2.44,2.62,0.0038482305722018,-0.02,0.0100000000000002,0.3394833182499576,-0.0774515821568603,0.8398,-0.0049,False,,No Episode,0
2006-05-31,642.5,2.48,2.64,-0.0175876551339344,0.0299999999999998,0.0,0.2248659010106301,-0.0240060746003507,0.8681,0.0156999999999999,False,,No Episode,0
2006-06-01,627.5999755859375,2.46,2.65,-0.0234638348111717,-0.02,0.0099999999999997,0.1305145874839993,0.0059247430094527,0.8686,0.0005,False,,No Episode,0
2006-06-02,635.5,2.37,2.63,0.0125091086713053,-0.0899999999999998,-0.02,0.1640747769653652,-0.0074291812043643,0.8224,-0.0462,False,,No Episode,0
2006-06-05,643.2000122070312,2.4,2.62,0.0120436462138409,0.0299999999999998,-0.0099999999999997,0.1368996777178689,0.0336161770717836,0.822,-0.0004,False,,No Episode,0
2006-06-06,629.4000244140625,2.44,2.57,-0.0216887134236216,0.04,-0.0500000000000002,0.0491334638382512,-0.0063068956401337,0.8139,-0.0080999999999999,False,,No Episode,0
2006-06-07,627.4000244140625,2.48,2.54,-0.0031826887500772,0.04,-0.0299999999999998,0.0280535452343339,-0.0746572185158739,0.8186,0.0047,False,,No Episode,0
2006-06-08,609.0999755859375,2.47,2.53,-0.0296019169094039,-0.0099999999999997,-0.0100000000000002,0.0362633620686684,-0.0865605262042986,0.8074,-0.0111999999999999,False,,No Episode,0
2006-06-09,608.2000122070312,2.45,2.53,-0.001478622446231,-0.02,0.0,0.0263748902223618,-0.1119041651380165,0.7968,-0.0106,False,,No Episode,0
2006-06-12,606.7999877929688,2.45,2.54,-0.0023045679566973,0.0,0.0100000000000002,-0.010372272775086,-0.0213278532495926,0.7913,-0.0054999999999999,False,,No Episode,0
2006-06-13,562.5,2.44,2.53,-0.0758080932787432,-0.0100000000000002,-0.0100000000000002,0.0069064282729926,0.0031338042850554,0.7796,-0.0117,False,,No Episode,0
2006-06-14,562.2999877929688,2.5,2.55,-0.000355640489527,0.06,0.02,-0.1500031062484959,0.0098538303623305,0.8109,0.0312999999999999,False,,No Episode,0
2006-06-15,566.5,2.52,2.58,0.0074415868790129,0.02,0.0300000000000002,-0.3005227881597863,0.008022803591405,0.838,0.0271,False,,No Episode,0
2006-06-16,578.0,2.54,2.59,0.0200967882043165,0.02,0.0099999999999997,-0.430573281555295,0.0141930632256312,0.855,0.017,False,,No Episode,0
2006-06-19,568.7999877929688,2.58,2.56,-0.0160450116443726,0.04,-0.0299999999999998,-0.5156831750014771,0.0305828167343928,0.8596,0.0046,False,,No Episode,0
2006-06-20,576.9000244140625,2.58,2.57,0.0141401265542384,0.0,0.0099999999999997,-0.5614553777098217,0.0262696984469806,0.8622,0.0025999999999999,False,,No Episode,0
2006-06-21,587.5,2.59,2.57,0.0182072624360705,0.0099999999999997,0.0,-0.573355728404128,0.0748934070987827,0.864,0.0018,False,,No Episode,0
2006-06-22,582.2000122070312,2.61,2.59,-0.0090621937397159,0.02,0.02,-0.5867975315295774,0.0761967379183103,0.8814,0.0173999999999999,False,,No Episode,0
2006-06-23,584.7999877929688,2.64,2.59,0.0044558352831138,0.0300000000000002,0.0,-0.5941671714139216,0.0983101084356565,0.8947,0.0133,False,,No Episode,0
2006-06-26,584.7999877929688,2.67,2.58,0.0,0.0299999999999998,-0.0099999999999997,-0.6295331531795112,0.116811136047078,0.8976,0.0028999999999999,False,,No Episode,0
2006-06-27,581.5999755859375,2.63,2.58,-0.0054870033198151,-0.04,0.0,-0.6585094951819505,0.1068449767092397,0.8805,-0.0171,False,,No Episode,0
2006-06-28,578.2999877929688,2.68,2.57,-0.0056901401861999,0.0500000000000002,-0.0100000000000002,-0.6701319830238935,0.1367184852192201,0.8922,0.0117,False,,No Episode,0
2006-06-29,586.5,2.61,2.61,0.0140799240378335,-0.0700000000000002,0.04,-0.7036443678441767,0.0555487288633073,0.8785,-0.0137,False,,No Episode,0
2006-06-30,613.5,2.54,2.61,0.0450075960574354,-0.0699999999999998,0.0,-0.6874990347320846,-0.1233662774932531,0.8508,-0.0276999999999999,False,,No Episode,0
2006-07-06,634.0999755859375,2.59,2.6,0.0107817565610144,-0.04,0.0,-0.5725955596280345,-0.0405030068264243,0.8631,-0.0072999999999999,False,,No Episode,0
2006-07-07,632.7999877929688,2.55,2.59,-0.002052235041134,-0.04,-0.0100000000000002,-0.5394624845137561,-0.0448760013777278,0.8406,-0.0224999999999999,False,,No Episode,0
2006-07-10,624.0999755859375,2.56,2.57,-0.013843824341774,0.0100000000000002,-0.02,-0.5074814836928226,-0.1036268364934811,0.8294,-0.0111999999999999,False,,No Episode,0
2006-07-11,641.2000122070312,2.53,2.57,0.0270308669520229,-0.0300000000000002,0.0,-0.4781583301052361,-0.1640999005812602,0.8157,-0.0137,False,,No Episode,0
2006-07-12,649.4000244140625,2.54,2.56,0.0127074574903556,0.0100000000000002,-0.0099999999999997,-0.4260276640025299,-0.1567555184826572,0.8125,-0.0031999999999999,False,,No Episode,0
2006-07-13,652.9000244140625,2.51,2.57,0.0053751183223074,-0.0300000000000002,0.0099999999999997,-0.3921745604657022,-0.1632536254147067,0.7995,-0.013,False,,No Episode,0
2006-07-14,666.5999755859375,2.5,2.57,0.020766113663031,-0.0099999999999997,0.0,-0.3789968877351551,-0.1526458909302368,0.791,-0.0084999999999999,False,,No Episode,0
2006-07-17,650.5999755859375,2.49,2.58,-0.0242951527350889,-0.0099999999999997,0.0100000000000002,-0.3795527304436422,-0.1621195477731251,0.7892,-0.0018,False,,No Episode,0
2006-07-18,628.2999877929688,2.55,2.58,-0.0348772365335587,0.0599999999999996,0.0,-0.3423585471009649,-0.1999454343118317,0.8108,0.0215999999999999,False,,No Episode,0
2006-07-19,641.5999755859375,2.49,2.57,0.020947278520226,-0.0599999999999996,-0.0100000000000002,-0.3121392115745758,-0.2536430939581576,0.7849,-0.0258999999999999,False,,No Episode,0
2006-07-20,631.7000122070312,2.45,2.58,-0.0155504012717102,-0.04,0.0100000000000002,-0.3140359809851858,-0.1987522749252031,0.7675,-0.0174,False,,No Episode,0
2006-07-21,619.5999755859375,2.49,2.56,-0.0193405480889792,0.04,-0.02,-0.3064452437900966,-0.2203950353889861,0.7718,0.0043,False,,No Episode,0
2006-07-24,612.7000122070312,2.49,2.56,-0.0111986294848209,0.0,0.0,-0.3124927571524294,-0.2379390578837663,0.772,0.0001999999999999,False,,No Episode,0
2006-07-25,617.5999755859375,2.48,2.59,0.007965519525074,-0.0100000000000002,0.0299999999999998,-0.3288998918096155,-0.2429478535599351,0.7793,0.0072999999999999,False,,No Episode,0
2006-07-26,621.5999755859375,2.44,2.6,0.0064558005972505,-0.04,0.0100000000000002,-0.3517123897414699,-0.2474604488859084,0.7697,-0.0095999999999999,False,,No Episode,0
2006-07-27,632.4000244140625,2.47,2.6,0.0172253841634528,0.0300000000000002,0.0,-0.4936732223275349,-0.3354661255115907,0.7714,0.0016999999999999,False,,No Episode,0
2006-07-28,634.7999877929688,2.41,2.59,0.0037878254817984,-0.06,-0.0100000000000002,-0.5755529986786713,-0.3232654094148648,0.7525,-0.0189,False,,No Episode,0
2006-07-31,634.2000122070312,2.41,2.58,-0.0009455880703592,0.0,-0.0099999999999997,-0.6291457934116301,-0.3296868741029417,0.7454,-0.0070999999999999,False,,No Episode,0
2006-08-01,646.2999877929688,2.4,2.59,0.0188993920291205,-0.0100000000000002,0.0099999999999997,-0.6680785284715626,-0.3561703249770452,0.7395,-0.0058999999999999,False,,No Episode,0
2006-08-02,651.5999755859375,2.36,2.6,0.0081670658787347,-0.04,0.0100000000000002,-0.6936761417709145,-0.3279054713774418,0.7299,-0.0096,False,,No Episode,0
2006-08-03,644.9000244140625,2.35,2.61,-0.0103355353865621,-0.0099999999999997,0.0099999999999997,-0.7000634576597926,-0.3279296568313979,0.7272,-0.0027,False,,No Episode,0
2006-08-04,644.0,2.3,2.61,-0.001396577769106,-0.0500000000000002,0.0,-0.68467097237046,-0.3310622426152414,0.7037,-0.0234999999999999,False,,No Episode,0
2006-08-07,647.7999877929688,2.29,2.64,0.005883261789048,-0.0099999999999997,0.0300000000000002,-0.6736534271057738,-0.3180450585560809,0.7037,0.0,False,,No Episode,0
2006-08-08,645.7000122070312,2.27,2.66,-0.0032469693558683,-0.02,0.02,-0.6436309403197863,-0.3221915121330772,0.7042,0.0005,False,,No Episode,0
2006-08-09,650.5,2.28,2.64,0.0074062794150266,0.0099999999999997,-0.02,-0.6111665339949347,-0.3143334424719886,0.7119,0.0076999999999999,False,,No Episode,0
2006-08-10,634.9000244140625,2.3,2.63,-0.0242737533227588,0.02,-0.0100000000000002,-0.5516120587800843,-0.3582397747440229,0.7169,0.005,False,,No Episode,0
2006-08-11,633.5,2.33,2.64,-0.0022075448686074,0.0300000000000002,0.0100000000000002,-0.4329086288083879,-0.3513364198846403,0.7345,0.0176,False,,No Episode,0
2006-08-14,628.5,2.36,2.64,-0.007923971730892,0.0299999999999998,0.0,-0.3187618554036568,-0.3464249823875028,0.7476,0.0131,False,,No Episode,0
2006-08-15,622.5,2.32,2.61,-0.0095923996914395,-0.04,-0.0300000000000002,-0.2196589262543995,-0.2120638498416895,0.7243,-0.0232999999999999,False,,No Episode,0
2006-08-16,628.7000122070312,2.28,2.59,0.0099105864664581,-0.04,-0.02,-0.1395895644278516,-0.4329843771790976,0.6947,-0.0296,False,,No Episode,0
2006-08-17,615.4000244140625,2.28,2.59,-0.0213817122455202,0.0,0.0,-0.043819320635716,-0.421563861386997,0.6881,-0.0065999999999999,False,,No Episode,0
2006-08-18,612.0999755859375,2.26,2.58,-0.0053768745885189,-0.02,-0.0099999999999997,0.0607883321865679,-0.4263036782159075,0.6711,-0.017,False,,No Episode,0
2006-08-21,625.7000122070312,2.23,2.59,0.0219754145424353,-0.0299999999999998,0.0099999999999997,0.1492604954907996,-0.4290447254587279,0.6602,-0.0109,False,,No Episode,0
2006-08-22,624.5999755859375,2.22,2.6,-0.0017596367522552,-0.0099999999999997,0.0100000000000002,0.1704201084200288,-0.4158738293089844,0.6567,-0.0035,False,,No Episode,0
2006-08-23,623.7000122070312,2.25,2.57,-0.001441902657425,0.0299999999999998,-0.0300000000000002,0.1505421982847915,-0.4349152455189924,0.6578,0.0011000000000001,False,,No Episode,0
2006-08-24,619.5,2.28,2.53,-0.0067568020348396,0.0299999999999998,-0.04,0.119751066168427,-0.4316508419223149,0.6554,-0.0024,False,,No Episode,0
2006-08-25,622.0,2.24,2.55,0.0040273916699824,-0.0399999999999995,0.02,0.0340329510473707,-0.4532117595027973,0.6485,-0.0069,False,,No Episode,0
2006-08-28,615.2999877929688,2.28,2.52,-0.0108301588318884,0.0399999999999995,-0.0299999999999998,-0.0093694668297358,-0.4891378083534328,0.6502,0.0017,False,,No Episode,0
2006-08-29,610.7000122070312,2.29,2.5,-0.0075040736896134,0.0100000000000002,-0.02,0.0375026387003807,-0.3892941969101242,0.6504,0.0001999999999999,False,,No Episode,0
2006-08-30,617.7000122070312,2.28,2.48,0.0113970622462469,-0.0100000000000002,-0.02,0.001557855193603,-0.3131840158770054,0.6436,-0.0068,False,,No Episode,0
2006-08-31,625.9000244140625,2.24,2.5,0.0131877304730618,-0.0399999999999995,0.02,-2.5070275166493912e-05,-0.4103786970864762,0.6325,-0.0110999999999999,False,,No Episode,0
2006-09-01,624.4000244140625,2.25,2.48,-0.0023994251956738,0.0099999999999997,-0.02,0.0672796867137421,-0.3518162106960142,0.6299,-0.0025999999999999,False,,No Episode,0
2006-09-06,633.5,2.32,2.48,-0.0078616757113998,0.0099999999999997,0.0099999999999997,0.3091126983498297,-0.1691507400661107,0.6664,0.0153999999999999,False,,No Episode,0
2006-09-07,617.0,2.34,2.46,-0.026390975855806,0.02,-0.02,0.3635557058982134,-0.1969374644179447,0.668,0.0016,False,,No Episode,0
2006-09-08,609.5999755859375,2.35,2.43,-0.012066059582267,0.0100000000000002,-0.0299999999999998,0.3277067279450279,-0.2762581797088873,0.6643,-0.0037,False,,No Episode,0
2006-09-11,590.0,2.38,2.42,-0.0326804274233563,0.0299999999999998,-0.0100000000000002,0.119398183699874,-0.3234696583378434,0.6738,0.0094999999999999,False,,No Episode,0
2006-09-12,586.9000244140625,2.36,2.42,-0.0052680477371422,-0.02,0.0,-0.0301191797924739,-0.316593904349043,0.6664,-0.0073999999999999,False,,No Episode,0
2006-09-13,589.0999755859375,2.35,2.42,0.0037414179220336,-0.0099999999999997,0.0,-0.2111947819487807,-0.3185728898068795,0.6606,-0.0058,False,,No Episode,0
2006-09-14,579.2999877929688,2.35,2.44,-0.0167754500541148,0.0,0.02,-0.3753448454633027,-0.2857609719830083,0.6695,0.0089,False,,No Episode,0
2006-09-15,576.4000244140625,2.38,2.42,-0.0050185505490638,0.0299999999999998,-0.02,-0.5288978525897456,-0.2917740553387444,0.6754,0.0059,False,,No Episode,0
2006-09-18,586.2000122070312,2.39,2.42,0.0168591426193183,0.0100000000000002,0.0,-0.5918697598429836,-0.2719131609934976,0.6814,0.006,False,,No Episode,0
2006-09-19,576.7999877929688,2.35,2.39,-0.0161654842934257,-0.04,-0.0299999999999998,-0.6186946951429095,-0.1998187494112236,0.6505,-0.0309,False,,No Episode,0
2006-09-20,580.0,2.39,2.34,0.0055325387330951,0.04,-0.0500000000000002,-0.6476887942881445,-0.1630712470685687,0.6442,-0.0062999999999999,False,,No Episode,0
2006-09-21,582.2000122070312,2.31,2.34,0.003785948738133,-0.08,0.0,-0.6314391440748078,-0.1992758668207082,0.6086,-0.0355999999999999,False,,No Episode,0
2006-09-22,589.4000244140625,2.27,2.33,0.0122910594468859,-0.04,-0.0099999999999997,-0.595898172890864,-0.2145047452151919,0.5839,-0.0247,False,,No Episode,0
2006-09-25,589.9000244140625,2.24,2.32,0.0008479606703266,-0.0299999999999998,-0.0100000000000002,-0.5652851087847068,-0.2229432159044002,0.5625,-0.0213999999999999,False,,No Episode,0
2006-09-26,591.2000122070312,2.25,2.34,0.0022013178860689,0.0099999999999997,0.02,-0.5826469193316367,-0.2065954491080389,0.5714,0.0089,False,,No Episode,0
2006-09-27,597.2999877929688,2.26,2.34,0.010265089019362,0.0099999999999997,0.0,-0.5811627508197712,-0.2206654386326622,0.5768,0.0053999999999999,False,,No Episode,0
2006-09-28,605.0,2.27,2.36,0.0128089787296001,0.0100000000000002,0.02,-0.5783370092411949,-0.1752256459909493,0.5879,0.0110999999999999,False,,No Episode,0
2006-09-29,598.5999755859375,2.27,2.37,-0.0106349033975137,0.0,0.0100000000000002,-0.5655112552355531,-0.1804618390169336,0.5975,0.0096,False,,No Episode,0
2006-10-02,597.7000122070312,2.27,2.35,-0.0015045783797784,0.0,-0.02,-0.5511816341433367,-0.1899851739533797,0.5903,-0.0071999999999999,False,,No Episode,0
2006-10-03,576.2999877929688,2.29,2.33,-0.0364606389926596,0.02,-0.02,-0.4969807662116299,-0.173762208586293,0.5876,-0.0027,False,,No Episode,0
2006-10-04,562.0,2.27,2.3,-0.0251264873671992,-0.02,-0.0300000000000002,-0.382432195272715,-0.1266793661758786,0.565,-0.0226,False,,No Episode,0
2006-10-05,571.0,2.31,2.3,0.0158873597623196,0.04,0.0,-0.3468668843846135,-0.0703505555055713,0.5764,0.0114,False,,No Episode,0
2006-10-06,572.4000244140625,2.37,2.33,0.0024488806783855,0.06,0.0300000000000002,-0.3723556269381614,-0.0376607297746075,0.6147,0.0383,False,,No Episode,0
2006-10-11,572.2999877929688,2.45,2.33,0.0006991144746191,0.0300000000000002,0.0,-0.4145354293613404,0.0162537878192882,0.6566,0.0147999999999999,False,,No Episode,0
2006-10-12,576.2999877929688,2.44,2.35,0.0069650291756104,-0.0100000000000002,0.02,-0.4299649047452514,0.0077558412479562,0.6544,-0.0021999999999999,False,,No Episode,0
2006-10-13,588.7999877929688,2.47,2.34,0.0214582094217261,0.0300000000000002,-0.0100000000000002,-0.3901882775026525,0.0616613175651921,0.6633,0.0089,False,,No Episode,0
2006-10-16,594.7000122070312,2.45,2.34,0.0099705505563001,-0.02,0.0,-0.3045264038869462,0.0913550711677555,0.6553,-0.008,False,,No Episode,0
2006-10-17,589.7000122070312,2.46,2.32,-0.0084431435320491,0.0099999999999997,-0.02,-0.2291998607100711,0.0897488282368744,0.6444,-0.0109,False,,No Episode,0
2006-10-18,588.9000244140625,2.46,2.31,-0.0013575222992834,0.0,-0.0099999999999997,-0.1987263544611751,-0.0074440752973381,0.6383,-0.0060999999999999,False,,No Episode,0
2006-10-19,599.0,2.49,2.3,0.0170051667078654,0.0300000000000002,-0.0100000000000002,-0.1118805015338305,0.0314014081063429,0.6443,0.006,False,,No Episode,0
2006-10-20,593.0,2.49,2.3,-0.0100671991177234,0.0,0.0,-0.0638059522138553,0.0658740845741069,0.6473,0.003,False,,No Episode,0
2006-10-23,579.7000122070312,2.53,2.3,-0.0226836495945415,0.0399999999999995,0.0,-0.0906084048576658,0.0102848739019959,0.6621,0.0148,False,,No Episode,0
2006-10-24,584.4000244140625,2.52,2.31,0.0080749722496467,-0.0099999999999997,0.0100000000000002,-0.0918455936132202,0.0649195861867539,0.6643,0.0021999999999999,False,,No Episode,0
2006-10-25,587.5999755859375,2.44,2.34,0.0054606810981114,-0.08,0.0299999999999998,-0.0831468321850824,0.0140012641547084,0.6429,-0.0213999999999999,False,,No Episode,0
2006-10-26,596.7999877929688,2.41,2.32,0.0155356256844676,-0.0299999999999998,-0.02,-0.0624884357249078,-0.0192091805049947,0.6164,-0.0265,False,,No Episode,0
2006-10-27,598.2000122070312,2.37,2.31,0.002343138166708,-0.04,-0.0099999999999997,-0.0698991427653179,-0.0257707563032176,0.5913,-0.0250999999999999,False,,No Episode,0
2006-10-30,604.7000122070312,2.39,2.29,0.0108073208639698,0.02,-0.02,-0.0575709569995557,0.001325515670271,0.5862,-0.0050999999999999,False,,No Episode,0
2006-10-31,604.0999755859375,2.34,2.27,-0.0009927807353351,-0.0500000000000002,-0.02,-0.0751551810216563,-0.0025076434898832,0.5596,-0.0266,False,,No Episode,0
2006-11-01,616.5999755859375,2.29,2.28,0.0204807691266442,-0.0499999999999998,0.0099999999999997,-0.1488386923138755,-0.1155131684291491,0.535,-0.0245999999999999,False,,No Episode,0
2006-11-02,625.4000244140625,2.32,2.28,0.014171008203859,0.0299999999999998,0.0,-0.176683565092988,-0.097713119085524,0.5442,0.0091999999999999,False,,No Episode,0
2006-11-03,626.9000244140625,2.4,2.32,0.0023955931627757,0.08,0.04,-0.1501577668212688,-0.0909843213194956,0.5942,0.0499999999999999,False,,No Episode,0
2006-11-06,625.7999877929688,2.36,2.35,-0.0017562654955325,-0.04,0.0300000000000002,-0.1612550803578711,-0.0484109220453174,0.6004,0.0062,False,,No Episode,0
2006-11-07,625.7000122070312,2.32,2.34,-0.0001597692147825,-0.04,-0.0100000000000002,-0.210467141945119,-0.0440478992596836,0.5813,-0.0191,False,,No Episode,0
2006-11-08,616.4000244140625,2.29,2.35,-0.0149748994602578,-0.0299999999999998,0.0100000000000002,-0.2633381082544449,-0.0062718076649534,0.5658,-0.0155,False,,No Episode,0
2006-11-09,635.0,2.28,2.34,0.0297288558392327,-0.0100000000000002,-0.0100000000000002,-0.3261350732445382,-0.0306212309510409,0.5605,-0.0052999999999999,False,,No Episode,0
2006-11-10,628.4000244140625,2.25,2.34,-0.0104480536600766,-0.0299999999999998,0.0,-0.3739687492312316,-0.0143054054211441,0.5432,-0.0172999999999999,False,,No Episode,0
2006-11-13,624.2000122070312,2.29,2.32,-0.0067060958396538,0.04,-0.02,-0.4119472334914411,-0.0342507206983302,0.5473,0.0040999999999999,False,,No Episode,0
2006-11-14,623.7999877929688,2.28,2.29,-0.0006410647880805,-0.0100000000000002,-0.0299999999999998,-0.4548096476353758,-0.0329613160711477,0.5326,-0.0147,False,,No Episode,0
2006-11-15,622.5,2.3,2.31,-0.0020861562660181,0.02,0.02,-0.5341539157016799,0.010706880168231,0.5486,0.016,False,,No Episode,0
2006-11-16,620.5999755859375,2.38,2.28,-0.0030569156640334,0.08,-0.0300000000000002,-0.6723236079612596,-0.0689080066332034,0.5706,0.022,False,,No Episode,0
2006-11-17,621.5,2.33,2.28,0.001449198275937,-0.0499999999999998,0.0,-0.7717288975224041,-0.0991959764436202,0.5514,-0.0191999999999999,False,,No Episode,0
2006-11-20,621.2000122070312,2.33,2.27,-0.0004828000255079,0.0,-0.0099999999999997,-0.8242816605934957,-0.1015351217248437,0.5447,-0.0067,False,,No Episode,0
2006-11-21,628.2000122070312,2.31,2.27,0.0112054956110467,-0.02,0.0,-0.8515350523897298,-0.0993513667321264,0.5364,-0.0082999999999999,False,,No Episode,0
2006-11-22,628.7000122070312,2.3,2.27,0.0007956082690157,-0.0100000000000002,0.0,-0.866086452983726,-0.0930052115696378,0.5312,-0.0051999999999999,False,,No Episode,0
2006-11-28,637.2000122070312,2.21,2.3,0.0134293823878719,-0.06,0.02,-0.886575977047917,-0.1876988648636724,0.5041,-0.0128,False,,No Episode,0
2006-11-29,635.5,2.22,2.3,-0.0026715065636837,0.0100000000000002,0.0,-0.8887640592006099,-0.1883760740271086,0.5076,0.0035,False,,No Episode,0
2006-11-30,646.9000244140625,2.16,2.3,0.0177796701605172,-0.06,0.0,-0.8960691540983762,-0.2247913364092026,0.4861,-0.0215,False,,No Episode,0
2006-12-01,644.7000122070312,2.1,2.33,-0.0034066495390154,-0.06,0.0300000000000002,-0.8921842621941452,-0.1912191943139722,0.466,-0.0200999999999999,False,,No Episode,0
2006-12-04,645.2000122070312,2.11,2.32,0.000775253919806,0.0099999999999997,-0.0100000000000002,-0.8955156573316276,-0.2503001799327915,0.4656,-0.0004,False,,No Episode,0
2006-12-05,642.2999877929688,2.11,2.34,-0.0045048999122565,0.0,0.02,-0.8877668422132221,-0.2487540654146978,0.4735,0.0078999999999999,False,,No Episode,0
2006-12-06,630.5,2.14,2.34,-0.0185423098535855,0.0300000000000002,0.0,-0.8510490458593385,-0.2230477990174368,0.4934,0.0199,False,,No Episode,0
2006-12-07,631.9000244140625,2.15,2.34,0.002218037010393,0.0099999999999997,0.0,-0.8100248614351264,-0.224952768589928,0.5001,0.0066999999999999,False,,No Episode,0
2006-12-08,626.0999755859375,2.21,2.35,-0.0092211286579741,0.06,0.0100000000000002,-0.7847601730988799,-0.2689696163375252,0.5326,0.0324999999999999,False,,No Episode,0
2006-12-11,630.0,2.17,2.35,0.006209755628185,-0.04,0.0,-0.7593801635175432,-0.2608976909718701,0.5271,-0.0054999999999999,False,,No Episode,0
2006-12-12,627.0,2.15,2.34,-0.0047732787526575,-0.02,-0.0100000000000002,-0.737788571303217,-0.2532329857241222,0.5094,-0.0177,False,,No Episode,0
2006-12-13,627.9000244140625,2.22,2.36,0.0014344163692294,0.0700000000000002,0.02,-0.7096494835110898,-0.2635316262056829,0.5415,0.0321,False,,No Episode,0
2006-12-14,626.5999755859375,2.23,2.37,-0.0020726174468155,0.0099999999999997,0.0100000000000002,-0.7174516738213585,-0.2803436516680614,0.5571,0.0156,False,,No Episode,0
2006-12-15,615.0,2.29,2.31,-0.0186860717488173,0.06,-0.06,-0.7125812703629022,-0.2960612085528466,0.5629,0.0057999999999999,False,,No Episode,0
2006-12-18,614.0,2.31,2.29,-0.0016273396593753,0.02,-0.02,-0.7103009302186214,-0.3475439354656663,0.56,-0.0028999999999999,False,,No Episode,0
2006-12-19,621.5999755859375,2.31,2.29,0.0123018316301326,0.0,0.0,-0.7483225828125728,-0.3816955271302561,0.5589,-0.0011000000000001,False,,No Episode,0
2006-12-20,620.5999755859375,2.32,2.28,-0.0016100471024458,0.0099999999999997,-0.0100000000000002,-0.7695158123386866,-0.3938680112514003,0.5591,0.0002,False,,No Episode,0
2006-12-21,618.2000122070312,2.29,2.26,-0.003874663230726,-0.0299999999999998,-0.02,-0.7752538509825435,-0.3864145706199647,0.5413,-0.0178,False,,No Episode,0
2006-12-22,619.0999755859375,2.35,2.28,0.0014547216463185,0.06,0.02,-0.7859159843453417,-0.4220123583804478,0.5655,0.0242,False,,No Episode,0
2006-12-27,627.2000122070312,2.39,2.27,0.0055959853949021,0.0500000000000002,0.0,-0.771163660255374,-0.4870974496454765,0.5842,0.021,False,,No Episode,0
2006-12-28,634.0999755859375,2.41,2.29,0.0109411437051347,0.02,0.02,-0.6784587304687825,-0.4388353236793182,0.6067,0.0224999999999999,False,,No Episode,0
2006-12-29,635.2000122070312,2.41,2.3,0.0017332969464707,0.0,0.0099999999999997,-0.594667033428388,-0.4421421770265571,0.6177,0.011,False,,No Episode,0
2007-01-03,627.0999755859375,2.36,2.31,-0.0128339505332588,-0.02,0.0100000000000002,-0.5173212718565164,-0.3809261393708245,0.5968,-0.0109,False,,No Episode,0
2007-01-04,623.9000244140625,2.36,2.26,-0.0051158403691742,0.0,-0.0500000000000002,-0.5159803513913298,-0.38410674503729,0.5771,-0.0197,False,,No Episode,0
2007-01-05,604.9000244140625,2.38,2.27,-0.0309269427747498,0.02,0.0100000000000002,-0.5393064844173239,-0.3715935257272273,0.5854,0.0083,False,,No Episode,0
2007-01-08,607.5,2.38,2.28,0.0042889797413421,0.0,0.0099999999999997,-0.569763203942735,-0.3567411136154296,0.5877,0.0022999999999999,False,,No Episode,0
2007-01-09,613.0999755859375,2.39,2.27,0.0091758397332526,0.0100000000000002,-0.0099999999999997,-0.5955374207525135,-0.342007629447443,0.5851,-0.0026,False,,No Episode,0
2007-01-10,611.5999755859375,2.42,2.27,-0.0024495808113993,0.0299999999999998,0.0,-0.6229232327805784,-0.345228394979705,0.5946,0.0095,False,,No Episode,0
2007-01-11,612.4000244140625,2.43,2.31,0.0013072695131741,0.0100000000000002,0.04,-0.638432821845489,-0.2783328035804163,0.6155,0.0209,False,,No Episode,0
2007-01-12,625.5,2.49,2.28,0.0211656262572352,0.06,-0.0300000000000002,-0.5984050229086548,-0.138715505718775,0.6332,0.0176999999999999,False,,No Episode,0
2007-01-17,632.0999755859375,2.5,2.29,0.011936165093056,0.02,0.02,-0.4132295331587702,-0.0272401009482994,0.6433,0.0145999999999999,False,,No Episode,0
2007-01-18,627.0999755859375,2.47,2.28,-0.0079415922372323,-0.0299999999999998,-0.0100000000000002,-0.2938308232275897,0.0076430032147342,0.6325,-0.0108,False,,No Episode,0
2007-01-19,635.5,2.47,2.31,0.0133061120122235,0.0,0.0300000000000002,-0.1012646771296214,-0.0152775992855683,0.6398,0.0073,False,,No Episode,0
2007-01-22,633.2999877929688,2.44,2.32,-0.0034678663823983,-0.0300000000000002,0.0099999999999997,-0.0128490536776635,0.0376437382069544,0.6323,-0.0075,False,,No Episode,0
2007-01-23,645.2000122070312,2.46,2.35,0.0186161409237062,0.02,0.0300000000000002,0.1379525591359812,0.0542339219117904,0.649,0.0167,False,,No Episode,0
2007-01-24,647.5999755859375,2.44,2.37,0.0037128189333692,-0.02,0.02,0.2027992748211182,0.1040840270291039,0.6538,0.0048,False,,No Episode,0
2007-01-25,647.7999877929688,2.48,2.39,0.000308803789216,0.04,0.02,0.3239393289020544,0.1334577570719632,0.677,0.0232,False,,No Episode,0
2007-01-26,644.5,2.48,2.4,-0.0051071655141603,0.0,0.0099999999999997,0.4288890241780245,0.1230748010920814,0.6896,0.0125999999999999,False,,No Episode,0
2007-01-29,643.0999755859375,2.5,2.4,-0.0021746272015139,0.02,0.0,0.5213291090503395,0.1249829606516821,0.6978,0.0081999999999999,False,,No Episode,0
2007-01-30,644.2000122070312,2.46,2.42,0.001709060668503,-0.04,0.02,0.5942569430485765,0.1142635269646463,0.694,-0.0038,False,,No Episode,0
2007-01-31,652.0,2.4,2.43,0.0120353060804223,-0.06,0.0100000000000002,0.5287405020157486,0.163702952280408,0.6744,-0.0195999999999999,False,,No Episode,0
2007-02-01,657.4000244140625,2.42,2.42,0.0082481364407671,0.02,-0.0100000000000002,0.4691676445657616,0.1821461608725715,0.6757,0.0012999999999999,False,,No Episode,0
2007-02-02,646.2000122070312,2.42,2.41,-0.0171836260865374,0.0,-0.0099999999999997,0.4518286562886784,0.1871640608185481,0.671,-0.0046999999999999,False,,No Episode,0
2007-02-05,650.9000244140625,2.41,2.4,0.0072469858056196,-0.0099999999999997,-0.0100000000000002,0.4108401159794148,0.179494772256754,0.6606,-0.0104,False,,No Episode,0
2007-02-06,653.5999755859375,2.4,2.37,0.0041394481060734,-0.0100000000000002,-0.0299999999999998,0.3346394906689872,0.1584520286743657,0.6405,-0.0201,False,,No Episode,0
2007-02-07,652.2999877929688,2.4,2.34,-0.0019909461043559,0.0,-0.0300000000000002,0.2640561562225684,0.1741523798417112,0.6254,-0.0151,False,,No Episode,0
2007-02-08,658.0,2.39,2.34,0.0087003712370972,-0.0099999999999997,0.0,0.174339863282059,0.171830865087084,0.6179,-0.0074999999999999,False,,No Episode,0
2007-02-09,667.5,2.43,2.36,0.0143344589490874,0.04,0.02,0.1523782482906672,0.2091543973650342,0.6375,0.0195999999999999,False,,No Episode,0
2007-02-12,662.5999755859375,2.46,2.34,-0.0073679372544637,0.0299999999999998,-0.02,0.1807599979820624,0.1539074336928095,0.6478,0.0103,False,,No Episode,0
2007-02-13,663.9000244140625,2.46,2.36,0.0019601194788769,0.0,0.02,0.2054381989686302,0.1538571228491438,0.6557,0.0078999999999999,False,,No Episode,0
2007-02-14,667.4000244140625,2.38,2.36,0.0052580303993101,-0.08,0.0,0.1224045733785945,0.0981322082058163,0.6234,-0.0322999999999999,False,,No Episode,0
2007-02-15,667.2999877929688,2.38,2.32,-0.0001499012817358,0.0,-0.04,0.0172216152581423,0.0686205267497672,0.604,-0.0193999999999999,False,,No Episode,0
2007-02-16,668.7999877929688,2.36,2.33,0.0022453419019594,-0.02,0.0100000000000002,-0.124762331687332,0.0682514336123958,0.595,-0.009,False,,No Episode,0
2007-02-21,680.2000122070312,2.33,2.36,0.0345507137697689,-0.0299999999999998,0.04,-0.4828892326416245,0.0403355674963896,0.5889,0.0024999999999999,False,,No Episode,0
2007-02-22,679.4000244140625,2.35,2.38,-0.0011767988581095,0.02,0.02,-0.630077590109574,0.0223250014073721,0.6048,0.0159,False,,No Episode,0
2007-02-23,683.0999755859375,2.3,2.38,0.0054311343364794,-0.0500000000000002,0.0,-0.7437579586624925,0.0332055130250343,0.5868,-0.018,False,,No Episode,0
2007-02-26,686.5,2.26,2.37,0.0049649992103226,-0.04,-0.0099999999999997,-0.8368721912291387,0.0319380593490598,0.5613,-0.0254999999999999,False,,No Episode,0
2007-02-27,683.9000244140625,2.14,2.36,-0.0037944814056833,-0.1199999999999996,-0.0100000000000002,-0.8027516528564629,-0.010561107003657,0.5037,-0.0575999999999999,False,,No Episode,0
2007-02-28,669.4000244140625,2.2,2.36,-0.0214299185535562,0.06,0.0,-0.7774060883064602,-0.1483111679445453,0.5149,0.0111999999999999,False,,No Episode,0
2007-03-01,662.2999877929688,2.19,2.37,-0.0106632181891237,-0.0100000000000002,0.0100000000000002,-0.7171536200627794,-0.1731594000652231,0.5172,0.0022999999999999,False,,No Episode,0
2007-03-02,641.5,2.15,2.37,-0.0319094230039711,-0.04,0.0,-0.5361796986462259,-0.094562494266796,0.5054,-0.0118,False,,No Episode,0
2007-03-05,636.7000122070312,2.17,2.34,-0.0075105778603674,0.02,-0.0300000000000002,-0.3621814330296249,-0.1217988159910639,0.5048,-0.0005999999999999,False,,No Episode,0
2007-03-06,643.7999877929688,2.19,2.34,0.0110894937084777,0.02,0.0,-0.2604390754192446,-0.1030071977675994,0.5131,0.0082999999999999,False,,No Episode,0
2007-03-07,650.5999755859375,2.16,2.34,0.010506876609992,-0.0299999999999998,0.0,-0.1867215424330039,-0.1607340248231392,0.501,-0.0121,False,,No Episode,0
2007-03-08,653.4000244140625,2.17,2.34,0.0042945600178256,0.0099999999999997,0.0,-0.1384368516498107,-0.1517644418032746,0.5024,0.0013999999999999,False,,No Episode,0
2007-03-09,650.0,2.25,2.34,-0.0052171736419364,0.08,0.0,-0.088131677554739,-0.1754969422195547,0.5346,0.0322,False,,No Episode,0
2007-03-12,648.4000244140625,2.22,2.34,-0.002464535375382,-0.0299999999999998,0.0,-0.0133882583319471,-0.1682690457192213,0.5262,-0.0083999999999999,False,,No Episode,0
2007-03-13,647.5999755859375,2.15,2.35,-0.0012346434101146,-0.0700000000000002,0.0100000000000002,0.0998916281998658,-0.1531827695537102,0.4992,-0.027,True,3,Demand Boom,1
2007-03-14,640.9000244140625,2.18,2.35,-0.0103997075006017,0.0300000000000002,0.0,0.2071143764257101,-0.1746776987343741,0.5053,0.0060999999999999,True,3,Demand Boom,1
2007-03-15,645.7000122070312,2.17,2.37,0.0074615419339494,-0.0100000000000002,0.02,0.2586086820532645,-0.1390192886018804,0.5134,0.0080999999999999,True,3,Demand Boom,1
2007-03-16,652.5999755859375,2.16,2.39,0.0106293282112313,-0.0099999999999997,0.02,0.2815700719906512,-0.1571980474120989,0.5186,0.0051999999999999,True,3,Demand Boom,1
2007-03-19,653.0999755859375,2.18,2.4,0.0007658727780324,0.02,0.0099999999999997,0.3432235295999601,-0.1499151937450598,0.5288,0.0102,True,3,Demand Boom,1
2007-03-20,657.9000244140625,2.17,2.39,0.0073227616742324,-0.0100000000000002,-0.0099999999999997,0.379582833359936,-0.1499071866585929,0.5224,-0.0064,True,3,Demand Boom,1
2007-03-21,659.0,2.14,2.39,0.0016705533014773,-0.0299999999999998,0.0,0.4025801094818114,-0.1510172860273205,0.5099,-0.0124999999999999,True,3,Demand Boom,1
2007-03-22,663.4000244140625,2.17,2.43,0.0066546288118649,0.0299999999999998,0.04,0.4302453421290708,-0.1306748249141431,0.5331,0.0232,True,3,Demand Boom,1
2007-03-23,656.7000122070312,2.19,2.43,-0.0101508515290014,0.02,0.0,0.4525450373798566,-0.1466871935629473,0.5479,0.0148,True,3,Demand Boom,1
2007-03-26,663.4000244140625,2.16,2.44,0.0101508515290014,-0.0299999999999998,0.0099999999999997,0.4326422190952001,-0.2154120452125302,0.5436,-0.0043,True,3,Demand Boom,1
2007-03-27,662.0999755859375,2.16,2.46,-0.0019615982572505,0.0,0.02,0.4505284562882948,-0.2008382533150615,0.5502,0.0066,True,3,Demand Boom,1
2007-03-28,666.5,2.17,2.45,0.006623574561642,0.0099999999999997,-0.0099999999999997,0.4681075795734047,-0.1913735381319513,0.5546,0.0043999999999999,True,3,Demand Boom,1
2007-03-29,661.5,2.18,2.46,-0.007530156063753,0.0100000000000002,0.0099999999999997,0.4622233249613051,-0.1827059315754487,0.5667,0.0121,True,3,Demand Boom,1
2007-03-30,663.0,2.21,2.44,0.0022650066308518,0.0299999999999998,-0.02,0.4636420385966477,-0.173306655929458,0.5768,0.0100999999999999,True,3,Demand Boom,1
2007-04-02,665.7000122070312,2.21,2.44,0.0040641467579307,0.0,0.0,0.4562474534025106,-0.1691498785066162,0.5781,0.0012999999999999,True,3,Demand Boom,1
2007-04-03,664.0,2.25,2.42,-0.0025569874673596,0.04,-0.02,0.5449303514989692,-0.1749664672327415,0.5868,0.0087,True,3,Demand Boom,1
2007-04-04,672.0999755859375,2.23,2.43,0.0121249531744416,-0.02,0.0100000000000002,0.4970374035008503,-0.1428552403499808,0.5814,-0.0053999999999999,True,3,Demand Boom,1
2007-04-05,674.2000122070312,2.22,2.46,0.0031197182550348,-0.0099999999999997,0.0299999999999998,0.440069610442366,-0.1435019743276139,0.5914,0.01,True,3,Demand Boom,1
2007-04-09,671.9000244140625,2.27,2.48,-0.0034172646439492,0.0499999999999998,0.02,0.3668210455907678,-0.1329886960503166,0.6323,0.0048,True,3,Demand Boom,1
2007-04-10,676.5,2.27,2.46,0.0068228913488814,0.0,-0.02,0.3367766887026016,-0.1152307095729265,0.6244,-0.0079,True,3,Demand Boom,1
2007-04-11,676.7999877929688,2.28,2.46,0.0004433426447771,0.0099999999999997,0.0,0.565169527397664,-0.1865667002016375,0.6271,0.0027,True,3,Demand Boom,1
2007-04-12,675.0999755859375,2.28,2.46,-0.0025149983714189,0.0,0.0,0.6117041587547093,-0.0618620844813627,0.6277,0.0006,True,3,Demand Boom,1
2007-04-13,685.4000244140625,2.31,2.45,0.0151418531764742,0.0300000000000002,-0.0099999999999997,0.6825260070110387,-0.0315731939921053,0.6391,0.0113999999999999,True,3,Demand Boom,1
2007-04-16,690.0999755859375,2.3,2.44,0.0068338341883089,-0.0100000000000002,-0.0100000000000002,0.7153102083211267,-0.3130568083862439,0.6327,-0.0063999999999999,True,3,Demand Boom,1
2007-04-17,688.2000122070312,2.29,2.4,-0.0027569681479819,-0.0099999999999997,-0.04,0.7480013145406764,-0.2810603301618382,0.6106,-0.0221,True,3,Demand Boom,1
2007-04-18,689.0999755859375,2.26,2.4,0.0013068518332488,-0.0300000000000002,0.0,0.7611240351778806,-0.3040184061070445,0.5922,-0.0184,True,3,Demand Boom,1
2007-04-19,684.2999877929688,2.27,2.41,-0.0069899628145115,0.0100000000000002,0.0100000000000002,0.7634587067591404,-0.2697674401868576,0.5945,0.0023,True,3,Demand Boom,1
2007-04-20,692.0,2.27,2.41,0.0111895554979302,0.0,0.0,0.7629607363390858,-0.2700654927801694,0.5973,0.0028,True,3,Demand Boom,1
2007-04-23,690.5999755859375,2.25,2.41,-0.0020252060137364,-0.02,0.0,0.8046964284375332,-0.1803482826485569,0.5878,-0.0095,True,3,Demand Boom,1
2007-04-24,684.2000122070312,2.21,2.42,-0.0093104592191082,-0.04,0.0099999999999997,0.8094897228889475,-0.1094848640205031,0.5738,-0.014,True,3,Demand Boom,1
2007-04-25,684.0999755859375,2.22,2.44,-0.0001462203057291,0.0100000000000002,0.02,0.7812950198486929,-0.1790752219725987,0.5832,0.0094,True,3,Demand Boom,1
2007-04-26,674.9000244140625,2.26,2.43,-0.0135395021553943,0.0399999999999995,-0.0099999999999997,0.7917224599585498,-0.2206056547810486,0.6022,0.0189999999999999,True,3,Demand Boom,1
2007-04-27,678.7000122070312,2.25,2.46,0.0056146537719126,-0.0099999999999997,0.0299999999999998,0.7902542330075889,-0.2169830543843003,0.6104,0.0082,True,3,Demand Boom,1
2007-04-30,680.5,2.2,2.43,0.0026486003959069,-0.0499999999999998,-0.0299999999999998,0.751698165363163,-0.1962749588190609,0.5847,-0.0257,True,3,Demand Boom,1
2007-05-01,674.4000244140625,2.19,2.45,-0.0090043792027154,-0.0100000000000002,0.02,0.735100790883053,-0.1670044811093539,0.5852,0.0005,True,3,Demand Boom,1
2007-05-02,672.2999877929688,2.22,2.43,-0.0031187915709338,0.0300000000000002,-0.02,0.7183420657994695,-0.1739651733808876,0.5889,0.0036999999999999,True,3,Demand Boom,1
2007-05-03,681.7999877929688,2.25,2.43,0.0140316904818078,0.0299999999999998,0.0,0.6909202408604815,-0.0951132117285163,0.6033,0.0143999999999999,True,3,Demand Boom,1
2007-05-04,687.2000122070312,2.24,2.41,0.0078890466337995,-0.0099999999999997,-0.02,0.6612207853746569,-0.140452288789669,0.5912,-0.0121,True,3,Demand Boom,1
2007-05-07,688.0,2.27,2.37,0.0011634494998649,0.0299999999999998,-0.04,0.6524894409596343,-0.1067861754908221,0.5865,-0.0046999999999999,True,3,Demand Boom,1
2007-05-08,685.0999755859375,2.27,2.36,-0.0042240605602552,0.0,-0.0100000000000002,0.6250777977014665,-0.0490853225613137,0.5832,-0.0032999999999999,True,3,Demand Boom,1
2007-05-09,680.2999877929688,2.29,2.38,-0.0070309179656735,0.02,0.02,0.5652028493771829,-0.0754818318781913,0.6013,0.0180999999999998,False,,No Episode,0
2007-05-10,665.0999755859375,2.27,2.38,-0.0225964908243962,-0.02,0.0,0.464722772905949,0.0215646734316506,0.5991,-0.0021999999999999,False,,No Episode,0
2007-05-11,670.5999755859375,2.3,2.37,0.0082354290428128,0.0299999999999998,-0.0099999999999997,0.3071738205960432,0.0643180220649382,0.6132,0.0141,False,,No Episode,0
2007-05-14,668.5,2.32,2.37,-0.0031364010838332,0.02,0.0,0.1311835079732595,0.0471658734685806,0.6266,0.0134,False,,No Episode,0
2007-05-15,673.0,2.37,2.34,0.0067089331027299,0.0500000000000002,-0.0300000000000002,-0.036165855709961,0.0927237689239686,0.6408,0.0141999999999999,False,,No Episode,0
2007-05-16,660.2000122070312,2.38,2.33,-0.0192024917357365,0.0099999999999997,-0.0099999999999997,-0.265435815378483,0.0871629485349353,0.6502,0.0093999999999999,False,,No Episode,0
2007-05-17,656.2000122070312,2.41,2.35,-0.0060771987793826,0.0300000000000002,0.02,-0.4675899489867131,0.117124086169615,0.6732,0.023,False,,No Episode,0
2007-05-18,661.0,2.46,2.35,0.0072882007220771,0.0499999999999998,0.0,-0.5777697110007363,0.1711903519045773,0.6949,0.0216999999999999,False,,No Episode,0
2007-05-21,662.9000244140625,2.43,2.36,0.0028703462248378,-0.0299999999999998,0.0099999999999997,-0.6300529594369475,0.1731557762346357,0.6875,-0.0073999999999999,False,,No Episode,0
2007-05-22,659.0999755859375,2.48,2.35,-0.0057489550593654,0.0499999999999998,-0.0099999999999997,-0.6810743871593378,0.1412816768318517,0.6978,0.0102999999999999,False,,No Episode,0
2007-05-23,661.9000244140625,2.5,2.36,0.0042392929925387,0.02,0.0099999999999997,-0.7044158519251429,0.1486715258047511,0.7116,0.0138,False,,No Episode,0
2007-05-24,653.0,2.48,2.38,-0.0135373947332659,-0.02,0.02,-0.7466457065124867,0.1859571370516478,0.7139,0.0022999999999999,False,,No Episode,0
2007-05-25,655.0999755859375,2.49,2.37,0.0032107291937109,0.0100000000000002,-0.0099999999999997,-0.7817429117335711,0.1450647652467722,0.7216,0.0077,False,,No Episode,0
2007-05-30,653.0999755859375,2.52,2.36,-0.0061059572227666,-0.02,0.02,-0.8359315334421501,0.2012648069563306,0.7375,0.0077,False,,No Episode,0
2007-05-31,661.0,2.54,2.36,0.0120236203248884,0.02,0.0,-0.8351174913839885,0.2359650931435384,0.7563,0.0187999999999999,False,,No Episode,0
2007-06-01,671.2000122070312,2.57,2.38,0.0153133334881863,0.0299999999999998,0.02,-0.7849890067118246,0.266512844599943,0.784,0.0277,False,,No Episode,0
2007-06-04,670.7000122070312,2.55,2.38,-0.0007452120337463,-0.02,0.0,-0.760345064489787,0.2844606878102007,0.7807,-0.0033,False,,No Episode,0
2007-06-05,669.5999755859375,2.6,2.38,-0.0016414785915275,0.0500000000000002,0.0,-0.7189926062288242,0.2737739266936613,0.7972,0.0165,False,,No Episode,0
2007-06-06,669.2999877929688,2.58,2.39,-0.0004481108465066,-0.02,0.0100000000000002,-0.6756715739138462,0.2264516707240928,0.7985,0.0012999999999999,False,,No Episode,0
2007-06-07,660.0999755859375,2.7,2.41,-0.013841070158767,0.1200000000000001,0.02,-0.6566380537860507,0.0328275891181141,0.8512,0.0526999999999999,False,,No Episode,0
2007-06-08,645.5,2.69,2.43,-0.0223660914226275,-0.0100000000000002,0.02,-0.6972432173044495,0.1158618678768153,0.8736,0.0224,False,,No Episode,0
2007-06-11,654.2999877929688,2.72,2.42,0.0135407329323689,0.0300000000000002,-0.0100000000000002,-0.7020888913996307,0.1527317082348115,0.8898,0.0161999999999999,False,,No Episode,0
2007-06-12,648.5,2.83,2.43,-0.0089039394625674,0.1099999999999998,0.0100000000000002,-0.7146697870126012,0.1055457061624411,0.944,0.0541999999999999,False,,No Episode,0
2007-06-13,648.2000122070312,2.75,2.45,-0.0004626942168526,-0.08,0.02,-0.7352675695187951,0.0679240302543159,0.9429,-0.0010999999999999,False,,No Episode,0
2007-06-14,651.5999755859375,2.77,2.46,0.0052315297203762,0.02,0.0099999999999997,-0.7482649569960254,0.0702939191962583,0.9571,0.0141999999999999,False,,No Episode,0
2007-06-15,654.5,2.73,2.43,0.0044407460899327,-0.04,-0.0299999999999998,-0.734327726468901,0.026604528692521,0.9449,-0.0121999999999999,False,,No Episode,0
2007-06-18,655.7999877929688,2.73,2.42,0.0019842604466386,0.0,-0.0100000000000002,-0.7076131468523538,0.0433348200141602,0.9307,-0.0141999999999999,False,,No Episode,0
2007-06-19,660.7000122070312,2.67,2.42,0.0074440517151526,-0.06,0.0,-0.6725268309954165,-0.0162639380931377,0.8999,-0.0307999999999999,False,,No Episode,0
2007-06-20,656.0999755859375,2.73,2.41,-0.0069867183718015,0.06,-0.0099999999999997,-0.6338377329336351,-0.0392682955820359,0.9039,0.004,False,,No Episode,0
2007-06-21,650.5999755859375,2.74,2.42,-0.0084182026261512,0.0100000000000002,0.0099999999999997,-0.6038950567067741,-0.0342065582192932,0.9119,0.008,False,,No Episode,0
2007-06-22,653.5,2.7,2.44,0.0044475565504829,-0.04,0.02,-0.6076549762993468,-0.1245197109000127,0.9031,-0.0088,False,,No Episode,0
2007-06-25,651.2999877929688,2.67,2.42,-0.0033721862544835,-0.0300000000000002,-0.02,-0.5726337623299838,-0.1279313429574406,0.87,-0.0331,False,,No Episode,0
2007-06-26,642.0999755859375,2.7,2.4,-0.0142263300320033,0.0300000000000002,-0.02,-0.5423102658739266,-0.140771160304757,0.8667,-0.0032999999999999,False,,No Episode,0
2007-06-27,641.7000122070312,2.7,2.39,-0.0006230929983637,0.0,-0.0099999999999997,-0.4890699854654637,-0.1710203525034336,0.8616,-0.0050999999999999,False,,No Episode,0
2007-06-28,647.5,2.73,2.39,0.0089978697942667,0.0299999999999998,0.0,-0.5086170121382245,-0.1644832633193401,0.8771,0.0154999999999999,False,,No Episode,0
2007-06-29,648.0999755859375,2.65,2.38,0.0009261741897681,-0.08,-0.0100000000000002,-0.5371364733350951,-0.1572404259307024,0.8435,-0.0335999999999999,False,,No Episode,0
2007-07-02,656.5,2.61,2.39,0.0128777259793899,-0.04,0.0100000000000002,-0.5285897935844209,-0.2286372868830264,0.8105,-0.033,False,,No Episode,0
2007-07-03,652.9000244140625,2.68,2.37,-0.0054986781569992,0.0700000000000002,-0.02,-0.5100297571748738,-0.2395800812454583,0.818,0.0074999999999999,False,,No Episode,0
2007-07-06,652.7000122070312,2.79,2.4,0.006609796829232,0.0300000000000002,0.0,-0.5005786081003057,-0.2422829553145206,0.8847,0.0267,False,,No Episode,0
2007-07-09,660.5,2.75,2.41,0.0118794996188471,-0.04,0.0100000000000002,-0.5211837201592752,-0.3159511172758843,0.8777,-0.007,False,,No Episode,0
2007-07-10,662.5,2.64,2.39,0.0030234338979973,-0.1099999999999998,-0.02,-0.5691635612076555,-0.3125206940635139,0.8256,-0.0521,False,,No Episode,0
2007-07-11,660.2999877929688,2.71,2.38,-0.0033262991469502,0.0699999999999998,-0.0100000000000002,-0.5730742384250957,-0.3327771906202627,0.833,0.0073999999999999,False,,No Episode,0
2007-07-12,666.7000122070312,2.74,2.39,0.0096459292202188,0.0300000000000002,0.0100000000000002,-0.5900674925699892,-0.3271453865282521,0.8515,0.0185,False,,No Episode,0
2007-07-13,665.7999877929688,2.73,2.38,-0.0013508811271032,-0.0100000000000002,-0.0100000000000002,-0.5573749230288183,-0.3446591237507246,0.8486,-0.0029,False,,No Episode,0
2007-07-16,665.0,2.69,2.36,-0.0012022661506883,-0.04,-0.02,-0.4899677584009528,-0.3850396917951879,0.8232,-0.0253999999999999,False,,No Episode,0
2007-07-17,664.7000122070312,2.73,2.35,-0.000451211243595,0.04,-0.0099999999999997,-0.3664996568367809,-0.3849793310012073,0.8302,0.007,False,,No Episode,0
2007-07-18,672.5999755859375,2.64,2.38,0.0118149335958683,-0.0899999999999998,0.0299999999999998,-0.3431606855900844,-0.4306986888627239,0.8045,-0.0257,False,,No Episode,0
2007-07-19,677.2000122070312,2.65,2.39,0.0068159052765928,0.0099999999999997,0.0100000000000002,-0.3105166972521813,-0.4249132617148892,0.8078,0.0032999999999999,False,,No Episode,0
2007-07-20,683.9000244140625,2.6,2.36,0.0098450755176218,-0.0499999999999998,-0.0300000000000002,-0.4446189279029031,-0.3699653429026162,0.7757,-0.0321,False,,No Episode,0
2007-07-23,680.7999877929688,2.63,2.34,-0.0045431844735999,0.0299999999999998,-0.02,-0.5216628121622725,-0.4578061630917538,0.7674,-0.0082999999999999,False,,No Episode,0
2007-07-24,684.2000122070312,2.58,2.36,0.0049817310560822,-0.0499999999999998,0.02,-0.5970909725711985,-0.5245737612335408,0.7502,-0.0171999999999999,False,,No Episode,0
2007-07-25,673.2999877929688,2.56,2.36,-0.0160593129637414,-0.02,0.0,-0.6127158293251668,-0.4044990570289001,0.7387,-0.0114999999999999,False,,No Episode,0
2007-07-26,662.5,2.47,2.32,-0.0161704195607059,-0.0899999999999998,-0.04,-0.5131360875520438,-0.262789008097548,0.6835,-0.0552,False,,No Episode,0
2007-07-27,660.0,2.48,2.32,-0.003780722839906,0.0099999999999997,0.0,-0.4371796692252341,-0.2822233908199175,0.6818,-0.0017,False,,No Episode,0
2007-07-30,664.0999755859375,2.49,2.33,0.0061928687635663,0.0100000000000002,0.0100000000000002,-0.4161078320885047,-0.2629004645754523,0.6889,0.0070999999999999,False,,No Episode,0
2007-07-31,666.9000244140625,2.44,2.34,0.0042074424625031,-0.0500000000000002,0.0099999999999997,-0.4082690488863516,-0.2728056495227846,0.6747,-0.0141999999999999,False,,No Episode,0
2007-08-01,663.5999755859375,2.44,2.32,-0.0049606247205815,0.0,-0.02,-0.3907618434588282,-0.2524783049974781,0.6724,-0.0022999999999999,False,,No Episode,0
2007-08-02,664.5999755859375,2.46,2.31,0.0015057976595622,0.02,-0.0099999999999997,-0.3792575940601807,-0.2166090745701944,0.6782,0.0058,False,,No Episode,0
2007-08-03,672.5,2.44,2.27,0.0118167922904728,-0.02,-0.04,-0.3891517352470534,-0.209427668974323,0.6551,-0.0231,False,,No Episode,0
2007-08-06,671.5,2.46,2.26,-0.0014880955127019,0.02,-0.0100000000000002,-0.3991052079232571,-0.2069390917156123,0.6518,-0.0032999999999999,False,,No Episode,0
2007-08-07,670.5999755859375,2.51,2.26,-0.001341218337461,0.0499999999999998,0.0,-0.4038776759735236,-0.2234135242281668,0.6718,0.0199999999999999,False,,No Episode,0
2007-08-08,674.5,2.58,2.26,0.005798878021979,0.0700000000000002,0.0,-0.3850695681118335,-0.1540072954272813,0.7119,0.0401,False,,No Episode,0
2007-08-09,661.4000244140625,2.54,2.25,-0.0196128381874141,-0.04,-0.0099999999999997,-0.3478462605388277,-0.077849421823936,0.7059,-0.006,False,,No Episode,0
2007-08-10,670.2999877929688,2.56,2.25,0.0133665176922201,0.02,0.0,-0.305138998641324,-0.0740981458689359,0.73,0.0241,False,,No Episode,0
2007-08-13,669.7000122070312,2.52,2.26,-0.0008954860090009,-0.04,0.0099999999999997,-0.3006426387106175,-0.0718155441568198,0.725,-0.005,False,,No Episode,0
2007-08-14,668.5999755859375,2.49,2.24,-0.0016439316728176,-0.0299999999999998,-0.0199999999999995,-0.3040767230913445,-0.0340604373038928,0.7101,-0.0149,False,,No Episode,0
2007-08-15,668.9000244140625,2.46,2.23,0.0004486711523865,-0.0300000000000002,-0.0100000000000002,-0.2742031514589201,0.005019604876853,0.7225,0.0124,False,,No Episode,0
2007-08-16,648.2999877929688,2.39,2.21,-0.0312810752715284,-0.0699999999999998,-0.02,-0.0038319293823729,0.1912109131056391,0.7253,0.0027999999999999,False,,No Episode,0
2007-08-17,656.9000244140625,2.45,2.23,0.0131783037123396,0.06,0.02,0.1842817410712855,0.2287397359187764,0.7885,0.0632,False,,No Episode,0
2007-08-20,656.7000122070312,2.44,2.2,-0.0003045252786249,-0.0100000000000002,-0.0299999999999998,0.2988999887968984,0.2604049746756826,0.8317,0.0432,False,,No Episode,0
2007-08-21,656.7000122070312,2.38,2.22,0.0,-0.06,0.02,0.373009747781118,0.3013377006559699,0.8184,-0.0132999999999999,False,,No Episode,0
2007-08-22,659.0999755859375,2.42,2.21,0.0036479192317875,0.04,-0.0100000000000002,0.4694014230513125,0.3460393031155566,0.8317,0.0132999999999999,False,,No Episode,0
2007-08-23,658.9000244140625,2.39,2.23,-0.000303416044626,-0.0299999999999998,0.02,0.5345126502789826,0.3236482109205914,0.8181,-0.0135999999999999,False,,No Episode,0
2007-08-24,668.0,2.4,2.23,0.0137163585641131,0.0099999999999997,0.0,0.5766928646105937,0.3352823767867019,0.7927,-0.0254,False,,No Episode,0
2007-08-27,666.7999877929688,2.38,2.22,-0.001798040966892,-0.02,-0.0099999999999997,0.6214144352339451,0.3360048735912934,0.7235,-0.0691999999999999,False,,No Episode,0
2007-08-28,664.4000244140625,2.33,2.2,-0.003605718084584,-0.0499999999999998,-0.02,0.7169864530286154,0.3523307176509309,0.6667,-0.0568,False,,No Episode,0
2007-08-29,666.2999877929688,2.38,2.19,0.0028555867626991,0.0499999999999998,-0.0100000000000002,0.7095780031013751,0.4637518144103441,0.6962,0.0295,False,,No Episode,0
2007-08-30,665.0,2.32,2.19,-0.0019529605920141,-0.06,0.0,0.6616078708251937,0.4523180328373273,0.7002,0.004,False,,No Episode,0
2007-08-31,673.0,2.34,2.2,0.0119582889888736,0.02,0.0100000000000002,0.533026334889237,0.5169210910594415,0.7131,0.0128999999999999,False,,No Episode,0
2007-09-05,681.7000122070312,2.29,2.19,-0.0011728307836254,-0.0699999999999998,-0.0100000000000002,0.0123075709642791,0.5640215122273953,0.6382,-0.0486999999999999,False,,No Episode,0
2007-09-06,695.5999755859375,2.32,2.19,0.0201850511067904,0.0299999999999998,0.0,-0.2037813391905648,0.591053035476976,0.6405,0.0022999999999999,False,,No Episode,0
2007-09-07,700.7999877929688,2.19,2.19,0.0074477748211929,-0.1299999999999999,0.0,-0.4266933650184445,0.4148025388192412,0.6006,-0.0398999999999999,False,,No Episode,0
2007-09-10,703.2999877929688,2.14,2.2,0.0035610037537079,-0.0499999999999998,0.0100000000000002,-0.5681671747140462,0.4172468749261909,0.5887,-0.0119,False,,No Episode,0
2007-09-11,712.2000122070312,2.16,2.21,0.012575262026389,0.02,0.0099999999999997,-0.6557351608006351,0.4264934556238053,0.6028,0.0141,False,,No Episode,0
2007-09-12,711.9000244140625,2.18,2.23,-0.0004213015795127,0.02,0.02,-0.7041403240610172,0.4286229479688702,0.6241,0.0212999999999999,False,,No Episode,0
2007-09-13,709.5,2.24,2.25,-0.0033769898039599,0.06,0.02,-0.7195799734170634,0.3923757877404143,0.6625,0.0383999999999999,False,,No Episode,0
2007-09-14,709.5999755859375,2.2,2.27,0.0001408999898853,-0.04,0.02,-0.7406876458653979,0.3974110686091551,0.6657,0.0031999999999999,False,,No Episode,0
2007-09-17,715.7999877929688,2.21,2.27,0.0086993846882528,0.0099999999999997,0.0,-0.7577003751167859,0.4169647055100649,0.6625,-0.0031999999999999,False,,No Episode,0
2007-09-18,715.7999877929688,2.19,2.31,0.0,-0.02,0.04,-0.7759928991084476,0.4287251595151033,0.672,0.0095,False,,No Episode,0
2007-09-19,722.0,2.21,2.32,0.0086243576145905,0.02,0.0099999999999997,-0.7888970448561435,0.4649742514928129,0.6962,0.0242,False,,No Episode,0
2007-09-20,732.4000244140625,2.34,2.35,0.0143017072418585,0.1299999999999999,0.0300000000000002,-0.7593591890653527,0.5042268541269281,0.775,0.0787999999999999,False,,No Episode,0
2007-09-21,731.4000244140625,2.31,2.33,-0.0013663070394995,-0.0299999999999998,-0.02,-0.7229380715330507,0.5075218306110887,0.7888,0.0137999999999999,False,,No Episode,0
2007-09-24,732.0999755859375,2.33,2.3,0.0009565442094228,0.02,-0.0300000000000002,-0.7007700968805685,0.4926870380331125,0.7884,-0.0003999999999999,False,,No Episode,0
2007-09-25,731.5999755859375,2.34,2.29,-0.0006832001586776,0.0099999999999997,-0.0099999999999997,-0.6662418175176761,0.4817179262542087,0.7837,-0.0047,False,,No Episode,0
2007-09-26,728.2999877929688,2.34,2.29,-0.0045208486830539,0.0,0.0,-0.629404319279461,0.4691145144794744,0.7918,0.0080999999999999,False,,No Episode,0
2007-09-27,732.7000122070312,2.27,2.31,0.0060233233633821,-0.0699999999999998,0.02,-0.6185636477908415,0.4396931738279918,0.7783,-0.0134999999999999,False,,No Episode,0
2007-09-28,742.7999877929688,2.27,2.32,0.0136904552184864,0.0,0.0099999999999997,-0.5952492322296978,0.3905411331184356,0.773,-0.0052999999999999,False,,No Episode,0
2007-10-01,747.2000122070312,2.26,2.3,0.0059060902069214,-0.0100000000000002,-0.02,-0.5588249573703855,0.3529776948209474,0.7555,-0.0175,False,,No Episode,0
2007-10-02,729.7999877929688,2.23,2.31,-0.0235623959758619,-0.0299999999999998,0.0100000000000002,-0.5299922920342409,0.3331256169915173,0.7302,-0.0252999999999999,False,,No Episode,0
2007-10-03,729.2999877929688,2.25,2.3,-0.000685354023628,0.02,-0.0100000000000002,-0.5066373682246317,0.3130145188718101,0.7309,0.0007,False,,No Episode,0
2007-10-04,737.7999877929688,2.24,2.3,0.0115876153652223,-0.0099999999999997,0.0,-0.4629879931200159,0.3095775635258722,0.7208,-0.0100999999999999,False,,No Episode,0
2007-10-05,741.2999877929688,2.34,2.31,0.0047326165782157,0.0999999999999996,0.0100000000000002,-0.3581488410124229,0.2883062859387433,0.7628,0.042,False,,No Episode,0
2007-10-10,740.4000244140625,2.33,2.32,0.0040600947651476,-0.0099999999999997,-0.0100000000000002,-0.1410559862685388,0.2736601370680124,0.7701,-0.003,False,,No Episode,0
2007-10-11,751.2999877929688,2.32,2.34,0.0146144094537419,-0.0100000000000002,0.02,-0.0534022429347522,0.2368610185971292,0.763,-0.0070999999999999,False,,No Episode,0
2007-10-12,748.7000122070312,2.36,2.34,-0.0034666375862943,0.04,0.0,0.1261845547886677,0.2158042405366281,0.7735,0.0104999999999999,False,,No Episode,0
2007-10-15,757.0999755859375,2.34,2.35,0.0111569273215046,-0.02,0.0100000000000002,0.2517101738781467,0.1790248961477341,0.7569,-0.0165999999999999,False,,No Episode,0
2007-10-16,757.0,2.31,2.35,-0.000132059424998,-0.0299999999999998,0.0,0.3883465315796152,0.1776706264707034,0.7365,-0.0203999999999999,False,,No Episode,0
2007-10-17,757.5,2.22,2.35,0.0006602839460754,-0.0899999999999998,0.0,0.4804609509790476,0.1756887121305652,0.7091,-0.0274,False,,No Episode,0
2007-10-18,764.0999755859375,2.2,2.32,0.0086751013185999,-0.02,-0.0300000000000002,0.4624831792913297,0.1476737299999919,0.7079,-0.0011999999999999,False,,No Episode,0
2007-10-19,764.0,2.09,2.32,-0.0001308495356031,-0.1100000000000003,0.0,0.3374437651100386,0.1311553568397043,0.6667,-0.0412,False,,No Episode,0
2007-10-22,755.7999877929688,2.11,2.31,-0.0107910144022715,0.02,-0.0099999999999997,0.1904271170349025,0.1590719770431072,0.6571,-0.0095999999999999,False,,No Episode,0
2007-10-23,759.0,2.11,2.3,0.0042250026313812,0.0,-0.0100000000000002,0.005783868487984,0.1664670213194316,0.6507,-0.0064,False,,No Episode,0
2007-10-24,761.5999755859375,2.07,2.29,0.0034196740252454,-0.04,-0.0099999999999997,-0.161177325138798,0.1459793061747083,0.636,-0.0146999999999999,False,,No Episode,0
2007-10-25,767.2999877929688,2.04,2.33,0.0074563918536716,-0.0299999999999998,0.04,-0.3220085725913998,0.1391200555430384,0.6347,-0.0012999999999999,False,,No Episode,0
2007-10-26,783.9000244140625,2.05,2.36,0.0214036490644868,0.0099999999999997,0.0299999999999998,-0.4534704999076693,0.1932487985159512,0.6485,0.0137999999999999,False,,No Episode,0
2007-10-29,789.0999755859375,2.04,2.35,0.0066115322488311,-0.0099999999999997,-0.0099999999999997,-0.5910596989266784,0.1841440787841297,0.6433,-0.0051999999999999,False,,No Episode,0
2007-10-30,784.2999877929688,2.06,2.34,-0.0061014399334817,0.02,-0.0100000000000002,-0.673702812146436,0.1538319942397003,0.6473,0.004,False,,No Episode,0
2007-10-31,792.0,2.14,2.34,0.0097698071600422,0.08,0.0,-0.7275890267075299,0.1848918339454808,0.6847,0.0373999999999999,False,,No Episode,0
2007-11-01,790.7000122070312,2.0,2.36,-0.0016427472992859,-0.1400000000000001,0.02,-0.796156595763897,0.2027641918584915,0.654,-0.0306999999999999,False,,No Episode,0
2007-11-02,805.7000122070312,1.92,2.39,0.0187928354188491,-0.08,0.0300000000000002,-0.8277882966476376,0.0118042373604646,0.6432,-0.0108,False,,No Episode,0
2007-11-05,808.0999755859375,1.94,2.41,0.0029743030937279,0.02,0.02,-0.8479269964498017,0.0050968802946478,0.6542,0.011,False,,No Episode,0
2007-11-06,820.7999877929688,1.93,2.45,0.0155936765166737,-0.01,0.04,-0.8599516112782941,0.0140207918119098,0.6692,0.015,False,,No Episode,0
2007-11-07,831.0,1.91,2.43,0.0123503353110576,-0.02,-0.02,-0.8682137690084238,0.0185128345622709,0.6742,0.005,False,,No Episode,0
2007-11-08,835.2000122070312,1.88,2.4,0.0050414368886242,-0.03,-0.0300000000000002,-0.8772772283281808,0.0281591534984888,0.6674,-0.0068,False,,No Episode,0
2007-11-09,832.5,1.82,2.41,-0.0032380098894737,-0.0599999999999998,0.0100000000000002,-0.8926530124222474,0.0607464399938015,0.6644,-0.003,False,,No Episode,0
2007-11-14,813.0,1.88,2.4,0.019625505896788,0.0199999999999997,0.0,-0.8877887551145691,-0.0703059191833182,0.6835,0.0105999999999999,False,,No Episode,0
2007-11-15,785.9000244140625,1.81,2.36,-0.0339015206105806,-0.0699999999999998,-0.04,-0.865800779993817,0.0149906362595064,0.6465,-0.037,False,,No Episode,0
2007-11-16,785.7000122070312,1.8,2.35,-0.0002545332189498,-0.01,-0.0099999999999997,-0.8419749710577065,0.0198698401652066,0.6342,-0.0122999999999999,False,,No Episode,0
2007-11-19,776.7999877929688,1.7,2.37,-0.0113921544556747,-0.1,0.02,-0.7773017683634327,0.0685655976864352,0.5964,-0.0377999999999999,False,,No Episode,0
2007-11-20,790.2999877929688,1.68,2.38,0.0172297035022515,-0.02,0.0099999999999997,-0.7339127351214829,0.057030659860377,0.5978,0.0013999999999999,False,,No Episode,0
2007-11-21,797.5999755859375,1.62,2.38,0.0091945832733655,-0.0599999999999998,0.0,-0.6932923207657896,0.052910730112545,0.5932,-0.0046,False,,No Episode,0
2007-11-26,826.0,1.45,2.38,0.0024242436115056,-0.1799999999999999,0.0,-0.6962969867807437,0.0809834360576539,0.5329,-0.0673999999999999,False,,No Episode,0
2007-11-27,813.7000122070312,1.58,2.37,-0.0150030108164846,0.1300000000000001,-0.0099999999999997,-0.6751749651459655,-0.0143541182573381,0.5655,0.0325999999999999,False,,No Episode,0
2007-11-28,800.0999755859375,1.71,2.32,-0.016855073362179,0.1299999999999999,-0.0500000000000002,-0.6465520595710482,-0.1081153024179696,0.6147,0.0492,False,,No Episode,0
2007-11-29,795.2999877929688,1.61,2.33,-0.0060173027281891,-0.0999999999999998,0.0100000000000002,-0.5936629608957515,-0.0869775286329384,0.596,-0.0187,False,,No Episode,0
2007-11-30,782.2000122070312,1.63,2.34,-0.0166089086866882,0.0199999999999997,0.0099999999999997,-0.5140294584752924,-0.1105012698507554,0.5911,-0.0049,False,,No Episode,0
2007-12-03,788.2999877929688,1.57,2.32,0.0077682346531648,-0.0599999999999998,-0.02,-0.4398559124396021,-0.1182505169921753,0.5551,-0.0359999999999999,False,,No Episode,0
2007-12-04,801.2999877929688,1.59,2.3,0.0163566809693893,0.02,-0.02,-0.4027751979976656,-0.1053679537292208,0.55,-0.0050999999999999,False,,No Episode,0
2007-12-05,797.5,1.66,2.26,-0.0047535588909912,0.0699999999999998,-0.04,-0.3387250024299287,-0.1070788545706764,0.5593,0.0092999999999999,False,,No Episode,0
2007-12-06,801.2000122070312,1.77,2.25,0.0046287843685988,0.1100000000000001,-0.0099999999999997,-0.2650809213863423,-0.0925597538642085,0.6002,0.0408999999999999,False,,No Episode,0
2007-12-07,794.4000244140625,1.86,2.26,-0.0085234755639289,0.09,0.0099999999999997,-0.1883091411330943,-0.1161124598656207,0.6533,0.0531,False,,No Episode,0
2007-12-10,807.7000122070312,1.89,2.26,0.0166035740979042,0.0299999999999998,0.0,-0.1023093366395548,-0.0955066029736109,0.6792,0.0259,False,,No Episode,0
2007-12-11,811.4000244140625,1.73,2.25,0.0045704632995855,-0.1599999999999999,-0.0099999999999997,-0.0556830934966506,-0.114046299026116,0.626,-0.0532,False,,No Episode,0
2007-12-12,813.5,1.78,2.27,0.0025847457979333,0.05,0.02,-0.0113394058285597,-0.1107772332065249,0.652,0.026,False,,No Episode,0
2007-12-13,799.0,1.87,2.31,-0.0179849808928178,0.09,0.04,0.060636492323453,-0.1478252957870567,0.708,0.0559999999999999,False,,No Episode,0
2007-12-14,793.2999877929688,1.9,2.34,-0.0071595008459786,0.0299999999999998,0.0299999999999998,0.115299695216374,-0.1788983828170579,0.7492,0.0412,False,,No Episode,0
2007-12-17,794.7999877929688,1.86,2.34,0.0018890503987458,-0.0399999999999998,0.0,0.1590603439313246,-0.1950888331073402,0.7201,-0.0291,False,,No Episode,0
2007-12-18,803.0,1.8,2.34,0.0102642186277197,-0.06,0.0,0.1576931676249559,-0.1762738558465056,0.6854,-0.0346999999999999,False,,No Episode,0
2007-12-19,801.0999755859375,1.73,2.33,-0.0023689612013653,-0.07,-0.0099999999999997,0.1508764879585446,-0.1729825248649711,0.6527,-0.0327,False,,No Episode,0
2007-12-20,799.2000122070312,1.74,2.3,-0.0023745101369891,0.01,-0.0300000000000002,0.1007150934800975,-0.1752502376767502,0.64,-0.0126999999999999,False,,No Episode,0
2007-12-21,811.5999755859375,1.84,2.34,0.0153963352618546,0.1,0.04,0.0302164541990494,-0.1181163370970047,0.6861,0.0461,False,,No Episode,0
2007-12-24,812.7999877929688,1.88,2.35,0.0014774839354627,0.0399999999999998,0.0100000000000002,-0.0362269439949834,-0.1109498944322718,0.6913,0.0051999999999999,False,,No Episode,0
2007-12-27,828.5999755859375,1.85,2.36,0.0031427266580914,-0.0999999999999998,0.0099999999999997,0.0911320280096189,-0.0525290345868683,0.6878,-0.0228,False,,No Episode,0
2007-12-28,839.5999755859375,1.78,2.33,0.0131880586892014,-0.07,-0.0299999999999998,0.0826585776069147,-0.0895758207451254,0.6442,-0.0435999999999999,False,,No Episode,0
2007-12-31,834.9000244140625,1.73,2.31,-0.0056135724264159,-0.05,-0.02,0.0964559747317162,-0.1718434914154641,0.5981,-0.0461,False,,No Episode,0
2008-01-03,866.4000244140625,1.58,2.33,0.0109088052677428,-0.01,0.0100000000000002,-0.1444394945472916,-0.3088381902421825,0.5226,-0.0139,False,,No Episode,0
2008-01-04,863.0999755859375,1.56,2.32,-0.0038161929263935,-0.02,-0.0100000000000002,-0.2462818193693645,-0.302810597476282,0.503,-0.0195999999999999,False,,No Episode,0
2008-01-07,859.5999755859375,1.57,2.29,-0.0040633945724293,0.01,-0.0299999999999998,-0.3275372786095424,-0.2956542680254115,0.4882,-0.0147999999999999,False,,No Episode,0
2008-01-08,878.0,1.57,2.29,0.0211794572684169,0.0,0.0,-0.3767474578517143,-0.3274080733463673,0.4849,-0.0033,False,,No Episode,0
2008-01-09,879.5,1.56,2.26,0.0017069705424956,-0.01,-0.0300000000000002,-0.4371916157663235,-0.3541675125422935,0.4667,-0.0181999999999999,False,,No Episode,0
2008-01-10,891.7000122070312,1.68,2.23,0.0137762026528376,0.1199999999999998,-0.0299999999999998,-0.4415359040907028,-0.2266347587060862,0.4989,0.0322,False,,No Episode,0
2008-01-11,896.0999755859375,1.56,2.26,0.0049222198149259,-0.1199999999999998,0.0299999999999998,-0.495755394401817,-0.1383714329128192,0.4809,-0.018,False,,No Episode,0
2008-01-14,901.5999755859376,1.53,2.28,0.0061189490015935,-0.03,0.02,-0.5826714082827841,-0.188532138360435,0.4807,-0.0001999999999999,False,,No Episode,0
2008-01-15,901.0,1.45,2.27,-0.000665678038632,-0.08,-0.0099999999999997,-0.6828130343801756,-0.1573799428170903,0.4499,-0.0307999999999999,False,,No Episode,0
2008-01-16,880.5999755859375,1.5,2.24,-0.0229017920110345,0.05,-0.0299999999999998,-0.7731775033752455,-0.1927733931685835,0.452,0.0020999999999999,False,,No Episode,0
2008-01-17,879.5,1.43,2.23,-0.0012499014196905,-0.07,-0.0100000000000002,-0.8273521618460596,-0.1947162773549667,0.4253,-0.0267,False,,No Episode,0
2008-01-18,880.7999877929688,1.42,2.24,0.0014770073718306,-0.01,0.0100000000000002,-0.8595123722498842,-0.1736476998555267,0.4314,0.0060999999999999,False,,No Episode,0
2008-01-23,882.5,1.31,2.2,-0.0080131072450004,0.03,-0.04,-0.8451438140239331,-0.1876749013145274,0.4552,0.0384999999999999,False,,No Episode,0
2008-01-24,905.5,1.44,2.24,0.025728488516016,0.1299999999999999,0.04,-0.8465255436726242,-0.0658290584600357,0.5383,0.0831,False,,No Episode,0
2008-01-25,910.5,1.34,2.27,0.0055066218441952,-0.0999999999999998,0.0299999999999998,-0.860945802506987,-0.0700456928877134,0.5426,0.0042999999999999,False,,No Episode,0
2008-01-28,927.0999755859376,1.33,2.28,0.0180675091114768,-0.01,0.0099999999999997,-0.8699109589512375,-0.0629912211343382,0.5455,0.0029,False,,No Episode,0
2008-01-29,925.0999755859376,1.37,2.32,-0.0021595948925954,0.04,0.04,-0.8684168517334082,0.0200829337942126,0.5829,0.0373999999999999,False,,No Episode,0
2008-01-30,920.5999755859376,1.45,2.33,-0.0048762085231324,0.0799999999999998,0.0100000000000002,-0.854746250119643,0.0030058678422892,0.6343,0.0514,False,,No Episode,0
2008-01-31,922.7000122070312,1.33,2.34,0.0022785629507842,-0.1199999999999998,0.0099999999999997,-0.8520952251763654,0.0115961441170605,0.6225,-0.0117999999999999,False,,No Episode,0
2008-02-01,908.7000122070312,1.31,2.31,-0.0152891476793843,-0.02,-0.0299999999999998,-0.8491204882444205,0.023387037027096,0.6026,-0.0199,False,,No Episode,0
2008-02-04,904.9000244140624,1.38,2.3,-0.0041905527978789,0.0699999999999998,-0.0100000000000002,-0.8584604826272012,-0.0189407304482447,0.6044,0.0018,False,,No Episode,0
2008-02-05,885.9000244140625,1.34,2.27,-0.0212203623604612,-0.0399999999999998,-0.0299999999999998,-0.8591681167397357,0.0128048329692583,0.5746,-0.0298,False,,No Episode,0
2008-02-06,900.7000122070312,1.36,2.25,0.0165681473660521,0.02,-0.02,-0.8451980729833326,-0.0216503400257635,0.5891,0.0144999999999999,False,,No Episode,0
2008-02-07,906.0999755859376,1.47,2.27,0.0059773959413762,0.1099999999999998,0.02,-0.8130331128736927,-0.0055356496911552,0.6425,0.0534,False,,No Episode,0
2008-02-08,918.4000244140624,1.36,2.28,0.013483403864658,-0.1099999999999998,0.0099999999999997,-0.7797441706815379,-0.0795579849473888,0.6143,-0.0282,False,,No Episode,0
2008-02-11,922.9000244140624,1.32,2.3,0.0048878605766109,-0.04,0.02,-0.7389022315394728,-0.0833574281097132,0.5947,-0.0195999999999999,False,,No Episode,0
2008-02-12,907.4000244140624,1.36,2.3,-0.0169375185897928,0.04,0.0,-0.6889768330371665,-0.1012618998647985,0.6055,0.0108,False,,No Episode,0
2008-02-13,906.5,1.42,2.28,-0.0009923639404707,0.0599999999999998,-0.02,-0.6053121423793242,-0.1215276536200519,0.6205,0.015,False,,No Episode,0
2008-02-14,907.4000244140624,1.57,2.28,0.0009923639404707,0.1500000000000001,0.0,-0.5256774564299391,-0.0142985676707653,0.6737,0.0531999999999999,False,,No Episode,0
2008-02-15,902.7999877929688,1.48,2.28,-0.0050823627132974,-0.09,0.0,-0.4809840750123676,0.0106997143081043,0.6713,-0.0023999999999999,False,,No Episode,0
2008-02-20,934.5999755859376,1.55,2.38,0.0085966575093117,-0.01,0.0499999999999998,-0.1726095444288355,0.0743042257389705,0.7559,0.0341,False,,No Episode,0
2008-02-21,946.0999755859376,1.43,2.34,0.0122296417615954,-0.1200000000000001,-0.04,-0.0968964021634761,0.033793897573479,0.6966,-0.0593,False,,No Episode,0
2008-02-22,944.7000122070312,1.44,2.35,-0.0014808162087653,0.01,0.0100000000000002,-0.0160970192612666,0.0316700638810889,0.6884,-0.0081999999999999,False,,No Episode,0
2008-02-25,937.5999755859376,1.53,2.38,-0.007544036912825,0.09,0.0299999999999998,0.1418327506751216,-0.0499258351082432,0.7421,0.0536999999999999,False,,No Episode,0
2008-02-26,946.0999755859376,1.44,2.44,0.0090248531215904,-0.09,0.06,0.2004691884675154,-0.0594258000592772,0.7405,-0.0015999999999999,False,,No Episode,0
2008-02-27,958.2000122070312,1.42,2.43,0.0127082912831166,-0.02,-0.0099999999999997,0.2205253503742069,-0.0610576463358541,0.7426,0.0020999999999999,False,,No Episode,0
2008-02-28,964.5,1.26,2.45,0.006553295157218,-0.1599999999999999,0.02,0.0678833939639781,-0.0878545017753778,0.6961,-0.0464999999999999,False,,No Episode,0
2008-02-29,972.0999755859376,1.1,2.43,0.0078488223664745,-0.1599999999999999,-0.02,-0.1308333627935105,-0.0643277051678274,0.6181,-0.078,False,,No Episode,0
2008-03-03,981.5,1.08,2.46,0.0096233590042578,-0.02,0.0299999999999998,-0.3078958733520121,-0.0756285578861913,0.6162,-0.0019,False,,No Episode,0
2008-03-04,963.9000244140624,1.15,2.48,-0.0180944335981756,0.0699999999999998,0.02,-0.3724016038917699,-0.125683061924346,0.6549,0.0387,False,,No Episode,0
2008-03-05,986.2000122070312,1.16,2.54,0.0228716060495308,0.01,0.06,-0.4974962863891725,-0.0864944251825882,0.7055,0.0505999999999999,False,,No Episode,0
2008-03-06,975.0,1.07,2.55,-0.0114217151700239,-0.0899999999999998,0.0099999999999997,-0.6061383787402299,-0.0325821060163029,0.6999,-0.0056,False,,No Episode,0
2008-03-07,972.2000122070312,1.01,2.55,-0.0028759138304019,-0.06,0.0,-0.6364163860342347,-0.1381482838394419,0.6848,-0.0151,False,,No Episode,0
2008-03-10,969.9000244140624,0.9,2.56,-0.0023685585962169,-0.1099999999999999,0.0100000000000002,-0.6626008032907518,-0.1125790988893637,0.6522,-0.0325999999999999,False,,No Episode,0
2008-03-11,974.2000122070312,1.05,2.55,0.004423635331527,0.15,-0.0100000000000002,-0.6865213132990408,-0.096649268409184,0.7095,0.0573,False,,No Episode,0
2008-03-12,978.7999877929688,0.95,2.54,0.0047106851943352,-0.1,-0.0099999999999997,-0.710076780748699,-0.09756319781862,0.6677,-0.0418,False,,No Episode,0
2008-03-13,992.2999877929688,1.05,2.51,0.0136981495213506,0.1,-0.0300000000000002,-0.725524986721199,-0.0317093844050034,0.6864,0.0187,False,,No Episode,0
2008-03-14,998.2000122070312,1.01,2.43,0.0059282006461112,-0.04,-0.0799999999999996,-0.7473700584189685,-0.0365555889712372,0.6456,-0.0408,False,,No Episode,0
2008-03-17,1001.4000244140624,1.05,2.29,0.0032006550112217,0.04,-0.1400000000000001,-0.769098945150398,-0.0440146469867955,0.6059,-0.0396999999999999,False,,No Episode,0
2008-03-18,1003.2000122070312,1.08,2.4,0.0017958577709755,0.03,0.1099999999999998,-0.7761980958216238,-0.025962092132806,0.6714,0.0655,False,,No Episode,0
2008-03-19,944.7000122070312,1.04,2.34,-0.0600827523500662,-0.04,-0.06,-0.7812014381259733,0.0107670879381757,0.6782,0.0068,False,,No Episode,0
2008-03-20,919.5999755859376,1.02,2.32,-0.0269286633562249,-0.02,-0.02,-0.7235594623164597,0.0055079760693019,0.6784,0.0001999999999999,False,,No Episode,0
2008-03-25,934.5999755859376,1.25,2.26,0.0175944828174525,0.01,-0.06,-0.6883941457579313,0.0169858355601559,0.7111,-0.0211999999999999,False,,No Episode,0
2008-03-26,949.0,1.24,2.27,0.0152901944660746,-0.01,0.0100000000000002,-0.6877819395603587,0.0180101024403052,0.6914,-0.0196999999999999,False,,No Episode,0
2008-03-27,948.7999877929688,1.23,2.33,-0.0002107832322248,-0.01,0.06,-0.6875272109576042,0.0369299470371861,0.7041,0.0126999999999999,False,,No Episode,0
2008-03-28,930.5999755859376,1.13,2.34,-0.0193685022019103,-0.1,0.0099999999999997,-0.6502574524997016,0.0815503099654516,0.6738,-0.0302999999999999,False,,No Episode,0
2008-03-31,916.2000122070312,1.11,2.34,-0.0155948183996068,-0.0199999999999997,0.0,-0.5565304146062376,0.0861010474081193,0.6515,-0.0222999999999999,False,,No Episode,0
2008-04-01,882.9000244140625,1.22,2.35,-0.0370227232165234,0.1099999999999998,0.0100000000000002,-0.4609713795037848,-0.0244832604658746,0.7011,0.0495999999999999,False,,No Episode,0
2008-04-02,895.2000122070312,1.26,2.34,0.0138351990741467,0.04,-0.0100000000000002,-0.42733516030325,-0.0623533789149708,0.7312,0.0301,False,,No Episode,0
2008-04-03,905.0,1.28,2.33,0.0108877730661163,0.02,-0.0099999999999997,-0.4304179461603618,-0.054222132033405,0.7407,0.0095,False,,No Episode,0
2008-04-04,909.0,1.18,2.32,0.0044101504775531,-0.1,-0.0100000000000002,-0.4279694640430569,-0.033306036398551,0.699,-0.0417,False,,No Episode,0
2008-04-07,922.7000122070312,1.23,2.34,0.0149590736367173,0.05,0.02,-0.4467480367708569,-0.0123422112058504,0.718,0.019,False,,No Episode,0
2008-04-08,914.0,1.26,2.32,-0.0094735963600465,0.03,-0.02,-0.4852491636364734,-0.0052352524198373,0.7209,0.0029,False,,No Episode,0
2008-04-09,933.5999755859376,1.19,2.3,0.021217483367744,-0.07,-0.02,-0.5279618135404314,-0.0172658152116166,0.6879,-0.033,False,,No Episode,0
2008-04-10,928.2999877929688,1.26,2.29,-0.0056931115658844,0.07,-0.0099999999999997,-0.6217408129466465,-0.0215873760678215,0.7133,0.0254,False,,No Episode,0
2008-04-11,923.5999755859376,1.19,2.3,-0.0050758922092581,-0.07,0.0099999999999997,-0.6633103592836883,0.0109181091331501,0.7038,-0.0095,False,,No Episode,0
2008-04-14,925.4000244140624,1.23,2.3,0.0019470518083206,0.04,0.0,-0.6681865640726201,0.0519286418900143,0.7257,0.0219,False,,No Episode,0
2008-04-15,928.7000122070312,1.28,2.32,0.0035596690711043,0.05,0.02,-0.6641595716771456,0.0648827290967675,0.7622,0.0364999999999999,False,,No Episode,0
2008-04-16,945.0999755859376,1.41,2.31,0.0175049442425807,0.1299999999999999,-0.0099999999999997,-0.6080680156664454,0.14188932480864,0.8213,0.0591,False,,No Episode,0
2008-04-17,939.7999877929688,1.44,2.31,-0.0056236424890085,0.03,0.0,-0.5815385493901141,0.1432909937695594,0.8454,0.0241,False,,No Episode,0
2008-04-18,912.2000122070312,1.45,2.32,-0.0298077960201803,0.01,0.0099999999999997,-0.5847067278937339,0.1192643743786421,0.8481,0.0026999999999999,False,,No Episode,0
2008-04-21,914.7000122070312,1.44,2.31,0.002736878348144,-0.01,-0.0099999999999997,-0.5765594080186497,0.1165953338474257,0.8378,-0.0102999999999999,False,,No Episode,0
2008-04-22,922.2999877929688,1.43,2.31,0.0082743809985377,-0.01,0.0,-0.5556900715057854,0.1129330846123255,0.8387,0.0009,False,,No Episode,0
2008-04-23,906.2000122070312,1.44,2.33,-0.0176104913026415,0.01,0.02,-0.5531508055785321,0.0975510452270334,0.8514,0.0127,False,,No Episode,0
2008-04-24,886.7999877929688,1.56,2.31,-0.02164058172671,0.1200000000000001,-0.02,-0.5580077278636428,0.068989732972108,0.9048,0.0534,False,,No Episode,0
2008-04-25,887.2000122070312,1.6,2.31,0.0004509858183112,0.04,0.0,-0.5626061638731642,0.0356002951579247,0.9318,0.0269999999999999,False,,No Episode,0
2008-04-28,892.9000244140625,1.56,2.3,0.0064041700703985,-0.04,-0.0100000000000002,-0.5344087400090687,0.0348199072943534,0.8997,-0.0320999999999999,False,,No Episode,0
2008-04-29,874.2000122070312,1.56,2.29,-0.021165423472734,0.0,-0.0099999999999997,-0.534532573509771,0.0381673482584722,0.8815,-0.0182000000000001,False,,No Episode,0
2008-04-30,862.7999877929688,1.5,2.27,-0.0131262960260309,-0.06,-0.02,-0.5350785474075656,0.0516050824059954,0.8545,-0.0269999999999999,False,,No Episode,0
2008-05-01,848.9000244140625,1.52,2.26,-0.016241477863276,0.02,-0.0100000000000002,-0.5385474279916869,-0.0381148560503531,0.8552,0.0006999999999999,False,,No Episode,0
2008-05-02,856.0999755859375,1.53,2.36,0.0084457407271036,0.01,0.1,-0.5940563865564676,-0.0711239669535919,0.8965,0.0413,False,,No Episode,0
2008-05-05,872.2999877929688,1.53,2.35,0.0187462242144276,0.0,-0.0099999999999997,-0.6156016493375189,-0.0988986812148923,0.8904,-0.0060999999999999,False,,No Episode,0
2008-05-06,876.0,1.55,2.38,0.0042327034912936,0.02,0.0299999999999998,-0.6268136944854371,-0.0989794362070834,0.8952,0.0048,False,,No Episode,0
2008-05-07,869.5999755859375,1.51,2.36,-0.0073327832044416,-0.04,-0.02,-0.6310851074192693,-0.0765725584877137,0.8728,-0.0223999999999999,False,,No Episode,0
2008-05-08,880.5999755859375,1.43,2.36,0.0125701578653529,-0.08,0.0,-0.6186809140520959,-0.1219812914943133,0.8347,-0.0381,False,,No Episode,0
2008-05-09,884.5,1.39,2.38,0.0044190480025365,-0.04,0.02,-0.5936933824953459,-0.2189230614972232,0.8193,-0.0153999999999999,False,,No Episode,0
2008-05-12,883.7000122070312,1.41,2.37,-0.0009048612623345,0.02,-0.0099999999999997,-0.5945932879491986,-0.2403430720229814,0.8105,-0.0088,False,,No Episode,0
2008-05-13,868.5,1.51,2.39,-0.0173500666563457,0.1,0.02,-0.6578249143310309,-0.1677944553052367,0.8546,0.0441,False,,No Episode,0
2008-05-14,865.4000244140625,1.49,2.43,-0.0035757296790714,-0.02,0.04,-0.6816986834656583,-0.1893909116174146,0.8772,0.0225999999999999,False,,No Episode,0
2008-05-15,879.0,1.4,2.43,0.0155930416830889,-0.09,0.0,-0.6772889643994734,-0.256492911995962,0.8373,-0.0398999999999999,False,,No Episode,0
2008-05-16,899.0,1.41,2.44,0.0224981367864431,0.01,0.0099999999999997,-0.6942504372240439,-0.2308950729034201,0.8358,-0.0015,False,,No Episode,0
2008-05-19,905.0,1.36,2.47,0.0066519092283057,-0.0499999999999998,0.0300000000000002,-0.6839364034404056,-0.2822868103759198,0.823,-0.0128,False,,No Episode,0
2008-05-20,919.5,1.31,2.47,0.0158951003444505,-0.05,0.0,-0.6906816554478231,-0.3013253257650378,0.7945,-0.0284999999999999,False,,No Episode,0
2008-05-21,928.0,1.3,2.51,0.0092016887418244,-0.01,0.0399999999999995,-0.6806969617263404,-0.2538956982124577,0.8083,0.0138,False,,No Episode,0
2008-05-22,917.9000244140624,1.41,2.51,-0.0109432539634193,0.1099999999999998,0.0,-0.6585640469493514,-0.2770784036575526,0.8616,0.0533,False,,No Episode,0
2008-05-23,925.5999755859376,1.36,2.49,0.0083536706802131,-0.0499999999999998,-0.0199999999999995,-0.6640685425626565,-0.3177876534508568,0.8399,-0.0217,False,,No Episode,0
2008-05-28,900.5,1.58,2.45,-0.0079637763648809,0.1200000000000001,-0.02,-0.5796975339014694,-0.3932812604944481,0.9201,0.0489,False,,No Episode,0
2008-05-29,877.2000122070312,1.62,2.46,-0.0262151341563736,0.04,0.0099999999999997,-0.5824816515883846,-0.5423392373386127,0.9544,0.0343,False,,No Episode,0
2008-05-30,887.2999877929688,1.58,2.48,0.011448099624153,-0.04,0.02,-0.5939924081357707,-0.5525752401256766,0.9559,0.0014999999999999,False,,No Episode,0
2008-06-02,892.9000244140625,1.51,2.47,0.0062914897818178,-0.07,-0.0099999999999997,-0.5917393206294312,-0.5902278354962945,0.9114,-0.0444999999999999,False,,No Episode,0
2008-06-03,881.5999755859375,1.51,2.41,-0.0127362091598604,0.0,-0.06,-0.5927315623042458,-0.5809365777296627,0.8743,-0.0371,False,,No Episode,0
2008-06-04,879.9000244140625,1.59,2.39,-0.0019301183078272,0.08,-0.02,-0.5906994572051354,-0.5667327916900219,0.8905,0.0161999999999999,False,,No Episode,0
2008-06-05,871.7999877929688,1.63,2.43,-0.0092482665957289,0.0399999999999998,0.04,-0.5950950717202607,-0.5828790439702332,0.9251,0.0346,False,,No Episode,0
2008-06-06,895.4000244140625,1.47,2.47,0.0267105472707696,-0.1599999999999999,0.04,-0.6029017805672043,-0.6113534394198712,0.8844,-0.0407,False,,No Episode,0
2008-06-09,894.7000122070312,1.54,2.48,-0.0007820928756965,0.07,0.0099999999999997,-0.6072614055024798,-0.6060488179080439,0.9253,0.0409,False,,No Episode,0
2008-06-10,867.9000244140625,1.62,2.49,-0.0304119514170242,0.08,0.0100000000000002,-0.63939687214965,-0.6274110996045386,0.9625,0.0372,False,,No Episode,0
2008-06-11,879.7000122070312,1.62,2.48,0.0135044253547453,0.0,-0.0100000000000002,-0.6256816737747345,-0.6420602962986686,0.9547,-0.0078,False,,No Episode,0
2008-06-12,869.2000122070312,1.73,2.5,-0.0120076917087263,0.1099999999999998,0.02,-0.6360883995325917,-0.7017959342627319,1.0065,0.0517999999999999,False,,No Episode,0
2008-06-13,870.2999877929688,1.77,2.5,0.0012647033429749,0.04,0.0,-0.6613373705105595,-0.7083382147305854,1.0326,0.0261,False,,No Episode,0
2008-06-16,883.5999755859375,1.76,2.49,0.0151664781465079,-0.01,-0.0099999999999997,-0.6473866743062368,-0.7082379689206462,1.0225,-0.0100999999999999,False,,No Episode,0
2008-06-17,884.2999877929688,1.75,2.48,0.0007919138617733,-0.01,-0.0100000000000002,-0.6281243733106479,-0.7228445704792703,1.0059,-0.0165999999999999,False,,No Episode,0
2008-06-18,890.9000244140625,1.68,2.48,0.0074358573529016,-0.07,0.0,-0.6076293874017323,-0.7268789552476879,0.9779,-0.028,False,,No Episode,0
2008-06-19,901.7000122070312,1.75,2.47,0.0120496689132405,0.07,-0.0099999999999997,-0.5544248702406811,-0.7068727252928345,1.0086,0.0306999999999999,False,,No Episode,0
2008-06-20,901.2999877929688,1.72,2.44,-0.000443732025098,-0.03,-0.0300000000000002,-0.5285600337397749,-0.6925188541821959,0.9871,-0.0214999999999999,False,,No Episode,0
2008-06-23,884.7999877929688,1.75,2.44,-0.0184765350468625,0.03,0.0,-0.5499971486002294,-0.6832884701063413,1.0011,0.0140000000000001,False,,No Episode,0
2008-06-24,889.2000122070312,1.64,2.46,0.0049605788464495,-0.1100000000000001,0.02,-0.573739341338443,-0.6681373329850427,0.9604,-0.0407,False,,No Episode,0
2008-06-25,880.0,1.65,2.47,-0.0104002883458944,0.01,0.0100000000000002,-0.6143615983742332,-0.643679431660027,0.9619,0.0014999999999999,False,,No Episode,0
2008-06-26,913.0999755859376,1.55,2.52,0.0369234694124864,-0.0999999999999998,0.0499999999999998,-0.6606900740068956,-0.679677019234844,0.9338,-0.0281,False,,No Episode,0
2008-06-27,929.2999877929688,1.48,2.51,0.0175862245428284,-0.07,-0.0100000000000002,-0.7094346213575942,-0.680217812558003,0.9089,-0.0248999999999999,False,,No Episode,0
2008-06-30,926.2000122070312,1.48,2.51,-0.0033413942012225,0.0,0.0,-0.7145528700198063,-0.7061835009185518,0.8904,-0.0185,False,,No Episode,0
2008-07-01,942.5,1.49,2.52,0.0174457120958217,0.01,0.0100000000000002,-0.6998175722711321,-0.6880286811186641,0.8854,-0.005,False,,No Episode,0
2008-07-02,944.7999877929688,1.43,2.56,0.0024373326407589,-0.06,0.04,-0.7011019215475432,-0.6735039379362922,0.8772,-0.0081999999999999,False,,No Episode,0
2008-07-03,931.9000244140624,1.42,2.57,-0.0137477129731582,-0.01,0.0099999999999997,-0.6989049614300058,-0.6569872804362744,0.8721,-0.0050999999999999,False,,No Episode,0
2008-07-08,921.9000244140624,1.45,2.46,-0.0058403403552409,0.02,-0.06,-0.7011271014690444,-0.64729351788278,0.8318,-0.0187,False,,No Episode,0
2008-07-09,927.2999877929688,1.39,2.46,0.0058403403552409,-0.06,0.0,-0.7218199637931736,-0.6240164167935084,0.802,-0.0297999999999999,False,,No Episode,0
2008-07-10,940.9000244140624,1.4,2.43,0.014559765318161,0.01,-0.0299999999999998,-0.7460147920839396,-0.610713800366025,0.8025,0.0004999999999999,False,,No Episode,0
2008-07-11,959.5,1.48,2.48,0.0195754254874716,0.08,0.0499999999999998,-0.7349773039689718,-0.5170730033314079,0.8687,0.0662,False,,No Episode,0
2008-07-14,972.7000122070312,1.43,2.47,0.013663406977276,-0.05,-0.0099999999999997,-0.741343620358436,-0.5204277155087311,0.8639,-0.0048,False,,No Episode,0
2008-07-15,977.7000122070312,1.4,2.47,0.0051271645720518,-0.03,0.0,-0.766772569867937,-0.5227933069872899,0.8559,-0.008,False,,No Episode,0
2008-07-16,961.7999877929688,1.48,2.49,-0.0163963708453804,0.08,0.02,-0.7882399937893686,-0.5599698533653661,0.9033,0.0474,False,,No Episode,0
2008-07-17,970.0,1.6,2.47,0.0084895553457267,0.1200000000000001,-0.02,-0.7391613229726315,-0.5046134042206951,0.9644,0.0611,False,,No Episode,0
2008-07-18,957.2999877929688,1.65,2.46,-0.0131792622966422,0.0499999999999998,-0.0100000000000002,-0.6893706572253941,-0.5094900214312622,0.9985,0.0341,False,,No Episode,0
2008-07-21,963.0999755859376,1.66,2.43,0.0060404140165744,0.01,-0.0299999999999998,-0.6611043887423783,-0.4362208918500986,0.9953,-0.0032,False,,No Episode,0
2008-07-22,948.0,1.71,2.43,-0.0158027209623394,0.05,0.0,-0.6270503004776152,-0.4534715239009911,1.0137,0.0184,False,,No Episode,0
2008-07-23,922.4000244140624,1.8,2.36,-0.027375506832195,0.09,-0.0700000000000002,-0.6098161094666297,-0.4600737346325809,1.0281,0.0143999999999999,False,,No Episode,0
2008-07-24,922.0,1.69,2.34,-0.0004337718662323,-0.1100000000000001,-0.02,-0.6126730005457157,-0.426764258985176,0.9684,-0.0596999999999999,False,,No Episode,0
2008-07-25,926.5999755859376,1.79,2.34,0.0049767230779478,0.1,0.0,-0.569606279530951,-0.3654851900862404,0.9883,0.0198999999999999,False,,No Episode,0
2008-07-28,927.5999755859376,1.7,2.36,0.0010786324272329,-0.09,0.02,-0.5281324575131395,-0.3505282145028907,0.9525,-0.0357999999999999,False,,No Episode,0
2008-07-29,916.4000244140624,1.76,2.33,-0.0121476018411614,0.06,-0.0299999999999998,-0.4989820532918237,-0.3729587989335247,0.959,0.0064999999999999,False,,No Episode,0
2008-07-30,902.9000244140624,1.71,2.36,-0.0148411448675718,-0.05,0.0299999999999998,-0.4817483812363989,-0.3323329797520045,0.953,-0.006,False,,No Episode,0
2008-07-31,913.9000244140624,1.65,2.34,0.0121093506392648,-0.06,-0.02,-0.4734635945328673,-0.3393169440664021,0.9109,-0.0420999999999999,False,,No Episode,0
2008-08-01,909.0,1.63,2.34,-0.0053760888148275,-0.02,0.0,-0.4520370453396348,-0.3770351964295248,0.897,-0.0139,False,,No Episode,0
2008-08-04,900.0999755859375,1.64,2.34,-0.0098392530381623,0.01,0.0,-0.4356449279859828,-0.3802322089463198,0.8896,-0.0074,False,,No Episode,0
2008-08-05,878.5999755859375,1.74,2.3,-0.0241761373850977,0.1,-0.04,-0.4359842469874449,-0.4256254932106444,0.9028,0.0132000000000001,False,,No Episode,0
2008-08-06,875.5999755859375,1.79,2.27,-0.0034203659881777,0.05,-0.0299999999999998,-0.4897594646003094,-0.4274592498203182,0.9242,0.0213999999999999,False,,No Episode,0
2008-08-07,870.7000122070312,1.68,2.24,-0.0056118379116814,-0.1100000000000001,-0.0299999999999998,-0.4980200330484081,-0.3853196022393111,0.875,-0.0492,False,,No Episode,0
2008-08-08,857.7999877929688,1.72,2.22,-0.0149265420022057,0.04,-0.02,-0.5264107966511052,-0.3067911714414311,0.877,0.002,False,,No Episode,0
2008-08-11,821.5,1.8,2.19,-0.0432390203748314,0.08,-0.0300000000000002,-0.5738054199624175,-0.3225969447385988,0.8842,0.0071999999999999,False,,No Episode,0
2008-08-12,808.2000122070312,1.72,2.19,-0.016322369728976,-0.08,0.0,-0.5695267765671157,-0.2699784872588687,0.8403,-0.0438999999999999,False,,No Episode,0
2008-08-13,825.0,1.75,2.19,0.0205738185863344,0.03,0.0,-0.5798291100937359,-0.2482836037343898,0.8471,0.0067999999999999,False,,No Episode,0
2008-08-14,808.2000122070312,1.67,2.22,-0.0205738185863344,-0.08,0.0300000000000002,-0.5478090727386118,-0.1764222856568883,0.8244,-0.0226999999999999,False,,No Episode,0
2008-08-15,786.0,1.66,2.18,-0.0278527753191397,-0.01,-0.04,-0.5133965943901568,-0.1622031562550767,0.8005,-0.0239,False,,No Episode,0
2008-08-18,799.7000122070312,1.67,2.15,0.0172798801731506,0.01,-0.0300000000000002,-0.4990174824084328,-0.1549803381908943,0.7814,-0.0191,False,,No Episode,0
2008-08-19,811.0999755859375,1.68,2.15,0.0141546483740002,0.01,0.0,-0.4951190548723485,-0.1497065846041279,0.7845,0.0030999999999999,False,,No Episode,0
2008-08-20,810.2999877929688,1.6,2.19,-0.000986786574507,-0.0799999999999998,0.04,-0.458510883059727,-0.1366502649465924,0.7721,-0.0123999999999999,False,,No Episode,0
2008-08-21,833.0,1.61,2.23,0.0276291077649926,0.01,0.04,-0.4179106480591414,-0.1298254354023034,0.7951,0.023,False,,No Episode,0
2008-08-22,827.4000244140625,1.69,2.18,-0.0067453586325676,0.0799999999999998,-0.0499999999999998,-0.3781582387142325,-0.194373451550034,0.8216,0.0264999999999999,False,,No Episode,0
2008-08-25,819.7999877929688,1.64,2.15,-0.0092278903542935,-0.05,-0.0300000000000002,-0.2766985291708971,-0.1574121659981343,0.7849,-0.0366999999999999,False,,No Episode,0
2008-08-26,822.2000122070312,1.63,2.16,0.0029232961305867,-0.01,0.0100000000000002,-0.0959660971977803,-0.1503322584383134,0.7798,-0.0050999999999999,True,5,Broken Gauge,2
2008-08-27,828.0999755859375,1.58,2.19,0.0071502012470627,-0.0499999999999998,0.0299999999999998,0.1139405349648641,-0.1473200090794669,0.7683,-0.0115,True,5,Broken Gauge,2
2008-08-28,830.9000244140625,1.62,2.17,0.0033755894959766,0.04,-0.02,0.2412205312860373,-0.1997336599734514,0.7719,0.0036,True,5,Broken Gauge,2
2008-08-29,829.2999877929688,1.68,2.15,-0.0019275233161311,0.0599999999999998,-0.02,0.2963767048762099,-0.1797153527773388,0.7875,0.0155999999999999,True,5,Broken Gauge,2
2008-09-03,802.7000122070312,1.71,2.0,-0.0028612170735691,0.02,-0.0499999999999998,0.3280018689217783,-0.1689404177246143,0.7336,-0.0205999999999999,True,5,Broken Gauge,2
2008-09-04,797.9000244140625,1.7,1.94,-0.0059977534328616,-0.01,-0.06,0.2419423585293313,-0.1077418388882057,0.7022,-0.0313999999999999,True,5,Broken Gauge,2
2008-09-05,797.5999755859375,1.71,1.95,-0.0003761188739108,0.01,0.01,0.2294494995832099,-0.0937926304847974,0.7075,0.0052999999999999,True,5,Broken Gauge,2
2008-09-08,797.5,1.68,1.98,-0.0001253533792224,-0.03,0.03,0.1268726230967413,-0.1451481058864854,0.7138,0.0062999999999999,True,5,Broken Gauge,2
2008-09-09,787.0999755859375,1.69,1.93,-0.0131265605283346,0.01,-0.05,0.1052403133240955,-0.1321063784243732,0.6976,-0.0161999999999999,True,5,Broken Gauge,2
2008-09-10,757.9000244140625,1.7,1.95,-0.0378037910999067,0.01,0.02,-0.0197422392934939,-0.1254448915414035,0.7061,0.0084999999999999,True,5,Broken Gauge,2
2008-09-11,741.2999877929688,1.67,1.97,-0.0221460978351437,-0.03,0.02,-0.0405493886403332,-0.1237309401632033,0.7011,-0.005,True,5,Broken Gauge,2
2008-09-12,760.2999877929688,1.79,1.95,0.0253076909832312,0.1200000000000001,-0.02,-0.1006069862463819,0.0657177815824409,0.7542,0.0531,True,5,Broken Gauge,2
2008-09-15,783.0999755859375,1.7,1.77,0.0295472944018708,-0.09,-0.1799999999999999,-0.0290769039216758,-0.0477384320377225,0.6755,-0.0786999999999999,True,5,Broken Gauge,2
2008-09-16,776.5,1.85,1.63,-0.008463727991975,0.1500000000000001,-0.1400000000000001,-0.0556705350466217,-0.0574783600078978,0.7038,0.0282999999999999,True,5,Broken Gauge,2
2008-09-17,846.5999755859375,1.81,1.6,0.086431656660304,-0.04,-0.0299999999999998,-0.0376519997643289,-0.0901924479438148,0.7454,0.0415999999999999,True,5,Broken Gauge,2
2008-09-18,892.7000122070312,1.94,1.6,0.0530222926105521,0.1299999999999999,0.0,0.1644015134795823,0.0588145200361176,0.8467,0.1013,True,5,Broken Gauge,2
2008-09-19,860.5999755859375,1.85,1.93,-0.0366207998237513,-0.0899999999999998,0.3299999999999998,0.2753318466139702,0.1140607042035272,0.9366,0.0898999999999999,True,5,Broken Gauge,2
2008-09-22,903.9000244140624,1.85,1.98,0.0490889697782126,0.0,0.05,0.3827997930668705,0.1152196250649451,0.9233,-0.0132999999999999,True,5,Broken Gauge,2
2008-09-23,885.5,1.99,1.86,-0.0205663045911705,0.1399999999999999,-0.1199999999999998,0.4911840176171757,0.1194136603598329,0.931,0.0077,True,5,Broken Gauge,2
2008-09-24,889.0,2.05,1.75,0.0039447782910162,0.0599999999999998,-0.1100000000000001,0.5724728061404446,0.0914546515094809,0.9355,0.0044999999999999,True,5,Broken Gauge,2
2008-09-25,877.7000122070312,2.09,1.79,-0.0127923720078557,0.04,0.04,0.611541760380931,0.0764695170614812,0.9765,0.041,True,5,Broken Gauge,2
2008-09-26,882.9000244140625,2.1,1.75,0.0059071080536137,0.0100000000000002,-0.04,0.646820188261054,0.0369712238249359,0.9647,-0.0118,True,5,Broken Gauge,2
2008-09-29,888.2000122070312,2.03,1.58,0.0059849850419002,-0.0700000000000002,-0.1699999999999999,0.6710840810025521,0.0180683500353892,0.8399,-0.1248,True,5,Broken Gauge,2
2008-09-30,874.2000122070312,2.25,1.6,-0.015887760208689,0.2200000000000002,0.02,0.6659015004375178,-0.0513468221959328,0.9242,0.0843,True,5,Broken Gauge,2
2008-10-01,880.7000122070312,2.26,1.51,0.0074078632791412,0.0099999999999997,-0.09,0.6759174525690038,-0.0503937366855597,0.9109,-0.0132999999999999,True,5,Broken Gauge,2
2008-10-02,839.0,2.17,1.49,-0.0485063532048091,-0.0899999999999998,-0.02,0.6502455565435229,0.0372224482474329,0.8807,-0.0302,True,5,Broken Gauge,2
2008-10-03,828.9000244140625,2.18,1.45,-0.0121111564161573,0.0100000000000002,-0.04,0.6318605697035781,0.0435642222790232,0.8885,0.0077999999999999,True,5,Broken Gauge,2
2008-10-06,862.7000122070312,2.21,1.27,0.0399674701812831,0.0299999999999998,-0.1799999999999999,0.640085532294567,0.0574271284683513,0.8352,-0.0532999999999999,True,5,Broken Gauge,2
2008-10-07,878.4000244140625,2.32,1.18,0.0180350783167213,0.1099999999999998,-0.09,0.6556793758746181,0.0675095118397112,0.8197,-0.0155,True,5,Broken Gauge,2
2008-10-08,903.0999755859376,2.69,1.03,0.0277311636740797,0.3700000000000001,-0.1499999999999999,0.6776439633833616,0.1540032311199982,0.931,0.1113,True,5,Broken Gauge,2
2008-10-09,883.0999755859375,2.79,1.05,-0.0223948453942401,0.1,0.02,0.6713960893232227,0.1393124938181519,1.0171,0.0860999999999998,True,5,Broken Gauge,2
2008-10-10,855.4000244140625,2.97,0.92,-0.0318691924949785,0.1800000000000001,-0.13,0.6117326308406408,0.0799430337091516,1.0786,0.0615000000000001,True,5,Broken Gauge,2
2008-10-15,835.5,3.02,1.02,-0.0009570377555583,-0.0299999999999998,-0.01,0.467902332879011,0.0605217462543875,1.2172,0.0256,False,,No Episode,0
2008-10-16,801.5,3.02,0.97,-0.0415453759858399,0.0,-0.05,0.3610012545078029,0.0777826983084942,1.1986,-0.0185999999999999,False,,No Episode,0
2008-10-17,785.0999755859375,2.87,1.11,-0.0206739049421535,-0.1499999999999999,0.1400000000000001,0.2594924211677598,0.1103585205252375,1.1726,-0.026,False,,No Episode,0
2008-10-20,787.5999755859375,2.76,1.15,0.0031792486594675,-0.1100000000000003,0.0399999999999998,0.1807569861105352,0.1017208360214945,1.0934,-0.0792000000000001,False,,No Episode,0
2008-10-21,766.0999755859375,2.63,1.13,-0.0276776381121308,-0.1299999999999999,-0.02,0.1008004937362474,0.1397002716307346,0.9935,-0.0998999999999998,False,,No Episode,0
2008-10-22,733.2999877929688,2.59,1.06,-0.0437577992017459,-0.04,-0.0699999999999998,0.0063283330021453,0.160363670252631,0.9328,-0.0607,False,,No Episode,0
2008-10-23,713.2999877929688,2.67,0.96,-0.0276528062825134,0.08,-0.1,-0.1227070976078317,0.1430115150880505,0.9226,-0.0101999999999999,False,,No Episode,0
2008-10-24,729.0999755859375,3.02,0.74,0.0219087911566484,0.3500000000000001,-0.2199999999999999,-0.3050068199369293,0.1766688730849058,0.9684,0.0458,False,,No Episode,0
2008-10-27,741.7000122070312,3.02,0.77,0.0171340018735106,0.0,0.03,-0.4357805762879954,0.1551258941293248,1.0029,0.0344999999999998,False,,No Episode,0
2008-10-28,739.2999877929688,3.06,0.83,-0.0032410891492435,0.04,0.0599999999999999,-0.5517340241517683,0.1967865927818872,1.0658,0.0629000000000001,False,,No Episode,0
2008-10-29,752.7999877929688,3.05,0.88,0.0180957960042187,-0.0100000000000002,0.05,-0.6483038461619794,0.1950798013285606,1.1171,0.0512999999999999,False,,No Episode,0
2008-10-30,737.2000122070312,3.06,0.94,-0.0209403297013555,0.0100000000000002,0.0599999999999999,-0.6843143572455134,0.3089096018664414,1.1854,0.0683,False,,No Episode,0
2008-10-31,716.7999877929688,3.14,0.87,-0.0280623977234881,0.08,-0.0699999999999999,-0.693820198101177,0.2670944454381254,1.2185,0.0330999999999999,False,,No Episode,0
2008-11-03,725.4000244140625,3.09,0.87,0.0119264158739795,-0.0500000000000002,0.0,-0.7138293411466042,0.2097279837993583,1.2038,-0.0146999999999999,False,,No Episode,0
2008-11-04,756.0,2.88,0.93,0.0413181156747315,-0.2099999999999999,0.06,-0.6967761360483039,0.0952156243338613,1.1379,-0.0659,False,,No Episode,0
2008-11-05,741.2999877929688,2.76,0.97,-0.0196359909839189,-0.1200000000000001,0.0399999999999999,-0.675563082106845,0.134216357712334,1.1011,-0.0367999999999999,False,,No Episode,0
2008-11-06,731.2000122070312,2.81,0.94,-0.0137183483611567,0.0500000000000002,-0.03,-0.6504789030983242,0.1286471679340307,1.0986,-0.0024999999999999,False,,No Episode,0
2008-11-07,733.2000122070312,2.86,0.97,0.002731495780071,0.0499999999999998,0.03,-0.6301563425766857,0.1318865193215447,1.1395,0.0408999999999999,False,,No Episode,0
2008-11-10,745.5999755859375,2.84,0.98,0.01677069801267,-0.02,0.01,-0.6009065114774299,0.1211496835480828,1.1368,-0.0026999999999999,False,,No Episode,0
2008-11-13,704.9000244140625,2.95,0.89,-0.0179956880299512,0.1600000000000001,-0.0699999999999999,-0.5136244594317183,0.1617711770943745,1.1138,0.0186999999999999,False,,No Episode,0
2008-11-14,742.4000244140625,2.87,0.85,0.0518322309426935,-0.08,-0.04,-0.4601120533695819,0.0909909959436835,1.0725,-0.0412999999999998,False,,No Episode,0
2008-11-17,741.9000244140625,2.85,0.83,-0.0006737182543474,-0.02,-0.02,-0.4236999961007583,0.0440348245672367,1.0417,-0.0307999999999999,False,,No Episode,0
2008-11-18,732.5999755859375,2.92,0.61,-0.0126146790834793,0.0699999999999998,-0.2199999999999999,-0.3965422499047856,0.0387176772017538,0.9798,-0.0619,False,,No Episode,0
2008-11-19,735.9000244140625,2.98,0.4,0.0044944560888566,0.06,-0.2099999999999999,-0.2971193578332401,0.0418569870220498,0.9159,-0.0638999999999999,False,,No Episode,0
2008-11-20,748.5999755859375,3.06,0.04,0.0171104897490259,0.08,-0.36,-0.1065439354388599,0.0338602180320138,0.8203,-0.0956,False,,No Episode,0
2008-11-21,791.7000122070312,3.15,0.05,0.0559777847387792,0.0899999999999998,0.01,0.0799285337875738,-0.0478017997027046,0.839,0.0186999999999999,False,,No Episode,0
2008-11-24,819.4000244140625,3.11,0.24,0.0343898473116723,-0.04,0.19,0.2518122401635802,-0.0510099885226776,0.9063,0.0673,False,,No Episode,0
2008-11-25,818.4000244140625,2.79,0.32,-0.0012211504389476,-0.3199999999999998,0.08,0.1880568778087921,0.006979742038282,0.8317,-0.0746,False,,No Episode,0
2008-11-26,808.5,2.68,0.31,-0.0121705654517096,-0.1099999999999998,-0.01,0.0447336541231978,0.03939687050382,0.7822,-0.0494999999999999,False,,No Episode,0
2008-12-01,774.5999755859375,2.38,0.34,-0.0523127023652687,-0.2200000000000002,0.01,-0.2152181755480914,0.140779286055046,0.6515,-0.096,False,,No Episode,0
2008-12-02,781.2999877929688,2.26,0.42,0.00861244781633,-0.1200000000000001,0.0799999999999999,-0.2695647054117895,0.1072467214658155,0.6115,-0.0399999999999999,False,,No Episode,0
2008-12-03,768.7999877929688,2.14,0.53,-0.0161283416006474,-0.1199999999999996,0.11,-0.2718355765956154,0.1254551167295302,0.5914,-0.0201,False,,No Episode,0
2008-12-04,763.7999877929688,1.98,0.57,-0.0065248829686082,-0.1600000000000001,0.0399999999999999,-0.2594986844173225,0.1050174255583514,0.5526,-0.0388,False,,No Episode,0
2008-12-05,750.5,2.23,0.44,-0.017566307735926,0.25,-0.1299999999999999,-0.2581822166036265,0.0447071925040585,0.6129,0.0603,False,,No Episode,0
2008-12-08,767.4000244140625,2.47,0.3,0.0222685585533337,0.2400000000000002,-0.14,-0.2942662152964931,0.1173400207300821,0.6589,0.046,False,,No Episode,0
2008-12-09,772.4000244140625,2.41,0.26,0.006494372535565,-0.06,-0.0399999999999999,-0.293043366543145,0.0535430692306605,0.621,-0.0379,False,,No Episode,0
2008-12-10,807.0999755859375,2.44,0.25,0.0439449639187934,0.0299999999999998,-0.01,-0.3205257729402776,0.0699011642400151,0.6261,0.0050999999999999,False,,No Episode,0
2008-12-11,824.9000244140625,2.35,0.29,0.0218146503818674,-0.0899999999999998,0.0399999999999999,-0.3583438632386422,0.0602325666937653,0.6004,-0.0256999999999999,False,,No Episode,0
2008-12-12,818.9000244140625,2.43,0.17,-0.0073001903736935,0.08,-0.1199999999999999,-0.3839076136975223,0.0468357787316229,0.5885,-0.0119,False,,No Episode,0
2008-12-15,835.4000244140625,2.43,0.1,0.0199486751980906,0.0,-0.07,-0.3926741516372229,0.0586241382838952,0.5588,-0.0297,False,,No Episode,0
2008-12-16,841.7000122070312,2.21,0.16,0.007512989432886,-0.2200000000000002,0.06,-0.4074353187115493,0.0893414656996138,0.4826,-0.0761999999999999,False,,No Episode,0
2008-12-17,867.5,1.86,0.34,0.0301918411006552,-0.3499999999999998,0.18,-0.4817792430077785,0.0091978118847085,0.4242,-0.0583999999999999,False,,No Episode,0
2008-12-18,859.5999755859375,1.85,0.23,-0.0091483754543144,-0.01,-0.11,-0.5438417130526257,0.0675360380598622,0.3576,-0.0666,False,,No Episode,0
2008-12-19,836.4000244140625,1.98,0.15,-0.0273601396227638,0.1299999999999999,-0.08,-0.5676652950359579,-0.0034616053921072,0.3652,0.0076,False,,No Episode,0
2008-12-22,846.2000122070312,2.01,0.15,0.0116487559677356,0.0299999999999998,0.0,-0.5859723852881481,0.0139415109869271,0.3749,0.0096999999999999,False,,No Episode,0
2008-12-23,837.2000122070312,2.03,0.15,-0.0106927475590445,0.02,0.0,-0.59118704241092,0.008312279327815,0.3805,0.0055999999999999,False,,No Episode,0
2008-12-24,847.0999755859375,2.07,0.13,0.0117557174641218,0.04,-0.0199999999999999,-0.5968951170342662,0.0122922373758523,0.3915,0.011,False,,No Episode,0
2008-12-29,874.5999755859375,2.02,0.11,0.0048137069133504,-0.0099999999999997,-0.02,-0.596534622975051,0.0479360401746751,0.3518,-0.0226999999999999,False,,No Episode,0
2008-12-30,869.2999877929688,2.02,0.09,-0.0060783350216233,0.0,-0.02,-0.591112839083648,0.0730832223004332,0.3423,-0.0095,False,,No Episode,0
2008-12-31,883.5999755859375,2.14,0.11,0.016316167873092,0.1200000000000001,0.02,-0.5690421570792802,0.0893837113370005,0.393,0.0507,False,,No Episode,0
2009-01-05,857.2000122070312,2.34,0.15,-0.0248860487798783,0.0499999999999998,-0.02,-0.4457891425355456,0.0609693504699303,0.5094,0.0202999999999999,False,,No Episode,0
2009-01-06,865.4000244140625,2.09,0.42,0.0095205781620792,-0.25,0.27,-0.3761093306600668,0.0353632168487345,0.5204,0.011,False,,No Episode,0
2009-01-07,841.0999755859375,2.05,0.47,-0.0284813260600458,-0.04,0.0499999999999999,-0.3513263784331201,-0.0329965962102303,0.5267,0.0062999999999999,False,,No Episode,0
2009-01-08,853.9000244140625,1.97,0.5,0.0151035895627611,-0.0799999999999998,0.03,-0.4140515769735962,-0.0397497265257225,0.5135,-0.0131999999999999,False,,No Episode,0
2009-01-09,854.2999877929688,1.87,0.56,0.0004682863638416,-0.0999999999999998,0.06,-0.4532255656111614,-0.0509921927168832,0.4887,-0.0247999999999999,False,,No Episode,0
2009-01-12,820.2999877929688,1.75,0.59,-0.0406122937411197,-0.1200000000000001,0.0299999999999999,-0.4102018067460249,-0.0169411181636212,0.4533,-0.0354,False,,No Episode,0
2009-01-13,820.0999755859375,1.74,0.59,-0.0002438578547767,-0.01,0.0,-0.3772199810860688,-0.011796548017625,0.4378,-0.0154999999999999,False,,No Episode,0
2009-01-14,808.2000122070312,1.79,0.45,-0.0146166865244019,0.05,-0.1399999999999999,-0.2928180884119802,-0.1680233273070284,0.3974,-0.0404,False,,No Episode,0
2009-01-15,806.7000122070312,1.78,0.45,-0.0018577006733595,-0.01,0.0,-0.2262699994623077,-0.1602264678920906,0.3871,-0.0102999999999999,False,,No Episode,0
2009-01-16,839.2999877929688,1.81,0.55,0.0396163294694948,0.03,0.1,-0.2259577999208921,-0.1580638414861802,0.4314,0.0443,False,,No Episode,0
2009-01-21,849.5999755859375,1.98,0.58,-0.0058678728903753,0.1599999999999999,0.0,-0.270373385600955,-0.1332039230474883,0.5389,0.0788,False,,No Episode,0
2009-01-22,858.2000122070312,1.97,0.65,0.0100715650296931,-0.01,0.07,-0.1434087814913266,-0.2175120976914533,0.5834,0.0444999999999999,False,,No Episode,0
2009-01-23,895.2999877929688,1.93,0.72,0.0423216572241216,-0.04,0.0699999999999999,-0.014354492485557,-0.2170878893583206,0.6153,0.0318999999999999,False,,No Episode,0
2009-01-26,908.5,1.92,0.78,0.014636043830686,-0.01,0.06,0.0643071021156382,-0.2588252505735692,0.6429,0.0276,False,,No Episode,0
2009-01-27,899.2000122070312,1.77,0.82,-0.0102893951213642,-0.1499999999999999,0.0399999999999999,0.0498337135679292,-0.2082363070475891,0.6104,-0.0324999999999999,False,,No Episode,0
2009-01-28,888.0999755859375,1.81,0.9,-0.0124211709406214,0.04,0.08,0.1288271651692773,-0.207347055255676,0.6413,0.0308999999999999,False,,No Episode,0
2009-01-29,905.0999755859376,1.83,1.04,0.0189610860850004,0.02,0.14,0.1652171962354276,-0.2025970636785142,0.706,0.0646999999999999,False,,No Episode,0
2009-01-30,927.2999877929688,1.73,1.14,0.0242317167828813,-0.1,0.0999999999999998,0.0737578678219883,-0.2217611180485973,0.719,0.013,False,,No Episode,0
2009-02-02,906.7000122070312,1.69,1.07,-0.0224654765269693,-0.04,-0.0699999999999998,-0.0077331749413674,-0.0745591090126047,0.6746,-0.0443999999999999,False,,No Episode,0
2009-02-03,892.0,1.76,1.13,-0.0163455155351428,0.07,0.0599999999999998,-0.0442565645389278,-0.0995344099520944,0.7091,0.0344999999999999,False,,No Episode,0
2009-02-04,901.5999755859376,1.78,1.17,0.01070480306696,0.02,0.04,-0.0711593033473446,-0.0207981494569003,0.7332,0.0241,False,,No Episode,0
2009-02-05,913.5999755859376,1.84,1.11,0.013221876531853,0.06,-0.0599999999999998,-0.0831539688300811,-0.0128430034995022,0.7367,0.0035,False,,No Episode,0
2009-02-06,913.9000244140624,1.82,1.23,0.0003283708134835,-0.02,0.1199999999999998,-0.0870838185860719,-0.0049285189919964,0.7713,0.0345999999999999,False,,No Episode,0
2009-02-09,892.4000244140625,1.66,1.41,-0.023806693076172,-0.1600000000000001,0.1799999999999999,-0.094310716218458,0.061913229762519,0.7842,0.0129,False,,No Episode,0
2009-02-10,913.7000122070312,1.65,1.25,0.0235878134484393,-0.01,-0.1599999999999999,-0.1478777181827206,0.0771551499857969,0.7105,-0.0736999999999999,False,,No Episode,0
2009-02-11,943.7999877929688,1.66,1.12,0.0324119629937964,0.01,-0.1299999999999999,-0.2199908367422438,0.0867311173126698,0.6661,-0.0443999999999999,False,,No Episode,0
2009-02-12,948.5,1.61,1.14,0.004967523016699,-0.0499999999999998,0.0199999999999997,-0.2887120365414161,0.0873155108428473,0.6379,-0.0282,False,,No Episode,0
2009-02-13,941.5,1.68,1.21,-0.0074074412778619,0.0699999999999998,0.07,-0.3444295638987891,0.0377814821996302,0.69,0.0520999999999999,False,,No Episode,0
2009-02-18,977.7000122070312,1.63,1.11,0.0110043915437882,0.0999999999999998,0.0,-0.5403867955947304,0.0637268026465728,0.6227,0.024,False,,No Episode,0
2009-02-19,976.0999755859376,1.73,1.12,-0.0016378718280085,0.1,0.01,-0.550911170746272,0.082298074441727,0.6711,0.0484,False,,No Episode,0
2009-02-20,1001.7999877929688,1.67,1.11,0.0259886335693444,-0.06,-0.01,-0.5458083232784596,0.0415529009606575,0.6541,-0.017,False,,No Episode,0
2009-02-23,994.5999755859376,1.7,1.08,-0.0072130270043944,0.03,-0.03,-0.5352242404102332,0.0451374663429576,0.654,-9.9999999999989e-05,False,,No Episode,0
2009-02-24,969.0999755859376,1.82,0.98,-0.0259728411860313,0.1200000000000001,-0.1,-0.4821940297375776,-0.046632136339226,0.6653,0.0112999999999999,False,,No Episode,0
2009-02-25,965.7000122070312,1.98,0.97,-0.0035145409345167,0.1599999999999999,-0.01,-0.3986246947765824,-0.2048787771034207,0.7232,0.0578999999999999,False,,No Episode,0
2009-02-26,941.7999877929688,2.02,0.96,-0.0250603147654056,0.04,-0.01,-0.363779342972344,-0.2187404911604907,0.7537,0.0305,False,,No Episode,0
2009-02-27,941.5,2.06,0.96,-0.0003185767508631,0.04,0.0,-0.3188631536551433,-0.2087914587714767,0.7636,0.0098999999999999,False,,No Episode,0
2009-03-02,939.0,2.0,0.91,-0.0026588688889441,-0.06,-0.0499999999999999,-0.3249782339081138,-0.1977017983511674,0.7178,-0.0457999999999999,False,,No Episode,0
2009-03-03,912.9000244140624,2.02,0.91,-0.028189106893814,0.02,0.0,-0.3428356950361221,-0.2270934718204957,0.7192,0.0013999999999999,False,,No Episode,0
2009-03-04,906.0,2.09,0.92,-0.0075870662714692,0.0699999999999998,0.01,-0.3673427685241042,-0.2407450052249424,0.7599,0.0407,False,,No Episode,0
2009-03-05,927.0,1.98,0.85,0.0229142595228752,-0.1099999999999998,-0.07,-0.313332939247486,-0.2668740291858923,0.7063,-0.0535999999999999,False,,No Episode,0
2009-03-06,942.0999755859376,2.02,0.81,0.0161578345742539,0.04,-0.0399999999999999,-0.2385735267273346,-0.2513895014061103,0.6979,-0.0084,False,,No Episode,0
2009-03-09,917.7000122070312,2.06,0.83,-0.0262408470133745,0.04,0.0199999999999999,-0.2307902176078195,-0.2462290568521519,0.713,0.0151,False,,No Episode,0
2009-03-10,895.5999755859375,2.15,0.84,-0.0243766956621422,0.0899999999999998,0.01,-0.2756896461682466,-0.2776944395362786,0.7533,0.0403,False,,No Episode,0
2009-03-11,910.4000244140624,2.03,0.92,0.0163902327243263,-0.1200000000000001,0.08,-0.3126296624247032,-0.3649747310240108,0.7425,-0.0107999999999999,False,,No Episode,0
2009-03-12,923.7000122070312,1.88,1.01,0.0145032666250095,-0.1499999999999999,0.0899999999999999,-0.3334023307497759,-0.3797385634682158,0.7148,-0.0277,False,,No Episode,0
2009-03-13,929.7999877929688,1.87,1.02,0.0065821393138927,-0.0099999999999997,0.01,-0.3406119409811151,-0.3935815184930765,0.6963,-0.0184999999999999,False,,No Episode,0
2009-03-16,921.5999755859376,1.88,1.09,-0.0088582326771478,0.0099999999999997,0.07,-0.3504593026804255,-0.3596312990312247,0.7161,0.0197999999999999,False,,No Episode,0
2009-03-17,916.4000244140624,1.9,1.12,-0.0056582862300595,0.02,0.03,-0.3937176284906076,-0.3964210403391741,0.7496,0.0335,False,,No Episode,0
2009-03-18,888.7000122070312,1.28,1.23,-0.0306932427403552,-0.6199999999999999,0.1099999999999998,-0.2070886934629442,0.0410164955259263,0.5636,-0.186,False,,No Episode,0
2009-03-19,958.2999877929688,1.31,1.3,0.0754011341312432,0.03,0.07,-0.2592059189441895,0.0655068275553209,0.531,-0.0325999999999999,False,,No Episode,0
2009-03-20,955.7999877929688,1.43,1.22,-0.0026121952389761,0.1199999999999998,-0.08,-0.2803472679739713,0.0497806654214135,0.5262,-0.0048,False,,No Episode,0
2009-03-23,952.0999755859376,1.4,1.28,-0.0038786277232096,-0.03,0.06,-0.2929828897567974,0.0505613503158523,0.5281,0.0019,False,,No Episode,0
2009-03-24,923.2999877929688,1.36,1.32,-0.0307158500918225,-0.0399999999999998,0.04,-0.2867141058322769,0.0210034514608909,0.5279,-0.0001999999999999,False,,No Episode,0
2009-03-25,935.4000244140624,1.44,1.37,0.0130200758344232,0.0799999999999998,0.05,-0.2919382486755854,0.0328484417650884,0.577,0.0490999999999999,False,,No Episode,0
2009-03-26,939.5999755859376,1.3,1.46,0.0044799554093772,-0.1399999999999999,0.0899999999999998,-0.2739522407337332,0.0207961711272849,0.5721,-0.0048999999999999,False,,No Episode,0
2009-03-27,923.0,1.38,1.4,-0.0178249922984417,0.0799999999999998,-0.06,-0.231398374393454,0.0062082967561521,0.5782,0.0060999999999999,False,,No Episode,0
2009-03-30,915.5,1.39,1.34,-0.0081588703882866,0.01,-0.0599999999999998,-0.1857974368642945,0.0102748597816975,0.5525,-0.0257,False,,No Episode,0
2009-03-31,922.5999755859376,1.43,1.28,0.0077253805469146,0.04,-0.06,-0.1397008666341476,0.060372243453995,0.5283,-0.0242,False,,No Episode,0
2009-04-01,926.0999755859376,1.37,1.31,0.0037864491525114,-0.0599999999999998,0.03,-0.1062322990313173,0.0424894811458064,0.5076,-0.0206999999999999,False,,No Episode,0
2009-04-02,907.4000244140624,1.44,1.33,-0.020398799678615,0.0699999999999998,0.02,-0.0739196369773861,0.0252989964505126,0.5393,0.0316999999999999,False,,No Episode,0
2009-04-03,895.5999755859375,1.53,1.38,-0.0130895366707841,0.09,0.0499999999999998,-0.0321039877330434,0.0323311328313222,0.6051,0.0657999999999999,False,,No Episode,0
2009-04-06,871.5,1.52,1.43,-0.0272779925045165,-0.01,0.05,0.0254000571788049,0.0342216895334588,0.6409,0.0358,False,,No Episode,0
2009-04-07,882.2000122070312,1.61,1.32,0.0122029365477978,0.09,-0.1099999999999998,0.0212037026320853,0.0845991929583152,0.6456,0.0046999999999999,False,,No Episode,0
2009-04-08,884.7999877929688,1.57,1.29,0.0029428154638235,-0.04,-0.03,-0.017879285457443,0.0856045063603283,0.6305,-0.0151,False,,No Episode,0
2009-04-09,882.2000122070312,1.62,1.34,-0.0029428154638235,0.05,0.05,-0.0441227940135738,0.10124700999583,0.6593,0.0288,False,,No Episode,0
2009-04-14,890.9000244140625,1.52,1.28,-0.0042562650668473,-0.03,-0.05,-0.1070446305814627,0.0888776787506147,0.5961,-0.0369,False,,No Episode,0
2009-04-15,892.7999877929688,1.55,1.27,0.0021303628238795,0.03,-0.01,-0.0945370892589064,0.1049215788345595,0.5873,-0.0087999999999999,False,,No Episode,0
2009-04-16,879.2999877929688,1.59,1.27,-0.0152364554520092,0.04,0.0,-0.0697700028351244,0.1019109176629287,0.6181,0.0307999999999999,False,,No Episode,0
2009-04-17,867.4000244140625,1.7,1.28,-0.0136258629547656,0.1099999999999998,0.01,-0.1201652686840951,0.1142913259639469,0.674,0.0559,False,,No Episode,0
2009-04-20,887.0,1.66,1.22,0.0223447227620576,-0.04,-0.06,-0.2128038487962236,0.0932260773918459,0.648,-0.026,False,,No Episode,0
2009-04-21,882.0999755859375,1.69,1.25,-0.0055395817220631,0.03,0.03,-0.2656549969560074,0.1095478296542694,0.6659,0.0179,False,,No Episode,0
2009-04-22,891.7999877929688,1.65,1.33,0.0109364779177782,-0.04,0.08,-0.2589568397007813,0.1405617428353903,0.6924,0.0264999999999999,False,,No Episode,0
2009-04-23,905.9000244140624,1.52,1.44,0.0156870731200111,-0.1299999999999999,0.1099999999999998,-0.2962593215918718,0.1393040751384203,0.6936,0.0011999999999999,False,,No Episode,0
2009-04-24,913.5999755859376,1.53,1.5,0.0084638605535172,0.01,0.06,-0.3632282631916474,0.1717598214124787,0.7237,0.0301,False,,No Episode,0
2009-04-27,907.4000244140624,1.48,1.47,-0.0068094180434465,-0.05,-0.03,-0.4672229638157159,0.1744723525971308,0.6957,-0.028,False,,No Episode,0
2009-04-28,892.7999877929688,1.54,1.51,-0.0162208161810797,0.06,0.04,-0.5799554864050704,0.1603456219449091,0.7272,0.0314999999999999,False,,No Episode,0
2009-04-29,899.7999877929688,1.59,1.53,0.0078099248863923,0.05,0.02,-0.7375566701560865,0.168276371179672,0.7615,0.0343,False,,No Episode,0
2009-04-30,890.7000122070312,1.69,1.47,-0.0101648186978788,0.0999999999999998,-0.06,-0.8346835780289333,-0.1788543860506087,0.78,0.0185,False,,No Episode,0
2009-05-01,887.5999755859375,1.8,1.41,-0.0034865205900747,0.1100000000000001,-0.06,-0.78238489130621,-0.3061688374651756,0.8004,0.0203999999999999,False,,No Episode,0
2009-05-04,901.5999755859376,1.77,1.42,0.0156497720942345,-0.03,0.01,-0.7527713595438489,-0.3347992189573812,0.7953,-0.0050999999999999,False,,No Episode,0
2009-05-05,903.7000122070312,1.77,1.43,0.002326524768776,0.0,0.01,-0.7040587949353315,-0.3414443988904543,0.7978,0.0024999999999999,False,,No Episode,0
2009-05-06,910.5,1.74,1.44,0.0074964387519171,-0.03,0.01,-0.6265788719841452,-0.4501618534932596,0.7987,0.0009,False,,No Episode,0
2009-05-07,915.0,1.74,1.55,0.004930166107858,0.0,0.1100000000000001,-0.5418456537620858,-0.5084099711727463,0.8424,0.0437,False,,No Episode,0
2009-05-08,914.4000244140624,1.77,1.52,-0.0006559260953773,0.03,-0.03,-0.3620756510943671,-0.5254057128538971,0.8547,0.0122999999999999,False,,No Episode,0
2009-05-11,913.0,1.7,1.47,-0.0015322585851755,-0.07,-0.05,-0.2538334455552972,-0.4791661093684772,0.8124,-0.0423,False,,No Episode,0
2009-05-12,923.5,1.69,1.48,0.0114349190443263,-0.01,0.01,-0.1420438553933365,-0.4856342414469473,0.7979,-0.0144999999999999,False,,No Episode,0
2009-05-13,925.5,1.67,1.44,0.0021633323742573,-0.02,-0.04,-0.0230247382666164,-0.5029384942996751,0.7718,-0.0261,False,,No Episode,0
2009-05-14,928.0,1.68,1.42,0.0026976007726489,0.01,-0.02,0.1713149406156976,-0.5023318222079499,0.764,-0.0078,False,,No Episode,0
2009-05-15,930.9000244140624,1.66,1.48,0.0031201535625431,-0.02,0.06,0.2306409351160584,-0.4757616891405968,0.7735,0.0094999999999999,False,,No Episode,0
2009-05-18,921.2999877929688,1.66,1.56,-0.0103661834836472,0.0,0.08,0.2310486293388653,-0.4298875758760088,0.8079,0.0343999999999999,False,,No Episode,0
2009-05-19,926.2999877929688,1.65,1.6,0.0054124402166157,-0.01,0.04,0.1617670739111243,-0.5184602120494376,0.8281,0.0201999999999999,False,,No Episode,0
2009-05-20,937.0,1.56,1.63,0.0114851391567096,-0.0899999999999998,0.0299999999999998,0.0727998162923005,-0.6290921439641028,0.8085,-0.0195999999999999,False,,No Episode,0
2009-05-21,950.7999877929688,1.67,1.68,0.0146204404089216,0.1099999999999998,0.05,0.0604918631809728,-0.5008783693259252,0.8584,0.0499,False,,No Episode,0
2009-05-22,958.5,1.72,1.73,0.0080658398383555,0.05,0.05,0.1102746600612778,-0.4712085824194786,0.909,0.0505999999999999,False,,No Episode,0
2009-05-27,953.2000122070312,1.83,1.88,0.0001049537028023,0.1100000000000001,0.0999999999999998,0.1933810756448992,-0.4464873013758176,1.0329,0.0817999999999999,False,,No Episode,0
2009-05-28,961.5,1.87,1.8,0.0086698069978785,0.04,-0.0799999999999998,0.2790624719726384,-0.4313794233227015,1.0539,0.0210000000000001,False,,No Episode,0
2009-05-29,978.7999877929688,1.67,1.8,0.0178327540682561,-0.2000000000000001,0.0,0.2116496214251192,-0.49577230410485,0.9989,-0.055,False,,No Episode,0
2009-06-01,978.5999755859376,1.8,1.91,-0.000204365190016,0.1300000000000001,0.1099999999999998,0.3101862799246733,-0.4459975864237909,1.0744,0.0755,False,,No Episode,0
2009-06-02,983.2000122070312,1.69,1.96,0.0046896167603636,-0.1100000000000001,0.05,0.2890107529787449,-0.428894644295934,1.0824,0.008,False,,No Episode,0
2009-06-03,964.5,1.68,1.88,-0.0192027383216544,-0.01,-0.08,0.2934357804874162,-0.3674650730536446,1.0523,-0.0301,False,,No Episode,0
2009-06-04,981.2000122070312,1.83,1.89,0.0171664924794709,0.1500000000000001,0.01,0.3497874592846117,-0.2284863324611845,1.1039,0.0516,False,,No Episode,0
2009-06-05,961.7000122070312,1.88,1.96,-0.0200737604136387,0.0499999999999998,0.07,0.3595158025996836,-0.1860711022433341,1.1926,0.0887,False,,No Episode,0
2009-06-08,951.7000122070312,1.94,1.97,-0.0104526925067647,0.06,0.01,0.3569260239956902,-0.2060745248662728,1.2372,0.0445999999999999,False,,No Episode,0
2009-06-09,954.0,1.88,1.98,0.0024137995434356,-0.06,0.01,0.3392508543331333,-0.2338642481166908,1.2213,-0.0159,False,,No Episode,0
2009-06-10,954.0,1.91,2.07,0.0,0.03,0.0899999999999998,0.2865968399694373,-0.2102567509495417,1.2529,0.0315999999999998,False,,No Episode,0
2009-06-11,961.2999877929688,1.89,1.99,0.0076228509250215,-0.02,-0.0799999999999998,0.2593141602670022,-0.2289159414340706,1.2303,-0.0225999999999999,False,,No Episode,0
2009-06-12,940.0999755859376,1.91,1.9,-0.0223002957584474,0.02,-0.09,0.2215455164701629,-0.1800566727892748,1.2041,-0.0262,False,,No Episode,0
2009-06-15,926.9000244140624,1.9,1.86,-0.0141405153935956,-0.01,-0.0399999999999998,0.2327712089889322,-0.1453279742928672,1.1701,-0.034,False,,No Episode,0
2009-06-16,931.5999755859376,1.88,1.79,0.0050578005823265,-0.02,-0.07,0.2240487426902059,-0.1317781254400957,1.1347,-0.0353999999999998,False,,No Episode,0
2009-06-17,935.4000244140624,1.95,1.73,0.0040707595883242,0.07,-0.06,0.2034286006093316,-0.1207399907774359,1.1241,-0.0105999999999999,False,,No Episode,0
2009-06-18,934.0,1.98,1.88,-0.0014978331630732,0.03,0.1499999999999999,0.1515636186563173,-0.1133494418346174,1.1904,0.0662999999999998,False,,No Episode,0
2009-06-19,935.5999755859376,1.91,1.88,0.0017115703866288,-0.07,0.0,0.1170267502886612,-0.1134046604015955,1.1876,-0.0027999999999999,False,,No Episode,0
2009-06-22,920.5999755859376,1.89,1.83,-0.0161624037520597,-0.02,-0.0499999999999998,0.071552328042725,-0.0895226217221244,1.1513,-0.0363,False,,No Episode,0
2009-06-23,923.9000244140624,1.84,1.81,0.0035782622382924,-0.0499999999999998,-0.02,0.0120296467908421,-0.1039176157407672,1.1211,-0.0302,False,,No Episode,0
2009-06-24,934.0999755859376,1.93,1.79,0.0109796056406432,0.0899999999999998,-0.02,-0.0504545319135826,-0.0561690892320678,1.1361,0.0150000000000001,False,,No Episode,0
2009-06-25,939.0999755859376,1.82,1.73,0.0053384710709218,-0.1099999999999998,-0.06,-0.1000998216983677,-0.0754792473028296,1.0753,-0.0608000000000001,False,,No Episode,0
2009-06-26,940.7000122070312,1.85,1.67,0.0017023481411762,0.03,-0.06,-0.1493735094087075,-0.0745687438377867,1.0438,-0.0314999999999998,False,,No Episode,0
2009-06-29,940.4000244140624,1.83,1.68,-0.0003189493271724,-0.02,0.01,-0.2029026203186463,-0.0710175331260386,1.0306,-0.0132000000000001,False,,No Episode,0
2009-06-30,927.0999755859376,1.78,1.75,-0.0142439343481335,-0.05,0.07,-0.2755210101065216,-0.0395169343254426,1.0322,0.0016,False,,No Episode,0
2009-07-01,941.0,1.83,1.72,0.0148817313062394,0.05,-0.03,-0.3720814717801904,-0.0099286510358143,1.0321,-9.9999999999989e-05,False,,No Episode,0
2009-07-02,930.7000122070312,1.87,1.64,-0.0110061352777464,0.04,-0.08,-0.508948509850412,0.0200798254528871,1.0089,-0.0232000000000001,False,,No Episode,0
2009-07-07,928.7999877929688,1.87,1.6,0.0051813455991993,-0.1599999999999997,0.1100000000000001,-0.563532926817512,-0.1267629963074008,0.9839,-0.0163999999999999,False,,No Episode,0
2009-07-08,909.0,1.79,1.54,-0.0215483230634045,-0.08,-0.06,-0.4745103749118426,-0.0599974447593779,0.9192,-0.0646999999999999,False,,No Episode,0
2009-07-09,915.9000244140624,1.87,1.57,0.0075621208872798,0.08,0.03,-0.4621869207022708,-0.0415170816970973,0.9455,0.0262999999999999,False,,No Episode,0
2009-07-10,912.2000122070312,1.8,1.52,-0.0040479374051907,-0.07,-0.05,-0.4160809755380268,-0.0501082004756933,0.908,-0.0374999999999999,False,,No Episode,0
2009-07-13,922.2000122070312,1.84,1.54,0.0109028553498964,0.04,0.02,-0.304744495158499,0.120906939981486,0.9187,0.0106999999999999,False,,No Episode,0
2009-07-14,922.5,1.86,1.64,0.0003252429052178,0.02,0.0999999999999998,-0.2632143784205786,0.1188876505280468,0.9683,0.0496,False,,No Episode,0
2009-07-15,939.0999755859376,1.87,1.76,0.0178345678985873,0.01,0.1200000000000001,-0.0739312583510753,0.1540295393908348,1.0372,0.0688999999999998,False,,No Episode,0
2009-07-16,935.0999755859376,1.82,1.77,-0.0042684944803736,-0.05,0.01,0.1241296281583868,0.1542821388537908,1.0366,-0.0005999999999999,False,,No Episode,0
2009-07-17,937.2000122070312,1.81,1.86,0.0022432703257457,-0.01,0.09,0.2347608543958202,0.0397181502216923,1.0685,0.0319,False,,No Episode,0
2009-07-20,948.5,1.73,1.88,0.0119850697164274,-0.08,0.0199999999999997,0.1250002533356294,0.040766494411361,1.0521,-0.0163999999999999,False,,No Episode,0
2009-07-21,946.5999755859376,1.71,1.79,-0.002005197694241,-0.02,-0.0899999999999998,-0.0209685361105287,0.0778372667043653,1.0048,-0.0473000000000001,False,,No Episode,0
2009-07-22,953.0,1.75,1.83,0.0067383119733737,0.04,0.04,-0.1219156982261161,0.100652169741104,1.0199,0.0151000000000001,False,,No Episode,0
2009-07-23,954.5,1.8,1.92,0.0015727395116007,0.05,0.0899999999999998,-0.2122851217175712,0.1042363295715512,1.0859,0.066,False,,No Episode,0
2009-07-24,952.7999877929688,1.81,1.89,-0.0017826379364578,0.01,-0.03,-0.3005972456008785,0.1108760771381499,1.0948,0.0088999999999999,False,,No Episode,0
2009-07-27,953.2999877929688,1.85,1.9,0.0005246314651614,0.04,0.01,-0.3078197284349061,0.1499317087769366,1.1184,0.0236,False,,No Episode,0
2009-07-28,939.0,1.86,1.86,-0.0151141574862432,0.01,-0.0399999999999998,-0.2939541020479956,0.1321537232178953,1.1197,0.0012999999999998,False,,No Episode,0
2009-07-29,927.2000122070312,1.84,1.85,-0.0126461740172434,-0.02,-0.01,-0.2880830871096766,0.1465406615848234,1.1203,0.0006000000000001,False,,No Episode,0
2009-07-30,934.9000244140624,1.78,1.89,0.0082702926203399,-0.06,0.0399999999999998,-0.304168322173548,0.1043022411316228,1.1107,-0.0096,False,,No Episode,0
2009-07-31,953.7000122070312,1.71,1.81,0.0199095715731623,-0.07,-0.0799999999999998,-0.3958218939867597,0.0386436933212295,1.049,-0.0617,False,,No Episode,0
2009-08-03,956.5999755859376,1.78,1.88,0.0030361363399702,0.07,0.0699999999999998,-0.4283972610152883,0.0503153621245091,1.084,0.0350000000000001,False,,No Episode,0
2009-08-04,967.5,1.81,1.89,0.011330119179445,0.03,0.01,-0.3882317332146011,0.0545612986372991,1.1027,0.0186999999999999,False,,No Episode,0
2009-08-05,964.2000122070312,1.85,1.95,-0.0034166702721467,0.04,0.06,-0.3395715106073613,0.0491603131334894,1.1393,0.0365999999999999,False,,No Episode,0
2009-08-06,960.7000122070312,1.87,1.92,-0.0036365565097051,0.02,-0.03,-0.2861457902560465,-0.0016526624364055,1.148,0.0086999999999999,False,,No Episode,0
2009-08-07,957.2999877929688,1.88,2.01,-0.0035453889212986,0.0099999999999997,0.0899999999999998,-0.2405287561433033,0.0240227645737158,1.1936,0.0456,False,,No Episode,0
2009-08-10,945.0,1.83,1.97,-0.0129318817070434,-0.0499999999999998,-0.0399999999999998,-0.2405112140354449,0.0576970028607776,1.1655,-0.0281,False,,No Episode,0
2009-08-11,945.7999877929688,1.8,1.91,0.0008461898094651,-0.03,-0.06,-0.2442818607292036,0.0559970234359394,1.1301,-0.0353999999999998,False,,No Episode,0
2009-08-12,950.7000122070312,1.84,1.88,0.0051674509018218,0.04,-0.03,-0.2633197064250929,0.0265867229676979,1.134,0.0038999999999997,False,,No Episode,0
2009-08-13,954.7000122070312,1.8,1.79,0.004198599585206,-0.04,-0.0899999999999998,-0.2711431606544901,-0.0218930697922349,1.0847,-0.0492999999999999,False,,No Episode,0
2009-08-14,947.0,1.85,1.7,-0.0080980746041579,0.05,-0.09,-0.2516316799182697,-0.0201396097239182,1.0525,-0.0322,False,,No Episode,0
2009-08-17,934.2999877929688,1.79,1.69,-0.0135015204525981,-0.06,-0.01,-0.1405617516457606,0.1100124147840948,1.0102,-0.0423,False,,No Episode,0
2009-08-18,937.7000122070312,1.78,1.73,0.0036325087101554,-0.01,0.04,-0.0995402158339147,0.1846642345480877,1.0113,0.0011000000000001,False,,No Episode,0
2009-08-19,943.2999877929688,1.7,1.75,0.0059542712713991,-0.08,0.02,-0.1362455701096242,0.0263961863804203,0.9912,-0.0201000000000001,False,,No Episode,0
2009-08-20,940.2999877929688,1.6,1.82,-0.0031853924140641,-0.0999999999999998,0.07,-0.0070417338402084,0.0128816858980666,0.9791,-0.0121,False,,No Episode,0
2009-08-21,953.2000122070312,1.69,1.87,0.0136257977299854,0.0899999999999998,0.05,-0.0455322469312981,0.0794920370206276,1.0349,0.0557999999999999,False,,No Episode,0
2009-08-24,942.2999877929688,1.67,1.81,-0.0115010757727516,-0.02,-0.06,0.0285523905814647,0.060396823155021,1.0152,-0.0196999999999998,False,,No Episode,0
2009-08-25,944.5,1.72,1.73,0.0023320046833603,0.05,-0.08,0.1313825154614812,0.0668175531546022,0.9989,-0.0163,False,,No Episode,0
2009-08-26,944.2999877929688,1.72,1.72,-0.0002117875996106,0.0,-0.01,0.1834383897892358,0.0502431186843788,0.9927,-0.0061999999999999,False,,No Episode,0
2009-08-27,945.5,1.75,1.72,0.0012699887565581,0.03,0.0,0.2207107195794266,0.0361912815097048,0.9994,0.0066999999999999,False,,No Episode,0
2009-08-28,957.0,1.76,1.7,0.0120895033544421,0.01,-0.02,0.2334444374226231,0.0472983264624416,0.994,-0.0053999999999999,False,,No Episode,0
2009-08-31,951.7000122070312,1.76,1.64,-0.0055535195481031,0.0,-0.06,0.2313559965824317,0.1298904769374397,0.9688,-0.0252,False,,No Episode,0
2009-09-01,954.7000122070312,1.74,1.64,0.0031472958853848,-0.02,0.0,0.211194381407462,0.1204760123874135,0.9472,-0.0215999999999999,False,,No Episode,0
2009-09-02,976.5999755859376,1.71,1.58,0.0226799588382835,-0.03,-0.0599999999999998,0.0955602353457435,0.0386963994882127,0.9113,-0.0359,False,,No Episode,0
2009-09-03,995.7999877929688,1.69,1.64,0.0194692953210458,-0.02,0.0599999999999998,-0.0771771266279501,0.0111395857631784,0.9148,0.0034999999999999,False,,No Episode,0
2009-09-04,994.9000244140624,1.7,1.75,-0.0009041678150394,0.01,0.1100000000000001,-0.1655948700543937,0.0120522612744486,0.9553,0.0405,False,,No Episode,0
2009-09-09,995.2999877929688,1.66,1.82,-0.002608908368364,0.0,0.01,-0.3209784078641199,0.0318035930608557,0.98,0.0085999999999999,False,,No Episode,0
2009-09-10,995.4000244140624,1.59,1.77,0.0001005039639974,-0.0699999999999998,-0.05,-0.3804475720918069,0.0276308810001793,0.9351,-0.0448999999999999,False,,No Episode,0
2009-09-11,1004.9000244140624,1.59,1.75,0.0094986463985895,0.0,-0.02,-0.4639669493351149,0.0578663586021174,0.9188,-0.0163,False,,No Episode,0
2009-09-14,999.9000244140624,1.65,1.77,-0.0049880389516214,0.0599999999999998,0.02,-0.5035674686366342,0.1253790137608619,0.9418,0.023,False,,No Episode,0
2009-09-15,1005.0,1.64,1.83,0.0050875220948682,-0.01,0.06,-0.5343686717759091,0.1193165213577559,0.9678,0.026,False,,No Episode,0
2009-09-16,1018.9000244140624,1.62,1.86,0.0137360964482589,-0.0199999999999997,0.03,-0.583827088102066,0.0720080250368219,0.9893,0.0214999999999999,False,,No Episode,0
2009-09-17,1012.2999877929688,1.62,1.8,-0.0064986803954383,0.0,-0.06,-0.6293390797150256,0.0895520494564466,0.9699,-0.0193999999999999,False,,No Episode,0
2009-09-18,1009.2000122070312,1.68,1.81,-0.0030670076833434,0.0599999999999998,0.01,-0.6475643449416154,0.0712590557054848,0.9988,0.0289,False,,No Episode,0
2009-09-21,1003.7000122070312,1.69,1.8,-0.005464765880867,0.01,-0.01,-0.6652236258795908,0.068117335767832,1.0007,0.0018999999999999,False,,No Episode,0
2009-09-22,1014.2000122070312,1.65,1.81,0.0104069524152503,-0.04,0.01,-0.662075059422012,-0.0155508668922043,0.9919,-0.0087999999999999,False,,No Episode,0
2009-09-23,1013.0,1.63,1.81,-0.0011839111483533,-0.02,0.0,-0.663478695699973,-0.0142756367757287,0.9784,-0.0134999999999999,False,,No Episode,0
2009-09-24,997.5,1.64,1.76,-0.0154193554846644,0.01,-0.05,-0.6691705561415203,-0.051463861633391,0.9578,-0.0206,False,,No Episode,0
2009-09-25,990.2000122070312,1.6,1.74,-0.0073451935088524,-0.0399999999999998,-0.02,-0.6629323258245724,-0.0173207291152305,0.9386,-0.0191999999999999,False,,No Episode,0
2009-09-28,992.5,1.57,1.74,0.0023200573061794,-0.03,0.0,-0.6515193984258547,0.0300677139101696,0.9174,-0.0211999999999999,False,,No Episode,0
2009-09-29,993.0999755859376,1.59,1.72,0.000604326764277,0.02,-0.02,-0.611449699501864,-0.0486614548794348,0.9108,-0.0065999999999999,False,,No Episode,0
2009-09-30,1008.0,1.56,1.75,0.0148921093056912,-0.03,0.03,-0.5844342252807836,-0.0736431600374213,0.9012,-0.0096,False,,No Episode,0
2009-10-01,999.5,1.5,1.71,-0.0084682946908589,-0.06,-0.04,-0.5578795662979796,0.0051211598922888,0.8611,-0.0401,False,,No Episode,0
2009-10-02,1003.2000122070312,1.54,1.7,0.0036950281062946,0.04,-0.01,-0.6540629180930142,-0.0384227875334827,0.86,-0.0010999999999999,False,,No Episode,0
2009-10-05,1016.7000122070312,1.51,1.73,0.0133671972408881,-0.03,0.03,-0.6710053144861715,-0.2022079432854708,0.8583,-0.0017,False,,No Episode,0
2009-10-06,1038.5999755859375,1.53,1.74,0.0213115286158762,0.02,0.01,-0.7261814939541216,-0.1655558245262289,0.8707,0.0124,False,,No Episode,0
2009-10-07,1043.300048828125,1.45,1.76,0.004515184372023,-0.08,0.02,-0.7600023424706394,-0.1641525946929147,0.8386,-0.0321,False,,No Episode,0
2009-10-08,1055.4000244140625,1.49,1.78,0.0115310518285509,0.04,0.02,-0.7821065915327884,-0.1138658567378263,0.859,0.0203999999999999,False,,No Episode,0
2009-10-09,1047.800048828125,1.56,1.84,-0.0072270905293541,0.07,0.06,-0.7549262651976877,-0.176415492015532,0.922,0.063,False,,No Episode,0
2009-10-14,1063.9000244140625,1.51,1.94,-0.000281872809773,0.05,0.06,-0.7337997480705332,-0.2744717208943765,0.9467,0.0381,False,,No Episode,0
2009-10-15,1049.800048828125,1.5,1.99,-0.0133417081399906,-0.01,0.05,-0.7125522827167835,-0.2593924000912283,0.9735,0.0268,False,,No Episode,0
2009-10-16,1050.699951171875,1.45,1.98,0.0008568458926996,-0.05,-0.01,-0.7135995086268342,-0.2312701095586194,0.9594,-0.0141,False,,No Episode,0
2009-10-19,1057.300048828125,1.38,2.03,0.0062619726976489,-0.07,0.0499999999999998,-0.7368755090360297,-0.2426181442366811,0.9485,-0.0109,False,,No Episode,0
2009-10-20,1057.800048828125,1.37,1.98,0.0004727908715693,-0.0099999999999997,-0.0499999999999998,-0.7526345843016496,-0.2386474648084466,0.9212,-0.0272999999999999,False,,No Episode,0
2009-10-21,1063.699951171875,1.43,1.99,0.0055620245616285,0.0599999999999998,0.01,-0.764803019264958,-0.2074458914789712,0.9435,0.0222999999999999,False,,No Episode,0
2009-10-22,1057.800048828125,1.49,1.95,-0.0055620245616285,0.06,-0.04,-0.7572633604642197,-0.2374694542371679,0.9563,0.0128,False,,No Episode,0
2009-10-23,1055.5999755859375,1.51,2.0,-0.0020820232909208,0.02,0.05,-0.7559412650167868,-0.2626387017386263,0.9868,0.0304999999999999,False,,No Episode,0
2009-10-26,1042.0999755859375,1.59,2.0,-0.0128714179304028,0.08,0.0,-0.7362527887730888,-0.333177631862482,1.0232,0.0364000000000001,False,,No Episode,0
2009-10-27,1034.699951171875,1.49,2.0,-0.0071264021503347,-0.1,0.0,-0.7236824750167289,-0.2306166631262781,0.989,-0.0342000000000001,False,,No Episode,0
2009-10-28,1029.9000244140625,1.48,1.96,-0.0046497485832626,-0.01,-0.04,-0.7080029845109385,-0.2266260356229067,0.9631,-0.0259,False,,No Episode,0
2009-10-29,1046.4000244140625,1.5,2.03,0.0158939911973847,0.02,0.0699999999999998,-0.7098686953000781,-0.1824126187774419,0.9922,0.0291,False,,No Episode,0
2009-10-30,1039.699951171875,1.41,2.0,-0.0064235620141595,-0.09,-0.0299999999999998,-0.6940231284818251,-0.1288078719421343,0.9519,-0.0403,False,,No Episode,0
2009-11-02,1053.4000244140625,1.41,2.04,0.0130908882054736,0.0,0.04,-0.6973018447284275,-0.1030569758434397,0.9493,-0.0025999999999999,False,,No Episode,0
2009-11-03,1084.300048828125,1.45,2.05,0.0289116112843386,0.04,0.0099999999999997,-0.6837419709006303,-0.0026678734645468,0.9671,0.0177999999999999,False,,No Episode,0
2009-11-04,1086.699951171875,1.45,2.12,0.0022108736262573,0.0,0.0700000000000002,-0.6825785439969984,0.0134158615833956,0.9928,0.0257,False,,No Episode,0
2009-11-05,1088.699951171875,1.41,2.16,0.0018387429008726,-0.04,0.04,-0.6962382801460136,0.0115578491346217,0.9946,0.0018,False,,No Episode,0
2009-11-06,1095.0999755859375,1.37,2.17,0.0058613819506039,-0.0399999999999998,0.0099999999999997,-0.7004578007646897,0.0271462183041201,0.9823,-0.0123,False,,No Episode,0
2009-11-09,1100.800048828125,1.3,2.22,0.0051915715482211,-0.07,0.0500000000000002,-0.7110575343831032,-0.0013661645411588,0.974,-0.0082999999999999,False,,No Episode,0
2009-11-10,1101.9000244140625,1.31,2.19,0.0009987521140404,0.01,-0.0300000000000002,-0.7266661721815382,-0.0061189801221581,0.9726,-0.0013999999999999,False,,No Episode,0
2009-11-13,1116.0999755859375,1.31,2.12,0.0090905407049488,-0.02,0.0,-0.7408249534642037,0.0116828992567426,0.9489,-0.0100999999999999,False,,No Episode,0
2009-11-16,1138.5999755859375,1.21,2.12,0.0199589722875757,-0.1,0.0,-0.8129202559155545,-0.1208712553627043,0.9046,-0.0443,False,,No Episode,0
2009-11-17,1138.800048828125,1.2,2.13,0.0001757032058984,-0.01,0.0099999999999997,-0.845363174791353,-0.1205824385666089,0.8911,-0.0134999999999999,False,,No Episode,0
2009-11-18,1140.699951171875,1.21,2.15,0.0016669469477434,0.01,0.02,-0.8709576609759336,-0.1137400001761087,0.8989,0.0078,False,,No Episode,0
2009-11-19,1141.4000244140625,1.21,2.14,0.0006135342637367,0.0,-0.0099999999999997,-0.8827970014074359,-0.1603138311731586,0.8945,-0.0044,False,,No Episode,0
2009-11-20,1146.4000244140625,1.21,2.15,0.0043710183180643,0.0,0.0099999999999997,-0.8982017060125225,-0.1575933407068671,0.9011,0.0066,False,,No Episode,0
2009-11-23,1164.300048828125,1.2,2.17,0.0154934711704735,-0.01,0.02,-0.9052130799344822,-0.1874061092360164,0.9023,0.0011999999999999,False,,No Episode,0
2009-11-24,1165.5,1.21,2.11,0.0010300894950905,0.01,-0.06,-0.911637179554288,-0.1384257553056239,0.8744,-0.0279,False,,No Episode,0
2009-11-25,1186.9000244140625,1.16,2.12,0.0181947071562511,-0.05,0.0100000000000002,-0.9188766499200772,-0.1047613135957216,0.8507,-0.0236999999999999,False,,No Episode,0
2009-11-30,1181.0999755859375,1.13,2.08,0.0058591639012659,-0.02,0.02,-0.935412143072814,-0.0908021621431218,0.7964,-0.0187,False,,No Episode,0
2009-12-01,1199.0999755859375,1.14,2.14,0.0151250680778778,0.01,0.06,-0.9373720008663412,-0.0810843423363063,0.8106,0.0141999999999999,False,,No Episode,0
2009-12-02,1212.0,1.18,2.14,0.0107006326041947,0.04,0.0,-0.9338863446201208,-0.047992963623977,0.833,0.0223999999999999,False,,No Episode,0
2009-12-03,1217.4000244140625,1.24,2.15,0.0044455694848295,0.06,0.0099999999999997,-0.9161574603852264,-0.0488058915610892,0.8643,0.0312999999999999,False,,No Episode,0
2009-12-04,1168.800048828125,1.34,2.14,-0.0407398339013127,0.1,-0.0099999999999997,-0.8955727420457777,-0.3022147184137358,0.9147,0.0504,False,,No Episode,0
2009-12-07,1163.4000244140625,1.31,2.13,-0.0046308497510176,-0.03,-0.0100000000000002,-0.882999764010178,-0.2666569777815534,0.9091,-0.0055999999999999,False,,No Episode,0
2009-12-08,1142.800048828125,1.31,2.09,-0.017865339378396,0.0,-0.04,-0.8753324353566114,-0.2569009241775649,0.8883,-0.0208,False,,No Episode,0
2009-12-09,1120.4000244140625,1.36,2.09,-0.0197956479069212,0.05,0.0,-0.8684228065590723,-0.2556517138905292,0.8971,0.0088,False,,No Episode,0
2009-12-10,1125.699951171875,1.4,2.09,0.0047192348085278,0.0399999999999998,0.0,-0.8421210396077236,-0.3243593561295212,0.9206,0.0234999999999999,False,,No Episode,0
2009-12-11,1119.4000244140625,1.41,2.14,-0.0056121717177566,0.01,0.0500000000000002,-0.8148906932610327,-0.3332911486088207,0.9518,0.0312,False,,No Episode,0
2009-12-14,1123.300048828125,1.37,2.19,0.0034779758487735,-0.0399999999999998,0.0499999999999998,-0.7857159833157831,-0.3575809912496914,0.9682,0.0163999999999999,False,,No Episode,0
2009-12-15,1122.4000244140625,1.37,2.23,-0.0008015535760756,0.0,0.04,-0.7796391693055953,-0.4406204431252209,0.9875,0.0193,False,,No Episode,0
2009-12-16,1135.5,1.34,2.27,0.0116038110057026,-0.03,0.04,-0.7682053409771273,-0.456325566461001,0.9922,0.0046999999999999,False,,No Episode,0
2009-12-17,1106.800048828125,1.28,2.22,-0.0256000695163587,-0.06,-0.0499999999999998,-0.7328415925513212,-0.4299752403325725,0.9494,-0.0427999999999999,False,,No Episode,0
2009-12-18,1110.800048828125,1.31,2.24,0.0036075073610097,0.03,0.02,-0.7055198254425897,-0.4183214026638804,0.9625,0.0131,False,,No Episode,0
2009-12-21,1095.4000244140625,1.39,2.3,-0.0139609047528379,0.0799999999999998,0.0599999999999996,-0.6992124869638641,-0.4571367468901257,1.0166,0.0540999999999999,False,,No Episode,0
2009-12-22,1086.0,1.43,2.33,-0.0086183941435455,0.04,0.0300000000000002,-0.7138602398103299,-0.4616842413183793,1.0553,0.0386999999999999,False,,No Episode,0
2009-12-23,1093.300048828125,1.46,2.31,0.0066994686077892,0.03,-0.02,-0.7434595815936634,-0.4458774676068946,1.0744,0.0191000000000001,False,,No Episode,0
2009-12-24,1104.0999755859375,1.5,2.32,0.0098298112312367,0.04,0.0099999999999997,-0.7547776422709997,-0.4163456121898097,1.1042,0.0298,False,,No Episode,0
2009-12-29,1097.0,1.46,2.36,-0.0092550804876276,-0.04,0.0099999999999997,-0.7782661635354537,-0.3769965489833491,1.1174,-0.0051000000000001,False,,No Episode,0
2009-12-30,1091.5,1.44,2.36,-0.0050262842852317,-0.02,0.0,-0.8000966189358268,-0.2758599383037339,1.1129,-0.0044999999999999,False,,No Episode,0
2009-12-31,1095.199951171875,1.48,2.37,0.003384053400488,0.04,0.0100000000000002,-0.8228685690677353,-0.26075634927919,1.1347,0.0218,False,,No Episode,0
2010-01-05,1118.0999755859375,1.43,2.34,0.0003578356126983,-0.04,-0.04,-0.8401491356240016,-0.2712018404207429,1.1012,-0.0313000000000001,False,,No Episode,0
2010-01-06,1135.9000244140625,1.48,2.37,0.0157945154125096,0.05,0.0300000000000002,-0.8272368234094444,-0.2154597218461054,1.1205,0.0193,False,,No Episode,0
2010-01-07,1133.0999755859375,1.44,2.41,-0.0024680918902548,-0.04,0.04,-0.8173175344294507,-0.1917502792792086,1.13,0.0094999999999998,False,,No Episode,0
2010-01-08,1138.199951171875,1.41,2.42,0.0044908064293327,-0.03,0.0099999999999997,-0.8079017429906193,-0.2011679003076875,1.1216,-0.0083999999999999,False,,No Episode,0
2010-01-11,1150.699951171875,1.47,2.38,0.0109223861264045,0.06,-0.04,-0.7585376936446256,-0.0979415124575461,1.1267,0.0051000000000001,False,,No Episode,0
2010-01-12,1128.9000244140625,1.35,2.39,-0.019126681502084,-0.1199999999999998,0.0100000000000002,-0.7470291013389636,0.0311805609842594,1.0869,-0.0398,False,,No Episode,0
2010-01-13,1136.4000244140625,1.43,2.37,0.0066216635698017,0.0799999999999998,-0.02,-0.7213790193398518,0.0701457225405327,1.1029,0.016,False,,No Episode,0
2010-01-14,1142.5999755859375,1.4,2.36,0.0054409534595301,-0.03,-0.0100000000000002,-0.6573530058792387,0.0561121995513513,1.0861,-0.0167999999999999,False,,No Episode,0
2010-01-15,1130.0999755859375,1.34,2.36,-0.0110002431605984,-0.0599999999999998,0.0,-0.5376702023537115,0.0648973816047714,1.0601,-0.026,False,,No Episode,0
2010-01-20,1112.300048828125,1.31,2.37,-0.024335039522402,-0.04,-0.0099999999999997,-0.3163140029905542,0.3535485309567799,1.0485,-0.0172000000000001,False,,No Episode,0
2010-01-21,1102.699951171875,1.29,2.33,-0.0086683140122083,-0.02,-0.04,-0.165426629348944,0.3561802674375693,1.0179,-0.0305999999999999,False,,No Episode,0
2010-01-22,1089.199951171875,1.31,2.31,-0.0123182365138596,0.02,-0.02,-0.0231345101391231,0.348325692508542,1.0059,-0.012,False,,No Episode,0
2010-01-25,1095.199951171875,1.33,2.33,0.0054935134202303,0.02,0.02,0.0235397120732316,0.440259305634735,1.0158,0.0099,False,,No Episode,0
2010-01-26,1097.9000244140625,1.31,2.34,0.0024623360872553,-0.02,0.0099999999999997,0.0637732092101359,0.4271203758832397,1.015,-0.0008000000000001,False,,No Episode,0
2010-01-27,1084.4000244140625,1.35,2.31,-0.0123724253393415,0.04,-0.0299999999999998,0.0935635570837121,0.3871704703632535,1.0234,0.0084000000000001,False,,No Episode,0
2010-01-28,1083.5999755859375,1.35,2.33,-0.0007380524579723,0.0,0.02,0.1275484601502474,0.4049702381363254,1.026,0.0025999999999999,False,,No Episode,0
2010-01-29,1083.0,1.3,2.33,-0.0005538406794372,-0.05,0.0,0.1880371850746647,0.3951769184190465,1.0065,-0.0195,False,,No Episode,0
2010-02-01,1104.300048828125,1.29,2.39,0.0194767262684525,-0.01,0.06,0.2315453182853538,0.3964169522893613,1.0161,0.0096,False,,No Episode,0
2010-02-02,1117.4000244140625,1.26,2.41,0.0117928856045956,-0.03,0.02,0.1980651278098426,0.3051301336099103,1.0124,-0.0037,False,,No Episode,0
2010-02-03,1111.4000244140625,1.3,2.43,-0.0053840760612731,0.04,0.02,0.1957975742337883,0.2798046470696441,1.0309,0.0184999999999999,False,,No Episode,0
2010-02-04,1062.4000244140625,1.27,2.35,-0.0450899811104923,-0.03,-0.08,0.2874906949935844,0.3784836520920009,0.9935,-0.0373999999999998,False,,No Episode,0
2010-02-05,1052.199951171875,1.32,2.27,-0.0096473588113124,0.05,-0.08,0.3481186072445214,0.366844350827208,0.9659,-0.0276,False,,No Episode,0
2010-02-08,1065.699951171875,1.35,2.27,0.0127486505180591,0.03,0.0,0.3820448770323553,0.374255081561768,0.968,0.0020999999999999,False,,No Episode,0
2010-02-09,1076.699951171875,1.37,2.3,0.0102689480628548,0.02,0.0299999999999998,0.401331113305712,0.3668175604119541,0.9893,0.0212999999999999,False,,No Episode,0
2010-02-10,1075.800048828125,1.44,2.28,-0.0008361462449988,0.0699999999999998,-0.02,0.3664652922424588,0.3497545812673549,1.0205,0.0312,False,,No Episode,0
2010-02-11,1094.199951171875,1.47,2.26,0.0169588417783508,0.03,-0.02,0.3566574903485318,0.3551909033590567,1.0323,0.0118,False,,No Episode,0
2010-02-12,1089.5,1.46,2.23,-0.0043045826205521,-0.01,-0.0299999999999998,0.3437178021405787,0.3532049572554074,1.0209,-0.0114,False,,No Episode,0
2010-02-17,1119.5,1.46,2.28,0.0001786235197833,0.04,0.0399999999999995,0.3937613746443459,0.2865518774321498,1.0367,0.0289999999999999,False,,No Episode,0
2010-02-18,1118.0,1.48,2.31,-0.0013407823237647,0.02,0.0300000000000002,0.3924140846919409,0.2889633674537729,1.0678,0.0311000000000001,False,,No Episode,0
2010-02-19,1121.300048828125,1.52,2.26,0.0029473952977854,0.04,-0.0500000000000002,0.367107231685212,0.2612453217353918,1.0798,0.012,False,,No Episode,0
2010-02-22,1112.5999755859375,1.55,2.25,-0.0077891733148893,0.03,-0.0099999999999997,0.3347179296245559,0.2469153258443455,1.0825,0.0026999999999999,False,,No Episode,0
2010-02-23,1102.699951171875,1.5,2.19,-0.0089379232138249,-0.05,-0.06,0.3092909805709911,0.275546890033099,1.0419,-0.0405999999999999,False,,No Episode,0
2010-02-24,1096.5,1.51,2.19,-0.0056383846261729,0.01,0.0,0.2307184702076773,0.244940933786815,1.0334,-0.0084999999999999,False,,No Episode,0
2010-02-25,1107.800048828125,1.51,2.13,0.0102528218177209,0.0,-0.06,0.2562433999768181,0.1402736707884994,1.0071,-0.0262999999999999,False,,No Episode,0
2010-02-26,1118.300048828125,1.48,2.13,0.0094336080212924,-0.03,0.0,0.2616047658724268,0.0850859159006894,0.9873,-0.0198000000000001,False,,No Episode,0
2010-03-01,1117.800048828125,1.46,2.15,-0.0004472071790146,-0.02,0.02,0.2870766683500786,0.09981550457523,0.9774,-0.0098999999999999,False,,No Episode,0
2010-03-02,1136.9000244140625,1.46,2.16,0.016942770091358,0.0,0.0100000000000002,0.3547012520898219,0.0490284843358807,0.9726,-0.0048,False,,No Episode,0
2010-03-03,1142.699951171875,1.46,2.17,0.0050885588128828,0.0,0.0099999999999997,0.43097209013717,0.0438666385610556,0.9744,0.0018,False,,No Episode,0
2010-03-04,1132.5999755859375,1.44,2.17,-0.0088779872982458,-0.02,0.0,0.4643186326373291,-0.0239369607558157,0.9689,-0.0055,False,,No Episode,0
2010-03-05,1134.800048828125,1.48,2.21,0.0019406138387152,0.04,0.04,0.5003144455494504,-0.0402588334307246,0.9964,0.0274999999999999,False,,No Episode,0
2010-03-08,1123.5999755859375,1.49,2.23,-0.0099186724609916,0.01,0.02,0.5058749509651491,-0.0288244369419613,1.0088,0.0123999999999999,False,,No Episode,0
2010-03-09,1122.0,1.48,2.23,-0.0014249874190186,-0.01,0.0,0.5131363115328573,-0.0313359002323963,1.0069,-0.0019,False,,No Episode,0
2010-03-10,1107.800048828125,1.49,2.24,-0.0127366964069777,0.01,0.0100000000000002,0.5146490835413244,-0.0320598593708056,1.0182,0.0113,False,,No Episode,0
2010-03-11,1108.0,1.49,2.24,0.0001804776315657,0.0,0.0,0.4993284778322788,0.0050680233306443,1.0277,0.0095,False,,No Episode,0
2010-03-12,1101.5,1.45,2.26,-0.0058837010648318,-0.04,0.0199999999999995,0.4807952484231919,0.0280378344125091,1.0214,-0.0062999999999999,False,,No Episode,0
2010-03-15,1105.0999755859375,1.46,2.25,0.0032629192601643,0.01,-0.0099999999999997,0.4508497287565056,0.0253538743831951,1.0181,-0.0033,False,,No Episode,0
2010-03-16,1122.199951171875,1.42,2.24,0.015355194303237,-0.04,-0.0099999999999997,0.4630458502624485,-0.0075855836589908,0.9971,-0.021,False,,No Episode,0
2010-03-17,1124.0,1.4,2.25,0.0016027506478373,-0.02,0.0099999999999997,0.5411139829456256,0.0239590196171253,0.9877,-0.0093999999999999,False,,No Episode,0
2010-03-18,1127.4000244140625,1.45,2.23,0.0030203668490296,0.05,-0.02,0.6029278023832195,0.051461294332041,0.9999,0.0121999999999999,False,,No Episode,0
2010-03-19,1107.4000244140625,1.5,2.2,-0.0178991708675084,0.05,-0.0299999999999998,0.5008277712038003,-0.2040415073290672,1.0119,0.012,False,,No Episode,0
2010-03-22,1099.300048828125,1.48,2.19,-0.0073412894328699,-0.02,-0.0100000000000002,0.3052911932762117,-0.1309851624058398,1.0011,-0.0107999999999999,False,,No Episode,0
2010-03-23,1103.5,1.49,2.2,0.0038132886945039,0.01,0.0100000000000002,0.0766126747270623,-0.1665897262349477,1.0023,0.0011999999999998,False,,No Episode,0
2010-03-24,1088.5999755859375,1.6,2.24,-0.0135945021237198,0.1100000000000001,0.04,-0.3050507089406781,-0.292694740725473,1.0648,0.0625,False,,No Episode,0
2010-03-25,1092.699951171875,1.65,2.26,0.0037592083178719,0.0499999999999998,0.0199999999999995,-0.4963846141379386,-0.2790950220693685,1.1061,0.0413000000000001,False,,No Episode,0
2010-03-26,1104.199951171875,1.62,2.24,0.0104693937386368,-0.0299999999999998,-0.0199999999999995,-0.5238452030194053,-0.3604701155559373,1.0996,-0.0065000000000001,False,,No Episode,0
2010-03-29,1110.300048828125,1.66,2.22,0.0055092464080548,0.0399999999999998,-0.02,-0.5408598602166795,-0.3463208256873689,1.1039,0.0043000000000001,False,,No Episode,0
2010-03-30,1104.5,1.66,2.22,-0.0052375491774636,0.0,0.0,-0.5393727627337728,-0.2586560566902119,1.1063,0.0023999999999999,False,,No Episode,0
2010-03-31,1113.300048828125,1.6,2.24,0.0079358777333995,-0.0599999999999998,0.02,-0.5196537920871358,-0.3056213383908269,1.0908,-0.0155,False,,No Episode,0
2010-04-01,1125.0999755859375,1.61,2.28,0.010543277283995,0.01,0.0399999999999995,-0.4539205126166399,-0.2904472950433239,1.103,0.0121999999999999,False,,No Episode,0
2010-04-05,1132.9000244140625,1.7,2.31,0.0069088395519365,0.0899999999999998,0.0300000000000002,-0.2919815812731354,-0.2211493369989322,1.1683,0.0307999999999999,False,,No Episode,0
2010-04-06,1135.0999755859375,1.68,2.3,0.0019399928234982,-0.02,-0.0100000000000002,-0.1711603182045963,-0.2072560631987939,1.1616,-0.0066999999999999,False,,No Episode,0
2010-04-07,1152.300048828125,1.55,2.34,0.0150392561414571,-0.1299999999999999,0.04,-0.1396497171890992,-0.379672808177765,1.1216,-0.04,False,,No Episode,0
2010-04-08,1152.199951171875,1.58,2.33,-8.687147434383036e-05,0.03,-0.0099999999999997,-0.0939837419207457,-0.380449403211194,1.1242,0.0026000000000001,False,,No Episode,0
2010-04-09,1161.0999755859375,1.56,2.34,0.0076946946861795,-0.02,0.0099999999999997,-0.0600181367075186,-0.3921698757094907,1.1215,-0.0027000000000001,False,,No Episode,0
2010-04-12,1161.5999755859375,1.52,2.35,0.0004305334466216,-0.04,0.0100000000000002,-0.0659201093410204,-0.3699398688727078,1.1024,-0.0190999999999998,False,,No Episode,0
2010-04-13,1152.800048828125,1.5,2.34,-0.0076045360114926,-0.02,-0.0100000000000002,-0.0887157851450777,-0.3507254755376051,1.0877,-0.0147000000000001,False,,No Episode,0
2010-04-14,1159.0,1.54,2.34,0.0053637562983288,0.04,0.0,-0.0616078127978001,-0.3484640283430953,1.0975,0.0098,False,,No Episode,0
2010-04-15,1159.699951171875,1.49,2.37,0.0006037445188047,-0.05,0.0300000000000002,-0.063578692759581,-0.342394885653619,1.0891,-0.0083999999999999,False,,No Episode,0
2010-04-16,1136.300048828125,1.46,2.33,-0.0203838959634374,-0.03,-0.04,-0.0660384280031411,-0.2787258759803959,1.0586,-0.0304999999999999,False,,No Episode,0
2010-04-19,1135.199951171875,1.49,2.34,-0.0009686090620819,0.03,0.0099999999999997,-0.0645366735820196,-0.2888702090192158,1.0674,0.0087999999999999,False,,No Episode,0
2010-04-20,1138.5999755859375,1.47,2.35,0.0029906122417679,-0.02,0.0100000000000002,-0.0817709037642277,-0.2903123554639631,1.0707,0.0033,False,,No Episode,0
2010-04-21,1148.199951171875,1.42,2.35,0.0083960401329292,-0.05,0.0,-0.1285934452969771,-0.3137241769743288,1.0515,-0.0191999999999998,False,,No Episode,0
2010-04-22,1142.300048828125,1.46,2.34,-0.0051516397223858,0.04,-0.0100000000000002,-0.162729253019086,-0.3284918483943279,1.0632,0.0116999999999998,False,,No Episode,0
2010-04-23,1153.0999755859375,1.47,2.37,0.0094101301191766,0.01,0.0300000000000002,-0.2026407214855802,-0.3159110568829648,1.0807,0.0175,False,,No Episode,0
2010-04-26,1153.5,1.46,2.37,0.000346852009283,-0.01,0.0,-0.2756921181071964,-0.3464973693930591,1.0793,-0.0014,False,,No Episode,0
2010-04-27,1161.699951171875,1.37,2.34,0.0070836088740069,-0.0899999999999998,-0.0300000000000002,-0.3741233463472296,-0.3655786386444588,1.0261,-0.0531999999999999,False,,No Episode,0
2010-04-28,1171.300048828125,1.4,2.4,0.0082298772751343,0.0299999999999998,0.06,-0.4519000173272365,-0.3196777044532787,1.0453,0.0191999999999998,False,,No Episode,0
2010-04-29,1168.4000244140625,1.31,2.45,-0.0024789723540692,-0.0899999999999998,0.0500000000000002,-0.5385424704570642,-0.2774191865518101,1.0331,-0.0121999999999999,False,,No Episode,0
2010-04-30,1180.0999755859375,1.29,2.4,0.0099638475346921,-0.02,-0.0500000000000002,-0.6093435336032356,-0.2944543883534462,1.0051,-0.0279999999999998,False,,No Episode,0
2010-05-03,1182.699951171875,1.32,2.4,0.0022007590281978,0.03,0.0,-0.6692684284300086,-0.2339746651236793,1.0107,0.0055999999999998,False,,No Episode,0
2010-05-04,1168.5999755859375,1.31,2.32,-0.011993488743152,-0.01,-0.08,-0.7279768765273591,-0.2334455965677815,0.9766,-0.0340999999999999,False,,No Episode,0
2010-05-05,1174.5999755859375,1.3,2.28,0.0051212130747995,-0.01,-0.04,-0.779562602852806,-0.2367789698007235,0.9482,-0.0283999999999999,False,,No Episode,0
2010-05-06,1196.9000244140625,1.25,2.16,0.0188072579736529,-0.05,-0.1199999999999996,-0.821530326433265,-0.1429126059072929,0.8813,-0.0669,False,,No Episode,0
2010-05-07,1210.0,1.3,2.15,0.0108854583137159,0.05,-0.0100000000000002,-0.8246936014894931,-0.1011966292001675,0.881,-0.0002999999999999,False,,No Episode,0
2010-05-10,1200.4000244140625,1.33,2.24,-0.007965504686302,0.03,0.0900000000000003,-0.8249128586447032,-0.1253497492700141,0.9169,0.0359,False,,No Episode,0
2010-05-11,1219.9000244140625,1.31,2.25,0.0161140532633741,-0.02,0.0099999999999997,-0.8049144645202377,-0.1442565947823412,0.921,0.0040999999999999,False,,No Episode,0
2010-05-12,1242.699951171875,1.28,2.28,0.0185174843521247,-0.03,0.0299999999999998,-0.7760384842080678,-0.1526098521813494,0.9365,0.0154999999999999,False,,No Episode,0
2010-05-13,1228.800048828125,1.28,2.27,-0.0112482693901467,0.0,-0.0099999999999997,-0.7717922441605531,-0.1459697596317542,0.9306,-0.0059,False,,No Episode,0
2010-05-14,1227.4000244140625,1.26,2.18,-0.0011399922839627,-0.02,-0.0899999999999998,-0.7708407119094655,-0.1573345262591128,0.8854,-0.0452,False,,No Episode,0
2010-05-17,1227.699951171875,1.31,2.16,0.0002443295688872,0.05,-0.02,-0.7648436721283505,-0.2170714290788684,0.8875,0.0020999999999999,False,,No Episode,0
2010-05-18,1214.300048828125,1.25,2.13,-0.0109746411440641,-0.06,-0.0300000000000002,-0.7739014788599788,-0.154809760455111,0.8501,-0.0373999999999999,False,,No Episode,0
2010-05-19,1192.5999755859375,1.32,2.04,-0.0180320420529831,0.07,-0.0899999999999998,-0.7742377663353351,-0.1608502218521896,0.8396,-0.0104999999999999,False,,No Episode,0
2010-05-20,1187.800048828125,1.36,1.89,-0.0040328795279185,0.04,-0.1500000000000001,-0.7794556600841684,-0.1754280880794897,0.796,-0.0435999999999999,False,,No Episode,0
2010-05-21,1175.699951171875,1.33,1.87,-0.0102392243472095,-0.03,-0.0199999999999997,-0.7921106213858515,-0.1452225044063212,0.7702,-0.0258,False,,No Episode,0
2010-05-24,1193.800048828125,1.35,1.88,0.0152778642933917,0.02,0.0099999999999997,-0.8020123573422533,-0.1103016585325604,0.7708,0.0006,False,,No Episode,0
2010-05-25,1197.800048828125,1.33,1.85,0.0033450439592241,-0.02,-0.0299999999999998,-0.7995874353266211,-0.1242202997232098,0.7547,-0.0161,False,,No Episode,0
2010-05-26,1213.300048828125,1.3,1.91,0.0128573787066912,-0.03,0.0599999999999998,-0.8240280582058295,-0.1603169664017935,0.7636,0.0088999999999999,False,,No Episode,0
2010-05-27,1211.9000244140625,1.33,2.01,-0.0011545641821726,0.03,0.0999999999999998,-0.8274024395619395,-0.1720412826216901,0.8148,0.0512,False,,No Episode,0
2010-05-28,1212.199951171875,1.32,1.99,0.000247454116879,-0.01,-0.0199999999999997,-0.8089023853819775,-0.2365940494770079,0.807,-0.0077999999999999,False,,No Episode,0
2010-06-02,1220.5999755859375,1.36,1.99,-0.0034350841009711,0.04,0.02,-0.7061576617271772,-0.2397783506253262,0.8247,0.023,False,,No Episode,0
2010-06-03,1208.300048828125,1.34,2.05,-0.010128067664846,-0.02,0.0599999999999998,-0.672338496169023,-0.1965055779976705,0.844,0.0192999999999999,False,,No Episode,0
2010-06-04,1216.199951171875,1.26,1.94,0.006516750094045,-0.08,-0.1099999999999998,-0.6183070117833294,-0.1928187282921212,0.7773,-0.0666999999999999,False,,No Episode,0
2010-06-07,1239.300048828125,1.25,1.92,0.0188155399326852,-0.01,-0.02,-0.5842980453364142,-0.200131370038727,0.7495,-0.0277999999999999,False,,No Episode,0
2010-06-08,1244.0,1.29,1.89,0.0037852508285354,0.04,-0.03,-0.4935273673880271,-0.1916988933691828,0.7469,-0.0026,False,,No Episode,0
2010-06-09,1228.5,1.28,1.92,-0.0125380813378912,-0.01,0.03,-0.4521980937328931,-0.1589957222623447,0.751,0.0040999999999999,False,,No Episode,0
2010-06-10,1220.800048828125,1.35,1.98,-0.0062874914342154,0.07,0.06,-0.3288971610017559,-0.2137294926934198,0.8032,0.0522,False,,No Episode,0
2010-06-11,1228.9000244140625,1.29,1.95,0.0066130586301316,-0.06,-0.03,-0.3512517518526297,-0.2782383427535737,0.7819,-0.0212999999999999,False,,No Episode,0
2010-06-14,1223.300048828125,1.31,1.97,-0.0045673151891936,0.02,0.02,-0.386481722198109,-0.275594373189078,0.7957,0.0137999999999999,False,,No Episode,0
2010-06-15,1233.199951171875,1.32,2.0,0.0080602124493864,0.01,0.03,-0.356237156113122,-0.2729792024436094,0.8155,0.0198,False,,No Episode,0
2010-06-16,1229.300048828125,1.28,1.99,-0.0031674360237801,-0.04,-0.01,-0.3962141429561704,-0.2703818519359192,0.7995,-0.016,False,,No Episode,0
2010-06-17,1247.5,1.22,1.99,0.0146966072321115,-0.06,0.0,-0.524307913291517,-0.3119108903735667,0.7725,-0.027,False,,No Episode,0
2010-06-18,1257.199951171875,1.25,1.99,0.007745438458949,0.03,0.0,-0.6587351353597536,-0.2445461921209814,0.7769,0.0044,False,,No Episode,0
2010-06-21,1239.699951171875,1.24,2.02,-0.0140176116275716,-0.01,0.03,-0.6788337658686623,-0.2758812037567484,0.7832,0.0062999999999999,False,,No Episode,0
2010-06-22,1239.9000244140625,1.2,1.98,0.0001613754190925,-0.04,-0.04,-0.6731460304265905,-0.2509397249759357,0.7526,-0.0305999999999999,False,,No Episode,0
2010-06-23,1234.0999755859375,1.19,1.94,-0.0046888111998946,-0.01,-0.04,-0.6570931792387738,-0.2360691304719502,0.7204,-0.0322,False,,No Episode,0
2010-06-24,1245.5,1.23,1.91,0.0091951160259862,0.04,-0.03,-0.6806403600870612,-0.1636830723464989,0.7148,-0.0056,False,,No Episode,0
2010-06-25,1255.800048828125,1.21,1.91,0.0082358028598603,-0.02,0.0,-0.7095190613523131,-0.1763049651109232,0.7039,-0.0109,False,,No Episode,0
2010-06-28,1238.199951171875,1.17,1.88,-0.0141141859117288,-0.04,-0.03,-0.6989134485352423,-0.1221492350955426,0.6669,-0.0369999999999999,False,,No Episode,0
2010-06-29,1242.0,1.14,1.83,0.0030643108430572,-0.03,-0.0499999999999998,-0.698127856782254,-0.1309212180683142,0.6313,-0.0356,False,,No Episode,0
2010-06-30,1245.5,1.15,1.82,0.0028140722088112,0.01,-0.01,-0.7192699742947284,-0.1967506493218195,0.6169,-0.0143999999999999,False,,No Episode,0
2010-07-01,1206.300048828125,1.21,1.75,-0.0319791916533018,0.06,-0.07,-0.6626079087205131,-0.2377327506749372,0.6114,-0.0054999999999999,False,,No Episode,0
2010-07-02,1207.4000244140625,1.27,1.73,0.0009114435337522,0.06,-0.02,-0.622290028107517,-0.2136063664081306,0.6237,0.0122999999999999,False,,No Episode,0
2010-07-07,1198.5999755859375,1.3,1.7,0.0031753404461198,0.04,0.01,-0.5439788857379139,-0.255506604522534,0.6185,0.0139,False,,No Episode,0
2010-07-08,1195.800048828125,1.25,1.79,-0.0023387303754462,-0.05,0.09,-0.4724165276585435,-0.2354882905375799,0.6337,0.0151999999999999,False,,No Episode,0
2010-07-09,1209.5999755859375,1.26,1.81,0.0114742479618623,0.01,0.02,-0.4544957209807473,-0.1957568811988168,0.653,0.0192999999999999,False,,No Episode,0
2010-07-12,1198.5,1.26,1.82,-0.0092189313672461,0.0,0.01,-0.4178363807658181,-0.1944563450003258,0.6582,0.0051999999999999,False,,No Episode,0
2010-07-13,1213.300048828125,1.28,1.87,0.0122731854274533,0.02,0.05,-0.4061799026503108,-0.1662337349870327,0.682,0.0238,False,,No Episode,0
2010-07-14,1206.800048828125,1.23,1.84,-0.005371691556161,-0.05,-0.03,-0.386474862056361,-0.1459128222625931,0.6595,-0.0225,False,,No Episode,0
2010-07-15,1208.0999755859375,1.21,1.79,0.0010765885711423,-0.02,-0.05,-0.3598043115613656,-0.1397435973951309,0.6263,-0.0332,False,,No Episode,0
2010-07-16,1188.0,1.25,1.71,-0.0167776363942833,0.04,-0.08,-0.3097592077018893,-0.2032993520967525,0.5961,-0.0302,False,,No Episode,0
2010-07-19,1181.699951171875,1.29,1.7,-0.0053171825978592,0.04,-0.01,-0.3412745312545175,-0.1824576238798993,0.5964,0.0003,False,,No Episode,0
2010-07-20,1191.5,1.28,1.7,0.0082589792140659,-0.01,0.0,-0.3624375506892452,-0.1811058514467975,0.5916,-0.0048,False,,No Episode,0
2010-07-21,1191.5999755859375,1.19,1.71,8.39038118582991e-05,-0.09,0.01,-0.3327422236388603,-0.1978901023388534,0.5635,-0.0281,False,,No Episode,0
2010-07-22,1195.5,1.21,1.75,0.0032675865477242,0.02,0.04,-0.3115196873387543,-0.198864290344165,0.5723,0.0088,False,,No Episode,0
2010-07-23,1187.699951171875,1.24,1.78,-0.0065458852296833,0.03,0.03,-0.3368241843208196,-0.1900188489493371,0.5978,0.0254999999999999,False,,No Episode,0
2010-07-26,1183.0,1.24,1.79,-0.0039650376903095,0.0,0.01,-0.354260261613169,-0.1592421654701435,0.6095,0.0117,False,,No Episode,0
2010-07-27,1158.0,1.26,1.82,-0.0213592058454468,0.02,0.03,-0.3966612904813547,-0.1812324511997098,0.6349,0.0253999999999999,False,,No Episode,0
2010-07-28,1160.4000244140625,1.22,1.81,0.0020704151536596,-0.04,-0.01,-0.4324642966714369,-0.2045961401253072,0.6147,-0.0201999999999999,False,,No Episode,0
2010-07-29,1168.4000244140625,1.21,1.82,0.0068705181222803,-0.01,0.01,-0.4266859050119023,-0.2152284608039267,0.6012,-0.0135,False,,No Episode,0
2010-07-30,1181.699951171875,1.14,1.8,0.0113187259158511,-0.07,-0.02,-0.3199441341226224,-0.2097410527505014,0.5591,-0.0420999999999999,False,,No Episode,0
2010-08-02,1183.4000244140625,1.13,1.86,0.0014376335483019,-0.01,0.06,-0.2836454091483957,-0.2460079728821141,0.5656,0.0064999999999999,False,,No Episode,0
2010-08-03,1185.199951171875,1.07,1.87,0.0015198236281603,-0.0599999999999998,0.01,-0.1940687183907046,-0.2643841226155424,0.5364,-0.0292,False,,No Episode,0
2010-08-04,1193.699951171875,1.12,1.86,0.0071461906949439,0.05,-0.01,-0.1548447239681678,-0.212256266073284,0.5505,0.0141,False,,No Episode,0
2010-08-05,1197.199951171875,1.07,1.87,0.0029277699971359,-0.05,0.01,-0.1144463230620981,-0.2251022320359164,0.5356,-0.0149,False,,No Episode,0
2010-08-06,1203.4000244140625,1.04,1.82,0.0051654478805485,-0.03,-0.05,-0.143854925114033,-0.2841895830337389,0.5025,-0.0331,False,,No Episode,0
2010-08-09,1200.699951171875,1.04,1.82,-0.0022462247035326,0.0,0.0,-0.1684571423197293,-0.2779472889650787,0.4968,-0.0056999999999999,False,,No Episode,0
2010-08-10,1196.199951171875,0.95,1.84,-0.0037548545791992,-0.09,0.02,-0.1323147084953669,-0.2882445890264099,0.4659,-0.0309,False,,No Episode,0
2010-08-11,1197.5,0.95,1.77,0.0010862254939798,0.0,-0.07,-0.0977383525817295,-0.2806220692973805,0.4344,-0.0314999999999999,False,,No Episode,0
2010-08-12,1214.800048828125,1.05,1.69,0.0143434440808967,0.1,-0.08,-0.1372497549202764,-0.1296682924404283,0.4342,-0.0002,False,,No Episode,0
2010-08-13,1214.9000244140625,1.0,1.68,8.229459026232178e-05,-0.05,-0.01,-0.2226381175908805,0.0283145003539078,0.4178,-0.0163999999999999,False,,No Episode,0
2010-08-16,1224.5,0.95,1.63,0.0078708084359933,-0.05,-0.05,-0.3607584598017472,-0.0042378233980826,0.3739,-0.0438999999999999,False,,No Episode,0
2010-08-17,1226.5999755859375,1.01,1.63,0.0017134968958103,0.06,0.0,-0.4191658090788048,0.0020572008913861,0.3834,0.0095,False,,No Episode,0
2010-08-18,1229.699951171875,1.02,1.62,0.0025241031830205,0.01,-0.0099999999999997,-0.4783014630469878,-0.0056858147331352,0.3875,0.0040999999999999,False,,No Episode,0
2010-08-19,1233.800048828125,1.02,1.56,0.003328679879881,0.0,-0.06,-0.5142442656530415,-0.0170255385559987,0.3686,-0.0189,False,,No Episode,0
2010-08-20,1227.199951171875,1.05,1.57,-0.0053637655261811,0.03,0.01,-0.5645912356143515,-0.0578431440110485,0.3828,0.0141999999999999,False,,No Episode,0
2010-08-23,1226.9000244140625,1.05,1.55,-0.0002444291286334,0.0,-0.02,-0.5873401935736233,-0.0531519024460406,0.375,-0.0077999999999999,False,,No Episode,0
2010-08-24,1231.800048828125,1.01,1.49,0.0039858711964759,-0.04,-0.06,-0.664983361700103,-0.1003532449120585,0.3387,-0.0363,False,,No Episode,0
2010-08-25,1239.5,1.01,1.53,0.0062315185826493,0.0,0.04,-0.7004014311655634,-0.124199367421064,0.3477,0.009,False,,No Episode,0
2010-08-26,1235.4000244140625,0.95,1.55,-0.0033132484513753,-0.06,0.02,-0.7431934012851699,-0.0983190798850857,0.3337,-0.014,False,,No Episode,0
2010-08-27,1236.0,1.05,1.61,0.000485534993766,0.1,0.06,-0.7356882403522639,-0.0173222190796955,0.3859,0.0522,False,,No Episode,0
2010-08-30,1237.0999755859375,0.99,1.55,0.0008895521162353,-0.06,-0.06,-0.7405046879558713,0.0211004632269233,0.3552,-0.0307,False,,No Episode,0
2010-08-31,1248.300048828125,0.95,1.52,0.0090127536388306,-0.04,-0.03,-0.7721867146308097,-0.0033742040048547,0.323,-0.0322,False,,No Episode,0
2010-09-01,1246.300048828125,1.02,1.56,-0.0016034637619029,0.07,0.04,-0.7637387963152311,-0.0426924260673679,0.3542,0.0312,False,,No Episode,0
2010-09-02,1251.5,1.05,1.58,0.0041636308610302,0.03,0.02,-0.7453732062857826,-0.0371170858129861,0.3777,0.0234999999999999,False,,No Episode,0
2010-09-03,1249.199951171875,1.1,1.62,-0.0018395245504221,0.05,0.04,-0.6967357593923484,-0.0270639707568886,0.4229,0.0452,False,,No Episode,0
2010-09-08,1255.5999755859375,1.02,1.64,-0.001353076911176,0.04,0.01,-0.6196743464739304,-0.033072024078193,0.4043,0.0132999999999999,False,,No Episode,0
2010-09-09,1248.9000244140625,1.05,1.72,-0.0053503431061665,0.03,0.08,-0.5074048091477641,-0.0719666123387113,0.4499,0.0456,False,,No Episode,0
2010-09-10,1244.5,1.02,1.79,-0.0035293406098446,-0.03,0.07,-0.378965107884849,-0.0506089629496916,0.4793,0.0293999999999999,False,,No Episode,0
2010-09-13,1245.0999755859375,0.94,1.8,0.0004819855426054,-0.08,0.01,-0.3132019999026685,0.0430297478357488,0.4559,-0.0233999999999999,False,,No Episode,0
2010-09-14,1269.699951171875,0.93,1.75,0.0195647852690656,-0.0099999999999998,-0.05,-0.2876933980577632,0.0281785700321007,0.4254,-0.0305,False,,No Episode,0
2010-09-15,1266.699951171875,0.97,1.77,-0.002365558677237,0.0399999999999999,0.02,-0.2663769562916567,0.0001048417935189,0.4339,0.0085,False,,No Episode,0
2010-09-16,1271.9000244140625,1.0,1.77,0.0040968097103117,0.03,0.0,-0.1499291322776648,-0.0228728360015983,0.45,0.0161,False,,No Episode,0
2010-09-17,1275.5999755859375,1.0,1.75,0.0029047723442321,0.0,-0.02,-0.0734516770057724,-0.0184990777763091,0.4474,-0.0025999999999999,False,,No Episode,0
2010-09-20,1279.0,0.94,1.78,0.002661885582218,-0.06,0.03,-0.1197382169553307,-0.0125836227990296,0.4322,-0.0152,False,,No Episode,0
2010-09-21,1272.4000244140625,0.78,1.83,-0.0051736225164429,-0.1599999999999999,0.05,-0.2337707797936753,0.100821853882111,0.388,-0.0441999999999999,False,,No Episode,0
2010-09-22,1290.199951171875,0.74,1.82,0.013892307190348,-0.04,-0.01,-0.47814676147292,0.0145231532370478,0.3608,-0.0272,False,,No Episode,0
2010-09-23,1294.300048828125,0.77,1.79,0.0031728389211513,0.03,-0.03,-0.6527248724275151,0.0175306727262464,0.353,-0.0078,False,,No Episode,0
2010-09-24,1296.0,0.81,1.81,0.0013125517383203,0.04,0.02,-0.6900924820472497,-0.1246296210349929,0.371,0.018,False,,No Episode,0
2010-09-27,1296.699951171875,0.79,1.75,0.0005399399869343,-0.02,-0.06,-0.7446205170923096,-0.1333015339551494,0.3413,-0.0297,False,,No Episode,0
2010-09-28,1306.5999755859375,0.69,1.79,0.0076057868223111,-0.1,0.04,-0.8155094623267873,-0.156689282234575,0.3083,-0.0329999999999999,False,,No Episode,0
2010-09-29,1308.5,0.74,1.78,0.0014531182487349,0.05,-0.01,-0.8429333307204181,-0.1588161945565935,0.3123,0.004,False,,No Episode,0
2010-09-30,1307.800048828125,0.75,1.78,-0.0005350695069461,0.01,0.0,-0.8586548659396592,-0.1643835333147047,0.3129,0.0005999999999999,False,,No Episode,0
2010-10-01,1316.0999755859375,0.75,1.79,0.0063264258267139,0.0,0.01,-0.868431512888502,-0.1600406501217923,0.3139,0.001,False,,No Episode,0
2010-10-04,1315.4000244140625,0.72,1.78,-0.0005319788625364,-0.03,-0.01,-0.8772365727791849,-0.1265186676297641,0.3012,-0.0126999999999999,False,,No Episode,0
2010-10-05,1338.9000244140625,0.65,1.85,0.0177075791103202,-0.0699999999999999,0.07,-0.8908033201245616,-0.1911772222177616,0.2928,-0.0084,False,,No Episode,0
2010-10-06,1346.4000244140625,0.52,1.89,0.0055859824716888,-0.13,0.0399999999999998,-0.9122656739742904,-0.2049369695436718,0.2631,-0.0297,False,,No Episode,0
2010-10-07,1333.9000244140625,0.53,1.88,-0.0093273815596743,0.01,-0.01,-0.9190521254407434,-0.2245385356436105,0.2517,-0.0114,False,,No Episode,0
2010-10-08,1344.199951171875,0.45,1.96,0.0076920037610541,-0.08,0.08,-0.9359498983974645,-0.272441666424807,0.2452,-0.0064999999999999,False,,No Episode,0
2010-10-13,1369.5,0.44,2.02,0.0175314222401921,-0.0499999999999999,0.07,-0.9516765965998606,-0.2955193943250208,0.2568,0.0019999999999999,False,,No Episode,0
2010-10-14,1376.699951171875,0.41,2.11,0.0052435858982509,-0.03,0.0899999999999998,-0.9596247458658688,-0.2906430805444685,0.2805,0.0237,False,,No Episode,0
2010-10-15,1371.0999755859375,0.5,2.09,-0.0040759760449606,0.09,-0.02,-0.9579206176127064,-0.3116204434098846,0.3084,0.0278999999999999,False,,No Episode,0
2010-10-18,1371.199951171875,0.47,2.05,7.291367731543374e-05,-0.03,-0.04,-0.9580311764802518,-0.3151235239730532,0.2892,-0.0191999999999999,False,,No Episode,0
2010-10-19,1335.0999755859375,0.44,2.06,-0.0266800561240065,-0.0299999999999999,0.0100000000000002,-0.9495676128965528,-0.2164777640186519,0.2734,-0.0158,False,,No Episode,0
2010-10-20,1343.300048828125,0.47,2.04,0.006123132308617,0.0299999999999999,-0.02,-0.9472365226708832,-0.1826297147921116,0.2709,-0.0025,False,,No Episode,0
2010-10-21,1324.699951171875,0.5,2.07,-0.0139433275878939,0.03,0.0299999999999998,-0.9376914854942104,-0.2110995072570215,0.2927,0.0218,False,,No Episode,0
2010-10-22,1324.4000244140625,0.5,2.09,-0.0002264367233086,0.0,0.02,-0.9254819104634688,-0.1948625287318825,0.3066,0.0138999999999999,False,,No Episode,0
2010-10-25,1338.300048828125,0.45,2.14,0.0104406431803685,-0.0499999999999999,0.0500000000000002,-0.9152945123324144,-0.2139066313795259,0.3139,0.0073,False,,No Episode,0
2010-10-26,1338.0,0.52,2.15,-0.0002242265993412,0.07,0.0099999999999997,-0.9149649128075358,-0.2325867235443793,0.3508,0.0368999999999999,False,,No Episode,0
2010-10-27,1322.199951171875,0.62,2.13,-0.0118789827181506,0.0999999999999999,-0.02,-0.9079232705767156,-0.3231885530011638,0.3906,0.0398,False,,No Episode,0
2010-10-28,1342.0999755859375,0.57,2.12,0.0149385542427955,-0.05,-0.0099999999999997,-0.8967257460012812,-0.3326967887797833,0.3718,-0.0187999999999999,False,,No Episode,0
2010-10-29,1357.0999755859375,0.5,2.13,0.0111145188846295,-0.0699999999999999,0.0099999999999997,-0.8863359452136772,-0.3613655032159719,0.3436,-0.0282,False,,No Episode,0
2010-11-01,1350.199951171875,0.49,2.17,-0.0050973586533018,-0.01,0.04,-0.8784347947649672,-0.3620689357846663,0.3412,-0.0024,False,,No Episode,0
2010-11-02,1356.4000244140625,0.49,2.14,0.0045814558064991,0.0,-0.0299999999999998,-0.8664773829164527,-0.3600077618932568,0.3277,-0.0135,False,,No Episode,0
2010-11-03,1337.0999755859375,0.5,2.17,-0.0143310778889906,0.01,0.0299999999999998,-0.8567774161493557,-0.4762628498113309,0.322,-0.0056999999999999,False,,No Episode,0
2010-11-04,1382.699951171875,0.44,2.09,0.0335350027193097,-0.06,-0.08,-0.8454658847468944,-0.4823123771093313,0.2705,-0.0514999999999999,False,,No Episode,0
2010-11-05,1397.300048828125,0.48,2.1,0.0105037639500631,0.0399999999999999,0.0100000000000002,-0.7955198093555982,-0.4552713732146797,0.2745,0.004,False,,No Episode,0
2010-11-08,1402.800048828125,0.48,2.12,0.0039284360426119,0.0,0.02,-0.739162081141938,-0.4573206462821919,0.2803,0.0057999999999999,False,,No Episode,0
2010-11-09,1409.800048828125,0.58,2.14,0.0049776109009238,0.0999999999999999,0.02,-0.5998100666682581,-0.417123623686068,0.3301,0.0498,False,,No Episode,0
2010-11-10,1399.0999755859375,0.56,2.09,-0.0076187296851566,-0.0199999999999999,-0.0500000000000002,-0.5180733553104397,-0.3989487439764534,0.3237,-0.0064,False,,No Episode,0
2010-11-15,1368.4000244140625,0.87,2.05,0.0021947480800701,0.16,0.0,-0.1898862144393453,-0.4547587323226891,0.4456,0.0759,False,,No Episode,0
2010-11-16,1338.300048828125,0.87,1.98,-0.0222420036572552,0.0,-0.0699999999999998,-0.1472174325320923,-0.4266408563594545,0.4491,0.0035,False,,No Episode,0
2010-11-17,1336.800048828125,0.84,2.05,-0.0011214534802057,-0.03,0.0699999999999998,-0.1246801260264795,-0.4258028659841428,0.4649,0.0157999999999999,False,,No Episode,0
2010-11-18,1352.9000244140625,0.83,2.07,0.0119717198477315,-0.01,0.02,-0.1074605800070179,-0.3972060866749713,0.4805,0.0156,False,,No Episode,0
2010-11-19,1352.199951171875,0.77,2.11,-0.0005175951085991,-0.0599999999999999,0.04,-0.1153908536470856,-0.3892829487727428,0.4847,0.0042,False,,No Episode,0
2010-11-22,1357.699951171875,0.7,2.1,0.0040591960959392,-0.07,-0.0099999999999997,-0.1211957304938271,-0.3934012202119951,0.4519,-0.0327999999999999,False,,No Episode,0
2010-11-23,1377.5,0.69,2.08,0.0144782063846893,-0.01,-0.02,-0.1119741654676838,-0.3840852208965189,0.4293,-0.0226,False,,No Episode,0
2010-11-24,1372.9000244140625,0.8,2.13,-0.0033449533406697,0.1100000000000001,0.0499999999999998,-0.0881436943598906,-0.3859412492417073,0.488,0.0586999999999999,False,,No Episode,0
2010-11-29,1366.0,0.73,2.11,0.0027122775163039,-0.02,-0.0100000000000002,-0.0255058247266427,-0.3280672171841752,0.4719,-0.0121,False,,No Episode,0
2010-11-30,1385.0,0.74,2.07,0.0138133784907035,0.01,-0.04,0.0219824828779517,-0.3167349077712597,0.4543,-0.0176,False,,No Episode,0
2010-12-01,1387.300048828125,0.83,2.14,0.0016593076617548,0.0899999999999999,0.0700000000000002,0.0939333550751909,-0.3064602383999757,0.5176,0.0632999999999999,False,,No Episode,0
2010-12-02,1388.5,0.84,2.17,0.0008645804636602,0.01,0.0299999999999998,0.1030723327374031,-0.3895073653560608,0.5516,0.034,False,,No Episode,0
2010-12-03,1405.4000244140625,0.86,2.17,0.0120979493828548,0.02,0.0,0.1509269951640627,-0.3858795350007032,0.5619,0.0102999999999999,False,,No Episode,0
2010-12-06,1415.300048828125,0.79,2.16,0.0070195801102777,-0.0699999999999999,-0.0099999999999997,0.1530922063234562,-0.3920586138064597,0.5309,-0.0309999999999999,False,,No Episode,0
2010-12-07,1408.300048828125,0.92,2.23,-0.0049582193643038,0.13,0.0699999999999998,0.1756430979645491,-0.406578341588261,0.6129,0.0819999999999999,False,,No Episode,0
2010-12-08,1382.5,1.07,2.19,-0.0184898834791926,0.15,-0.04,0.1480470512849885,-0.4544304723783763,0.6835,0.0706,False,,No Episode,0
2010-12-09,1392.0999755859375,1.09,2.14,0.0069199264604531,0.02,-0.0499999999999998,0.1547485968621519,-0.4538078758385504,0.7068,0.0232999999999999,False,,No Episode,0
2010-12-10,1384.300048828125,1.16,2.16,-0.0056187488904635,0.0699999999999998,0.02,0.1481910427221497,-0.4377413066347382,0.7482,0.0413999999999999,False,,No Episode,0
2010-12-13,1397.300048828125,1.11,2.18,0.0093472060645476,-0.0499999999999998,0.02,0.1621205483294343,-0.4284727916547687,0.7411,-0.0070999999999999,False,,No Episode,0
2010-12-14,1403.5999755859375,1.27,2.22,0.0044985092841436,0.1599999999999999,0.04,0.2051134326804284,-0.3636253392301414,0.8121,0.071,False,,No Episode,0
2010-12-15,1385.5,1.22,2.31,-0.0129792620121378,-0.05,0.0899999999999998,0.1670870693418616,-0.3194764082100051,0.849,0.0368999999999999,False,,No Episode,0
2010-12-16,1370.4000244140625,1.15,2.32,-0.0109583994778414,-0.07,0.0099999999999997,0.0985409250639543,-0.2638469751712409,0.8356,-0.0133999999999999,False,,No Episode,0
2010-12-17,1378.5999755859375,1.05,2.28,0.0059657879170442,-0.0999999999999998,-0.04,-0.0009910262699906,-0.2880381069059831,0.7905,-0.0451,False,,No Episode,0
2010-12-20,1385.5,1.07,2.29,0.0049926115607972,0.02,0.0100000000000002,0.0124709423907939,-0.2270740869656438,0.7823,-0.0081999999999999,False,,No Episode,0
2010-12-21,1388.199951171875,1.06,2.29,0.0019468234287538,-0.01,0.0,0.0776295393661032,-0.2427715682789307,0.7769,-0.0053999999999999,False,,No Episode,0
2010-12-22,1386.800048828125,1.03,2.33,-0.0010089387117142,-0.03,0.04,0.1747033418661362,-0.2370933305810003,0.7827,0.0057999999999999,False,,No Episode,0
2010-12-23,1380.0,1.08,2.33,-0.0049154708688226,0.05,0.0,0.2849350489826497,-0.2681796502303122,0.8079,0.0252,False,,No Episode,0
2010-12-28,1405.199951171875,1.17,2.33,0.0163584699330776,0.1099999999999998,0.0300000000000002,0.4112131933128621,-0.0756450470087718,0.8418,0.0453,False,,No Episode,0
2010-12-29,1413.0999755859375,1.06,2.29,0.0056062486682426,-0.1099999999999998,-0.04,0.4194055884921628,-0.113979331662297,0.7941,-0.0476999999999999,False,,No Episode,0
2010-12-30,1405.5999755859375,1.08,2.3,-0.0053216148079986,0.02,0.0099999999999997,0.4341829711530862,-0.1414303410140302,0.796,0.0019,False,,No Episode,0
2010-12-31,1421.0999755859375,1.0,2.3,0.0109669619143737,-0.08,0.0,0.4094440036482852,-0.1847520032174609,0.7701,-0.0259,False,,No Episode,0
2011-01-03,1422.5999755859375,1.05,2.31,0.0010549637197136,0.05,0.0100000000000002,0.38949276593122,-0.1812420025767428,0.7746,0.0044999999999999,False,,No Episode,0
2011-01-04,1378.5,1.01,2.35,-0.0314902146739841,-0.04,0.04,0.330318359147502,-0.0824413590608856,0.7754,0.0008,False,,No Episode,0
2011-01-05,1373.4000244140625,1.08,2.42,-0.0037065165009089,0.07,0.0699999999999998,0.2181890921926411,-0.0816143873860026,0.8329,0.0574999999999999,False,,No Episode,0
2011-01-06,1371.4000244140625,1.03,2.41,-0.0014573013103875,-0.05,-0.0099999999999997,0.1673104339958539,-0.0643573525995684,0.8234,-0.0094999999999999,False,,No Episode,0
2011-01-07,1368.5,0.98,2.36,-0.002116884171821,-0.05,-0.0500000000000002,0.1283803099486494,-0.0447713982562788,0.7796,-0.0438,False,,No Episode,0
2011-01-10,1373.699951171875,0.96,2.36,0.0037925443054547,-0.02,0.0,0.0372462823614422,-0.0716818846125398,0.7549,-0.0246999999999999,False,,No Episode,0
2011-01-11,1384.0,0.97,2.4,0.0074700633914259,0.01,0.04,-0.0822123707179857,-0.0673180597391358,0.7672,0.0122999999999999,False,,No Episode,0
2011-01-12,1385.699951171875,0.98,2.42,0.0012275346898995,0.01,0.02,-0.1201160801807031,-0.0708490893144157,0.7719,0.0047,False,,No Episode,0
2011-01-13,1386.9000244140625,0.97,2.37,0.0008656663981083,-0.01,-0.0499999999999998,-0.1370535376689619,-0.0802691106048546,0.7527,-0.0191999999999999,False,,No Episode,0
2011-01-14,1360.4000244140625,1.0,2.35,-0.0192922661863441,0.03,-0.02,-0.1187386908490102,-0.0980907085151985,0.7556,0.0029,False,,No Episode,0
2011-01-19,1370.199951171875,0.99,2.38,0.0015337808521973,0.0,-0.02,0.1874992115082622,-0.0881817414700301,0.7624,-0.0043,False,,No Episode,0
2011-01-20,1346.5,1.22,2.25,-0.0174480456813794,0.2299999999999999,-0.1299999999999999,0.0930380519372113,-0.210999746404671,0.8056,0.0432,False,,No Episode,0
2011-01-21,1341.0,1.2,2.24,-0.0040930289699749,-0.02,-0.0099999999999997,-0.0428434367555814,-0.1132175184614629,0.8064,0.0008,False,,No Episode,0
2011-01-24,1344.5,1.18,2.25,0.0026065924272407,-0.02,0.0099999999999997,-0.1247166681169082,-0.124725337798442,0.8026,-0.0038,False,,No Episode,0
2011-01-25,1332.300048828125,1.11,2.24,-0.0091153880932566,-0.0699999999999998,-0.0099999999999997,-0.1543418450551108,-0.0821821284068204,0.7687,-0.0338999999999999,False,,No Episode,0
2011-01-26,1333.0,1.16,2.29,0.0005252325630467,0.0499999999999998,0.0499999999999998,-0.2237120377066964,-0.0526747160945216,0.7936,0.0248999999999999,False,,No Episode,0
2011-01-27,1318.4000244140625,1.16,2.26,-0.0110131425055541,0.0,-0.0300000000000002,-0.4019460649821862,-0.1120773367687638,0.7865,-0.0070999999999999,False,,No Episode,0
2011-01-28,1340.699951171875,1.09,2.27,0.0167729305144863,-0.0699999999999998,0.0100000000000002,-0.4606892558802745,-0.1955980121788716,0.76,-0.0264999999999999,False,,No Episode,0
2011-01-31,1333.800048828125,1.08,2.34,-0.0051597813811552,-0.01,0.0699999999999998,-0.4606234506543848,-0.2352587349018449,0.7729,0.0129,False,,No Episode,0
2011-02-01,1339.5999755859375,1.11,2.37,0.0043389958886734,0.03,0.0300000000000002,-0.471181548065063,-0.1985781786901538,0.8032,0.0302999999999999,False,,No Episode,0
2011-02-02,1331.5,1.16,2.36,-0.0060649174411722,0.0499999999999998,-0.0100000000000002,-0.5051404158091887,-0.2160019054727973,0.8323,0.0291,False,,No Episode,0
2011-02-03,1352.300048828125,1.23,2.35,0.0155007563327913,0.07,-0.0099999999999997,-0.5082813792578706,-0.1449937259536633,0.868,0.0356999999999999,False,,No Episode,0
2011-02-04,1348.300048828125,1.3,2.38,-0.0029623067321651,0.07,0.0299999999999998,-0.5009531269099026,-0.1501542161985424,0.9174,0.0494,False,,No Episode,0
2011-02-07,1347.5999755859375,1.32,2.36,-0.000519361438914,0.02,-0.02,-0.5025078264474487,-0.1427187665960162,0.9348,0.0173999999999999,False,,No Episode,0
2011-02-08,1363.4000244140625,1.39,2.36,0.0116563834197345,0.0699999999999998,0.0,-0.4459975134107062,-0.0977991947921101,0.9764,0.0416,False,,No Episode,0
2011-02-09,1364.800048828125,1.34,2.31,0.0010263356787421,-0.0499999999999998,-0.0499999999999998,-0.4614894635276827,-0.2031808716159569,0.9592,-0.0171999999999999,False,,No Episode,0
2011-02-10,1361.9000244140625,1.39,2.31,-0.0021271320127924,0.0499999999999998,0.0,-0.4301556281928422,-0.17351608271351,0.9783,0.0190999999999998,False,,No Episode,0
2011-02-11,1359.9000244140625,1.36,2.28,-0.001469615933634,-0.0299999999999998,-0.0300000000000002,-0.4159746586556033,-0.1698422546402096,0.9678,-0.0104999999999999,False,,No Episode,0
2011-02-14,1364.5999755859375,1.34,2.28,0.0034501419225705,-0.02,0.0,-0.3573230765859456,-0.1225333744613789,0.958,-0.0098,False,,No Episode,0
2011-02-15,1373.5999755859375,1.33,2.28,0.0065736853191671,-0.01,0.0,-0.2988563513613543,-0.1368956456429972,0.9462,-0.0117999999999999,False,,No Episode,0
2011-02-16,1374.699951171875,1.37,2.25,0.0008004771487728,0.04,-0.0299999999999998,-0.2074679141587443,-0.282079644945895,0.9486,0.0023999999999999,False,,No Episode,0
2011-02-17,1384.699951171875,1.31,2.27,0.0072479844398056,-0.06,0.02,-0.134129304111502,-0.2972414841138808,0.9302,-0.0183999999999999,False,,No Episode,0
2011-02-18,1388.199951171875,1.25,2.34,0.0025244343337211,-0.06,0.0699999999999998,-0.0789053301241691,-0.3133666678533529,0.9293,-0.0009,False,,No Episode,0
2011-02-23,1413.4000244140625,1.1,2.39,0.0091688508298766,-0.02,0.0500000000000002,-0.0900059040067133,-0.3746659877962625,0.8716,-0.0016999999999999,False,,No Episode,0
2011-02-24,1415.300048828125,1.05,2.41,0.0013433907099464,-0.05,0.02,-0.1104923598340802,-0.3787847361996294,0.8595,-0.0121,False,,No Episode,0
2011-02-25,1408.699951171875,1.02,2.4,-0.0046742986355594,-0.03,-0.0100000000000002,-0.1362677051488936,-0.3639633571132072,0.8426,-0.0169,False,,No Episode,0
2011-02-28,1409.300048828125,1.03,2.39,0.0004259032401146,0.01,-0.0099999999999997,-0.1546743966903569,-0.3638900877363926,0.8288,-0.0138,False,,No Episode,0
2011-03-01,1430.699951171875,1.0,2.41,0.0150706389989103,-0.03,0.02,-0.2599909139683518,-0.374979108367577,0.8199,-0.0089,False,,No Episode,0
2011-03-02,1437.199951171875,1.01,2.45,0.004532941421429,0.01,0.04,-0.341726145577554,-0.3710976092794115,0.8389,0.019,False,,No Episode,0
2011-03-03,1416.0,1.09,2.49,-0.014860747011216,0.08,0.04,-0.3774057626786159,-0.4165153820862408,0.8966,0.0576999999999999,False,,No Episode,0
2011-03-04,1428.199951171875,1.0,2.49,0.0085788806727675,-0.09,0.0,-0.4270142305796816,-0.2462187647624719,0.8706,-0.0259999999999999,False,,No Episode,0
2011-03-07,1434.0999755859375,1.0,2.51,0.0041225817847729,0.0,0.0199999999999995,-0.4736298032391284,-0.2545816229985174,0.8744,0.0037999999999999,False,,No Episode,0
2011-03-08,1426.9000244140625,1.01,2.55,-0.0050331816648139,0.01,0.04,-0.5090130719332193,-0.2598557646841576,0.8915,0.0171,False,,No Episode,0
2011-03-09,1429.300048828125,0.98,2.5,0.001680572030942,-0.03,-0.0499999999999998,-0.5748529356757143,-0.3406732277432578,0.8686,-0.0228999999999999,False,,No Episode,0
2011-03-10,1412.199951171875,0.91,2.46,-0.0120361105710156,-0.0699999999999999,-0.04,-0.6065552792483322,-0.2362036895545753,0.8221,-0.0464999999999999,False,,No Episode,0
2011-03-11,1421.5,0.96,2.44,0.0065639145847367,0.0499999999999999,-0.02,-0.6607740407669683,-0.2121578620656133,0.8194,-0.0027,False,,No Episode,0
2011-03-14,1424.5999755859375,0.93,2.43,0.0021784033157121,-0.0299999999999999,-0.0099999999999997,-0.7188732410383649,-0.1445222048481214,0.7954,-0.024,False,,No Episode,0
2011-03-15,1392.5999755859375,0.93,2.4,-0.0227185694296023,0.0,-0.0300000000000002,-0.76239728373775,-0.1356307839055782,0.7803,-0.0151,False,,No Episode,0
2011-03-16,1396.0,0.85,2.37,0.0024385183451531,-0.08,-0.0299999999999998,-0.7769757430730196,-0.1469317963220315,0.7274,-0.0528999999999999,False,,No Episode,0
2011-03-17,1404.0,0.82,2.43,0.0057143012634384,-0.03,0.06,-0.802088574991555,-0.1211579926542043,0.7268,-0.0006,False,,No Episode,0
2011-03-18,1415.9000244140625,0.85,2.43,0.0084400829479562,0.03,0.0,-0.8070355659125217,-0.2038738759191734,0.7431,0.0162999999999999,False,,No Episode,0
2011-03-21,1426.199951171875,0.9,2.44,0.00724814182397,0.05,0.0099999999999997,-0.8112960107787264,-0.1424916930256011,0.7699,0.0268,False,,No Episode,0
2011-03-22,1427.5,0.95,2.39,0.000911132172483,0.0499999999999999,-0.0499999999999998,-0.810103692677774,-0.1383945661480974,0.7808,0.0109,False,,No Episode,0
2011-03-23,1437.9000244140625,0.98,2.38,0.0072590702825001,0.03,-0.0100000000000002,-0.7865534840254323,-0.1992642721550958,0.7907,0.0098999999999999,False,,No Episode,0
2011-03-24,1434.800048828125,0.95,2.47,-0.0021582321232278,-0.03,0.0900000000000003,-0.7685249862817426,-0.196376911276051,0.8215,0.0308,False,,No Episode,0
2011-03-25,1426.0999755859375,1.02,2.44,-0.0060820720661771,0.07,-0.0300000000000002,-0.7297290785534134,-0.2255034360474817,0.8509,0.0293999999999999,False,,No Episode,0
2011-03-28,1419.800048828125,1.01,2.46,-0.0044273776271284,-0.01,0.02,-0.6802117319163846,-0.2301113161449725,0.8639,0.013,False,,No Episode,0
2011-03-29,1416.0,1.03,2.47,-0.0026800557424673,0.02,0.0100000000000002,-0.6136387438955843,-0.2371833746954591,0.8778,0.0139,False,,No Episode,0
2011-03-30,1423.800048828125,1.0,2.47,0.0054933927103375,-0.03,0.0,-0.5279729134519952,-0.2447964188724853,0.8679,-0.0099,False,,No Episode,0
2011-03-31,1438.9000244140625,0.99,2.48,0.0105495617725406,-0.01,0.0099999999999997,-0.3559455425565658,-0.2398967779636272,0.8735,0.0056,False,,No Episode,0
2011-04-01,1428.0999755859375,0.94,2.52,-0.0075340773731413,-0.05,0.04,-0.1674828198251369,-0.1854890326434819,0.8754,0.0018999999999999,False,,No Episode,0
2011-04-04,1432.199951171875,0.91,2.54,0.0028668171163461,-0.0299999999999999,0.02,0.0775838971300486,-0.1848002495740534,0.8664,-0.009,False,,No Episode,0
2011-04-05,1451.800048828125,0.94,2.56,0.0135925100038098,0.0299999999999999,0.02,0.1607126096213406,-0.0655511396407949,0.8911,0.0247,False,,No Episode,0
2011-04-06,1457.699951171875,0.99,2.57,0.0040556180997182,0.05,0.0099999999999997,0.232340468420456,-0.0379134258129688,0.9194,0.0282999999999999,False,,No Episode,0
2011-04-07,1458.5,0.99,2.59,0.0005486927245001,0.0,0.02,0.2777812672209431,-0.0373150864581791,0.9283,0.0089,False,,No Episode,0
2011-04-08,1473.4000244140625,0.95,2.64,0.0101641615108176,-0.04,0.0500000000000002,0.2592746654893851,-0.0844684356625978,0.9409,0.0125999999999999,False,,No Episode,0
2011-04-11,1467.4000244140625,0.96,2.63,-0.0040805279010669,0.01,-0.0100000000000002,0.2878739639761254,-0.0891155360503285,0.9452,0.0043,False,,No Episode,0
2011-04-12,1452.9000244140625,0.9,2.62,-0.0099305680365571,-0.0599999999999999,-0.0099999999999997,0.2346501362230351,0.0058296635088557,0.9133,-0.0319,False,,No Episode,0
2011-04-13,1454.9000244140625,0.88,2.61,0.0013756106209505,-0.02,-0.0100000000000002,0.1605174516913733,-0.0008781621820768,0.8928,-0.0204999999999999,False,,No Episode,0
2011-04-14,1471.699951171875,0.89,2.62,0.0114809754901035,0.01,0.0100000000000002,0.1587341462808263,0.1568779389433696,0.8959,0.0030999999999999,False,,No Episode,0
2011-04-15,1485.300048828125,0.82,2.61,0.0091986429177133,-0.07,-0.0100000000000002,-0.0226048762655941,0.1727224724757662,0.8639,-0.032,False,,No Episode,0
2011-04-18,1492.300048828125,0.8,2.6,0.0047017817477303,-0.0199999999999999,-0.0099999999999997,-0.1877153431415058,0.1654104453260912,0.8385,-0.0253999999999999,False,,No Episode,0
2011-04-19,1494.5,0.76,2.63,0.0014731160665251,-0.04,0.0299999999999998,-0.3210759378230111,0.178076678307031,0.8283,-0.0101999999999999,False,,No Episode,0
2011-04-20,1498.300048828125,0.82,2.61,0.0025394619141225,0.0599999999999999,-0.02,-0.3819163247277501,0.1782576123953241,0.8473,0.019,False,,No Episode,0
2011-04-21,1503.199951171875,0.83,2.59,0.0032649719783526,0.01,-0.02,-0.4412630955710069,0.0943693817196016,0.8462,-0.0011000000000001,False,,No Episode,0
2011-04-26,1503.0,0.76,2.58,-0.0037189414832985,-0.03,-0.02,-0.5443956510520905,0.0774002332274011,0.8066,-0.0237,False,,No Episode,0
2011-04-27,1516.699951171875,0.81,2.58,0.0090737791107153,0.05,0.0,-0.5844896272065558,0.1625917729888168,0.8121,0.0055,False,,No Episode,0
2011-04-28,1530.800048828125,0.78,2.56,0.0092536165849859,-0.03,-0.02,-0.6927248620778597,0.1383609532339911,0.7948,-0.0173,False,,No Episode,0
2011-04-29,1556.0,0.75,2.57,0.0163279192896608,-0.03,0.0099999999999997,-0.8129762069491915,0.0890702073766483,0.7799,-0.0148999999999999,False,,No Episode,0
2011-05-02,1556.699951171875,0.75,2.56,0.0004497389370339,0.0,-0.0099999999999997,-0.8766284529773815,0.0663955872240074,0.7726,-0.0073,False,,No Episode,0
2011-05-03,1540.0999755859375,0.73,2.55,-0.0107208311632085,-0.02,-0.0100000000000002,-0.9023920148039186,0.0605699133053231,0.7642,-0.0083999999999999,False,,No Episode,0
2011-05-04,1514.9000244140625,0.7,2.55,-0.0164978872319281,-0.03,0.0,-0.8978204781897077,0.1191929972382857,0.7518,-0.0123999999999999,False,,No Episode,0
2011-05-05,1480.9000244140625,0.7,2.48,-0.0226994187508138,0.0,-0.0699999999999998,-0.8575235050295456,0.0576495562686634,0.721,-0.0308,False,,No Episode,0
2011-05-06,1491.199951171875,0.71,2.48,0.0069311046577231,0.01,0.0,-0.8382882826478157,0.0616210001432842,0.7124,-0.0085999999999999,False,,No Episode,0
2011-05-09,1502.9000244140625,0.69,2.48,0.0078154589975403,-0.02,0.0,-0.8189389813862114,0.1332349840167078,0.6989,-0.0135,False,,No Episode,0
2011-05-10,1516.5999755859375,0.74,2.49,0.00907437998426,0.05,0.0100000000000002,-0.8089777318549899,0.1742276992988497,0.7203,0.0214,False,,No Episode,0
2011-05-11,1501.0999755859375,0.76,2.43,-0.0102728147669282,0.02,-0.06,-0.7855335730572813,0.1450460734582415,0.7095,-0.0108,False,,No Episode,0
2011-05-12,1506.5999755859375,0.79,2.43,0.0036572837848378,0.03,0.0,-0.7628142476060649,0.1591984741120379,0.7173,0.0078,False,,No Episode,0
2011-05-13,1493.4000244140625,0.79,2.39,-0.0088000242372796,0.0,-0.04,-0.7392659502776068,0.1536267819721224,0.7045,-0.0128,False,,No Episode,0
2011-05-16,1490.4000244140625,0.81,2.34,-0.0020108592813157,0.02,-0.0500000000000002,-0.7194985528986356,0.1047485717608138,0.6862,-0.0182999999999999,False,,No Episode,0
2011-05-17,1479.800048828125,0.82,2.3,-0.0071375801803723,0.0099999999999998,-0.04,-0.7082578956327558,0.0959799529831406,0.6702,-0.016,False,,No Episode,0
2011-05-18,1495.5999755859375,0.82,2.36,0.0106204712911477,0.0,0.06,-0.6831733740562497,0.0542303078449529,0.6884,0.0181999999999999,False,,No Episode,0
2011-05-19,1492.199951171875,0.91,2.26,-0.0022759394638587,0.09,-0.1,-0.6406051757868169,0.0004856047720283,0.6864,-0.002,False,,No Episode,0
2011-05-20,1508.800048828125,0.85,2.3,0.0110631569262427,-0.06,0.04,-0.5834397394905995,-0.0562407788404527,0.6775,-0.0089,False,,No Episode,0
2011-05-23,1515.300048828125,0.84,2.29,0.0042988061241029,-0.01,-0.0099999999999997,-0.5409367337488004,-0.026267510877228,0.6647,-0.0128,False,,No Episode,0
2011-05-24,1523.199951171875,0.79,2.33,0.0051998816153009,-0.0499999999999999,0.04,-0.4883308139134454,-0.0368625056527619,0.6594,-0.0052999999999999,False,,No Episode,0
2011-05-25,1526.5999755859375,0.8,2.33,0.002229671391106,0.01,0.0,-0.3971827024345867,-0.10591837795051,0.6566,-0.0028,False,,No Episode,0
2011-05-26,1522.800048828125,0.76,2.31,-0.0024922467988854,-0.04,-0.02,-0.3192376062981035,-0.0888214023150017,0.6269,-0.0296999999999999,False,,No Episode,0
2011-05-27,1536.300048828125,0.79,2.28,0.0088261823465085,0.03,-0.0300000000000002,-0.2117701749364325,-0.0769903527696562,0.6199,-0.007,False,,No Episode,0
2011-06-01,1542.4000244140625,0.74,2.22,0.0042231163677115,-0.06,-0.0299999999999998,-0.1879832980637073,-0.0354350420983668,0.5676,-0.0385999999999999,False,,No Episode,0
2011-06-02,1532.0,0.78,2.26,-0.0067655893843641,0.04,0.0399999999999995,-0.2014386873605007,-0.0664698764734004,0.5813,0.0137,False,,No Episode,0
2011-06-03,1541.699951171875,0.75,2.24,0.0063116006941443,-0.03,-0.0199999999999995,-0.2027464828696161,-0.0972848907145629,0.5664,-0.0149,False,,No Episode,0
2011-06-06,1546.5,0.76,2.25,0.003108641130443,0.01,0.0099999999999997,-0.1947531503727951,-0.0975134668890512,0.563,-0.0034,False,,No Episode,0
2011-06-07,1543.300048828125,0.76,2.25,-0.0020713005795611,0.0,0.0,-0.1990622754001588,-0.0882449708684447,0.5636,0.0006,False,,No Episode,0
2011-06-08,1538.0999755859375,0.76,2.22,-0.0033751399606689,0.0,-0.0299999999999998,-0.2147626644872515,-0.1048309191729456,0.5406,-0.023,False,,No Episode,0
2011-06-09,1542.0999755859375,0.8,2.21,0.002597235447018,0.04,-0.0100000000000002,-0.1905578620380429,-0.1484765116376665,0.5593,0.0187,False,,No Episode,0
2011-06-10,1528.5999755859375,0.79,2.2,-0.0087928401946459,-0.01,-0.0099999999999997,-0.1882074963256449,-0.1072647572191319,0.5539,-0.0054,False,,No Episode,0
2011-06-13,1515.0,0.8,2.2,-0.0089368288937965,0.01,0.0,-0.1696982273603657,-0.0577979562638669,0.558,0.0041000000000001,False,,No Episode,0
2011-06-14,1523.800048828125,0.83,2.28,0.0057918081390964,0.0299999999999999,0.0799999999999996,-0.1296096635352336,-0.0333277048809291,0.6031,0.0450999999999999,False,,No Episode,0
2011-06-15,1525.5999755859375,0.74,2.24,0.001180512200718,-0.0899999999999999,-0.0399999999999995,-0.1045463803733595,-0.0733784987312486,0.5598,-0.0433,False,,No Episode,0
2011-06-16,1529.300048828125,0.73,2.2,0.0024223869992088,-0.01,-0.04,-0.1360146042766938,-0.1459984469460732,0.532,-0.0277999999999999,False,,No Episode,0
2011-06-17,1538.5999755859375,0.75,2.19,0.006062749874629,0.02,-0.0100000000000002,-0.2966243810539554,-0.1656092475368847,0.5299,-0.0020999999999999,False,,No Episode,0
2011-06-20,1541.5,0.79,2.18,0.0018830721690834,0.04,-0.0099999999999997,-0.4029518519645833,-0.1679585504879747,0.5361,0.0061999999999999,False,,No Episode,0
2011-06-21,1546.0,0.78,2.21,0.0029149818211617,-0.01,0.0299999999999998,-0.5312701108347431,-0.152051172267676,0.5485,0.0123999999999999,False,,No Episode,0
2011-06-22,1552.9000244140625,0.82,2.19,0.0044532161493702,0.0399999999999999,-0.02,-0.4928839933386122,-0.1980125168339814,0.5584,0.0099,False,,No Episode,0
2011-06-23,1520.0999755859375,0.71,2.22,-0.0213480602075897,-0.1099999999999999,0.0300000000000002,-0.4903984542110904,0.1656052731179624,0.5279,-0.0304999999999999,False,,No Episode,0
2011-06-24,1500.5,0.64,2.24,-0.0129777202087257,-0.0699999999999999,0.02,-0.2740436641954696,0.2347010140433428,0.4972,-0.0307,False,,No Episode,0
2011-06-27,1496.0,0.67,2.28,-0.0030035063459994,0.03,0.0399999999999995,-0.1394139272782786,0.230591999821654,0.5158,0.0186,False,,No Episode,0
2011-06-28,1499.699951171875,0.73,2.32,0.0024701759946168,0.0599999999999999,0.04,-0.0641086667141122,0.2449321779639682,0.5697,0.0538999999999999,False,,No Episode,0
2011-06-29,1509.9000244140625,0.74,2.4,0.0067783840907091,0.01,0.08,0.0255418004887186,0.2654183459709721,0.6186,0.0489,False,,No Episode,0
2011-06-30,1502.300048828125,0.75,2.43,-0.0050461400491244,0.01,0.0300000000000002,0.1026028512506893,0.2617914825031892,0.6537,0.0350999999999999,False,,No Episode,0
2011-07-01,1482.300048828125,0.77,2.45,-0.0134023311100257,0.02,0.02,0.3141492345362895,0.2539231504929563,0.6863,0.0326,False,,No Episode,0
2011-07-06,1528.699951171875,0.74,2.38,0.0107859660220199,-0.03,-0.0100000000000002,0.4594553444015624,0.2793519620364707,0.6454,-0.02,False,,No Episode,0
2011-07-07,1530.199951171875,0.75,2.42,0.0009807448220735,0.01,0.04,0.4652149061876749,0.3136770019092712,0.6672,0.0218,False,,No Episode,0
2011-07-08,1541.199951171875,0.69,2.34,0.0071628881819991,-0.06,-0.08,0.3994783621803328,0.2570484494990605,0.6103,-0.0569,False,,No Episode,0
2011-07-11,1548.800048828125,0.63,2.31,0.0049191669786212,-0.0599999999999999,-0.0299999999999998,0.2349860962242042,0.2161749456489104,0.5619,-0.0484,False,,No Episode,0
2011-07-12,1561.9000244140625,0.6,2.32,0.0084225754459437,-0.03,0.0099999999999997,0.016243078098388,0.1690764147193459,0.5335,-0.0283999999999999,False,,No Episode,0
2011-07-13,1585.199951171875,0.59,2.33,0.0148075070190989,-0.01,0.0100000000000002,-0.2209609068902142,0.158844419945724,0.5195,-0.014,False,,No Episode,0
2011-07-14,1589.0,0.68,2.3,0.0023943360229381,0.09,-0.0300000000000002,-0.2741999237052037,0.1786652794932114,0.5397,0.0201999999999999,False,,No Episode,0
2011-07-15,1589.800048828125,0.61,2.33,0.0005033653156711,-0.07,0.0300000000000002,-0.3789281359200108,0.2123762417554893,0.5287,-0.011,False,,No Episode,0
2011-07-18,1602.0999755859375,0.58,2.36,0.0077070005614929,-0.03,0.0299999999999998,-0.4864535106575826,0.2084993611880533,0.522,-0.0066999999999999,False,,No Episode,0
2011-07-19,1600.9000244140625,0.54,2.37,-0.0007492670796214,-0.0399999999999999,0.0100000000000002,-0.5785324666912688,0.21009688197108,0.5088,-0.0131999999999999,False,,No Episode,0
2011-07-20,1596.699951171875,0.62,2.34,-0.0026270175692548,0.0799999999999999,-0.0300000000000002,-0.6120902531636722,0.1723463177624028,0.5232,0.0143999999999999,False,,No Episode,0
2011-07-21,1586.800048828125,0.68,2.35,-0.0062195283533874,0.06,0.0100000000000002,-0.6121094688176131,0.129592930990626,0.5539,0.0306999999999999,False,,No Episode,0
2011-07-22,1601.300048828125,0.61,2.38,0.0090963894096161,-0.07,0.0299999999999998,-0.6513053241226514,0.0796057777312767,0.5465,-0.0073999999999999,False,,No Episode,0
2011-07-25,1612.0,0.58,2.45,0.0066598142453404,-0.03,0.0700000000000002,-0.6819310780035026,0.0684430831358495,0.557,0.0105,False,,No Episode,0
2011-07-26,1616.5999755859375,0.57,2.42,0.0028495191310655,-0.01,-0.0300000000000002,-0.7010811129607413,0.08599099235638,0.5395,-0.0175,False,,No Episode,0
2011-07-27,1615.0,0.56,2.45,-0.0009902065408819,-0.0099999999999998,0.0300000000000002,-0.7292319015378591,0.0754147646308785,0.5442,0.0047,False,,No Episode,0
2011-07-28,1613.4000244140625,0.52,2.46,-0.0009911880218247,-0.04,0.0099999999999997,-0.7465451530649527,0.0812843351684234,0.5347,-0.0095,False,,No Episode,0
2011-07-29,1628.300048828125,0.38,2.44,0.0091927871224219,-0.14,-0.02,-0.7591614131141862,-0.0003646848300656,0.458,-0.0766999999999999,False,,No Episode,0
2011-08-01,1619.0,0.33,2.44,-0.0057278810797187,-0.0499999999999999,0.0,-0.7539736795261022,0.0107063869770278,0.4204,-0.0376,False,,No Episode,0
2011-08-02,1641.9000244140625,0.29,2.37,0.0140454480097433,-0.04,-0.0699999999999998,-0.7791622185356474,-0.0116342837937403,0.3698,-0.0505999999999999,False,,No Episode,0
2011-08-03,1663.4000244140625,0.36,2.28,0.0130095924244129,0.07,-0.0900000000000003,-0.8117033121632038,0.0523687698733065,0.3582,-0.0116,False,,No Episode,0
2011-08-04,1656.199951171875,0.24,2.23,-0.0043379229942148,-0.12,-0.0499999999999998,-0.8417892604125087,0.0870162361472107,0.2921,-0.0660999999999999,False,,No Episode,0
2011-08-05,1648.800048828125,0.32,2.26,-0.0044780119269871,0.08,0.0299999999999998,-0.8492537099336525,-0.1172561317963939,0.3197,0.0275999999999999,False,,No Episode,0
2011-08-08,1710.199951171875,0.2,2.2,0.0365625139801446,-0.12,-0.0599999999999996,-0.8877254498891993,-0.3581523910466311,0.2665,-0.0531999999999999,False,,No Episode,0
2011-08-09,1740.0,0.0,2.2,0.0172748190378406,-0.2,0.0,-0.9200950159662026,-0.4077425744862615,0.1714,-0.0951,False,,No Episode,0
2011-08-10,1781.300048828125,-0.13,2.3,0.0234583490013751,-0.13,0.0999999999999996,-0.9417691330221576,-0.460158100794613,0.1397,-0.0317,False,,No Episode,0
2011-08-11,1748.800048828125,0.06,2.28,-0.018413595866745,0.19,-0.02,-0.9484622179326933,-0.5667707052046146,0.1826,0.0429,False,,No Episode,0
2011-08-12,1740.199951171875,-0.02,2.26,-0.0049298452701966,-0.08,-0.02,-0.9539785518477504,-0.5299493324764047,0.1613,-0.0213,False,,No Episode,0
2011-08-15,1755.5,0.06,2.23,0.0087536955354785,0.08,-0.0299999999999998,-0.9614395384907768,-0.496133455502445,0.1709,0.0095999999999999,False,,No Episode,0
2011-08-16,1782.4000244140625,0.05,2.18,0.015207067821775,-0.0099999999999999,-0.0499999999999998,-0.9586565666202792,-0.5140058034764824,0.1518,-0.0191,False,,No Episode,0
2011-08-17,1791.199951171875,0.01,2.16,0.0049249745942754,-0.04,-0.02,-0.9573051418690488,-0.5145017150485429,0.1252,-0.0265999999999999,False,,No Episode,0
2011-08-18,1818.9000244140625,0.09,1.99,0.01534617714369,0.08,-0.1700000000000001,-0.9405675765039174,-0.4513616469770319,0.0945,-0.0307,False,,No Episode,0
2011-08-19,1848.9000244140625,0.02,2.05,0.0163589446727216,-0.0699999999999999,0.0599999999999998,-0.9283046250112368,-0.4603730607707117,0.0815,-0.0129999999999999,False,,No Episode,0
2011-08-22,1888.699951171875,0.03,2.07,0.0212978550080817,0.0099999999999999,0.02,-0.9073709120364032,-0.4313415650723888,0.089,0.0074999999999999,False,,No Episode,0
2011-08-23,1858.300048828125,0.13,2.02,-0.0162266182937305,0.1,-0.0499999999999998,-0.8874687121189987,-0.4788281516609264,0.1037,0.0147,False,,No Episode,0
2011-08-24,1754.0999755859375,0.25,2.04,-0.0577062266238499,0.12,0.02,-0.8802065658074383,-0.5256861090085242,0.1565,0.0528,False,,No Episode,0
2011-08-25,1759.800048828125,0.13,2.1,0.003244303026415,-0.12,0.06,-0.8776510390436202,-0.5228686235332962,0.1477,-0.0088,False,,No Episode,0
2011-08-26,1794.0999755859375,0.15,2.04,0.0193032958595011,0.0199999999999999,-0.06,-0.8699311446262783,-0.507659474278197,0.1326,-0.0151,False,,No Episode,0
2011-08-29,1788.4000244140625,0.22,2.06,-0.0031821108061977,0.07,0.02,-0.8569908455770322,-0.5113233349635538,0.1565,0.0239,False,,No Episode,0
2011-08-30,1826.699951171875,0.14,2.05,0.0211896545412315,-0.0799999999999999,-0.0100000000000002,-0.8441566800748713,-0.527417999592598,0.1328,-0.0237,False,,No Episode,0
2011-08-31,1828.5,0.18,2.05,0.0009849250370352,0.0399999999999999,0.0,-0.8224791374533377,-0.5244202233606021,0.1409,0.0080999999999999,False,,No Episode,0
2011-09-01,1826.0,0.07,2.08,-0.0013681764345223,-0.1099999999999999,0.0300000000000002,-0.8092017276746969,-0.4931519132717221,0.1139,-0.0269999999999999,False,,No Episode,0
2011-09-02,1873.699951171875,0.0,2.02,0.025787277389818,-0.07,-0.06,-0.7993316476249691,-0.4992578468009629,0.0709,-0.043,False,,No Episode,0
2011-09-07,1814.199951171875,0.09,1.96,-0.0302403942728286,0.0399999999999999,0.03,-0.7641576212609039,-0.5083623863623447,0.0603,0.0144999999999999,False,,No Episode,0
2011-09-08,1854.4000244140625,0.0,2.0,0.0219166344845325,-0.09,0.04,-0.7459062110723115,-0.5204669134123905,0.0454,-0.0148999999999999,False,,No Episode,0
2011-09-09,1856.4000244140625,-0.03,1.96,0.0010779347673501,-0.03,-0.04,-0.7185847390813943,-0.5228601330046262,0.0168,-0.0286,False,,No Episode,0
2011-09-12,1809.9000244140625,0.0,1.94,-0.0253675329143119,0.03,-0.02,-0.6793500234418132,-0.5300105206293633,0.0203,0.0034999999999999,False,,No Episode,0
2011-09-13,1826.800048828125,0.07,1.93,0.0092942204356143,0.07,-0.01,-0.6311476247368774,-0.5247008195804697,0.036,0.0157,False,,No Episode,0
2011-09-14,1823.5,0.12,1.91,-0.0018080977908825,0.0499999999999999,-0.02,-0.5755372694123181,-0.5237990316198508,0.0515,0.0155,False,,No Episode,0
2011-09-15,1778.5,0.13,1.96,-0.024987418860225,0.01,0.05,-0.4914131846509844,-0.5376026871759262,0.079,0.0275,False,,No Episode,0
2011-09-16,1812.0999755859373,0.13,1.95,0.0187160678568014,0.0,-0.01,-0.4155160081266122,-0.5611874332265401,0.0855,0.0065,False,,No Episode,0
2011-09-19,1776.4000244140625,0.09,1.88,-0.0198975220838031,-0.04,-0.07,-0.2181895415857611,-0.5314261779669303,0.047,-0.0385,False,,No Episode,0
2011-09-20,1806.5999755859373,0.04,1.91,0.0168577540404175,-0.0499999999999999,0.03,-0.1204575210918296,-0.5012241726843408,0.0328,-0.0141999999999999,False,,No Episode,0
2011-09-21,1805.5,0.02,1.86,-0.0006090504844129,-0.02,-0.0499999999999998,-0.1797723603719545,-0.4884737018321877,0.0169,-0.0159,False,,No Episode,0
2011-09-22,1739.199951171875,0.01,1.71,-0.0374123524256173,-0.01,-0.1500000000000001,-0.2077892374776352,-0.4132973684371094,-0.0412,-0.0581,False,,No Episode,0
2011-09-23,1637.5,0.1,1.74,-0.0602545207824887,0.09,0.03,-0.2159014715377958,-0.4486185086611017,-0.0163,0.0249,False,,No Episode,0
2011-09-26,1592.5,0.12,1.79,-0.0278655800630884,0.0199999999999999,0.05,-0.2965429641313727,-0.4654078437932928,0.0118,0.0281,False,,No Episode,0
2011-09-27,1650.5999755859375,0.12,1.88,0.0358337349212423,0.0,0.0899999999999998,-0.3201738633439807,-0.4800199708420083,0.0494,0.0376,False,,No Episode,0
2011-09-28,1616.300048828125,0.16,1.87,-0.0209992267419822,0.04,-0.0099999999999997,-0.372512988043452,-0.4873760036570068,0.0674,0.018,False,,No Episode,0
2011-09-29,1615.5,0.17,1.82,-0.0004951103610251,0.01,-0.05,-0.4243200016870525,-0.483684758572371,0.0636,-0.0037999999999999,False,,No Episode,0
2011-09-30,1620.4000244140625,0.17,1.75,0.0030285411306705,0.0,-0.07,-0.4588657169257269,-0.535101019966895,0.043,-0.0206,False,,No Episode,0
2011-10-03,1656.0,0.07,1.73,0.0217320085499812,-0.1,-0.02,-0.4088926462027807,-0.5450993628465423,-0.0051,-0.0481,False,,No Episode,0
2011-10-04,1614.699951171875,0.05,1.76,-0.0252559052973806,-0.02,0.03,-0.3189426361323467,-0.5431162734247981,-0.0114,-0.0063,False,,No Episode,0
2011-10-05,1640.300048828125,0.12,1.8,0.0157300310384167,0.0699999999999999,0.04,-0.3481453596633704,-0.4913992396391615,0.0207,0.0321,False,,No Episode,0
2011-10-06,1651.9000244140625,0.13,1.88,0.0070469736542362,0.01,0.0799999999999998,-0.3932438054318614,-0.3945973182425875,0.0576,0.0369,False,,No Episode,0
2011-10-07,1634.5,0.16,1.94,-0.0105892081762117,0.03,0.06,-0.4229848005815718,-0.4126793015051929,0.104,0.0464,False,,No Episode,0
2011-10-12,1681.300048828125,0.26,1.98,0.0129304990199461,0.03,0.03,-0.5267433209934937,-0.3725843488197179,0.1754,0.0302,False,,No Episode,0
2011-10-13,1667.300048828125,0.27,1.92,-0.0083617518746095,0.01,-0.06,-0.5574126191620663,-0.3368268417694613,0.1678,-0.0075999999999999,False,,No Episode,0
2011-10-14,1681.800048828125,0.28,1.98,0.0086590965798905,0.01,0.06,-0.5979802011307953,-0.3403552272318003,0.1835,0.0156999999999999,False,,No Episode,0
2011-10-17,1675.5,0.24,1.94,-0.0037530492546844,-0.04,-0.04,-0.5959289784767194,-0.3617294772254887,0.1634,-0.0201,False,,No Episode,0
2011-10-18,1651.699951171875,0.22,1.97,-0.0143065972126663,-0.0199999999999999,0.03,-0.57553536883975,-0.296742577105611,0.1584,-0.0049999999999999,False,,No Episode,0
2011-10-19,1646.0,0.23,1.95,-0.0034569287276839,0.01,-0.02,-0.5735576380980528,-0.3049908037459187,0.1506,-0.0078,False,,No Episode,0
2011-10-20,1611.9000244140625,0.22,1.98,-0.0209344796879902,-0.01,0.03,-0.5890983583319392,-0.2687584397149173,0.1548,0.0041999999999999,False,,No Episode,0
2011-10-21,1635.0999755859375,0.23,2.0,0.0142903270602809,0.01,0.02,-0.5595898864579444,-0.1912229354895226,0.167,0.0122,False,,No Episode,0
2011-10-24,1651.5,0.23,2.02,0.0099800162215384,0.0,0.02,-0.4966758296909627,-0.1893968724803558,0.1815,0.0144999999999999,False,,No Episode,0
2011-10-25,1699.5999755859375,0.12,2.02,0.0287089490452192,-0.11,0.0,-0.4416240465238538,-0.2782771349132241,0.143,-0.0385,False,,No Episode,0
2011-10-26,1722.699951171875,0.15,2.08,0.0134998842323081,0.03,0.06,-0.4031125423083703,-0.2990642542086951,0.1652,0.0222,False,,No Episode,0
2011-10-27,1746.699951171875,0.24,2.18,0.013835466371475,0.09,0.1,-0.3473125960077234,-0.2352451160204497,0.2346,0.0693999999999999,False,,No Episode,0
2011-10-28,1746.199951171875,0.19,2.15,-0.0002862950656439,-0.0499999999999999,-0.0300000000000002,-0.3197349665746409,-0.230586543712214,0.2245,-0.0100999999999999,False,,No Episode,0
2011-10-31,1724.199951171875,0.08,2.09,-0.012678823957672,-0.11,-0.06,-0.3388312217204325,-0.1717145014448349,0.1603,-0.0642,False,,No Episode,0
2011-11-01,1711.0,-0.04,2.05,-0.0076851515643374,-0.12,-0.04,-0.3295325045658817,-0.1596640158664643,0.0913,-0.0689999999999999,False,,No Episode,0
2011-11-02,1728.699951171875,-0.07,2.1,0.0102916577909724,-0.03,0.0500000000000002,-0.3154996870794987,-0.1456637811789309,0.0696,-0.0217,False,,No Episode,0
2011-11-03,1764.199951171875,0.0,2.09,0.0203276494642956,0.07,-0.0100000000000002,-0.3071632760097215,-0.0928361257782312,0.0795,0.0099,False,,No Episode,0
2011-11-04,1755.300048828125,-0.06,2.12,-0.0050574918676238,-0.06,0.0300000000000002,-0.3482538304878132,-0.0976130000089808,0.0699,-0.0095999999999999,False,,No Episode,0
2011-11-07,1790.300048828125,-0.1,2.14,0.0197434205511006,-0.04,0.02,-0.4754766924963464,0.0796021352156366,0.061,-0.0089,False,,No Episode,0
2011-11-08,1798.4000244140625,-0.03,2.13,0.0045141634438685,0.07,-0.0100000000000002,-0.5594896987601472,0.1188047210124895,0.0788,0.0177999999999999,False,,No Episode,0
2011-11-09,1790.9000244140625,-0.04,2.04,-0.0041790938698262,-0.01,-0.0899999999999998,-0.6050460671235216,0.1230781696318484,0.0514,-0.0273999999999999,False,,No Episode,0
2011-11-10,1758.9000244140625,-0.04,2.08,-0.0180296728864002,0.0,0.04,-0.6322002251211919,0.1695476499131272,0.0622,0.0107999999999999,False,,No Episode,0
2011-11-15,1781.699951171875,0.04,2.02,0.0021912650115156,0.05,-0.0299999999999998,-0.6572338673132683,0.1774891243558585,0.0692,0.0068,False,,No Episode,0
2011-11-16,1773.800048828125,0.05,1.96,-0.0044437718148016,0.01,-0.06,-0.6773789234356046,0.2762894465154066,0.056,-0.0131999999999999,False,,No Episode,0
2011-11-17,1719.800048828125,0.06,1.9,-0.0309161321012227,0.0099999999999999,-0.06,-0.7402887094291131,0.2275392524897709,0.0358,-0.0202,False,,No Episode,0
2011-11-18,1724.699951171875,0.05,1.96,0.0028450606177292,-0.0099999999999999,0.06,-0.757943080455963,0.1907176897773798,0.0522,0.0164,False,,No Episode,0
2011-11-21,1678.300048828125,0.07,1.9,-0.0272716885783381,0.02,-0.06,-0.7545432090261702,0.146399197118851,0.0429,-0.0093,False,,No Episode,0
2011-11-22,1702.199951171875,0.05,1.89,0.0141400979496228,-0.02,-0.01,-0.7566284763638952,0.1535138518030042,0.0287,-0.0142,False,,No Episode,0
2011-11-23,1695.699951171875,-0.01,1.9,-0.0038258972397358,-0.06,0.01,-0.7221660679957045,0.1203846873710526,0.0068,-0.0219,True,7,Eurozone Risk-Off,3
2011-11-28,1710.800048828125,0.02,1.95,0.0148988702197438,-0.03,0.03,-0.6871965248023153,0.0687637962199556,0.0278,0.0011999999999999,True,7,Eurozone Risk-Off,3
2011-11-29,1713.4000244140625,0.01,1.99,0.0015185888849824,-0.01,0.04,-0.6804500205021232,0.062417762022118,0.0413,0.0135,True,7,Eurozone Risk-Off,3
2011-11-30,1745.5,0.03,2.05,0.0185613327662483,0.0199999999999999,0.0599999999999998,-0.6720237676173771,0.0763915374690996,0.0693,0.0279999999999999,True,7,Eurozone Risk-Off,3
2011-12-01,1735.300048828125,0.06,2.05,-0.0058607103104861,0.03,0.0,-0.6448338559319066,0.0550194033281218,0.0875,0.0181999999999999,True,7,Eurozone Risk-Off,3
2011-12-02,1747.0,0.0,2.05,0.006719693899452,-0.06,0.0,-0.6085876120716791,0.0463166079330477,0.0707,-0.0167999999999999,True,7,Eurozone Risk-Off,3
2011-12-05,1730.699951171875,-0.01,2.05,-0.0093741084160372,-0.01,0.0,-0.5377203276002203,0.0466730905190451,0.0668,-0.0039,True,7,Eurozone Risk-Off,3
2011-12-06,1727.9000244140625,0.01,2.07,-0.0016191102696172,0.02,0.02,-0.4358601649604662,0.0323620793529687,0.079,0.0122,True,7,Eurozone Risk-Off,3
2011-12-07,1740.9000244140625,-0.01,2.03,0.0074954224400869,-0.02,-0.04,-0.300638297480949,0.026217084023929,0.058,-0.0209999999999999,True,7,Eurozone Risk-Off,3
2011-12-08,1709.800048828125,0.01,1.98,-0.0180258017385561,0.02,-0.0499999999999998,-0.2520968998085937,0.1537008890933063,0.0378,-0.0202,True,7,Eurozone Risk-Off,3
2011-12-09,1712.800048828125,0.05,2.02,0.0017530536333199,0.04,0.04,-0.2444391455755735,0.1358552426338213,0.0568,0.019,True,7,Eurozone Risk-Off,3
2011-12-12,1664.199951171875,-0.01,2.04,-0.0287849886572217,-0.06,0.02,-0.2867391035501361,0.1397096769520545,0.0501,-0.0067,True,7,Eurozone Risk-Off,3
2011-12-13,1659.9000244140625,-0.05,2.01,-0.0025871238457044,-0.04,-0.0300000000000002,-0.283333726746174,0.1450528125482126,0.0273,-0.0227999999999999,True,7,Eurozone Risk-Off,3
2011-12-14,1584.300048828125,-0.04,1.96,-0.04661467407933,0.01,-0.0499999999999998,-0.1226125305656011,0.0480647723739925,0.0101,-0.0172,True,7,Eurozone Risk-Off,3
2011-12-15,1574.5999755859375,-0.01,1.93,-0.0061414439555589,0.03,-0.03,-0.0887241003768563,0.0162552706742034,0.0058,-0.0043,True,7,Eurozone Risk-Off,3
2011-12-16,1595.5999755859375,-0.05,1.91,0.013248569484948,-0.04,-0.02,0.0162244833847903,0.0020452705906823,-0.0183,-0.0241,True,7,Eurozone Risk-Off,3
2011-12-19,1594.4000244140625,-0.12,1.94,-0.0007523205194175,-0.0699999999999999,0.03,0.1837708510840996,-0.104276066834174,-0.0374,-0.0191,True,7,Eurozone Risk-Off,3
2011-12-20,1615.5999755859375,-0.1,2.04,0.013208884366838,0.0199999999999999,0.1,0.2987438464506737,-0.0907705605146415,-0.0077,0.0297,True,7,Eurozone Risk-Off,3
2011-12-21,1611.9000244140625,-0.07,2.05,-0.0022927670287806,0.03,0.0099999999999997,0.4704368940082469,-0.037145625431759,0.0169,0.0245999999999999,True,7,Eurozone Risk-Off,3
2011-12-22,1608.9000244140625,-0.07,2.04,-0.0018628917176544,0.0,-0.0099999999999997,0.557817837040183,-0.0777342823574747,0.0249,0.008,True,7,Eurozone Risk-Off,3
2011-12-23,1604.699951171875,-0.04,2.07,-0.0026139380542522,0.03,0.0299999999999998,0.6384181860305106,-0.0749317469101777,0.0524,0.0275,True,7,Eurozone Risk-Off,3
2011-12-28,1562.9000244140625,-0.07,2.0,-0.019828926896066,-0.05,-0.04,0.7379580751876724,-0.0556494813475919,0.0306,-0.0271,True,7,Eurozone Risk-Off,3
2011-12-29,1539.9000244140625,-0.05,1.96,-0.0148255903804654,0.02,-0.04,0.731327397434763,-0.0960961857697047,0.0131,-0.0174999999999999,True,7,Eurozone Risk-Off,3
2011-12-30,1565.800048828125,-0.07,1.96,0.0166794115692692,-0.02,0.0,0.7321275194515873,-0.1153034328824199,-0.004,-0.0171,True,7,Eurozone Risk-Off,3
2012-01-04,1611.9000244140625,-0.08,2.08,0.0075975414247766,-0.04,0.0700000000000002,0.717833944384649,-0.0572468493297801,0.0308,0.013,True,7,Eurozone Risk-Off,3
2012-01-05,1619.4000244140625,-0.1,2.12,0.0046421027789813,-0.02,0.04,0.7316139194951179,-0.0244711905501242,0.0363,0.0054999999999999,True,7,Eurozone Risk-Off,3
2012-01-06,1616.0999755859375,-0.11,2.09,-0.0020399010801854,-0.0099999999999999,-0.0300000000000002,0.7190660894627309,-0.009583484287938,0.0285,-0.0077999999999999,True,7,Eurozone Risk-Off,3
2012-01-09,1607.5,-0.13,2.11,-0.0053356471360466,-0.02,0.02,0.7072916179088504,-0.0141570502410253,0.0222,-0.0063,True,7,Eurozone Risk-Off,3
2012-01-10,1631.0,-0.08,2.08,0.0145131465092394,0.05,-0.0299999999999998,0.7075392639313622,0.0671113142928016,0.0277,0.0054999999999999,True,7,Eurozone Risk-Off,3
2012-01-11,1639.199951171875,-0.1,2.03,0.0050149645158983,-0.02,-0.0500000000000002,0.6801248392629407,0.0916363841547339,0.0052,-0.0225,True,7,Eurozone Risk-Off,3
2012-01-12,1647.300048828125,-0.1,2.04,0.004929325457331,0.0,0.0100000000000002,0.6477432405649644,0.0944378049753249,0.004,-0.0011999999999999,True,7,Eurozone Risk-Off,3
2012-01-13,1630.4000244140625,-0.14,2.03,-0.0103122151515053,-0.04,-0.0100000000000002,0.585068587883417,0.0815913435389918,-0.0161,-0.0201,False,,No Episode,0
2012-01-18,1659.5,-0.15,2.07,0.00259453422853,0.02,0.0299999999999998,0.3496668565779024,0.107070815344286,-0.0187,0.0104999999999999,False,,No Episode,0
2012-01-19,1654.0999755859375,0.0,2.01,-0.00325931267158,0.15,-0.06,0.3187692374128468,0.0631801950493182,0.0123,0.031,False,,No Episode,0
2012-01-20,1663.699951171875,0.01,2.04,0.0057869688281311,0.01,0.0300000000000002,0.2735702313154731,0.0673398612665195,0.0386,0.0263,False,,No Episode,0
2012-01-23,1678.0,0.02,2.07,0.0085585997105708,0.01,0.0299999999999998,0.2673085519074938,0.0828906881033618,0.0593,0.0206999999999999,False,,No Episode,0
2012-01-24,1664.199951171875,-0.01,2.09,-0.0082581099011207,-0.03,0.02,0.2196576948324242,0.1160756955356971,0.0629,0.0035999999999999,False,,No Episode,0
2012-01-25,1699.800048828125,-0.12,2.13,0.0211661276643004,-0.11,0.04,-0.0289599031698746,-0.0208771436856135,0.0303,-0.0326,False,,No Episode,0
2012-01-26,1726.300048828125,-0.16,2.12,0.015469792317015,-0.04,-0.0099999999999997,-0.2148805002226654,-0.138131203047483,0.0007,-0.0296,False,,No Episode,0
2012-01-27,1731.800048828125,-0.18,2.11,0.0031809401013678,-0.0199999999999999,-0.0100000000000002,-0.3503976215815381,-0.148629319484222,-0.0203,-0.0209999999999999,False,,No Episode,0
2012-01-30,1731.0,-0.24,2.11,-0.0004620820325049,-0.06,0.0,-0.4562029472064858,-0.1283364177163819,-0.0442,-0.0239,False,,No Episode,0
2012-01-31,1737.800048828125,-0.28,2.11,0.0039206973265626,-0.04,0.0,-0.5307283327259078,-0.1069266250539843,-0.0661,-0.0219,False,,No Episode,0
2012-02-01,1747.0999755859375,-0.28,2.15,0.0053372830035769,0.0,0.04,-0.5974293493167506,-0.084343295193067,-0.063,0.0031,False,,No Episode,0
2012-02-02,1756.800048828125,-0.3,2.16,0.0055367436026498,-0.0199999999999999,0.0100000000000002,-0.6716316319098053,-0.1085682963908479,-0.0717,-0.0087,False,,No Episode,0
2012-02-03,1737.9000244140625,-0.21,2.18,-0.0108164982902856,0.09,0.02,-0.6915542244527425,-0.2102922417033967,-0.0391,0.0326,False,,No Episode,0
2012-02-06,1722.800048828125,-0.26,2.19,-0.0087265992964518,-0.05,0.0099999999999997,-0.7054658813718847,-0.1598667984319835,-0.0426,-0.0034999999999999,False,,No Episode,0
2012-02-07,1746.4000244140625,-0.21,2.21,0.0136056376931241,0.05,0.02,-0.7135798474152986,-0.1109131058269725,-0.0156,0.027,False,,No Episode,0
2012-02-08,1729.300048828125,-0.21,2.22,-0.0098398096477341,0.0,0.0100000000000002,-0.7148447008876333,-0.1018444177836632,-0.007,0.0086,False,,No Episode,0
2012-02-09,1739.0,-0.17,2.21,0.0055935047866322,0.0399999999999999,-0.0100000000000002,-0.6993595762253579,-0.0777767428957379,0.0103,0.0173,False,,No Episode,0
2012-02-10,1723.300048828125,-0.24,2.2,-0.0090691497326691,-0.0699999999999999,-0.0099999999999997,-0.7081444566549443,-0.0978781930052269,-0.01,-0.0203,False,,No Episode,0
2012-02-13,1723.0,-0.22,2.21,-0.0001741280936844,0.0199999999999999,0.0099999999999997,-0.7140775853940617,-0.0761954450169674,-0.003,0.007,False,,No Episode,0
2012-02-14,1715.9000244140625,-0.27,2.19,-0.0041292190082158,-0.05,-0.02,-0.7203438762739975,-0.0389187957675197,-0.0241,-0.0211,False,,No Episode,0
2012-02-15,1726.300048828125,-0.26,2.19,0.0060426795876322,0.01,0.0,-0.7092501652762391,-0.09330796353782,-0.0306,-0.0064999999999999,False,,No Episode,0
2012-02-16,1726.800048828125,-0.24,2.23,0.0002895948506296,0.02,0.04,-0.708046126216518,-0.0844640130964873,-0.0067,0.0238999999999999,False,,No Episode,0
2012-02-17,1724.5,-0.23,2.24,-0.0013328595810797,0.0099999999999999,0.0100000000000002,-0.7109445300957918,-0.0855766537729367,0.0084,0.0150999999999999,False,,No Episode,0
2012-02-22,1770.0,-0.27,2.28,0.0073148376985496,-0.05,0.0099999999999997,-0.7578241533878023,-0.0906189501999924,0.0182,-0.0116,False,,No Episode,0
2012-02-23,1784.9000244140625,-0.3,2.29,0.0083828583456995,-0.0299999999999999,0.0100000000000002,-0.7651550184213042,-0.1553900185148024,0.0118,-0.0064,False,,No Episode,0
2012-02-24,1775.0999755859375,-0.29,2.27,-0.0055056593164426,0.01,-0.02,-0.7730914052870089,-0.1617949414252169,0.0082,-0.0035999999999999,False,,No Episode,0
2012-02-27,1773.5999755859375,-0.32,2.24,-0.0008453800602881,-0.03,-0.0299999999999998,-0.7814221767548305,-0.1561334302481972,-0.0165,-0.0247,False,,No Episode,0
2012-02-28,1787.0,-0.31,2.25,0.0075268706225841,0.01,0.0099999999999997,-0.8222511802078291,-0.1916857996941907,-0.0201,-0.0035999999999999,False,,No Episode,0
2012-02-29,1709.9000244140625,-0.28,2.26,-0.0441033326268156,0.0299999999999999,0.0099999999999997,-0.8295380367067292,-0.2117552864867686,-0.0064,0.0137,False,,No Episode,0
2012-03-01,1721.0999755859375,-0.23,2.26,0.0065287035581729,0.05,0.0,-0.8475169481347549,-0.1933128666202889,0.0152,0.0216,False,,No Episode,0
2012-03-02,1708.800048828125,-0.24,2.23,-0.007172208750398,-0.0099999999999999,-0.0299999999999998,-0.800702861666246,-0.183713458987434,0.0054,-0.0098,False,,No Episode,0
2012-03-05,1703.0,-0.2,2.2,-0.0033999966776985,0.0399999999999999,-0.0299999999999998,-0.7495413102971593,-0.2001206020704517,0.0113,0.0058999999999999,False,,No Episode,0
2012-03-06,1671.4000244140625,-0.21,2.17,-0.0187297884883985,-0.0099999999999999,-0.0300000000000002,-0.6800227482039439,-0.1999731273159371,-0.0062,-0.0174999999999999,False,,No Episode,0
2012-03-07,1683.300048828125,-0.22,2.2,0.0070945682581271,-0.01,0.0300000000000002,-0.5664058514809779,-0.2153039936942722,-0.0007,0.0055,False,,No Episode,0
2012-03-08,1698.0999755859375,-0.21,2.24,0.0087537831425565,0.01,0.04,-0.5491593428604018,-0.0709674447669955,0.0165,0.0172,False,,No Episode,0
2012-03-09,1710.9000244140625,-0.24,2.28,0.007509597525348,-0.03,0.0399999999999995,-0.5708307953248406,-0.0432170872148682,0.0275,0.011,False,,No Episode,0
2012-03-12,1699.199951171875,-0.24,2.28,-0.0068620387886513,0.0,0.0,-0.5931828389446334,-0.0392415596220458,0.0314,0.0038999999999999,False,,No Episode,0
2012-03-13,1693.699951171875,-0.2,2.34,-0.0032420672438595,0.0399999999999999,0.06,-0.6148408964750012,-0.0476652744297072,0.0682,0.0368,False,,No Episode,0
2012-03-14,1642.5,-0.07,2.36,-0.0306959847090455,0.13,0.02,-0.7210674173327754,-0.2589754901879054,0.1403,0.0721,False,,No Episode,0
2012-03-15,1659.0999755859375,-0.08,2.37,0.0100558005752997,-0.0099999999999999,0.0100000000000002,-0.7546725038718615,-0.2655181554918223,0.1579,0.0176,False,,No Episode,0
2012-03-16,1655.5,-0.09,2.4,-0.0021721939467642,-0.0099999999999999,0.0299999999999998,-0.7777592808051184,-0.255148069430129,0.1737,0.0157999999999999,False,,No Episode,0
2012-03-19,1666.9000244140625,-0.03,2.42,0.0068625506081287,0.06,0.02,-0.7834113642380489,-0.1849604701907807,0.2092,0.0355,False,,No Episode,0
2012-03-20,1646.699951171875,-0.04,2.42,-0.0121923730235842,-0.01,0.0,-0.8107493286574793,-0.2057349105222584,0.2225,0.0133,False,,No Episode,0
2012-03-21,1650.0,-0.08,2.39,0.0020020323227809,-0.04,-0.0299999999999998,-0.8348680757195249,-0.2693836980217891,0.1999,-0.0226,False,,No Episode,0
2012-03-22,1642.300048828125,-0.08,2.37,-0.0046775598195614,0.0,-0.02,-0.849898128903685,-0.2726174151084031,0.1894,-0.0104999999999999,False,,No Episode,0
2012-03-23,1662.300048828125,-0.11,2.36,0.0121044868401831,-0.03,-0.0100000000000002,-0.8738337590121744,-0.3195057099793026,0.1717,-0.0177,False,,No Episode,0
2012-03-26,1685.5,-0.08,2.34,0.0138600407588675,0.03,-0.02,-0.8642456907437834,-0.3463313193288813,0.1632,-0.0084999999999999,False,,No Episode,0
2012-03-27,1684.800048828125,-0.13,2.33,-0.0004153643128494,-0.05,-0.0099999999999997,-0.8644014984431313,-0.3369760620739642,0.1371,-0.0261,False,,No Episode,0
2012-03-28,1657.9000244140625,-0.11,2.32,-0.0160951353899507,0.02,-0.0100000000000002,-0.8732110084713667,-0.3698448680007982,0.1345,-0.0025999999999999,False,,No Episode,0
2012-03-29,1652.199951171875,-0.13,2.31,-0.0034440523963095,-0.02,-0.0099999999999997,-0.8721996675594561,-0.3678322378866457,0.1197,-0.0148,False,,No Episode,0
2012-03-30,1669.300048828125,-0.09,2.32,0.0102967025369951,0.04,0.0099999999999997,-0.8714183429979726,-0.3320533992732115,0.1337,0.014,False,,No Episode,0
2012-04-02,1677.5,-0.14,2.36,0.0049001837338362,-0.05,0.04,-0.8705923023458111,-0.3409682422516676,0.1316,-0.0021,False,,No Episode,0
2012-04-03,1670.0,-0.06,2.36,-0.0044809634350366,0.08,0.0,-0.8740186131825587,-0.3567076200606576,0.1621,0.0305,False,,No Episode,0
2012-04-04,1612.300048828125,-0.05,2.3,-0.0351618651563425,0.0099999999999999,-0.06,-0.8771569375293808,-0.3098698976252894,0.1488,-0.0133,False,,No Episode,0
2012-04-05,1628.5,-0.08,2.27,0.0099975844618303,-0.03,-0.0299999999999998,-0.8711030526199618,-0.3124823748264859,0.1262,-0.0225999999999999,False,,No Episode,0
2012-04-09,1642.5,-0.17,2.23,0.0085601256424769,-0.09,-0.04,-0.8399519233311642,-0.3419994317081818,0.0496,-0.0208,False,,No Episode,0
2012-04-10,1659.5,-0.24,2.25,0.0102968808012642,-0.0699999999999999,0.02,-0.7690716461885403,-0.3713078624206873,0.0199,-0.0296999999999999,False,,No Episode,0
2012-04-11,1659.0,-0.25,2.3,-0.0003013409695853,-0.01,0.0499999999999998,-0.6855621054625719,-0.3792136043991114,0.0256,0.0057,False,,No Episode,0
2012-04-12,1679.5,-0.22,2.3,0.0122811188619031,0.03,0.0,-0.6547728072347306,-0.3463759324134395,0.037,0.0113999999999999,False,,No Episode,0
2012-04-13,1659.0999755859375,-0.25,2.27,-0.0122208581182823,-0.03,-0.0299999999999998,-0.5900677625910246,-0.3491575028490776,0.0197,-0.0173,False,,No Episode,0
2012-04-16,1648.699951171875,-0.26,2.26,-0.006288202983069,-0.01,-0.0100000000000002,-0.4882498920742555,-0.3500528098444549,0.0097,-0.0099999999999999,False,,No Episode,0
2012-04-17,1650.300048828125,-0.26,2.29,0.0009700501859493,0.0,0.0300000000000002,-0.4197945434706611,-0.3492054473733292,0.017,0.0073,False,,No Episode,0
2012-04-18,1638.800048828125,-0.26,2.26,-0.0069928226691811,0.0,-0.0300000000000002,-0.3389418950491492,-0.3712809129762144,0.0122,-0.0048,True,8,Eurozone Risk-Off,3
2012-04-19,1640.5999755859375,-0.21,2.19,0.0010977172197064,0.05,-0.0699999999999998,-0.2849650187429147,-0.3552373686465828,0.0035,-0.0087,True,8,Eurozone Risk-Off,3
2012-04-20,1642.0999755859375,-0.24,2.23,0.0009138819427354,-0.03,0.04,-0.2133818730010402,-0.3670581598894921,0.0047,0.0012,True,8,Eurozone Risk-Off,3
2012-04-23,1631.9000244140625,-0.26,2.22,-0.0062309005328033,-0.02,-0.0099999999999997,-0.0652761823597872,-0.3481286285989329,-0.0086,-0.0133,True,8,Eurozone Risk-Off,3
2012-04-24,1643.0,-0.25,2.25,0.0067788439398652,0.01,0.0299999999999998,0.0494679834207183,-0.3405365267860185,-0.0002,0.0084,True,8,Eurozone Risk-Off,3
2012-04-25,1641.4000244140625,-0.24,2.25,-0.0009742879677308,0.01,0.0,0.1285595111287723,-0.3393868707759288,0.0029,0.0031,True,8,Eurozone Risk-Off,3
2012-04-26,1659.5999755859375,-0.29,2.27,0.0110270436783643,-0.0499999999999999,0.02,0.1294587778787032,-0.1383726547034665,-0.0052,-0.0081,True,8,Eurozone Risk-Off,3
2012-04-27,1664.0,-0.3,2.26,0.0026477476332527,-0.01,-0.0100000000000002,0.0830679273840231,-0.1386507285380251,-0.0142,-0.009,True,8,Eurozone Risk-Off,3
2012-04-30,1663.4000244140625,-0.3,2.25,-0.0003606272693623,0.0,-0.0099999999999997,0.0510235088058186,-0.1395698874642481,-0.0204,-0.0062,True,8,Eurozone Risk-Off,3
2012-05-01,1661.699951171875,-0.28,2.26,-0.0010225697890646,0.0199999999999999,0.0099999999999997,-0.009512516164734,-0.1929356034154405,-0.0119,0.0085,True,8,Eurozone Risk-Off,3
2012-05-02,1653.4000244140625,-0.28,2.24,-0.0050073567381776,0.0,-0.0199999999999995,0.0190391304048658,-0.2027860013237575,-0.0198,-0.0079,True,8,Eurozone Risk-Off,3
2012-05-03,1634.199951171875,-0.27,2.23,-0.0116804305128592,0.01,-0.0100000000000002,0.0672534544695863,-0.2126459093939653,-0.0202,-0.0003999999999999,True,8,Eurozone Risk-Off,3
2012-05-04,1644.699951171875,-0.3,2.21,0.0064046089873679,-0.0299999999999999,-0.02,0.1249332839031194,-0.2216402916356586,-0.0383,-0.0181,True,8,Eurozone Risk-Off,3
2012-05-07,1638.5999755859375,-0.27,2.19,-0.0037157632506863,0.0299999999999999,-0.02,0.128155936446475,-0.2092073714552541,-0.0438,-0.0054999999999999,True,8,Eurozone Risk-Off,3
2012-05-08,1604.0,-0.28,2.16,-0.0213416943819115,-0.01,-0.0299999999999998,0.0951226102138073,-0.2483597788706314,-0.0568,-0.013,True,8,Eurozone Risk-Off,3
2012-05-09,1593.699951171875,-0.27,2.14,-0.0064421831990886,0.01,-0.02,0.0823282185059724,-0.2547854850760069,-0.0635,-0.0066999999999999,True,8,Eurozone Risk-Off,3
2012-05-10,1595.0999755859375,-0.25,2.14,0.0008780886453685,0.02,0.0,0.0794048217389817,-0.2227149544155701,-0.06,0.0035,True,8,Eurozone Risk-Off,3
2012-05-11,1583.5999755859375,-0.28,2.12,-0.0072356940575764,-0.03,-0.02,0.1182993339269995,-0.2091297092146673,-0.0731,-0.0131,True,8,Eurozone Risk-Off,3
2012-05-14,1560.5999755859375,-0.33,2.11,-0.0146303737765256,-0.0499999999999999,-0.0100000000000002,0.1708510005309899,-0.2099981715057085,-0.095,-0.0219,True,8,Eurozone Risk-Off,3
2012-05-15,1556.800048828125,-0.36,2.12,-0.0024378832424805,-0.0299999999999999,0.0100000000000002,0.238322801981379,-0.18515137062072,-0.1058,-0.0108,True,8,Eurozone Risk-Off,3
2012-05-16,1536.199951171875,-0.33,2.09,-0.0133206610165812,0.0299999999999999,-0.0300000000000002,0.2472152398341351,-0.2274303142214273,-0.1106,-0.0047999999999999,True,8,Eurozone Risk-Off,3
2012-05-17,1574.5,-0.35,2.05,0.0246259587615034,-0.0199999999999999,-0.04,0.442484333975012,-0.2024372610053109,-0.1273,-0.0166999999999999,True,8,Eurozone Risk-Off,3
2012-05-18,1591.5999755859375,-0.39,2.1,0.0108020226723732,-0.04,0.0500000000000002,0.6004157569328585,-0.215128819676098,-0.1271,0.0002,True,8,Eurozone Risk-Off,3
2012-05-21,1588.4000244140625,-0.41,2.16,-0.0020125485861335,-0.0199999999999999,0.06,0.6329988203453252,-0.1450532838660226,-0.1226,0.0044999999999999,True,8,Eurozone Risk-Off,3
2012-05-22,1576.300048828125,-0.38,2.17,-0.0076468760184065,0.0299999999999999,0.0099999999999997,0.6487033840435574,-0.0828768996765962,-0.1086,0.0139999999999999,True,8,Eurozone Risk-Off,3
2012-05-23,1548.0999755859375,-0.41,2.14,-0.0180520028328325,-0.0299999999999999,-0.0299999999999998,0.6881154266264391,-0.022137768556333,-0.1216,-0.0129999999999999,True,8,Eurozone Risk-Off,3
2012-05-24,1557.300048828125,-0.37,2.14,0.0059252270795591,0.0399999999999999,0.0,0.687816158374232,-0.0414794028892591,-0.109,0.0126,True,8,Eurozone Risk-Off,3
2012-05-25,1568.800048828125,-0.38,2.13,0.0073574431510028,-0.01,-0.0100000000000002,0.6940002741195611,-0.0846041703443714,-0.1138,-0.0047999999999999,True,8,Eurozone Risk-Off,3
2012-05-30,1563.4000244140625,-0.45,2.08,0.0095116712148604,-0.08,-0.0299999999999998,0.7014937808648141,-0.1954337521675771,-0.1555,-0.0385999999999999,True,8,Eurozone Risk-Off,3
2012-05-31,1562.5999755859375,-0.5,2.09,-0.0005118674635919,-0.0499999999999999,0.0099999999999997,0.6868634516545595,-0.1913960268039735,-0.179,-0.0234999999999999,True,8,Eurozone Risk-Off,3
2012-06-01,1620.5,-0.59,2.06,0.0363836586429586,-0.0899999999999999,-0.0299999999999998,0.4987940556982961,-0.4251567208743519,-0.223,-0.044,False,,No Episode,0
2012-06-04,1612.199951171875,-0.56,2.09,-0.0051350680187445,0.0299999999999999,0.0299999999999998,0.406614017004519,-0.4291739131206573,-0.2134,0.0095999999999999,False,,No Episode,0
2012-06-05,1615.199951171875,-0.56,2.13,0.0018590822053798,0.0,0.04,0.3337922898249277,-0.4332495422739583,-0.201,0.0123999999999999,False,,No Episode,0
2012-06-06,1632.800048828125,-0.5,2.16,0.0108376046319325,0.06,0.0300000000000002,0.2540124662612283,-0.3511992534329989,-0.1676,0.0334,False,,No Episode,0
2012-06-07,1586.5999755859375,-0.49,2.15,-0.0287030159199286,0.01,-0.0100000000000002,0.2285143609743337,-0.3602228796840441,-0.1615,0.0060999999999999,False,,No Episode,0
2012-06-08,1590.0999755859375,-0.5,2.15,0.0022035454843187,-0.01,0.0,0.1981532701128769,-0.3350949525709052,-0.1603,0.0012,False,,No Episode,0
2012-06-11,1595.5,-0.53,2.13,0.0033902747537384,-0.03,-0.02,0.1544424647748798,-0.339943938213302,-0.1767,-0.0163999999999999,False,,No Episode,0
2012-06-12,1612.699951171875,-0.48,2.15,0.0107225959909182,0.05,0.02,0.0869212140241442,-0.2721749968283985,-0.1537,0.0229999999999999,False,,No Episode,0
2012-06-13,1618.0999755859375,-0.51,2.12,0.0033428436084408,-0.03,-0.0299999999999998,-0.0226976206666682,-0.2794164271578468,-0.172,-0.0182999999999999,False,,No Episode,0
2012-06-14,1618.4000244140625,-0.47,2.11,0.0001854156211855,0.04,-0.0100000000000002,-0.1323814090663194,-0.2668993827740321,-0.1634,0.0085999999999999,False,,No Episode,0
2012-06-15,1627.0,-0.54,2.14,0.0052998062801945,-0.07,0.0300000000000002,-0.2605062726705497,-0.2689683081940813,-0.1782,-0.0148,False,,No Episode,0
2012-06-18,1625.699951171875,-0.54,2.13,-0.0007993660139984,0.0,-0.0100000000000002,-0.3991439242650377,-0.2618417538872707,-0.1828,-0.0045999999999999,False,,No Episode,0
2012-06-19,1622.199951171875,-0.53,2.17,-0.0021552396687365,0.01,0.04,-0.5611996240692537,-0.2588807565036091,-0.1709,0.0118999999999999,False,,No Episode,0
2012-06-20,1614.800048828125,-0.51,2.16,-0.0045720823196395,0.02,-0.0099999999999997,-0.6281100815606835,-0.2807279662498894,-0.157,0.0138999999999999,False,,No Episode,0
2012-06-21,1564.5,-0.47,2.1,-0.031644856107726,0.04,-0.06,-0.6564979620595824,-0.3377343139284731,-0.1599,-0.0028999999999999,False,,No Episode,0
2012-06-22,1566.0,-0.42,2.11,0.0009583134418109,0.0499999999999999,0.0099999999999997,-0.7388347499288473,-0.32571149818836,-0.1431,0.0167999999999999,False,,No Episode,0
2012-06-25,1587.5,-0.47,2.1,0.0136358542160985,-0.0499999999999999,-0.0099999999999997,-0.7899216672322011,-0.3643466964617351,-0.1592,-0.0161,False,,No Episode,0
2012-06-26,1574.0,-0.45,2.11,-0.0085403017894982,0.0199999999999999,0.0099999999999997,-0.7833476937730348,-0.4298049942790966,-0.1533,0.0059,False,,No Episode,0
2012-06-27,1577.5,-0.45,2.1,0.0022211654380193,0.0,-0.0099999999999997,-0.7713391433679289,-0.4374209153013253,-0.1584,-0.0051,False,,No Episode,0
2012-06-28,1549.699951171875,-0.48,2.08,-0.0177799831301932,-0.0299999999999999,-0.02,-0.6962103442030751,-0.3753534305524582,-0.1774,-0.0189999999999999,False,,No Episode,0
2012-06-29,1603.5,-0.46,2.13,0.0341274078480351,0.0199999999999999,0.0499999999999998,-0.699336216382727,-0.2853858672015209,-0.1621,0.0153,False,,No Episode,0
2012-07-02,1597.199951171875,-0.5,2.11,-0.0039366745152218,-0.0399999999999999,-0.02,-0.7257063766682964,-0.2554458747253302,-0.1832,-0.0211,False,,No Episode,0
2012-07-03,1621.300048828125,-0.48,2.13,0.0149762610546853,0.02,0.02,-0.7243033657821077,-0.2332155382379793,-0.1736,0.0095999999999999,False,,No Episode,0
2012-07-06,1578.4000244140625,-0.53,2.1,-0.0191390396553634,-0.02,-0.0299999999999998,-0.6839744180769712,-0.2149448278013954,-0.1979,-0.0172999999999999,False,,No Episode,0
2012-07-09,1588.5999755859375,-0.57,2.1,0.0064414186547363,-0.0399999999999999,0.0,-0.6121606598927471,-0.2430714454030373,-0.2141,-0.0162,False,,No Episode,0
2012-07-10,1579.300048828125,-0.59,2.12,-0.0058713680371607,-0.02,0.02,-0.5120337757526937,-0.2365329973499252,-0.2225,-0.0083999999999999,False,,No Episode,0
2012-07-11,1575.199951171875,-0.57,2.11,-0.0025995244667154,0.02,-0.0100000000000002,-0.3459691720889667,-0.2299845796398248,-0.2213,0.0012,False,,No Episode,0
2012-07-12,1564.9000244140625,-0.58,2.08,-0.0065602775567041,-0.01,-0.0299999999999998,-0.205765419255261,-0.1999854725143561,-0.2311,-0.0098,False,,No Episode,0
2012-07-13,1591.5999755859375,-0.59,2.11,0.0169178444432898,-0.01,0.0299999999999998,-0.1764689485179695,-0.2102083346298365,-0.2302,0.0009,False,,No Episode,0
2012-07-16,1591.199951171875,-0.61,2.11,-0.000251366360044,-0.02,0.0,-0.1004377265074474,-0.0034554396027032,-0.2397,-0.0095,False,,No Episode,0
2012-07-17,1589.0999755859375,-0.59,2.12,-0.0013206149982707,0.02,0.0100000000000002,-0.0596156959577305,0.0067732328105007,-0.233,0.0066999999999999,False,,No Episode,0
2012-07-18,1570.4000244140625,-0.6,2.12,-0.0118374233464892,-0.01,0.0,0.0314405654151228,0.0143888963100132,-0.235,-0.0019999999999999,False,,No Episode,0
2012-07-19,1580.0999755859375,-0.62,2.16,0.0061577411978444,-0.02,0.04,0.0479160708005595,-0.0599124676227444,-0.2277,0.0072999999999999,False,,No Episode,0
2012-07-20,1582.5,-0.67,2.16,0.0015177543118376,-0.05,0.0,0.08688819590642,-0.0332060664140625,-0.2422,-0.0144999999999999,False,,No Episode,0
2012-07-23,1577.0999755859375,-0.68,2.15,-0.0034181730051701,-0.01,-0.0100000000000002,0.134592563148931,-0.0311270799149903,-0.2545,-0.0123,False,,No Episode,0
2012-07-24,1576.0,-0.68,2.12,-0.000697710595336,0.0,-0.0299999999999998,0.1734587644321403,-0.0232024431740369,-0.2672,-0.0126999999999999,False,,No Episode,0
2012-07-25,1608.0,-0.67,2.1,0.0201011793210872,0.01,-0.02,0.0910937970942257,-0.0513168591692814,-0.2728,-0.0055999999999999,False,,No Episode,0
2012-07-26,1615.0,-0.66,2.11,0.004343785917845,0.01,0.0099999999999997,0.0095479622738264,-0.0371049029385381,-0.266,0.0067999999999999,False,,No Episode,0
2012-07-27,1617.9000244140625,-0.61,2.19,0.0017940704445038,0.05,0.08,-0.0723854139124315,-0.0279249039939687,-0.224,0.042,False,,No Episode,0
2012-07-30,1619.699951171875,-0.64,2.17,0.0011118896446893,-0.03,-0.02,-0.1368892929891301,0.0024997229514734,-0.2293,-0.0052999999999999,False,,No Episode,0
2012-07-31,1610.5,-0.69,2.2,-0.0056962269746962,-0.0499999999999999,0.0300000000000002,-0.2062776003873933,0.0267329637729764,-0.2371,-0.0078,False,,No Episode,0
2012-08-01,1603.699951171875,-0.67,2.23,-0.0042312607036603,0.0199999999999999,0.0299999999999998,-0.2650037900041872,0.0198365469576277,-0.2179,0.0191999999999999,False,,No Episode,0
2012-08-02,1587.4000244140625,-0.69,2.2,-0.0102159560309127,-0.0199999999999999,-0.0299999999999998,-0.2961918460499672,0.0433752079708379,-0.229,-0.0110999999999999,False,,No Episode,0
2012-08-03,1606.0,-0.66,2.26,0.0116491424700262,0.0299999999999999,0.0599999999999996,-0.2768495785945498,0.2525394206243149,-0.2,0.0289999999999999,False,,No Episode,0
2012-08-06,1612.9000244140625,-0.68,2.27,0.0042872005531791,-0.02,0.0100000000000002,-0.2461278163412567,0.2662638433518811,-0.1966,0.0034,False,,No Episode,0
2012-08-07,1609.699951171875,-0.65,2.31,-0.0019860201813832,0.03,0.04,-0.2620855916784653,0.3290401367508324,-0.1681,0.0284999999999999,False,,No Episode,0
2012-08-08,1612.9000244140625,-0.61,2.29,0.0019860201813832,0.04,-0.02,-0.2150902538939962,0.3561708977810595,-0.1534,0.0146999999999999,False,,No Episode,0
2012-08-09,1617.0999755859375,-0.58,2.27,0.0026005904265771,0.03,-0.02,-0.1476866427614637,0.3526976958021326,-0.1462,0.0072,False,,No Episode,0
2012-08-10,1619.699951171875,-0.6,2.25,0.0016065102594868,-0.02,-0.02,0.0154540193777157,0.3156769867900822,-0.1549,-0.0087,False,,No Episode,0
2012-08-13,1609.5999755859375,-0.58,2.23,-0.0062552310083123,0.02,-0.02,-0.002265244300482,0.2436757431846007,-0.1586,-0.0036999999999999,False,,No Episode,0
2012-08-14,1599.4000244140625,-0.53,2.26,-0.0063571115753351,0.0499999999999999,0.0299999999999998,0.004314887743558,0.1645370617347855,-0.1343,0.0242999999999999,False,,No Episode,0
2012-08-15,1603.699951171875,-0.45,2.25,0.0026848549052909,0.08,-0.0099999999999997,-0.0700942333214887,0.1448003811529709,-0.1004,0.0339,False,,No Episode,0
2012-08-16,1616.0999755859375,-0.42,2.25,0.0077023951802273,0.03,0.0,0.0131109064119841,0.142050151302752,-0.0766,0.0238,False,,No Episode,0
2012-08-17,1616.300048828125,-0.43,2.24,0.0001237923777575,-0.01,-0.0099999999999997,0.1459973083867544,0.0912483341588194,-0.0738,0.0027999999999999,False,,No Episode,0
2012-08-20,1620.0999755859375,-0.43,2.25,0.0023482440213156,0.0,0.0099999999999997,0.2323100114433171,0.1348742846451383,-0.0745,-0.0006999999999999,False,,No Episode,0
2012-08-21,1639.9000244140625,-0.45,2.25,0.0121474185900369,-0.02,0.0,0.3419841693798759,0.0617616447331255,-0.0793,-0.0047999999999999,False,,No Episode,0
2012-08-22,1637.4000244140625,-0.55,2.26,-0.0015256463843211,-0.1,0.0099999999999997,0.3832570888809644,0.0998586228407347,-0.1167,-0.0374,False,,No Episode,0
2012-08-23,1669.5999755859375,-0.62,2.3,0.0194744292876798,-0.0699999999999999,0.04,0.3264618334535017,-0.0661274047090416,-0.1379,-0.0211999999999999,False,,No Episode,0
2012-08-24,1669.800048828125,-0.6,2.28,0.0001198258615104,0.02,-0.02,0.2882953269709431,-0.0578724296705401,-0.1402,-0.0022999999999999,False,,No Episode,0
2012-08-27,1672.4000244140625,-0.64,2.29,0.001555847078829,-0.04,0.0100000000000002,0.2169315292024455,-0.0612433703560134,-0.1544,-0.0142,False,,No Episode,0
2012-08-28,1666.5,-0.68,2.32,-0.003534116332835,-0.04,0.0299999999999998,0.1441558458598145,-0.0288332437231493,-0.1631,-0.0086999999999999,False,,No Episode,0
2012-08-29,1659.800048828125,-0.64,2.3,-0.0040284761653692,0.04,-0.02,0.1216084467144578,-0.0730454495318226,-0.1625,0.0005999999999999,False,,No Episode,0
2012-08-30,1653.5,-0.63,2.26,-0.0038028891605774,0.01,-0.04,0.0987646117155046,-0.0697054560267957,-0.1734,-0.0108999999999999,False,,No Episode,0
2012-08-31,1684.5999755859375,-0.68,2.25,0.0186338789669173,-0.05,-0.0099999999999997,-0.0106387234213442,-0.1600759561701586,-0.2029,-0.0295,False,,No Episode,0
2012-09-05,1690.800048828125,-0.69,2.29,-0.001241230493302,-0.0099999999999998,0.02,-0.2492615258675573,-0.1632548736956519,-0.2007,0.002,False,,No Episode,0
2012-09-06,1702.5999755859375,-0.63,2.31,0.0069546615393285,0.0599999999999999,0.02,-0.277259781255315,-0.159417644181907,-0.1727,0.0279999999999999,False,,No Episode,0
2012-09-07,1737.5,-0.68,2.35,0.0202908183282728,-0.05,0.04,-0.3365313493785876,-0.2395940926654433,-0.1727,0.0,False,,No Episode,0
2012-09-10,1728.699951171875,-0.68,2.36,-0.0050776457557812,0.0,0.0099999999999997,-0.3719030483714872,-0.2404601483491367,-0.1669,0.0058,False,,No Episode,0
2012-09-11,1731.800048828125,-0.68,2.38,0.001791705525548,0.0,0.02,-0.4092528526212187,-0.2459806967815569,-0.1598,0.0070999999999999,False,,No Episode,0
2012-09-12,1730.5999755859375,-0.61,2.38,-0.0006932031433573,0.07,0.0,-0.4277468572774133,-0.310590854229643,-0.137,0.0227999999999999,False,,No Episode,0
2012-09-13,1769.0999755859375,-0.72,2.47,0.0220027738089383,-0.1099999999999999,0.0900000000000003,-0.5148987167919511,-0.433196679441686,-0.142,-0.0049999999999999,False,,No Episode,0
2012-09-14,1769.800048828125,-0.76,2.64,0.0003956445485835,-0.04,0.1699999999999999,-0.6386638761201103,-0.4614740004003878,-0.1003,0.0416999999999999,False,,No Episode,0
2012-09-17,1767.699951171875,-0.74,2.59,-0.0011873345034461,0.02,-0.0500000000000002,-0.7037951149666392,-0.5044004832276303,-0.094,0.0063,False,,No Episode,0
2012-09-18,1768.4000244140625,-0.73,2.55,0.0003959578383909,0.01,-0.04,-0.7653244663913625,-0.5054230589355814,-0.1003,-0.0063,False,,No Episode,0
2012-09-19,1769.0,-0.75,2.54,0.0003392184019617,-0.02,-0.0099999999999997,-0.81496558724387,-0.4907182169409429,-0.11,-0.0097,False,,No Episode,0
2012-09-20,1767.699951171875,-0.7,2.5,-0.0007351762403526,0.05,-0.04,-0.8321910340897444,-0.499765520698074,-0.112,-0.002,False,,No Episode,0
2012-09-21,1775.5,-0.71,2.48,0.0044028344637103,-0.01,-0.02,-0.8393239030302493,-0.503221155278549,-0.1236,-0.0116,False,,No Episode,0
2012-09-24,1762.0999755859375,-0.73,2.47,-0.007575807663553,-0.02,-0.0099999999999997,-0.8565914768054321,-0.4754149611930174,-0.1367,-0.0130999999999999,False,,No Episode,0
2012-09-25,1763.800048828125,-0.74,2.44,0.0009643344179721,-0.01,-0.0300000000000002,-0.8727119850006702,-0.4655484285487823,-0.1547,-0.018,False,,No Episode,0
2012-09-26,1750.5999755859375,-0.77,2.41,-0.0075120277853359,-0.03,-0.0299999999999998,-0.8755699408137936,-0.3983623811123899,-0.1815,-0.0267999999999999,False,,No Episode,0
2012-09-27,1777.5999755859375,-0.78,2.44,0.0153055537988562,-0.01,0.0299999999999998,-0.8677115019457556,-0.4088513780856509,-0.1826,-0.0011,False,,No Episode,0
2012-09-28,1771.0999755859375,-0.77,2.42,-0.0036633174731841,0.01,-0.02,-0.8600277052189547,-0.4444408100982088,-0.1891,-0.0064999999999999,False,,No Episode,0
2012-10-01,1780.5,-0.78,2.42,0.0052934150399348,-0.01,0.0,-0.8498691582125377,-0.4440639970932897,-0.192,-0.0029,False,,No Episode,0
2012-10-02,1772.699951171875,-0.83,2.47,-0.0043904432425891,-0.0499999999999999,0.0500000000000002,-0.8320583258120343,-0.4041694512797968,-0.1941,-0.0020999999999999,False,,No Episode,0
2012-10-03,1777.300048828125,-0.83,2.47,0.0025916057639054,0.0,0.0,-0.832977543334888,-0.4061738258120619,-0.1978,-0.0037,False,,No Episode,0
2012-10-04,1794.0999755859375,-0.86,2.56,0.0094081035782176,-0.03,0.0899999999999998,-0.8122324520241643,-0.4923782768896507,-0.1815,0.0163,False,,No Episode,0
2012-10-05,1778.5999755859375,-0.82,2.57,-0.0086769655783891,0.04,0.0099999999999997,-0.8035540681890103,-0.4655723145588467,-0.1564,0.0250999999999999,False,,No Episode,0
2012-10-10,1763.199951171875,-0.8,2.52,0.0001134088678229,0.01,-0.0299999999999998,-0.7642786971031157,-0.4778724222249764,-0.1589,-0.0062,False,,No Episode,0
2012-10-11,1768.800048828125,-0.77,2.47,0.0031710658827703,0.03,-0.0499999999999998,-0.7745323759294608,-0.4988663380111387,-0.1631,-0.0041999999999999,False,,No Episode,0
2012-10-12,1758.0,-0.78,2.47,-0.006124578903341,-0.01,0.0,-0.7570077819838175,-0.4713080735048163,-0.1669,-0.0037999999999999,False,,No Episode,0
2012-10-15,1736.0,-0.78,2.48,-0.0125931830248262,0.0,0.0099999999999997,-0.7097105176992023,-0.4514289784668135,-0.1675,-0.0006,False,,No Episode,0
2012-10-16,1744.699951171875,-0.71,2.46,0.0049989768790146,0.07,-0.02,-0.7117124386923459,-0.343271798672169,-0.1483,0.0192,False,,No Episode,0
2012-10-17,1751.5,-0.65,2.48,0.0038899705382311,0.0599999999999999,0.02,-0.6940253675656507,-0.3117230798990887,-0.1092,0.0390999999999999,False,,No Episode,0
2012-10-18,1743.300048828125,-0.66,2.52,-0.0046926668793521,-0.01,0.04,-0.7370833313343015,-0.3052816883074387,-0.0873,0.0219,False,,No Episode,0
2012-10-19,1722.800048828125,-0.71,2.5,-0.0118289942359286,-0.0499999999999999,-0.02,-0.6840833222294729,-0.2752173798777428,-0.0978,-0.0104999999999999,False,,No Episode,0
2012-10-22,1725.0999755859375,-0.7,2.53,0.0013341031251785,0.01,0.0299999999999998,-0.6707789260301924,-0.1942359287103613,-0.0872,0.0105999999999999,False,,No Episode,0
2012-10-23,1708.300048828125,-0.71,2.5,-0.0097862531115531,-0.01,-0.0299999999999998,-0.6261840301522849,-0.1791657840226569,-0.0997,-0.0124999999999999,False,,No Episode,0
2012-10-24,1700.5,-0.69,2.49,-0.0045764270886365,0.02,-0.0099999999999997,-0.6103239754320212,-0.1878882974691668,-0.1027,-0.003,False,,No Episode,0
2012-10-25,1712.0,-0.63,2.49,0.0067399522544375,0.0599999999999999,0.0,-0.6435372209384164,-0.1339961149295443,-0.0797,0.023,False,,No Episode,0
2012-10-26,1710.9000244140625,-0.69,2.47,-0.0006427156013657,-0.0599999999999999,-0.02,-0.6722798197454758,0.2215907825869736,-0.0988,-0.0191,False,,No Episode,0
2012-11-01,1714.0999755859375,-0.77,2.52,-0.001981597826572,0.01,0.02,-0.5762929413045534,0.1439031332512261,-0.1304,0.0052999999999999,False,,No Episode,0
2012-11-02,1674.0999755859375,-0.73,2.48,-0.0236124544315883,0.04,-0.04,-0.5457539685048158,0.0084850625247816,-0.1283,0.0020999999999999,False,,No Episode,0
2012-11-05,1682.199951171875,-0.75,2.47,0.0048267386636435,-0.02,-0.0099999999999997,-0.5063934129543132,-0.0023425625657806,-0.141,-0.0126999999999999,False,,No Episode,0
2012-11-06,1714.0999755859375,-0.72,2.5,0.0187857157679447,0.03,0.0299999999999998,-0.5449402722676504,0.0616933932790625,-0.1213,0.0196999999999999,False,,No Episode,0
2012-11-07,1713.199951171875,-0.8,2.48,-0.0005252090298402,-0.08,-0.02,-0.541193061600189,0.0576436809048181,-0.1554,-0.0341,False,,No Episode,0
2012-11-08,1725.4000244140625,-0.85,2.47,0.0070959835521851,-0.0499999999999999,-0.0099999999999997,-0.5005900818563083,0.0076570217361831,-0.1823,-0.0268999999999999,False,,No Episode,0
2012-11-09,1730.300048828125,-0.83,2.44,0.0028359102897814,0.02,-0.0300000000000002,-0.4874813729518732,0.0168633180493031,-0.1902,-0.0079,False,,No Episode,0
2012-11-14,1729.5,-0.81,2.4,0.0030692029206926,0.0299999999999999,-0.0300000000000002,-0.4383277738308501,0.0271013138698593,-0.2066,-0.0029,False,,No Episode,0
2012-11-15,1713.300048828125,-0.8,2.38,-0.0094109855388371,0.01,-0.02,-0.4216846354482795,0.0200343208528992,-0.2107,-0.0040999999999999,False,,No Episode,0
2012-11-16,1714.300048828125,-0.81,2.39,0.0005834986578836,-0.01,0.0100000000000002,-0.4021737553196824,0.0247214801968776,-0.211,-0.0002999999999999,False,,No Episode,0
2012-11-19,1734.0,-0.78,2.39,0.0114260158442167,0.03,0.0,-0.3716070427506213,0.0448507935897764,-0.2012,0.0098,False,,No Episode,0
2012-11-20,1723.199951171875,-0.74,2.4,-0.00624787927409,0.04,0.0099999999999997,-0.3335380904485038,0.0242169759834159,-0.1806,0.0205999999999999,False,,No Episode,0
2012-11-21,1727.9000244140625,-0.71,2.4,0.0027238133820048,0.03,0.0,-0.2256713163173147,0.0731043537867875,-0.1652,0.0153999999999999,False,,No Episode,0
2012-11-26,1749.5,-0.73,2.39,-0.0010283643519493,-0.01,-0.0299999999999998,-0.0648548047980922,0.0874662774455374,-0.1662,-0.0096999999999999,False,,No Episode,0
2012-11-27,1742.199951171875,-0.74,2.38,-0.0041813784496564,-0.01,-0.0100000000000002,-0.0073495732626362,0.0916392698315329,-0.1768,-0.0106,False,,No Episode,0
2012-11-28,1716.5,-0.75,2.38,-0.0148613204603398,-0.01,0.0,0.0269076301492368,0.0934192229359517,-0.1876,-0.0107999999999999,False,,No Episode,0
2012-11-29,1727.199951171875,-0.78,2.4,0.0062142380327454,-0.03,0.02,0.064323151373736,0.0657401754303702,-0.1942,-0.0066,False,,No Episode,0
2012-11-30,1710.9000244140625,-0.79,2.41,-0.0094820098301706,-0.01,0.0100000000000002,0.0970681641608481,0.0756324061823668,-0.1971,-0.0028999999999999,False,,No Episode,0
2012-12-03,1719.5999755859375,-0.81,2.44,0.0050721293242803,-0.02,0.0299999999999998,0.0722953583340744,0.0276563000765051,-0.1949,0.0022,False,,No Episode,0
2012-12-04,1694.4000244140625,-0.83,2.45,-0.0147629811687828,-0.0199999999999999,0.0100000000000002,0.0312575384595977,0.0185219873913496,-0.1987,-0.0037999999999999,False,,No Episode,0
2012-12-05,1692.4000244140625,-0.85,2.45,-0.001181055984202,-0.02,0.0,0.0274775165550285,0.0172296110154674,-0.2064,-0.0077,False,,No Episode,0
2012-12-06,1700.300048828125,-0.87,2.46,0.0046570805091814,-0.02,0.0099999999999997,0.0751713602768492,-0.0455994414607845,-0.2136,-0.0072,False,,No Episode,0
2012-12-07,1704.0,-0.86,2.5,0.0021736936084622,0.01,0.04,0.0900155353734376,-0.0441195728066096,-0.2009,0.0127,False,,No Episode,0
2012-12-10,1713.0,-0.87,2.5,0.0052677909348588,-0.01,0.0,0.1137670630609793,-0.0527326167430732,-0.1986,0.0022999999999999,False,,No Episode,0
2012-12-11,1708.199951171875,-0.84,2.5,-0.0028060633966209,0.03,0.0,0.1813609341317678,-0.0507153225459855,-0.188,0.0105999999999999,False,,No Episode,0
2012-12-12,1716.5999755859375,-0.79,2.51,0.0049054201342846,0.0499999999999999,0.0099999999999997,0.2345674182656948,-0.0711930046428794,-0.1671,0.0209,False,,No Episode,0
2012-12-13,1695.5999755859375,-0.73,2.47,-0.0123089299817813,0.06,-0.0399999999999995,0.2123852284599592,-0.1569130968811564,-0.1459,0.0211999999999999,False,,No Episode,0
2012-12-14,1695.800048828125,-0.74,2.46,0.0001179885834634,-0.01,-0.0100000000000002,0.167366968491604,-0.1319591142324709,-0.1403,0.0055999999999999,False,,No Episode,0
2012-12-17,1697.0,-0.7,2.48,0.0007073515707611,0.04,0.02,0.1017975216245925,-0.1220234731658281,-0.117,0.0233,False,,No Episode,0
2012-12-18,1669.5,-0.67,2.51,-0.016337805850517,0.0299999999999999,0.0299999999999998,-0.003488726109879,-0.0737991727968397,-0.0915,0.0255,False,,No Episode,0
2012-12-19,1666.5,-0.66,2.48,-0.0017985616359155,0.01,-0.0299999999999998,-0.1421914639152204,-0.0611595646878709,-0.0877,0.0037999999999999,False,,No Episode,0
2012-12-20,1644.9000244140625,-0.69,2.5,-0.013046011827404,-0.0299999999999999,0.02,-0.2660342522801548,-0.0876348362642324,-0.088,-0.0002999999999999,False,,No Episode,0
2012-12-21,1659.0999755859375,-0.71,2.48,0.0085956650136749,-0.02,-0.02,-0.3173150183286659,-0.1221529245305289,-0.0997,-0.0117,False,,No Episode,0
2012-12-24,1658.5999755859375,-0.69,2.48,-0.0003014136366426,0.02,0.0,-0.3585525954313487,-0.0531199638928494,-0.0975,0.0021999999999999,False,,No Episode,0
2012-12-27,1662.5999755859375,-0.73,2.47,0.001685484830296,-0.02,-0.0099999999999997,-0.3682668894094263,-0.0891179584473202,-0.124,-0.0186,False,,No Episode,0
2012-12-28,1654.9000244140625,-0.73,2.46,-0.0046420286352324,0.0,-0.0100000000000002,-0.3635793497656729,-0.1097028336938216,-0.128,-0.004,False,,No Episode,0
2012-12-31,1674.800048828125,-0.67,2.45,0.0119531855221,0.0599999999999999,-0.0099999999999997,-0.3817710385057651,0.0248240049716269,-0.1174,0.0105999999999999,False,,No Episode,0
2013-01-03,1673.699951171875,-0.54,2.46,-0.0084484518132166,0.0799999999999999,-0.02,-0.3844653028503201,-0.0384831978883851,-0.06,0.0311,False,,No Episode,0
2013-01-04,1648.0999755859375,-0.55,2.48,-0.0154136209191548,-0.01,0.02,-0.4604218935722011,0.0165173864116899,-0.0447,0.0153,False,,No Episode,0
2013-01-07,1645.5,-0.6,2.52,-0.0015788050432803,-0.0499999999999999,0.04,-0.5257566721778503,0.0023003944285649,-0.0417,0.0029999999999999,False,,No Episode,0
2013-01-08,1661.5,-0.6,2.49,0.0096765194112542,0.0,-0.0299999999999998,-0.5932870777404247,0.0243322421894118,-0.053,-0.0112999999999999,False,,No Episode,0
2013-01-09,1654.800048828125,-0.64,2.52,-0.004040623700428,-0.04,0.0299999999999998,-0.6576363425685937,0.0374958358570305,-0.0601,-0.0071,False,,No Episode,0
2013-01-10,1677.300048828125,-0.62,2.53,0.013505201717634,0.02,0.0099999999999997,-0.6967261375691732,0.0613862913081785,-0.0494,0.0107,False,,No Episode,0
2013-01-11,1660.0,-0.63,2.52,-0.0103677844612661,-0.01,-0.0099999999999997,-0.7143800499501558,0.0550779464128354,-0.0535,-0.0040999999999999,False,,No Episode,0
2013-01-14,1668.9000244140625,-0.66,2.55,0.0053471390276031,-0.03,0.0299999999999998,-0.724812387155225,0.0589275894094959,-0.0582,-0.0047,False,,No Episode,0
2013-01-15,1683.4000244140625,-0.66,2.52,0.0086508309021127,0.0,-0.0299999999999998,-0.7097574899900543,0.0386423493227826,-0.0714,-0.0132,False,,No Episode,0
2013-01-16,1682.699951171875,-0.65,2.49,-0.0004159551156286,0.01,-0.0299999999999998,-0.6862201550141941,0.0574725846599881,-0.0802,-0.0087999999999999,False,,No Episode,0
2013-01-17,1690.4000244140625,-0.64,2.53,0.004565584579943,0.01,0.0399999999999995,-0.6524103207538885,0.0137128878457351,-0.0622,0.0179999999999999,False,,No Episode,0
2013-01-18,1686.5999755859375,-0.66,2.53,-0.0022505480793908,-0.02,0.0,-0.6372139239238767,0.0174911384953907,-0.0657,-0.0034999999999999,False,,No Episode,0
2013-01-23,1686.300048828125,-0.66,2.52,-0.0038471828766573,0.02,-0.02,-0.5616529642474404,0.0132781405898183,-0.0756,-0.0039,False,,No Episode,0
2013-01-24,1669.5,-0.62,2.5,-0.0100126282482051,0.04,-0.02,-0.4772283829502495,-0.0136251013877762,-0.0689,0.0066999999999999,False,,No Episode,0
2013-01-25,1656.4000244140625,-0.56,2.54,-0.0078775929730667,0.0599999999999999,0.04,-0.4058483399381023,-0.0524298996948506,-0.0273,0.0416,False,,No Episode,0
2013-01-28,1652.4000244140625,-0.55,2.55,-0.0024177961131224,0.01,0.0099999999999997,-0.3124382581658573,-0.0869335582640519,-0.007,0.0203,False,,No Episode,0
2013-01-29,1660.699951171875,-0.53,2.56,0.0050103795130516,0.02,0.0100000000000002,-0.275153563560862,0.0001256474142477,0.0058,0.0127999999999999,False,,No Episode,0
2013-01-30,1679.9000244140625,-0.54,2.57,0.0114951115386414,-0.01,0.0099999999999997,-0.1390127697242356,-0.0251640148894701,0.0071,0.0013,False,,No Episode,0
2013-01-31,1660.5999755859375,-0.57,2.59,-0.0115553142232363,-0.0299999999999999,0.02,-0.0927890681075653,0.0207813319996365,0.0066,-0.0005,False,,No Episode,0
2013-02-01,1669.4000244140625,-0.55,2.59,0.0052853269151125,0.0199999999999999,0.0,-0.0816414576430577,0.091397346724322,0.0148,0.0082,False,,No Episode,0
2013-02-04,1675.300048828125,-0.59,2.59,0.0035279878042961,-0.0399999999999999,0.0,-0.070549475200124,0.0703393721071908,0.0009,-0.0139,False,,No Episode,0
2013-02-05,1672.4000244140625,-0.55,2.59,-0.0017325477647567,0.0399999999999999,0.0,-0.1248783582271672,0.000209881878725,0.0114,0.0105,False,,No Episode,0
2013-02-06,1677.699951171875,-0.58,2.58,0.0031640435915196,-0.0299999999999999,-0.0099999999999997,-0.1527143966622471,0.0151622557552619,-0.0008,-0.0122,False,,No Episode,0
2013-02-07,1670.4000244140625,-0.58,2.57,-0.0043606453681306,0.0,-0.0100000000000002,-0.1929689861049994,0.0191049045441957,-0.0095,-0.0087,False,,No Episode,0
2013-02-08,1666.0,-0.57,2.56,-0.0026375895772305,0.01,-0.0099999999999997,-0.2579059535783066,0.0187618528289584,-0.0095,0.0,False,,No Episode,0
2013-02-11,1648.199951171875,-0.58,2.57,-0.0107417900226263,-0.01,0.0099999999999997,-0.3439779348926875,0.0461264937292548,-0.0085,0.0009999999999999,False,,No Episode,0
2013-02-12,1648.699951171875,-0.57,2.59,0.0003033152468345,0.01,0.02,-0.5145477125243886,0.0435536299578144,0.002,0.0105,False,,No Episode,0
2013-02-13,1644.199951171875,-0.54,2.59,-0.0027331549301568,0.0299999999999999,0.0,-0.55029645192598,-0.0642264812997233,0.021,0.019,False,,No Episode,0
2013-02-14,1634.699951171875,-0.56,2.56,-0.0057946426334547,-0.02,-0.0299999999999998,-0.5524570961430272,-0.1131477431653774,0.0047,-0.0163,False,,No Episode,0
2013-02-15,1608.800048828125,-0.53,2.54,-0.0159706815782927,0.03,-0.02,-0.6173767720806302,-0.096017801525748,0.0038,-0.0009,False,,No Episode,0
2013-02-20,1577.5999755859375,-0.52,2.54,-0.016346397170893,0.0,-0.0099999999999997,-0.670287744148168,-0.1319216269971476,0.0065,-0.0050999999999999,False,,No Episode,0
2013-02-21,1578.199951171875,-0.54,2.53,0.0003802367748857,-0.02,-0.0100000000000002,-0.6630559059165401,-0.1381705163177853,-0.0056,-0.0121,False,,No Episode,0
2013-02-22,1572.4000244140625,-0.57,2.54,-0.003681796073482,-0.0299999999999999,0.0100000000000002,-0.6315843861364426,-0.1476445005756644,-0.0159,-0.0103,False,,No Episode,0
2013-02-25,1586.199951171875,-0.62,2.5,0.0087380577918079,-0.05,-0.04,-0.5368609975262891,-0.2966181066644504,-0.0493,-0.0334,False,,No Episode,0
2013-02-26,1615.199951171875,-0.62,2.5,0.0181175699021007,0.0,0.0,-0.500082944259013,-0.2870679794253867,-0.0625,-0.0132,False,,No Episode,0
2013-02-27,1595.199951171875,-0.61,2.52,-0.0124596681700701,0.01,0.02,-0.4481806480640883,-0.2698326313689952,-0.0591,0.0034,False,,No Episode,0
2013-02-28,1577.699951171875,-0.64,2.53,-0.0110310302836884,-0.03,0.0099999999999997,-0.3127040929435227,-0.2156846288137988,-0.0646,-0.0055,False,,No Episode,0
2013-03-01,1571.9000244140625,-0.67,2.53,-0.0036829650487248,-0.03,0.0,-0.1368796353061728,-0.2073461821265562,-0.076,-0.0113999999999999,False,,No Episode,0
2013-03-04,1572.0999755859375,-0.65,2.53,0.0001271954021282,0.02,0.0,-0.0062472278469545,-0.2117490745168376,-0.0726,0.0034,False,,No Episode,0
2013-03-05,1574.5999755859375,-0.65,2.55,0.0015889665775548,0.0,0.02,0.1314118892841488,-0.212526180160558,-0.0629,0.0097,False,,No Episode,0
2013-03-06,1574.5999755859375,-0.61,2.56,0.0,0.04,0.0100000000000002,0.2839726043924676,-0.1738851581334247,-0.0448,0.0180999999999999,False,,No Episode,0
2013-03-07,1574.800048828125,-0.56,2.56,0.0001270548300666,0.0499999999999999,0.0,0.3762041707893078,-0.1445368573332594,-0.0178,0.027,False,,No Episode,0
2013-03-08,1576.5999755859375,-0.5,2.56,0.001142303065043,0.06,0.0,0.3296422206694162,-0.0705488302662586,0.0151,0.0329,False,,No Episode,0
2013-03-11,1577.800048828125,-0.5,2.57,0.0007608884674095,0.0,0.0099999999999997,0.2456273442521223,-0.0207978210669947,0.0261,0.011,False,,No Episode,0
2013-03-12,1591.5,-0.52,2.55,0.0086454651141911,-0.02,-0.02,0.2031194667997465,-0.0526553504788405,0.019,-0.0071,False,,No Episode,0
2013-03-13,1588.300048828125,-0.52,2.56,-0.0020126751386566,0.0,0.0100000000000002,0.1446914669680195,-0.0733169907365872,0.0193,0.0003,False,,No Episode,0
2013-03-14,1590.5999755859375,-0.53,2.57,0.0014469955905793,-0.01,0.0099999999999997,0.0936714266513347,-0.0595729017383235,0.0204,0.0011,False,,No Episode,0
2013-03-15,1592.5,-0.55,2.56,0.0011938202722481,-0.02,-0.0099999999999997,0.0878958443420171,-0.1250606777936944,0.0053,-0.0151,False,,No Episode,0
2013-03-18,1604.5999755859375,-0.6,2.56,0.0075693806581913,-0.0499999999999999,0.0,0.0691285678543259,-0.2136354528102819,-0.0148,-0.0201,False,,No Episode,0
2013-03-19,1611.300048828125,-0.61,2.53,0.0041668477785723,-0.01,-0.0300000000000002,0.0953153892586253,-0.196191393970407,-0.0346,-0.0197999999999999,False,,No Episode,0
2013-03-20,1607.5,-0.57,2.53,-0.0023611597713077,0.04,0.0,0.0681010714426131,-0.200473982439188,-0.0266,0.008,False,,No Episode,0
2013-03-21,1613.800048828125,-0.57,2.52,0.0039114995592459,0.0,-0.0099999999999997,0.0894121054942987,-0.180892798228828,-0.0296,-0.003,False,,No Episode,0
2013-03-22,1606.199951171875,-0.6,2.53,-0.004720566316438,-0.03,0.0099999999999997,0.1083029261751949,-0.1597666160623859,-0.0352,-0.0056,False,,No Episode,0
2013-03-25,1604.5999755859375,-0.6,2.53,-0.0009966212500724,0.0,0.0,0.1091500208206758,-0.1577357524208008,-0.0397,-0.0044999999999999,False,,No Episode,0
2013-03-26,1595.800048828125,-0.61,2.53,-0.0054992806324323,-0.01,0.0,0.1286107141946976,-0.1697744948151375,-0.0447,-0.0049999999999999,False,,No Episode,0
2013-03-27,1606.199951171875,-0.64,2.51,0.0064959018825048,-0.03,-0.02,0.1013026886290029,-0.2024599859611604,-0.0665,-0.0218,False,,No Episode,0
2013-03-28,1594.800048828125,-0.64,2.51,-0.0071227432302993,0.0,0.0,0.0277357051687436,-0.1980023961789888,-0.0693,-0.0027999999999999,False,,No Episode,0
2013-04-02,1575.0999755859375,-0.63,2.51,-0.0156848824201905,0.02,0.0,-0.0531694421030191,-0.1943592472470533,-0.0682,0.0076,False,,No Episode,0
2013-04-03,1552.800048828125,-0.65,2.48,-0.0142589625076698,-0.02,-0.0299999999999998,0.0051001110659662,-0.1429529281115372,-0.0859,-0.0177,False,,No Episode,0
2013-04-04,1551.800048828125,-0.7,2.48,-0.0006442053746882,-0.0499999999999999,0.0,0.1844262483949658,-0.1349415989190404,-0.1085,-0.0225999999999999,False,,No Episode,0
2013-04-05,1575.4000244140625,-0.74,2.46,0.0150936448409559,-0.04,-0.02,0.2495334283348819,-0.2018520183767811,-0.1303,-0.0218,False,,No Episode,0
2013-04-08,1572.0,-0.69,2.45,-0.0021605297771278,0.05,-0.0099999999999997,0.3065051992440465,-0.2235571921327957,-0.126,0.0042999999999999,False,,No Episode,0
2013-04-09,1586.199951171875,-0.67,2.45,0.0089924938769847,0.0199999999999999,0.0,0.3037675825349964,-0.1362744847179422,-0.1224,0.0036,False,,No Episode,0
2013-04-10,1558.300048828125,-0.6,2.44,-0.0177456730803422,0.07,-0.0100000000000002,0.3043766262222891,-0.2994657459775743,-0.1024,0.0199999999999999,False,,No Episode,0
2013-04-11,1564.300048828125,-0.65,2.47,0.0038429559959709,-0.05,0.0300000000000002,0.3236565191211827,-0.3149467625681401,-0.1021,0.0003,False,,No Episode,0
2013-04-12,1501.0,-0.68,2.43,-0.0413069181483036,-0.03,-0.04,0.3716712565250278,-0.1367727297593613,-0.1224,-0.0203,False,,No Episode,0
2013-04-15,1360.5999755859375,-0.69,2.41,-0.0982057916661016,-0.0099999999999998,-0.02,0.378413544056044,-0.0265307327002092,-0.1357,-0.0132999999999999,False,,No Episode,0
2013-04-16,1386.800048828125,-0.65,2.4,0.0190732090527125,0.0399999999999999,-0.0100000000000002,0.3704866896291595,0.0167536759868439,-0.1295,0.0061999999999999,False,,No Episode,0
2013-04-17,1382.199951171875,-0.64,2.37,-0.0033225726891608,0.01,-0.0299999999999998,0.3647129793883327,0.0172545752775201,-0.1333,-0.0037999999999999,False,,No Episode,0
2013-04-18,1392.0,-0.55,2.27,0.0070651645634534,0.0899999999999999,-0.1,0.2499060904266202,0.0533741607213929,-0.137,-0.0037,False,,No Episode,0
2013-04-19,1395.300048828125,-0.59,2.32,0.0023679189985097,-0.0399999999999999,0.0499999999999998,0.2044416130467376,0.032648334880571,-0.1338,0.0032,False,,No Episode,0
2013-04-22,1421.0,-0.63,2.35,0.0182513682042255,-0.04,0.0300000000000002,0.2001308681989246,-0.0187723406654177,-0.1368,-0.003,False,,No Episode,0
2013-04-23,1408.5999755859375,-0.64,2.38,-0.0087645631179382,-0.01,0.0299999999999998,0.1975771712986656,-0.0183704916739897,-0.1339,0.0029,False,,No Episode,0
2013-04-24,1423.4000244140625,-0.65,2.38,0.0104521070379419,-0.01,0.0,0.1862385577436922,-0.0131338380853119,-0.1366,-0.0027,False,,No Episode,0
2013-04-25,1461.800048828125,-0.66,2.4,0.0266201934319258,-0.01,0.02,0.1692929933986179,-0.0202880836367196,-0.1322,0.0043999999999999,False,,No Episode,0
2013-04-26,1453.5999755859375,-0.68,2.38,-0.0056253651626541,-0.02,-0.02,0.1553401538242721,-0.0173917035239411,-0.1454,-0.0131999999999999,False,,No Episode,0
2013-04-29,1467.4000244140625,-0.67,2.37,0.0094489226311509,0.01,-0.0099999999999997,0.127598135254055,-0.0066148903233768,-0.1507,-0.0052999999999999,False,,No Episode,0
2013-04-30,1472.199951171875,-0.64,2.34,0.003265703540304,0.03,-0.0300000000000002,0.1001914412945,0.0243796314104811,-0.1508,-9.9999999999989e-05,False,,No Episode,0
2013-05-01,1446.300048828125,-0.64,2.3,-0.0177492426174286,0.0,-0.04,0.0741378325625752,0.0264535045806046,-0.165,-0.0142,False,,No Episode,0
2013-05-02,1467.699951171875,-0.62,2.28,0.014687911508286,0.02,-0.02,-0.0015776750744183,0.0422649339225452,-0.1695,-0.0045,False,,No Episode,0
2013-05-03,1464.300048828125,-0.53,2.31,-0.0023191704417664,0.0899999999999999,0.0300000000000002,-0.1209789663830162,0.0408969353863706,-0.1298,0.0397,False,,No Episode,0
2013-05-06,1468.0999755859375,-0.51,2.31,0.0025916852087926,0.02,0.0,-0.1823962282563272,0.0432761655445575,-0.1095,0.0203,False,,No Episode,0
2013-05-07,1449.0,-0.5,2.32,-0.0130953677950325,0.01,0.0099999999999997,-0.2500498765500178,0.0406418065057504,-0.0958,0.0137,False,,No Episode,0
2013-05-08,1473.9000244140625,-0.48,2.29,0.0170383020862896,0.02,-0.0299999999999998,-0.265237464260991,0.0517567460385519,-0.0953,0.0005,False,,No Episode,0
2013-05-09,1468.800048828125,-0.5,2.31,-0.0034661912971971,-0.02,0.02,-0.2636757908788502,0.0660046263479498,-0.0947,0.0005999999999999,False,,No Episode,0
2013-05-10,1436.800048828125,-0.45,2.35,-0.0220273215778998,0.0499999999999999,0.04,-0.2838805135666807,0.030031331427276,-0.0619,0.0328,False,,No Episode,0
2013-05-13,1434.5,-0.41,2.33,-0.0016020961104556,0.04,-0.02,-0.2912519995802635,0.0368625184113819,-0.0445,0.0174,False,,No Episode,0
2013-05-14,1424.699951171875,-0.37,2.33,-0.0068551254707998,0.0399999999999999,0.0,-0.3146178430490874,0.0380466554247716,-0.0267,0.0177999999999999,False,,No Episode,0
2013-05-15,1396.5,-0.36,2.3,-0.0199921245653875,0.01,-0.0300000000000002,-0.351364519999071,0.0253952801273325,-0.024,0.0027,False,,No Episode,0
2013-05-16,1387.0999755859375,-0.4,2.27,-0.0067538872167824,-0.04,-0.0299999999999998,-0.3608249536804679,0.0389228537322046,-0.0469,-0.0228999999999999,False,,No Episode,0
2013-05-17,1364.9000244140625,-0.31,2.26,-0.0161340354192294,0.09,-0.0100000000000002,-0.3674774984456779,0.0410160487605898,-0.0263,0.0205999999999999,False,,No Episode,0
2013-05-20,1384.300048828125,-0.31,2.28,0.0141134482172597,0.0,0.02,-0.365869629354327,0.0281621867435025,-0.0164,0.0098999999999999,False,,No Episode,0
2013-05-21,1377.800048828125,-0.34,2.28,-0.004706572368188,-0.03,0.0,-0.3684048572465961,0.0240212128315786,-0.0215,-0.0050999999999999,False,,No Episode,0
2013-05-22,1367.5999755859375,-0.24,2.27,-0.0074306986849022,0.1,-0.0099999999999997,-0.4310215096919028,0.0418236298411349,0.0101,0.0315999999999999,False,,No Episode,0
2013-05-23,1392.0,-0.24,2.26,0.0176842009809758,0.0,-0.0100000000000002,-0.4356906313902107,0.0511425366196073,0.0206,0.0105,False,,No Episode,0
2013-05-24,1386.800048828125,-0.26,2.27,-0.0037425918742926,-0.02,0.0100000000000002,-0.4218873062543655,-0.0110538763220728,0.0221,0.0015,False,,No Episode,0
2013-05-29,1391.300048828125,-0.1,2.23,0.0088075021657578,0.04,-0.06,-0.6179515629524034,-0.2243876134726271,0.0832,0.0087,False,,No Episode,0
2013-05-30,1411.5,-0.05,2.18,0.014414371750389,0.05,-0.0499999999999998,-0.6437766529199536,-0.1932269891084554,0.0875,0.0042999999999999,False,,No Episode,0
2013-05-31,1392.5999755859375,-0.05,2.21,-0.0134804827163792,0.0,0.0299999999999998,-0.6745021658042456,-0.2136550223314084,0.104,0.0165,False,,No Episode,0
2013-06-03,1411.699951171875,-0.07,2.2,0.0136221313248148,-0.02,-0.0099999999999997,-0.6915851848372472,-0.2376088523992536,0.099,-0.0049999999999999,False,,No Episode,0
2013-06-04,1397.0999755859375,-0.05,2.19,-0.0103959751203523,0.02,-0.0100000000000002,-0.7074212068683524,-0.1806280062796428,0.1063,0.0073,False,,No Episode,0
2013-06-05,1398.4000244140625,-0.06,2.16,0.0009301011782127,-0.0099999999999999,-0.0299999999999998,-0.7416217382230252,-0.2014269544935874,0.0948,-0.0115,False,,No Episode,0
2013-06-06,1415.699951171875,-0.05,2.13,0.0122953305501649,0.0099999999999999,-0.0300000000000002,-0.7418119357489696,-0.1887882555648185,0.0846,-0.0102,False,,No Episode,0
2013-06-07,1383.0,0.03,2.14,-0.0233690212452462,0.08,0.0100000000000002,-0.7375874284387126,-0.2195632905548224,0.1175,0.0329,False,,No Episode,0
2013-06-10,1386.199951171875,0.11,2.11,0.0023111025946809,0.08,-0.0300000000000002,-0.7288095682325867,-0.2138625203967282,0.1421,0.0246,False,,No Episode,0
2013-06-11,1377.0,0.13,2.07,-0.0066589355307851,0.02,-0.04,-0.7167215025130377,-0.2019100387487802,0.1453,0.0032,False,,No Episode,0
2013-06-12,1391.800048828125,0.21,2.04,0.0106906887648117,0.0799999999999999,-0.0299999999999998,-0.6735617639322938,-0.1501878642370235,0.1608,0.0154999999999999,False,,No Episode,0
2013-06-13,1377.5999755859375,0.15,2.04,-0.0102550715421703,-0.06,0.0,-0.6691984416693594,-0.1246728571693111,0.1471,-0.0136999999999999,False,,No Episode,0
2013-06-14,1387.300048828125,0.09,2.05,0.007016610331898,-0.06,0.0099999999999997,-0.6339852943217459,-0.1611654494954233,0.119,-0.0281,False,,No Episode,0
2013-06-17,1382.800048828125,0.15,2.04,-0.0032489829246715,0.06,-0.0099999999999997,-0.6050202003966761,-0.1664388230464573,0.1264,0.0074,False,,No Episode,0
2013-06-18,1366.5999755859375,0.14,2.06,-0.0117845788766643,-0.0099999999999999,0.02,-0.585330719484536,-0.1438456591264821,0.1307,0.0042999999999999,False,,No Episode,0
2013-06-19,1373.5999755859375,0.29,2.04,0.0051091273276293,0.1499999999999999,-0.02,-0.5592425752230571,-0.0878878360069527,0.1918,0.0610999999999999,False,,No Episode,0
2013-06-20,1285.9000244140625,0.46,1.95,-0.0659761315471216,0.17,-0.09,-0.6250985753928388,-0.3744812805557117,0.241,0.0491999999999999,False,,No Episode,0
2013-06-21,1291.5999755859375,0.59,1.93,0.0044228597195692,0.1299999999999999,-0.02,-0.67977886847718,-0.3294706589933934,0.3002,0.0592,False,,No Episode,0
2013-06-24,1276.800048828125,0.64,1.93,-0.011524755043812,0.05,0.0,-0.7308341983448184,-0.3302112847376871,0.3406,0.0403999999999999,False,,No Episode,0
2013-06-25,1274.800048828125,0.64,1.96,-0.0015676440923648,0.0,0.03,-0.7628993019923633,-0.3316309447922531,0.3597,0.0191,False,,No Episode,0
2013-06-26,1229.5999755859375,0.6,1.95,-0.0361004484766604,-0.04,-0.01,-0.7741218069025619,-0.2270712877663177,0.3484,-0.0113,False,,No Episode,0
2013-06-27,1211.4000244140625,0.5,1.99,-0.0149121576686575,-0.0999999999999999,0.04,-0.7739611567074286,-0.1827107666657178,0.32,-0.0283999999999999,False,,No Episode,0
2013-06-28,1223.800048828125,0.53,1.99,0.0101840762267775,0.03,0.0,-0.7974397279852667,-0.1888347731866723,0.3272,0.0071999999999999,False,,No Episode,0
2013-07-01,1255.9000244140625,0.48,2.02,0.025891654536359,-0.05,0.03,-0.8265222297986932,-0.2247879520556477,0.3216,-0.0055999999999999,False,,No Episode,0
2013-07-02,1243.5999755859375,0.44,2.04,-0.0098420869107425,-0.0399999999999999,0.02,-0.8379739676396283,-0.1988371526790859,0.3171,-0.0045,False,,No Episode,0
2013-07-03,1252.0999755859375,0.48,2.04,0.0068117426235749,0.0399999999999999,0.0,-0.8620375795555393,-0.1980338089128253,0.3315,0.0144,False,,No Episode,0
2013-07-08,1234.9000244140625,0.58,2.07,0.0179758084503456,-0.08,0.0,-0.9017395551320032,-0.3188317310612503,0.4099,-0.0075999999999999,False,,No Episode,0
2013-07-09,1245.9000244140625,0.59,2.06,0.0088681650064916,0.01,-0.0099999999999997,-0.9190014389570396,-0.3239947504565323,0.4068,-0.0030999999999999,False,,No Episode,0
2013-07-10,1247.4000244140625,0.64,2.06,0.0012032247636408,0.05,0.0,-0.9291180987361554,-0.3246608293876961,0.4218,0.015,False,,No Episode,0
2013-07-11,1280.0999755859375,0.56,2.04,0.0258767761260854,-0.0799999999999999,-0.02,-0.9295740653607846,-0.3814206650484964,0.3824,-0.0393999999999999,False,,No Episode,0
2013-07-12,1277.800048828125,0.55,2.06,-0.0017982934091742,-0.01,0.02,-0.9250980308909138,-0.400338563509897,0.3777,-0.0047,False,,No Episode,0
2013-07-15,1283.800048828125,0.47,2.1,0.004684580530843,-0.08,0.04,-0.9240163983647834,-0.4128672199170378,0.3613,-0.0163999999999999,False,,No Episode,0
2013-07-16,1290.800048828125,0.41,2.14,0.0054377510938703,-0.06,0.04,-0.918455763495218,-0.4121465346606078,0.3492,-0.0121,False,,No Episode,0
2013-07-17,1277.9000244140625,0.38,2.14,-0.010044094286119,-0.0299999999999999,0.0,-0.9122670526891824,-0.4013301827064272,0.3299,-0.0192999999999999,False,,No Episode,0
2013-07-18,1284.5999755859375,0.38,2.18,0.005229242099018,0.0,0.04,-0.9063679185395423,-0.4013424745912968,0.3381,0.0081999999999999,False,,No Episode,0
2013-07-19,1293.300048828125,0.29,2.21,0.0067497623573702,-0.09,0.0299999999999998,-0.8870697595732242,-0.4143988365405032,0.322,-0.0161,False,,No Episode,0
2013-07-22,1336.4000244140625,0.28,2.22,0.0327823205752544,-0.0099999999999999,0.0100000000000002,-0.8814801488692526,-0.3862467448832029,0.3156,-0.0064,False,,No Episode,0
2013-07-23,1335.0999755859375,0.33,2.2,-0.0009732726413984,0.0499999999999999,-0.02,-0.8707851524814602,-0.3958623348701407,0.3224,0.0068,True,9,Control,4
2013-07-24,1319.699951171875,0.44,2.17,-0.0116017760863611,0.1099999999999999,-0.0300000000000002,-0.8540319586106562,-0.405374330217218,0.3539,0.0314999999999999,True,9,Control,4
2013-07-25,1329.0,0.44,2.17,0.007022378689875,0.0,0.0,-0.8362156365747289,-0.4337354768883539,0.3618,0.0079,True,9,Control,4
2013-07-26,1321.699951171875,0.43,2.15,-0.0055080298929102,-0.01,-0.02,-0.8123606318210062,-0.4524945455578387,0.3547,-0.0070999999999999,True,9,Control,4
2013-07-29,1328.4000244140625,0.45,2.16,0.0050564790608031,0.02,0.0100000000000002,-0.7671559565116702,-0.4442187082231862,0.3628,0.0080999999999999,True,9,Control,4
2013-07-30,1324.0,0.46,2.17,-0.0033177713841849,0.01,0.0099999999999997,-0.7122320789739557,-0.4452246984588492,0.3703,0.0075,True,9,Control,4
2013-07-31,1312.4000244140625,0.38,2.22,-0.0087999168073995,-0.08,0.0500000000000002,-0.6661567850129952,-0.4259343534236453,0.367,-0.0033,True,9,Control,4
2013-08-01,1311.0,0.48,2.26,-0.0010673359258541,0.0999999999999999,0.0399999999999995,-0.6107281743428387,-0.4635023623956796,0.418,0.0509999999999999,True,9,Control,4
2013-08-02,1310.5999755859375,0.42,2.21,-0.0003051757864609,-0.06,-0.0499999999999998,-0.6166251226850018,-0.2813803062508997,0.3865,-0.0314999999999999,True,9,Control,4
2013-08-05,1302.5999755859375,0.42,2.25,-0.0061227806075008,0.0,0.04,-0.6440741167599902,-0.3204486341735452,0.3892,0.0026999999999999,True,9,Control,4
2013-08-06,1283.199951171875,0.39,2.28,-0.0150053283093321,-0.0299999999999999,0.0299999999999998,-0.6617942352414112,-0.28485301617421,0.3918,0.0025999999999999,True,9,Control,4
2013-08-07,1286.0999755859375,0.35,2.26,0.002257444228614,-0.04,-0.02,-0.6771240727555436,-0.2854675336808615,0.3768,-0.0149999999999999,True,9,Control,4
2013-08-08,1310.699951171875,0.34,2.24,0.0189469440830079,-0.0099999999999999,-0.0199999999999995,-0.6606115486417143,-0.3603096692796129,0.3661,-0.0107,True,9,Control,4
2013-08-09,1312.9000244140625,0.33,2.24,0.0016771411635598,-0.01,0.0,-0.6837094714372469,-0.4529711937230485,0.3609,-0.0051999999999999,True,9,Control,4
2013-08-12,1334.699951171875,0.37,2.24,0.0164680613609213,0.0399999999999999,0.0,-0.6846630990445907,-0.43053200832231,0.3682,0.0073,True,9,Control,4
2013-08-13,1321.199951171875,0.48,2.23,-0.0101661333372815,0.1099999999999999,-0.0100000000000002,-0.6626226590694495,-0.4404635852995179,0.4118,0.0435999999999999,True,9,Control,4
2013-08-14,1334.0,0.5,2.21,0.009641569916341,0.02,-0.02,-0.6467176032499868,-0.4610792051660637,0.4243,0.0125,True,9,Control,4
2013-08-15,1361.5999755859375,0.6,2.17,0.0204785134131189,0.0999999999999999,-0.04,-0.4883269089927965,-0.3703549912623192,0.4502,0.0258999999999999,True,9,Control,4
2013-08-16,1371.699951171875,0.68,2.16,0.0073903499988769,0.08,-0.0099999999999997,-0.139305594568153,-0.1429939904441601,0.4855,0.0353,True,9,Control,4
2013-08-19,1366.199951171875,0.75,2.13,-0.0040176833299163,0.0699999999999999,-0.0300000000000002,0.1330532113997466,-0.1126673630147064,0.5113,0.0257999999999999,True,9,Control,4
2013-08-20,1373.0999755859375,0.67,2.15,0.0050378119898066,-0.0799999999999999,0.02,0.3400277335268606,-0.1183952919867081,0.4985,-0.0127999999999999,True,9,Control,4
2013-08-21,1370.5999755859375,0.73,2.14,-0.0018223572084146,0.0599999999999999,-0.0099999999999997,0.5917996292691501,-0.1271999482384903,0.5213,0.0227999999999999,True,9,Control,4
2013-08-22,1371.199951171875,0.79,2.11,0.0004376508946979,0.06,-0.0300000000000002,0.6975047954082728,-0.037396864194093,0.5466,0.0252999999999999,True,9,Control,4
2013-08-23,1395.699951171875,0.69,2.13,0.0177098132961743,-0.1,0.02,0.7838836749013911,-0.1202094208817492,0.529,-0.0175999999999999,True,9,Control,4
2013-08-26,1393.0,0.64,2.15,-0.0019363517501069,-0.0499999999999999,0.02,0.8124679096647244,-0.1001987893634335,0.5078,-0.0211999999999999,True,9,Control,4
2013-08-27,1420.5999755859375,0.57,2.15,0.0196196055981632,-0.07,0.0,0.7741467225414786,-0.1502241124854728,0.473,-0.0348,True,9,Control,4
2013-08-28,1419.0,0.63,2.15,-0.0011269022179263,0.06,0.0,0.7704013221418405,-0.1896138351525398,0.4872,0.0142,True,9,Control,4
2013-08-29,1412.9000244140625,0.65,2.1,-0.0043080511088815,0.02,-0.0499999999999998,0.7735637707045572,-0.1915919913580904,0.4805,-0.0067,True,9,Control,4
2013-08-30,1396.0999755859375,0.68,2.1,-0.0119617295438896,0.03,0.0,0.7712051660815695,-0.189134619865619,0.492,0.0115,True,9,Control,4
2013-09-04,1389.9000244140625,0.83,2.07,-0.0157753193971377,0.0699999999999999,-0.0300000000000002,0.8245025857124507,-0.1730337078922991,0.5519,0.0281999999999998,True,9,Control,4
2013-09-05,1373.0999755859375,0.92,2.06,-0.0121608801085946,0.09,-0.0099999999999997,0.7854763435790101,-0.1634369944769136,0.5981,0.0462,True,9,Control,4
2013-09-06,1386.699951171875,0.87,2.07,0.009855849000619,-0.05,0.0099999999999997,0.7810907370516864,-0.1843360105120596,0.5867,-0.0113999999999999,True,9,Control,4
2013-09-09,1386.800048828125,0.84,2.06,7.218147199861136e-05,-0.03,-0.0099999999999997,0.777951168410174,-0.1901955444715521,0.5682,-0.0184999999999999,True,9,Control,4
2013-09-10,1364.0999755859375,0.86,2.1,-0.0165041174185587,0.02,0.04,0.7541967018649577,-0.1886697595119192,0.5866,0.0183999999999999,True,9,Control,4
2013-09-11,1363.9000244140625,0.8,2.13,-0.0001465917684999,-0.0599999999999999,0.0299999999999998,0.7394402895892069,-0.1814480566511652,0.5701,-0.0164999999999999,True,9,Control,4
2013-09-12,1330.4000244140625,0.81,2.11,-0.0248685936033776,0.01,-0.02,0.6810223206674304,-0.2137128731770929,0.5668,-0.0033,True,9,Control,4
2013-09-13,1308.4000244140625,0.8,2.1,-0.0166746319059285,-0.01,-0.0099999999999997,0.6038352825971393,-0.1901237840782514,0.5615,-0.0052999999999999,True,9,Control,4
2013-09-16,1317.9000244140625,0.76,2.12,0.0072345438511094,-0.04,0.02,0.5450618932344427,-0.2102748151081395,0.5439,-0.0175999999999999,True,9,Control,4
2013-09-17,1309.5,0.7,2.16,-0.0063941942270506,-0.06,0.04,0.4882845161909632,-0.1864551809004204,0.5303,-0.0136,True,9,Control,4
2013-09-18,1307.800048828125,0.49,2.2,-0.0012990114845123,-0.2099999999999999,0.04,0.4561720956553993,-0.1675699387076597,0.4561,-0.0741999999999999,True,9,Control,4
2013-09-19,1369.4000244140625,0.55,2.21,0.0460263320519995,0.06,0.0099999999999997,0.3676584726843871,-0.0543340227265791,0.4594,0.0032999999999999,True,9,Control,4
2013-09-20,1332.5,0.52,2.23,-0.0273158284752543,-0.03,0.02,0.3172401121376688,-0.0099376607285449,0.4592,-0.0001999999999999,True,9,Control,4
2013-09-23,1326.9000244140625,0.46,2.26,-0.0042114640982848,-0.06,0.0299999999999998,0.2739853410142864,0.0002720970161601,0.4453,-0.0139,True,9,Control,4
2013-09-24,1316.0,0.48,2.19,-0.0082485800564517,0.0199999999999999,-0.0699999999999998,0.2870527139606707,-0.0228220251946657,0.4243,-0.0209999999999999,True,9,Control,4
2013-09-25,1335.9000244140625,0.45,2.18,0.0150084073858707,-0.0299999999999999,-0.0099999999999997,0.2717517304284481,-0.00293896712873,0.4021,-0.0221999999999999,True,9,Control,4
2013-09-26,1323.5999755859375,0.47,2.19,-0.009249961668873,0.0199999999999999,0.0099999999999997,0.2883853801076279,-0.0159112156362945,0.4064,0.0042999999999999,True,9,Control,4
2013-09-27,1338.4000244140625,0.46,2.18,0.0111196103115842,-0.0099999999999999,-0.0099999999999997,0.3121145156014518,-0.0945477517618364,0.3972,-0.0091999999999999,True,9,Control,4
2013-09-30,1326.5,0.45,2.19,-0.0089309943360502,-0.01,0.0099999999999997,0.3461063331315587,-0.1216192368066634,0.3935,-0.0036999999999999,True,9,Control,4
2013-10-01,1286.0,0.46,2.2,-0.0310072687802298,0.01,0.0100000000000002,0.4013712325882322,-0.1290051801763345,0.4002,0.0066999999999999,True,9,Control,4
2013-10-02,1320.5999755859375,0.43,2.2,0.0265495344758077,-0.03,0.0,0.4278764804320442,-0.1291265327010182,0.3882,-0.012,True,9,Control,4
2013-10-03,1317.4000244140625,0.43,2.19,-0.0024260445347756,0.0,-0.0100000000000002,0.449130032361188,-0.1309694827304945,0.3792,-0.009,True,9,Control,4
2013-10-04,1309.699951171875,0.46,2.2,-0.005862049685156,0.03,0.0100000000000002,0.4662660349411617,-0.1435929364708214,0.3956,0.0164,True,9,Control,4
2013-10-07,1324.800048828125,0.45,2.2,0.0114634754345326,-0.01,0.0,0.4746791644717531,-0.0879209487608265,0.395,-0.0005999999999999,True,9,Control,4
2013-10-08,1324.199951171875,0.48,2.18,-0.0004530748709061,0.0299999999999999,-0.02,0.4897145710448776,-0.0868177160591976,0.399,0.004,True,9,Control,4
2013-10-09,1306.9000244140625,0.47,2.21,-0.0131505273331811,-0.01,0.0299999999999998,0.5570547410560934,-0.0337155564641196,0.4002,0.0011999999999999,True,9,Control,4
2013-10-10,1296.5999755859375,0.5,2.21,-0.0079125043722845,0.03,0.0,0.6018915807500396,-0.0451595409502064,0.4112,0.011,True,9,Control,4
2013-10-11,1268.0,0.5,2.2,-0.0223045789144302,0.0,-0.0099999999999997,0.6287756853826861,-0.0466597438699494,0.4092,-0.002,True,9,Control,4
2013-10-16,1282.0,0.5,2.19,0.0070450389232084,-0.04,-0.02,0.6207998803754287,-0.0868375449559266,0.3987,-0.0176,True,9,Control,4
2013-10-17,1322.699951171875,0.45,2.16,0.0312537066358906,-0.0499999999999999,-0.0299999999999998,0.5793588738232236,-0.0938712369006107,0.3701,-0.0286,False,,No Episode,0
2013-10-18,1314.4000244140625,0.42,2.18,-0.0062947588191457,-0.03,0.02,0.527867413691133,-0.0523657237255689,0.3626,-0.0075,False,,No Episode,0
2013-10-21,1315.699951171875,0.44,2.19,0.0009884999625331,0.02,0.0099999999999997,0.4417789469623235,-0.0323719291333333,0.3719,0.0093,False,,No Episode,0
2013-10-22,1342.5,0.37,2.17,0.0201647411231267,-0.07,-0.02,0.2669248078098137,-0.0772959495856086,0.3423,-0.0296,False,,No Episode,0
2013-10-23,1333.9000244140625,0.36,2.15,-0.0064265469332536,-0.01,-0.02,0.0923454459090312,-0.0573855514959006,0.3255,-0.0167999999999999,False,,No Episode,0
2013-10-24,1350.199951171875,0.36,2.17,0.0121456929943795,0.0,0.02,-0.1443800007930202,-0.0487282478818697,0.3283,0.0027999999999999,False,,No Episode,0
2013-10-25,1352.4000244140625,0.34,2.19,0.0016281164419824,-0.0199999999999999,0.02,-0.2893954800917532,-0.0243591706016186,0.3232,-0.0050999999999999,False,,No Episode,0
2013-10-28,1352.0,0.35,2.19,-0.0002958322832187,0.0099999999999999,0.0,-0.3417192305262021,-0.0219122272006609,0.3244,0.0012,False,,No Episode,0
2013-10-29,1345.199951171875,0.35,2.18,-0.0050423130348367,0.0,-0.0099999999999997,-0.4511864195219895,-0.0186156219033436,0.3197,-0.0047,False,,No Episode,0
2013-10-30,1349.0,0.37,2.18,0.0028209126396827,0.02,0.0,-0.536352477929183,-0.0311521928049342,0.3253,0.0055999999999999,False,,No Episode,0
2013-10-31,1323.5999755859375,0.4,2.17,-0.0190082986054953,0.03,-0.0100000000000002,-0.524892621959119,-0.1236567687648695,0.3334,0.0080999999999999,False,,No Episode,0
2013-11-01,1313.0999755859375,0.5,2.15,-0.0079645433299919,0.0999999999999999,-0.02,-0.7472866127985601,-0.3856216761670836,0.3644,0.031,False,,No Episode,0
2013-11-04,1314.5999755859375,0.5,2.13,0.0011416829857315,0.0,-0.02,-0.7993479335324016,-0.4722682519968332,0.3673,0.0029,False,,No Episode,0
2013-11-05,1308.0,0.55,2.14,-0.0050331652408557,0.05,0.0100000000000002,-0.786367741235723,-0.516700572602609,0.3874,0.0201,False,,No Episode,0
2013-11-06,1317.699951171875,0.48,2.19,0.0073885024784914,-0.07,0.0499999999999998,-0.784946457749732,-0.5105220706074712,0.381,-0.0064,False,,No Episode,0
2013-11-07,1308.4000244140625,0.46,2.17,-0.0070827201719279,-0.0199999999999999,-0.02,-0.7963828284713959,-0.4794341161704631,0.3647,-0.0162999999999999,False,,No Episode,0
2013-11-08,1284.5,0.59,2.18,-0.018435497773769,0.1299999999999999,0.0100000000000002,-0.8153800481465054,-0.5156120936954758,0.4117,0.0469999999999999,False,,No Episode,0
2013-11-13,1268.300048828125,0.58,2.17,-0.0022051885213283,-0.04,-0.0100000000000002,-0.8723162344591195,-0.5187332937956198,0.4269,-0.0121,False,,No Episode,0
2013-11-14,1286.199951171875,0.51,2.18,0.0140146371654132,-0.0699999999999999,0.0100000000000002,-0.8895266947053644,-0.5846733438488211,0.3991,-0.0277999999999999,False,,No Episode,0
2013-11-15,1287.300048828125,0.53,2.18,0.000854942858564,0.02,0.0,-0.8925206386858503,-0.5819934993465677,0.3988,-0.0003,False,,No Episode,0
2013-11-18,1272.199951171875,0.48,2.19,-0.0117993927323896,-0.05,0.0099999999999997,-0.8700759120116317,-0.5242622794981091,0.3831,-0.0156999999999999,False,,No Episode,0
2013-11-19,1273.4000244140625,0.53,2.18,0.0009428608914205,0.05,-0.0099999999999997,-0.8716369338432425,-0.5045029115855627,0.394,0.0109,False,,No Episode,0
2013-11-20,1257.9000244140625,0.64,2.16,-0.0122468245018536,0.1099999999999999,-0.02,-0.8866060733723053,-0.5257658885474079,0.4198,0.0257999999999999,False,,No Episode,0
2013-11-21,1243.5,0.6,2.19,-0.0115136990099546,-0.04,0.0299999999999998,-0.8997411146860006,-0.4917844526142442,0.4269,0.0070999999999999,False,,No Episode,0
2013-11-22,1244.0,0.56,2.19,0.0004020100556649,-0.0399999999999999,0.0,-0.8931687674193463,-0.5086247774073809,0.4206,-0.0063,False,,No Episode,0
2013-11-25,1241.0999755859375,0.56,2.18,-0.0023339308349594,0.0,-0.0099999999999997,-0.8874163287608683,-0.5033988923313478,0.4135,-0.0070999999999999,False,,No Episode,0
2013-11-26,1241.4000244140625,0.54,2.17,0.0002417311819424,-0.02,-0.0100000000000002,-0.8830704705334446,-0.538556018726376,0.3999,-0.0136,False,,No Episode,0
2013-11-27,1237.800048828125,0.58,2.16,-0.00290414489334,0.0399999999999999,-0.0099999999999997,-0.8831995218744497,-0.5565915214806738,0.4074,0.0075,False,,No Episode,0
2013-12-02,1222.300048828125,0.66,2.15,-0.0228890468803593,0.06,0.0,-0.9017338376788336,-0.5357195088353858,0.4413,0.0257,False,,No Episode,0
2013-12-03,1221.699951171875,0.64,2.15,-0.0004910782883058,-0.02,0.0,-0.908196657325233,-0.5526683816007726,0.4383,-0.003,False,,No Episode,0
2013-12-04,1248.199951171875,0.73,2.11,0.0214591829384582,0.0899999999999999,-0.04,-0.8930183982396528,-0.3684317025827527,0.4618,0.0234999999999999,False,,No Episode,0
2013-12-05,1233.199951171875,0.76,2.12,-0.0120900969637682,0.03,0.0100000000000002,-0.8837696247250628,-0.297832532005051,0.4838,0.022,False,,No Episode,0
2013-12-06,1230.300048828125,0.77,2.11,-0.0023542956632374,0.01,-0.0100000000000002,-0.8782052880868486,-0.3055479089382652,0.4923,0.0085,False,,No Episode,0
2013-12-09,1235.300048828125,0.74,2.12,0.004055813316004,-0.03,0.0100000000000002,-0.8691708393695436,-0.3189722138269273,0.4905,-0.0018,False,,No Episode,0
2013-12-10,1262.4000244140625,0.69,2.12,0.0217007953609034,-0.05,0.0,-0.8442954225649444,-0.3700554389640405,0.4695,-0.021,False,,No Episode,0
2013-12-11,1258.5,0.71,2.15,-0.003094154855642,0.02,0.0299999999999998,-0.8125774211209095,-0.3702626840584534,0.4792,0.0097,False,,No Episode,0
2013-12-12,1226.0,0.75,2.14,-0.0261636980792134,0.04,-0.0099999999999997,-0.7932214810682784,-0.3799528952583704,0.4998,0.0206,False,,No Episode,0
2013-12-13,1235.699951171875,0.72,2.16,0.0078807340994409,-0.03,0.02,-0.7601988318006034,-0.4002414426622841,0.5034,0.0035999999999999,False,,No Episode,0
2013-12-16,1245.5,0.71,2.18,0.0078994841066375,-0.01,0.02,-0.725131497917269,-0.403347928025144,0.5072,0.0038,False,,No Episode,0
2013-12-17,1231.199951171875,0.67,2.18,-0.0115477918365378,-0.0399999999999999,0.0,-0.7129971631856441,-0.3573552148360342,0.4937,-0.0134999999999999,False,,No Episode,0
2013-12-18,1236.0999755859375,0.72,2.17,0.0039719782771996,0.0499999999999999,-0.0100000000000002,-0.7011316842821055,-0.3351425458949801,0.5023,0.0085999999999999,False,,No Episode,0
2013-12-19,1195.0,0.79,2.15,-0.0338150567772865,0.07,-0.02,-0.7373780802075385,-0.3899091250728685,0.5318,0.0295,False,,No Episode,0
2013-12-20,1205.0999755859375,0.73,2.16,0.0084163454087837,-0.06,0.0100000000000002,-0.7187952272076461,-0.3908857346094438,0.5347,0.0028999999999999,False,,No Episode,0
2013-12-23,1198.4000244140625,0.76,2.18,-0.0055751766392244,0.03,0.02,-0.6901399069804044,-0.401463464645391,0.5497,0.015,False,,No Episode,0
2013-12-24,1205.0999755859375,0.8,2.19,0.0055751766392244,0.04,0.0099999999999997,-0.7168629283619817,-0.3236540769971798,0.5756,0.0259,False,,No Episode,0
2013-12-27,1216.0999755859375,0.8,2.22,0.0016459554700949,0.0,0.02,-0.7367166188659509,-0.3246254475357666,0.5923,0.0056,False,,No Episode,0
2013-12-30,1203.0999755859375,0.76,2.23,-0.0107474581644018,-0.04,0.0099999999999997,-0.7135015786724122,-0.2373873348408718,0.5827,-0.0096,False,,No Episode,0
2013-12-31,1201.9000244140625,0.8,2.24,-0.0009978804752162,0.04,0.0100000000000002,-0.699608093637317,-0.2355909046249732,0.5992,0.0164999999999999,False,,No Episode,0
2014-01-03,1238.4000244140625,0.75,2.26,0.0108793995708333,0.01,0.0,-0.579304253739927,-0.3489595828852642,0.5934,0.0029,False,,No Episode,0
2014-01-06,1237.800048828125,0.72,2.26,-0.0004845937968926,-0.03,0.0,-0.5607872634948187,-0.3088401160848366,0.5826,-0.0108,False,,No Episode,0
2014-01-07,1229.4000244140625,0.7,2.26,-0.0068093844213406,-0.02,0.0,-0.5470809500966545,-0.3382384758256453,0.5727,-0.0099,False,,No Episode,0
2014-01-08,1225.300048828125,0.72,2.29,-0.0033405135260924,0.02,0.0300000000000002,-0.5323942296146178,-0.3449450059742838,0.5957,0.023,False,,No Episode,0
2014-01-09,1229.300048828125,0.66,2.31,0.0032591895882276,-0.0599999999999999,0.02,-0.5223507010207573,-0.3458675493470359,0.5906,-0.0050999999999999,False,,No Episode,0
2014-01-10,1246.699951171875,0.59,2.29,0.0140550797914684,-0.07,-0.02,-0.5529789099033874,-0.386174813029028,0.5468,-0.0438,False,,No Episode,0
2014-01-13,1250.9000244140625,0.57,2.27,0.0033632905528619,-0.02,-0.02,-0.5966156102573114,-0.38657155248191,0.5222,-0.0245999999999999,False,,No Episode,0
2014-01-14,1245.199951171875,0.62,2.26,-0.0045671913835185,0.05,-0.0100000000000002,-0.5844075781225847,-0.4091054362606095,0.5319,0.0097,False,,No Episode,0
2014-01-15,1238.0999755859375,0.62,2.28,-0.005718193646703,0.0,0.02,-0.6067963230066076,-0.3536157544474256,0.5428,0.0108999999999999,False,,No Episode,0
2014-01-16,1240.0,0.61,2.25,0.0015334528914117,-0.01,-0.0299999999999998,-0.6429823521325616,-0.3564217677612802,0.532,-0.0107999999999999,False,,No Episode,0
2014-01-17,1251.699951171875,0.58,2.26,0.0093912087254466,-0.03,0.0099999999999997,-0.685751537225741,-0.5756970421393925,0.5212,-0.0108,False,,No Episode,0
2014-01-22,1239.0,0.62,2.25,-0.002659936895105,0.03,-0.0099999999999997,-0.7081208437757541,-0.5626798346208163,0.5386,0.0148999999999999,False,,No Episode,0
2014-01-23,1262.5999755859375,0.66,2.13,0.018868464968043,0.04,-0.1200000000000001,-0.7104825022729541,-0.4665674819439724,0.5089,-0.0296999999999999,False,,No Episode,0
2014-01-24,1264.5,0.61,2.14,0.0015037195128346,-0.05,0.0100000000000002,-0.7536824328709618,-0.4194795863501047,0.4862,-0.0226999999999999,False,,No Episode,0
2014-01-27,1263.5999755859375,0.64,2.14,-0.0007120165031269,0.03,0.0,-0.7883996611630366,-0.413881910680059,0.4893,0.0030999999999999,False,,No Episode,0
2014-01-28,1251.0,0.62,2.15,-0.0100215391399816,-0.02,0.0099999999999997,-0.7965716692313145,-0.3457220265898063,0.483,-0.0063,False,,No Episode,0
2014-01-29,1262.199951171875,0.55,2.14,0.008912959998292,-0.0699999999999999,-0.0099999999999997,-0.8175782093169364,-0.360528877097732,0.4549,-0.0280999999999999,False,,No Episode,0
2014-01-30,1242.199951171875,0.57,2.15,-0.0159722296477822,0.0199999999999999,0.0099999999999997,-0.8231952915487597,-0.3765949109883925,0.4582,0.0032999999999999,False,,No Episode,0
2014-01-31,1240.0999755859375,0.53,2.14,-0.0016919599958669,-0.0399999999999999,-0.0099999999999997,-0.7995039944514655,-0.4124468793800954,0.4404,-0.0177999999999999,False,,No Episode,0
2014-02-03,1260.4000244140625,0.47,2.14,0.0162371484316556,-0.06,0.0,-0.8125902357233087,-0.481481968880115,0.4086,-0.0317999999999999,False,,No Episode,0
2014-02-04,1251.699951171875,0.51,2.13,-0.0069265619286804,0.04,-0.0100000000000002,-0.798989299797641,-0.3784839696955862,0.4077,-0.0009,False,,No Episode,0
2014-02-05,1257.300048828125,0.56,2.14,0.0044640151103045,0.05,0.0100000000000002,-0.8061003056255971,-0.3254327911391628,0.4245,0.0167999999999999,False,,No Episode,0
2014-02-06,1257.5999755859375,0.57,2.16,0.0002385198268903,0.0099999999999998,0.02,-0.8066647176146666,-0.3088185589174043,0.4391,0.0146,False,,No Episode,0
2014-02-07,1263.300048828125,0.53,2.18,0.0045222602255172,-0.0399999999999999,0.02,-0.7942106493288343,-0.3436752773851318,0.4305,-0.0085999999999999,False,,No Episode,0
2014-02-10,1274.800048828125,0.51,2.19,0.009061958358516,-0.02,0.0099999999999997,-0.7878224090632671,-0.3558587949528329,0.4279,-0.0025999999999999,False,,No Episode,0
2014-02-11,1290.0999755859375,0.56,2.19,0.01193037396117,0.05,0.0,-0.7394048408952885,-0.2760883801476866,0.449,0.0211,False,,No Episode,0
2014-02-12,1295.300048828125,0.59,2.21,0.0040226504256644,0.0299999999999999,0.02,-0.6497311580307208,-0.3222947148851156,0.4703,0.0212999999999999,False,,No Episode,0
2014-02-13,1300.4000244140625,0.56,2.17,0.0039295619714287,-0.0299999999999999,-0.04,-0.5434033975392688,-0.3153902178440111,0.4536,-0.0166999999999999,False,,No Episode,0
2014-02-14,1319.0,0.59,2.16,0.0142019455132933,0.0299999999999999,-0.0099999999999997,-0.4311859533987305,-0.1895851548438543,0.4569,0.0032999999999999,False,,No Episode,0
2014-02-19,1320.5999755859375,0.6,2.13,-0.0030998215570825,0.03,-0.0100000000000002,-0.3174650797167194,-0.2357140621122608,0.4494,0.0052,False,,No Episode,0
2014-02-20,1317.0999755859375,0.63,2.13,-0.0026538288045969,0.03,0.0,-0.1825463138186861,-0.2714457345587073,0.4624,0.0129999999999999,False,,No Episode,0
2014-02-21,1323.9000244140625,0.61,2.12,0.0051496129158525,-0.02,-0.0099999999999997,-0.0195695022223164,-0.2644399745586236,0.46,-0.0023999999999999,False,,No Episode,0
2014-02-24,1338.300048828125,0.59,2.16,0.0108182439028867,-0.02,0.04,0.0761253134396107,-0.2814677783956916,0.4647,0.0046999999999999,False,,No Episode,0
2014-02-25,1343.0,0.55,2.15,0.003505729235723,-0.0399999999999999,-0.0100000000000002,0.0249701387358223,-0.2128573239045686,0.4481,-0.0166,False,,No Episode,0
2014-02-26,1328.199951171875,0.51,2.16,-0.0110813121792547,-0.04,0.0100000000000002,-0.062642458625512,-0.1393392941743229,0.4313,-0.0167999999999999,False,,No Episode,0
2014-02-27,1331.5999755859375,0.49,2.16,0.002556603022505,-0.02,0.0,-0.1228915351152281,-0.1041177911612061,0.4202,-0.0110999999999999,False,,No Episode,0
2014-02-28,1321.4000244140625,0.49,2.17,-0.0076894092947963,0.0,0.0099999999999997,-0.1429199247136925,-0.1042156015631674,0.4227,0.0025,False,,No Episode,0
2014-03-03,1350.0999755859375,0.44,2.16,0.021486846608357,-0.0499999999999999,-0.0099999999999997,-0.2396350547957245,-0.1848918435354264,0.4015,-0.0211999999999999,False,,No Episode,0
2014-03-04,1337.800048828125,0.52,2.18,-0.0091521354969188,0.08,0.02,-0.2597957967376654,-0.245106929460376,0.4292,0.0277,False,,No Episode,0
2014-03-05,1340.199951171875,0.52,2.18,0.0017923099224788,0.0,0.0,-0.2677458372476753,-0.2387742928296268,0.4356,0.0063999999999999,False,,No Episode,0
2014-03-06,1351.699951171875,0.53,2.21,0.0085442032606799,0.01,0.0299999999999998,-0.2389600923212985,-0.216146365027071,0.454,0.0184,False,,No Episode,0
2014-03-07,1338.0999755859375,0.57,2.23,-0.0101123443006656,0.0399999999999999,0.02,-0.1742338588780082,-0.3490372350384433,0.4841,0.0300999999999999,False,,No Episode,0
2014-03-10,1341.4000244140625,0.57,2.22,0.0024631838004482,0.0,-0.0099999999999997,-0.1237095971344063,-0.3609108302555607,0.4899,0.0058,False,,No Episode,0
2014-03-11,1346.5,0.57,2.2,0.003794770385582,0.0,-0.02,-0.0423447176000129,-0.3561924354924352,0.4867,-0.0031999999999999,False,,No Episode,0
2014-03-12,1370.300048828125,0.54,2.19,0.0175210963336658,-0.0299999999999999,-0.0100000000000002,0.0287373870133598,-0.4151520286606325,0.4699,-0.0168,False,,No Episode,0
2014-03-13,1372.199951171875,0.49,2.17,0.0013855260876454,-0.05,-0.02,-0.038169840845126,-0.3789642480066893,0.44,-0.0298999999999999,False,,No Episode,0
2014-03-14,1379.0,0.48,2.17,0.0049433431203373,-0.01,0.0,-0.0806172811440876,-0.3663161281949831,0.4319,-0.0080999999999999,False,,No Episode,0
2014-03-17,1372.9000244140625,0.52,2.18,-0.0044332901069017,0.04,0.0100000000000002,-0.1258601536107083,-0.4232749038515873,0.4449,0.013,False,,No Episode,0
2014-03-18,1359.0,0.5,2.18,-0.0101761735352567,-0.02,0.0,-0.2637666692856282,-0.3118325159087242,0.4399,-0.005,False,,No Episode,0
2014-03-19,1341.4000244140625,0.62,2.16,-0.0130352722850721,0.12,-0.02,-0.3026646101524264,-0.4057893094698972,0.4944,0.0544999999999999,False,,No Episode,0
2014-03-20,1330.5,0.66,2.13,-0.0081590514483274,0.04,-0.0300000000000002,-0.2746561180264374,-0.4484924453939234,0.5063,0.0118999999999999,False,,No Episode,0
2014-03-21,1336.0,0.61,2.14,0.0041252636788469,-0.05,0.0100000000000002,-0.2562142034900009,-0.4454872962788543,0.5037,-0.0025999999999999,False,,No Episode,0
2014-03-24,1311.199951171875,0.59,2.15,-0.0187373639062373,-0.02,0.0099999999999997,-0.3473116026375445,-0.3637991275157018,0.5055,0.0017999999999999,False,,No Episode,0
2014-03-25,1311.4000244140625,0.61,2.14,0.0001525762559584,0.02,-0.0099999999999997,-0.4934741784267085,-0.3540224719970907,0.5075,0.002,False,,No Episode,0
2014-03-26,1303.4000244140625,0.57,2.14,-0.0061190338169732,-0.04,0.0,-0.5191243103263284,-0.3865572843750334,0.49,-0.0174999999999999,False,,No Episode,0
2014-03-27,1294.699951171875,0.56,2.13,-0.0066972832785907,-0.0099999999999998,-0.0100000000000002,-0.485368078033993,-0.3922966600023962,0.4823,-0.0076999999999999,False,,No Episode,0
2014-03-28,1293.800048828125,0.6,2.13,-0.0006953080007763,0.0399999999999999,0.0,-0.5208524679653681,-0.3815369287017595,0.4973,0.015,False,,No Episode,0
2014-03-31,1283.4000244140625,0.6,2.13,-0.0080708370106004,0.0,0.0,-0.5261825253977228,-0.4397170331411871,0.4991,0.0017999999999999,False,,No Episode,0
2014-04-01,1279.5999755859375,0.63,2.14,-0.0029653153434567,0.03,0.0100000000000002,-0.5643549258368521,-0.4346193357984312,0.51,0.0109,False,,No Episode,0
2014-04-02,1290.5,0.68,2.14,0.0084822301627545,0.05,0.0,-0.6054531809788317,-0.3717308971343295,0.5393,0.0292999999999999,False,,No Episode,0
2014-04-03,1284.4000244140625,0.66,2.14,-0.004738037935164,-0.02,0.0,-0.6390482285913734,-0.3589691239997469,0.5439,0.0046,False,,No Episode,0
2014-04-04,1303.199951171875,0.61,2.13,0.0145310385964618,-0.05,-0.0100000000000002,-0.6496829137209154,-0.3950908297590832,0.5191,-0.0248,False,,No Episode,0
2014-04-07,1298.0,0.59,2.12,-0.0039981225559317,-0.02,-0.0099999999999997,-0.6600451154756639,-0.3779203828858369,0.4989,-0.0201999999999999,False,,No Episode,0
2014-04-08,1308.699951171875,0.58,2.11,0.008209622486996,-0.01,-0.0100000000000002,-0.6603698657554264,-0.3713687686533257,0.4859,-0.013,False,,No Episode,0
2014-04-09,1305.5,0.57,2.14,-0.0024481316118478,-0.01,0.0300000000000002,-0.664570642127885,-0.4248168976580325,0.4797,-0.0061999999999999,False,,No Episode,0
2014-04-10,1320.0999755859375,0.51,2.14,0.0111213636534301,-0.0599999999999999,0.0,-0.6581304934300196,-0.45781352139198,0.4533,-0.0264,False,,No Episode,0
2014-04-11,1318.699951171875,0.5,2.13,-0.0010611070064312,-0.01,-0.0100000000000002,-0.6598205633266168,-0.4619012447965342,0.4408,-0.0124999999999999,False,,No Episode,0
2014-04-14,1327.199951171875,0.52,2.13,0.0064250572997224,0.02,0.0,-0.6541829007514005,-0.3932596953842052,0.4445,0.0036999999999999,False,,No Episode,0
2014-04-15,1300.0,0.5,2.14,-0.0207071586362763,-0.02,0.0100000000000002,-0.5885070907513584,-0.2808085530095379,0.4454,0.0009,False,,No Episode,0
2014-04-16,1303.0999755859375,0.48,2.17,0.0023817579658604,-0.02,0.0299999999999998,-0.5146897149309805,-0.2860085117907696,0.4553,0.0098999999999999,False,,No Episode,0
2014-04-17,1293.4000244140625,0.52,2.21,-0.007471593527117,0.04,0.04,-0.4619334953387929,-0.3202638488450064,0.492,0.0367,False,,No Episode,0
2014-04-22,1280.5999755859375,0.52,2.21,-0.0057619286441479,-0.01,0.0099999999999997,-0.3875955831639138,-0.293666428747372,0.5052,0.0060999999999999,False,,No Episode,0
2014-04-23,1284.199951171875,0.49,2.21,0.0028072193175834,-0.03,0.0,-0.3363106467564621,-0.3052406412475771,0.4961,-0.0090999999999999,False,,No Episode,0
2014-04-24,1290.5,0.49,2.21,0.004893821820934,0.0,0.0,-0.2910105648401401,-0.2716126381336907,0.4977,0.0015999999999999,False,,No Episode,0
2014-04-25,1300.699951171875,0.48,2.2,0.0078728033711428,-0.01,-0.0099999999999997,-0.2038078401682727,-0.2653846634291512,0.4919,-0.0057999999999999,False,,No Episode,0
2014-04-28,1298.9000244140625,0.52,2.18,-0.0013847723206215,0.04,-0.02,-0.0855591626512439,-0.2534342636570752,0.4943,0.0024,False,,No Episode,0
2014-04-29,1296.0,0.53,2.18,-0.0022351732969703,0.01,0.0,-0.0090757843068598,-0.2477005069545965,0.4965,0.0021999999999999,False,,No Episode,0
2014-04-30,1295.5999755859375,0.49,2.18,-0.0003087084588733,-0.04,0.0,0.1303341395644022,-0.2742896662116308,0.4801,-0.0163999999999999,False,,No Episode,0
2014-05-01,1283.0999755859375,0.43,2.2,-0.0096948835797787,-0.06,0.02,0.1287638981657678,-0.0718811973301411,0.46,-0.0201,False,,No Episode,0
2014-05-02,1302.5999755859375,0.41,2.19,0.0150832424961704,-0.02,-0.0100000000000002,-0.0088602124469385,-0.0529967365404766,0.4524,-0.0075999999999999,False,,No Episode,0
2014-05-05,1309.0,0.45,2.18,0.0049012385401621,0.04,-0.0099999999999997,-0.156539453939791,0.011032008786032,0.4549,0.0025,False,,No Episode,0
2014-05-06,1308.300048828125,0.45,2.16,-0.0005348650712599,0.0,-0.02,-0.2191360642396886,-0.028931769470349,0.45,-0.0049,False,,No Episode,0
2014-05-07,1288.5999755859375,0.42,2.2,-0.0151722830802896,-0.03,0.04,-0.2133212245851281,0.0219413599001878,0.4422,-0.0078,False,,No Episode,0
2014-05-08,1287.4000244140625,0.42,2.19,-0.0009316391759837,0.0,-0.0100000000000002,-0.1708269969701852,-0.005588989096426,0.4336,-0.0085999999999999,False,,No Episode,0
2014-05-09,1287.300048828125,0.44,2.18,-7.765998612985214e-05,0.02,-0.0099999999999997,-0.1304601202175774,-0.0098726925811913,0.4344,0.0008,False,,No Episode,0
2014-05-12,1295.5999755859375,0.48,2.18,0.0064268498571093,0.0399999999999999,0.0,-0.120062500316699,0.0349523240335049,0.448,0.0136,False,,No Episode,0
2014-05-13,1294.5999755859375,0.45,2.16,-0.0007721412003194,-0.0299999999999999,-0.02,-0.0679203799220878,0.0439255844604592,0.435,-0.013,False,,No Episode,0
2014-05-14,1305.699951171875,0.37,2.17,0.008537509764837,-0.08,0.0099999999999997,-0.020043024657092,-0.0206452655765855,0.4059,-0.0291,False,,No Episode,0
2014-05-15,1293.5,0.31,2.19,-0.00938753539178,-0.06,0.02,0.0792696613247052,-0.0218669266620654,0.383,-0.0228999999999999,False,,No Episode,0
2014-05-16,1293.300048828125,0.34,2.18,-0.0001545934502082,0.03,-0.0099999999999997,0.2286363944913969,-0.028522776460474,0.3831,9.9999999999989e-05,False,,No Episode,0
2014-05-19,1293.699951171875,0.37,2.17,0.0003091630049754,0.0299999999999999,-0.0100000000000002,0.2293272963662461,0.0536025596249368,0.3863,0.0031999999999999,False,,No Episode,0
2014-05-20,1294.5,0.35,2.17,0.0006182280107411,-0.02,0.0,0.2523585309472287,0.046094785239315,0.3768,-0.0094999999999999,False,,No Episode,0
2014-05-21,1288.0,0.36,2.18,-0.005033892527293,0.01,0.0100000000000002,0.2435110423007966,0.0376107667982755,0.3834,0.0065999999999999,False,,No Episode,0
2014-05-22,1294.9000244140625,0.35,2.21,0.0053428632645085,-0.01,0.0299999999999998,0.2157677973208654,0.0343737302865728,0.3938,0.0103999999999999,False,,No Episode,0
2014-05-23,1291.5999755859375,0.32,2.22,-0.002551749946873,-0.0299999999999999,0.0100000000000002,0.181923435575525,0.1379894256130151,0.3895,-0.0042999999999999,False,,No Episode,0
2014-05-28,1259.300048828125,0.22,2.22,-0.0048322472205155,-0.09,0.0100000000000002,0.4142150047182636,0.1283070073118678,0.3557,-0.0288999999999999,False,,No Episode,0
2014-05-29,1256.300048828125,0.22,2.23,-0.0023851179088376,0.0,0.0099999999999997,0.5311738331414828,0.1144770132390105,0.3523,-0.0034,False,,No Episode,0
2014-05-30,1245.5999755859375,0.26,2.22,-0.0085536099574383,0.04,-0.0099999999999997,0.5834713056272075,0.068493062700534,0.361,0.0086999999999999,False,,No Episode,0
2014-06-02,1243.699951171875,0.32,2.22,-0.0015265535202235,0.06,0.0,0.5895489485815482,0.1038172681088457,0.3859,0.0249,False,,No Episode,0
2014-06-03,1244.300048828125,0.41,2.19,0.0004823936237041,0.0899999999999999,-0.0300000000000002,0.5425927041839586,0.1188346628197636,0.4152,0.0292999999999999,False,,No Episode,0
2014-06-04,1244.0,0.44,2.17,-0.0002411677239013,0.03,-0.02,0.4942038899054064,0.1179239007630149,0.4293,0.0141,False,,No Episode,0
2014-06-05,1253.0,0.41,2.18,0.0072086815969436,-0.03,0.0100000000000002,0.4760439711613444,0.101798342646276,0.426,-0.0033,False,,No Episode,0
2014-06-06,1252.0999755859375,0.4,2.2,-0.0007185537196594,-0.0099999999999999,0.02,0.4522961328781229,0.1008154803165107,0.4329,0.0069,False,,No Episode,0
2014-06-09,1253.5,0.41,2.21,0.0011175164219388,0.0099999999999999,0.0099999999999997,0.4092136694585964,0.1148589972402705,0.4439,0.011,False,,No Episode,0
2014-06-10,1259.800048828125,0.43,2.21,0.0050133783481127,0.02,0.0,0.3573310404305451,0.1330562312676507,0.4567,0.0127999999999999,False,,No Episode,0
2014-06-11,1260.800048828125,0.43,2.22,0.0007934618850446,0.0,0.0100000000000002,0.3058321509103194,0.1359127201978774,0.4585,0.0018,False,,No Episode,0
2014-06-12,1273.5999755859375,0.39,2.19,0.0101010380892798,-0.0399999999999999,-0.0300000000000002,0.2762306807299295,0.0861220066408758,0.4377,-0.0208,False,,No Episode,0
2014-06-13,1273.699951171875,0.41,2.19,7.849533927206664e-05,0.0199999999999999,0.0,0.2685041421818807,0.0260917129376252,0.443,0.0053,False,,No Episode,0
2014-06-16,1274.9000244140625,0.41,2.2,0.0009417510338058,0.0,0.0100000000000002,0.2541432637321782,0.0704000731395759,0.4464,0.0034,False,,No Episode,0
2014-06-17,1271.699951171875,0.43,2.23,-0.0025132136631089,0.02,0.0299999999999998,0.2017530246146434,0.0351788046923492,0.4683,0.0218999999999999,False,,No Episode,0
2014-06-18,1272.4000244140625,0.38,2.23,0.0005503504316459,-0.0499999999999999,0.0,0.1483578877305361,0.0242858766154814,0.4564,-0.0119,False,,No Episode,0
2014-06-19,1313.699951171875,0.39,2.25,0.031942646244663,0.01,0.02,0.139536931906805,0.0134332264485683,0.4578,0.0014,False,,No Episode,0
2014-06-20,1316.199951171875,0.35,2.28,0.0019012136171543,-0.04,0.0299999999999998,0.0946729131579592,0.008675523381191,0.4588,0.001,False,,No Episode,0
2014-06-23,1318.0,0.35,2.28,0.0013666761382351,0.0,0.0,0.0522588015472496,0.0108827235174958,0.4586,-0.0001999999999999,False,,No Episode,0
2014-06-24,1320.9000244140625,0.31,2.28,0.0021979048502647,-0.0399999999999999,0.0,-0.0562061947557541,-0.021467404155541,0.4467,-0.0119,False,,No Episode,0
2014-06-25,1322.199951171875,0.29,2.28,0.0009836380573053,-0.02,0.0,-0.160014238920723,-0.0258325795778786,0.4334,-0.0132999999999999,False,,No Episode,0
2014-06-26,1316.0999755859375,0.26,2.27,-0.0046241796800545,-0.0299999999999999,-0.0099999999999997,-0.236556354185806,0.056798650820917,0.4148,-0.0186,False,,No Episode,0
2014-06-27,1319.0,0.27,2.27,0.0022010744273464,0.01,0.0,-0.27852919705007,-0.0058689009505537,0.4106,-0.0041999999999999,False,,No Episode,0
2014-06-30,1321.800048828125,0.27,2.26,0.0021206072596671,0.0,-0.0100000000000002,-0.3235049116964956,-0.0022962872480472,0.4043,-0.0063,False,,No Episode,0
2014-07-01,1326.4000244140625,0.32,2.26,0.0034740428103079,0.0499999999999999,0.0,-0.3392997069220305,0.0165212522593121,0.4192,0.0149,False,,No Episode,0
2014-07-02,1330.699951171875,0.38,2.26,0.003236559068843,0.06,0.0,-0.2979170937384086,0.0317301108803699,0.4456,0.0263999999999999,False,,No Episode,0
2014-07-03,1320.4000244140625,0.37,2.28,-0.0077703433871958,-0.01,0.02,-0.2785044039536924,0.0482544715378786,0.465,0.0194,False,,No Episode,0
2014-07-08,1316.0,0.31,2.27,-0.0003798670511017,-0.0499999999999999,0.0,-0.2809607226495695,0.0520633448619197,0.4448,-0.0183,False,,No Episode,0
2014-07-09,1323.800048828125,0.28,2.29,0.0059095926843788,-0.0299999999999999,0.02,-0.3278444118493979,0.0151132617948007,0.4343,-0.0104999999999999,False,,No Episode,0
2014-07-10,1338.699951171875,0.27,2.28,0.0111925317479251,-0.01,-0.0100000000000002,-0.4598397084493953,-0.0805319924217329,0.4226,-0.0117,False,,No Episode,0
2014-07-11,1337.0,0.25,2.28,-0.0012706592156233,-0.02,0.0,-0.6197814801038665,-0.071186937689376,0.4121,-0.0104999999999999,False,,No Episode,0
2014-07-14,1306.300048828125,0.28,2.27,-0.0232295472304748,0.03,-0.0099999999999997,-0.7431398655667533,-0.1008221710904469,0.4204,0.0082999999999999,False,,No Episode,0
2014-07-15,1296.9000244140625,0.31,2.25,-0.0072219307048344,0.0299999999999999,-0.02,-0.8065887688395313,-0.1130413540261641,0.4284,0.008,False,,No Episode,0
2014-07-16,1299.5999755859375,0.32,2.23,0.0020796858424825,0.01,-0.02,-0.8012551324998628,-0.1177366067409365,0.4307,0.0023,False,,No Episode,0
2014-07-17,1316.699951171875,0.24,2.23,0.013072063269468,-0.08,0.0,-0.7715377658396697,-0.2059425493234621,0.4021,-0.0286,False,,No Episode,0
2014-07-18,1309.199951171875,0.26,2.24,-0.0057123429477137,0.02,0.0100000000000002,-0.7497168956687005,-0.2117763065810136,0.4082,0.0060999999999999,False,,No Episode,0
2014-07-21,1313.699951171875,0.25,2.24,0.0034313199761921,-0.01,0.0,-0.7359339850069849,-0.2144818700564097,0.4074,-0.0008,False,,No Episode,0
2014-07-22,1306.0999755859375,0.25,2.23,-0.0058019674159259,0.0,-0.0100000000000002,-0.7000307415043165,-0.2167337168482624,0.4007,-0.0066999999999999,False,,No Episode,0
2014-07-23,1304.5,0.25,2.23,-0.0012257533143538,0.0,0.0,-0.6384068410036874,-0.2336445145216086,0.3966,-0.0040999999999999,False,,No Episode,0
2014-07-24,1290.5999755859375,0.25,2.27,-0.0107126179918752,0.0,0.04,-0.5216074313553147,-0.2353650131240042,0.4161,0.0195,False,,No Episode,0
2014-07-25,1303.0999755859375,0.2,2.28,0.0096388148305806,-0.0499999999999999,0.0099999999999997,-0.4280119630197583,-0.2414632201349016,0.4065,-0.0096,False,,No Episode,0
2014-07-28,1303.300048828125,0.22,2.28,0.0001535245861772,0.0199999999999999,0.0,-0.3164064199821012,-0.2412264282540831,0.4147,0.0082,False,,No Episode,0
2014-07-29,1298.300048828125,0.2,2.27,-0.0038437930261814,-0.0199999999999999,-0.0099999999999997,-0.1465281339499415,-0.2324896188704298,0.406,-0.0086999999999999,False,,No Episode,0
2014-07-30,1294.9000244140625,0.29,2.28,-0.0026222630466765,0.0899999999999999,0.0099999999999997,0.0759993511953673,-0.2282922342883799,0.437,0.0309999999999999,False,,No Episode,0
2014-07-31,1281.300048828125,0.29,2.29,-0.0105582653050086,0.0,0.0100000000000002,0.2709522951971872,-0.2332467941604988,0.4476,0.0105999999999999,False,,No Episode,0
2014-08-01,1293.5999755859375,0.25,2.27,0.0095537847661368,-0.0399999999999999,-0.02,0.3093268729588253,-0.3960341198943589,0.4225,-0.0251,False,,No Episode,0
2014-08-04,1287.699951171875,0.26,2.25,-0.0045713670290652,0.01,-0.02,0.3156838604439296,-0.3962093225243085,0.4103,-0.0121999999999999,False,,No Episode,0
2014-08-05,1284.0,0.25,2.24,-0.0028774381109641,-0.01,-0.0099999999999997,0.3228971198955107,-0.3950598880020419,0.4062,-0.0040999999999999,False,,No Episode,0
2014-08-06,1306.699951171875,0.24,2.25,0.0175246323776834,-0.01,0.0099999999999997,0.311201919332064,-0.3703158217944581,0.4021,-0.0040999999999999,False,,No Episode,0
2014-08-07,1310.800048828125,0.19,2.24,0.0031328374476986,-0.0499999999999999,-0.0099999999999997,0.2810959962400416,-0.3762302941524191,0.3805,-0.0216,False,,No Episode,0
2014-08-08,1308.9000244140625,0.19,2.25,-0.0014505666252642,0.0,0.0099999999999997,0.272868249670353,-0.3970916119335804,0.3802,-0.0003,False,,No Episode,0
2014-08-11,1308.5,0.19,2.25,-0.0003056654798241,0.0,0.0,0.2635783791380011,-0.4023547845975693,0.3794,-0.0007999999999999,False,,No Episode,0
2014-08-12,1308.800048828125,0.22,2.24,0.0002292811858346,0.03,-0.0099999999999997,0.2601193901939729,-0.3956490397111534,0.3844,0.005,False,,No Episode,0
2014-08-13,1312.800048828125,0.2,2.23,0.0030515738137246,-0.0199999999999999,-0.0100000000000002,0.2012381803481837,-0.443557475733984,0.3703,-0.0141,False,,No Episode,0
2014-08-14,1313.9000244140625,0.19,2.21,0.0008375342593867,-0.01,-0.02,0.0505661656318827,-0.5093036258685255,0.358,-0.0123,False,,No Episode,0
2014-08-15,1304.5,0.16,2.18,-0.007180006652363,-0.03,-0.0299999999999998,-0.0260403809327325,-0.4877487814038433,0.3382,-0.0197999999999999,False,,No Episode,0
2014-08-18,1297.699951171875,0.21,2.18,-0.0052263964602659,0.0499999999999999,0.0,-0.0852693790833925,-0.4973521584224886,0.3475,0.0092999999999999,False,,No Episode,0
2014-08-19,1295.0999755859375,0.23,2.17,-0.0020055357380783,0.02,-0.0100000000000002,-0.1298299462541511,-0.5133620448830895,0.3551,0.0076,False,,No Episode,0
2014-08-20,1293.4000244140625,0.26,2.17,-0.0013134644900674,0.03,0.0,-0.2048374126859026,-0.4957903299934185,0.3719,0.0167999999999999,False,,No Episode,0
2014-08-21,1273.699951171875,0.24,2.17,-0.0153484166283144,-0.02,0.0,-0.3017112495169066,-0.4374509574638577,0.3714,-0.0005,False,,No Episode,0
2014-08-22,1278.5999755859375,0.26,2.14,0.003839697978198,0.02,-0.0299999999999998,-0.4055745778529836,-0.4189216121222784,0.376,0.0045999999999999,False,,No Episode,0
2014-08-25,1277.300048828125,0.24,2.15,-0.0010171969619161,-0.02,0.0099999999999997,-0.4162408850077855,-0.3886044090512249,0.3741,-0.0019,False,,No Episode,0
2014-08-26,1283.800048828125,0.25,2.14,0.0050759546353971,0.01,-0.0099999999999997,-0.4388749413623805,-0.3533492416621838,0.3727,-0.0014,False,,No Episode,0
2014-08-27,1281.9000244140625,0.23,2.14,-0.0014810965484315,-0.0199999999999999,0.0,-0.4820982871984873,-0.3549434876082318,0.3613,-0.0113999999999999,False,,No Episode,0
2014-08-28,1288.699951171875,0.21,2.13,0.0052905490415975,-0.02,-0.0100000000000002,-0.4917701762656254,-0.2441298765459859,0.3482,-0.0131,False,,No Episode,0
2014-08-29,1285.800048828125,0.23,2.12,-0.0022527897224176,0.02,-0.0099999999999997,-0.5345004576456907,-0.2331361194976109,0.3473,-0.0009,False,,No Episode,0
2014-09-03,1268.9000244140625,0.24,2.17,0.004106515517587,-0.03,0.02,-0.6328302541891647,-0.3250176041011536,0.3787,0.0053999999999999,False,,No Episode,0
2014-09-04,1265.0999755859375,0.28,2.17,-0.00299925152071,0.04,0.0,-0.694707293332571,-0.3277488069645203,0.3939,0.0151999999999999,False,,No Episode,0
2014-09-05,1265.800048828125,0.31,2.15,0.0005532207936225,0.0299999999999999,-0.02,-0.732673128957364,-0.3302611221215443,0.3978,0.0039,False,,No Episode,0
2014-09-08,1252.699951171875,0.35,2.13,-0.010403189044279,0.0399999999999999,-0.02,-0.7813221803914864,-0.3057552329439988,0.409,0.0111999999999999,False,,No Episode,0
2014-09-09,1246.800048828125,0.39,2.11,-0.0047208748159004,0.04,-0.02,-0.823806950570443,-0.3214904598271785,0.4239,0.0149,False,,No Episode,0
2014-09-10,1243.5,0.44,2.1,-0.0026503238124782,0.0499999999999999,-0.0099999999999997,-0.8461585590646521,-0.3338464666682876,0.4406,0.0166999999999999,False,,No Episode,0
2014-09-11,1237.4000244140625,0.42,2.12,-0.0049175604164419,-0.02,0.02,-0.8896435421847481,-0.3420200086076915,0.4482,0.0075999999999999,False,,No Episode,0
2014-09-12,1229.9000244140625,0.49,2.13,-0.0060795387282084,0.07,0.0099999999999997,-0.907502034514143,-0.3806695159214035,0.4742,0.026,False,,No Episode,0
2014-09-15,1233.5999755859375,0.47,2.13,0.0030038189193488,-0.02,0.0,-0.919224096851298,-0.3368443288050806,0.4735,-0.0007,False,,No Episode,0
2014-09-16,1235.199951171875,0.48,2.12,0.0012961567218114,0.01,-0.0099999999999997,-0.9253871676383404,-0.3343160566014179,0.4721,-0.0013999999999999,False,,No Episode,0
2014-09-17,1234.4000244140625,0.56,2.06,-0.0006478189129381,0.08,-0.06,-0.9175904039313896,-0.3045427816127534,0.4845,0.0123999999999999,False,,No Episode,0
2014-09-18,1225.699951171875,0.61,2.02,-0.007072972316843,0.0499999999999999,-0.04,-0.9217050172674284,-0.3149037395430165,0.4982,0.0136999999999999,False,,No Episode,0
2014-09-19,1215.300048828125,0.56,2.03,-0.0085210694555977,-0.0499999999999999,0.0099999999999997,-0.9310711882138608,-0.1761593209875322,0.4893,-0.0088999999999999,False,,No Episode,0
2014-09-22,1216.800048828125,0.58,1.99,0.001233502018799,0.0199999999999999,-0.0399999999999998,-0.9372462183351902,-0.1676372739723655,0.4758,-0.0135,False,,No Episode,0
2014-09-23,1221.0,0.52,2.02,0.0034456930373147,-0.0599999999999999,0.03,-0.9403650130578398,-0.2208754530938148,0.4627,-0.0131,False,,No Episode,0
2014-09-24,1218.5999755859375,0.54,2.03,-0.0019675563308281,0.02,0.0099999999999997,-0.9479161436340594,-0.2304478725610227,0.4714,0.0086999999999999,False,,No Episode,0
2014-09-25,1221.199951171875,0.5,2.02,0.0021313030971201,-0.04,-0.0099999999999997,-0.9529934416695603,-0.2373255634675151,0.4514,-0.0199999999999999,False,,No Episode,0
2014-09-26,1214.0999755859375,0.57,1.97,-0.005830900435841,0.0699999999999999,-0.05,-0.9607326078299536,-0.2486688294271717,0.4611,0.0096999999999999,False,,No Episode,0
2014-09-29,1217.5,0.55,1.95,0.0027965345155891,-0.0199999999999999,-0.02,-0.9600077645461046,-0.312018303019693,0.4469,-0.0141999999999999,False,,No Episode,0
2014-09-30,1210.5,0.55,1.97,-0.0057660785786319,0.0,0.02,-0.9602382958019804,-0.2909997951259324,0.4476,0.0006999999999999,False,,No Episode,0
2014-10-01,1214.5999755859375,0.46,1.96,0.0033812869848661,-0.09,-0.01,-0.9515974198833328,-0.3383620773702951,0.4077,-0.0398999999999999,False,,No Episode,0
2014-10-02,1214.199951171875,0.49,1.95,-0.000329400880882,0.0299999999999999,-0.01,-0.9524257505891182,-0.3346755964496131,0.4063,-0.0014,False,,No Episode,0
2014-10-03,1192.199951171875,0.52,1.93,-0.0182850846525921,0.03,-0.02,-0.9336469592051024,-0.4236001323126243,0.4131,0.0068,False,,No Episode,0
2014-10-06,1206.699951171875,0.5,1.93,0.0120890217858704,-0.02,0.0,-0.9248895443064796,-0.4520033682689526,0.4017,-0.0114,False,,No Episode,0
2014-10-07,1211.699951171875,0.44,1.92,0.0041349713248948,-0.06,-0.01,-0.9061009490583656,-0.4763059910650958,0.3726,-0.0291,False,,No Episode,0
2014-10-08,1205.300048828125,0.39,1.96,-0.0052957528347929,-0.0499999999999999,0.04,-0.8590549296265548,-0.4511538724778581,0.348,-0.0246,False,,No Episode,0
2014-10-09,1224.5999755859375,0.37,1.97,0.0158857010020199,-0.02,0.01,-0.8263009814843234,-0.4481598827206623,0.3403,-0.0076999999999999,False,,No Episode,0
2014-10-10,1221.0,0.35,1.96,-0.0029440449967923,-0.02,-0.01,-0.7653118190242709,-0.4328410240163389,0.3284,-0.0118999999999999,False,,No Episode,0
2014-10-15,1244.0999755859375,0.29,1.86,0.0084756532784124,0.0,-0.0599999999999998,-0.6731490992309993,-0.4433479249686428,0.2421,-0.0407999999999999,False,,No Episode,0
2014-10-16,1240.5,0.28,1.89,-0.0028978331647149,-0.0099999999999999,0.0299999999999998,-0.6199712285672907,-0.4302094475262904,0.237,-0.0051,False,,No Episode,0
2014-10-17,1238.300048828125,0.3,1.92,-0.0017750134792242,0.0199999999999999,0.03,-0.5760544810949664,-0.4275261106944913,0.2552,0.0181999999999999,False,,No Episode,0
2014-10-20,1244.0,0.29,1.91,0.0045924836464932,-0.01,-0.01,-0.5616527593819318,-0.4365726165946964,0.2483,-0.0068999999999999,False,,No Episode,0
2014-10-21,1251.0,0.33,1.9,0.0056112371677867,0.04,-0.01,-0.5696116489669208,-0.372266008825633,0.2585,0.0102,False,,No Episode,0
2014-10-22,1244.800048828125,0.34,1.91,-0.0049683178171067,0.01,0.01,-0.5854873025296972,-0.3612971717537701,0.2695,0.011,False,,No Episode,0
2014-10-23,1228.5,0.38,1.91,-0.0131810006885713,0.0399999999999999,0.0,-0.5997334237337191,-0.3908558361033928,0.2923,0.0227999999999999,False,,No Episode,0
2014-10-24,1231.199951171875,0.39,1.9,0.002195350904464,0.01,-0.01,-0.6043827672852826,-0.4000072766358657,0.2984,0.0060999999999999,False,,No Episode,0
2014-10-27,1229.0999755859375,0.38,1.89,-0.0017070895081285,-0.01,-0.01,-0.6154966443530376,-0.3727906785742149,0.2953,-0.0030999999999999,False,,No Episode,0
2014-10-28,1229.199951171875,0.39,1.91,8.133717526082052e-05,0.01,0.02,-0.6291795595651691,-0.367985747238483,0.3062,0.0109,False,,No Episode,0
2014-10-29,1224.300048828125,0.42,1.92,-0.0039942195704769,0.0299999999999999,0.01,-0.648507157327817,-0.3797375697560615,0.3328,0.0265999999999999,False,,No Episode,0
2014-10-30,1198.0999755859375,0.42,1.9,-0.0216323436938159,0.0,-0.02,-0.6566991522243283,-0.3678826493689939,0.3324,-0.0004,False,,No Episode,0
2014-10-31,1171.0999755859375,0.43,1.92,-0.0227934910675653,0.01,0.02,-0.5921714396779506,-0.3453227929190774,0.347,0.0146,False,,No Episode,0
2014-11-03,1169.4000244140625,0.43,1.93,-0.0014526395819753,0.0,0.01,-0.5283365999597692,-0.3931743856584981,0.3541,0.0071,False,,No Episode,0
2014-11-04,1167.4000244140625,0.43,1.92,-0.0017117429361119,0.0,-0.01,-0.5038036200823934,-0.4040555868757977,0.3513,-0.0028,False,,No Episode,0
2014-11-05,1145.4000244140625,0.43,1.93,-0.0190251324082479,0.0,0.01,-0.462954767562638,-0.3755769528005534,0.3529,0.0015999999999999,False,,No Episode,0
2014-11-06,1142.300048828125,0.45,1.94,-0.0027101257892878,0.02,0.01,-0.4712556937253672,-0.3774116100015984,0.3672,0.0143,False,,No Episode,0
2014-11-07,1169.5999755859375,0.38,1.94,0.023617972636309,-0.07,0.0,-0.4572837443634131,-0.4673290862174213,0.3403,-0.0269,False,,No Episode,0
2014-11-10,1159.5999755859375,0.44,1.94,-0.0085866921280226,0.06,0.0,-0.5036279081353023,-0.4868069745539293,0.3558,0.0155,False,,No Episode,0
2014-11-13,1161.0999755859375,0.47,1.88,0.0018965101993657,0.0099999999999999,-0.03,-0.654042274218916,-0.471341199483053,0.3527,-0.0052999999999999,False,,No Episode,0
2014-11-14,1185.0,0.43,1.89,0.0203749639629373,-0.0399999999999999,0.01,-0.6775093743995673,-0.5291897814337143,0.3417,-0.011,False,,No Episode,0
2014-11-17,1183.0,0.48,1.86,-0.0016891895908441,0.0499999999999999,-0.0299999999999998,-0.7207169619946392,-0.5204095837726893,0.3454,0.0036999999999999,False,,No Episode,0
2014-11-18,1196.699951171875,0.48,1.84,0.0115141427987719,0.0,-0.02,-0.7335187499725988,-0.4866671918751162,0.3411,-0.0042999999999999,False,,No Episode,0
2014-11-19,1193.5999755859375,0.53,1.83,-0.0025937977818033,0.05,-0.01,-0.7369806671938682,-0.468574191117539,0.3552,0.0141,False,,No Episode,0
2014-11-20,1190.699951171875,0.49,1.85,-0.0024326015461424,-0.04,0.02,-0.7397260399513407,-0.4490544368905682,0.3486,-0.0065999999999999,False,,No Episode,0
2014-11-21,1197.5,0.45,1.86,0.0056947218358569,-0.0399999999999999,0.01,-0.7359807148855061,-0.5075871367227591,0.3405,-0.0080999999999999,False,,No Episode,0
2014-11-24,1195.5,0.44,1.86,-0.0016715423866902,-0.01,0.0,-0.7328579737056583,-0.491958341783009,0.3327,-0.0078,False,,No Episode,0
2014-11-25,1197.0999755859375,0.42,1.85,0.0013374369646053,-0.02,-0.01,-0.7290529638764576,-0.5022975744740558,0.3151,-0.0176,False,,No Episode,0
2014-11-26,1196.5999755859375,0.42,1.82,-0.0004177633099144,0.0,-0.03,-0.7194822817731521,-0.4701117833272416,0.3012,-0.0138999999999999,False,,No Episode,0
2014-12-01,1218.0,0.43,1.79,0.0357718649589546,0.0399999999999999,0.0,-0.6390673602112202,-0.189422108371195,0.2765,0.0055,False,,No Episode,0
2014-12-02,1199.199951171875,0.51,1.77,-0.0155555421987045,0.08,-0.02,-0.5680342034329781,-0.257069419097158,0.303,0.0264999999999999,False,,No Episode,0
2014-12-03,1208.5,0.5,1.79,0.0077252940723999,-0.01,0.02,-0.4558537109128347,-0.2601850321633771,0.3154,0.0124,False,,No Episode,0
2014-12-04,1207.5,0.48,1.77,-0.0008278146168105,-0.02,-0.02,-0.3304297227550302,-0.2826882485679821,0.3046,-0.0108,False,,No Episode,0
2014-12-05,1190.0999755859375,0.56,1.75,-0.0145147898526287,0.08,-0.02,-0.1860323166448842,-0.3284267274938034,0.3338,0.0292,False,,No Episode,0
2014-12-08,1194.699951171875,0.55,1.71,0.0038577502784624,-0.01,-0.04,-0.093460648098205,-0.3120568203592004,0.3246,-0.0091999999999999,False,,No Episode,0
2014-12-09,1231.5,0.49,1.73,0.0303378716080313,-0.06,0.02,0.0325067025857246,-0.4026526377797229,0.3016,-0.023,False,,No Episode,0
2014-12-10,1228.9000244140625,0.47,1.71,-0.0021134584034427,-0.02,-0.02,0.1472976359631132,-0.3990344865275231,0.2739,-0.0277,False,,No Episode,0
2014-12-11,1225.0999755859375,0.49,1.7,-0.0030970267852454,0.02,-0.01,0.2805621294059069,-0.4009769662613566,0.2788,0.0049,False,,No Episode,0
2014-12-12,1222.0,0.46,1.64,-0.0025335926403631,-0.0299999999999999,-0.06,0.3332072029822522,-0.3876460946763976,0.2421,-0.0366999999999999,False,,No Episode,0
2014-12-15,1207.199951171875,0.5,1.62,-0.0121852727253219,0.0399999999999999,-0.0199999999999997,0.366573708162513,-0.4261487676793585,0.2454,0.0032999999999999,False,,No Episode,0
2014-12-16,1193.9000244140625,0.42,1.65,-0.0110783082058754,-0.08,0.0299999999999998,0.3412457897492202,-0.3394114296144493,0.2237,-0.0216999999999999,False,,No Episode,0
2014-12-17,1194.300048828125,0.49,1.65,0.0003350007583415,0.07,0.0,0.3258834627698451,-0.3256233644889763,0.2489,0.0252,False,,No Episode,0
2014-12-18,1194.699951171875,0.57,1.65,0.0003347863938758,0.0799999999999999,0.0,0.2878287579998083,-0.311622473109398,0.2815,0.0325999999999999,False,,No Episode,0
2014-12-19,1195.9000244140625,0.49,1.68,0.0010039934370027,-0.0799999999999999,0.03,0.2491842766625088,-0.3112245275691741,0.2797,-0.0017999999999999,False,,No Episode,0
2014-12-22,1179.699951171875,0.47,1.7,-0.013638932932058,-0.02,0.02,0.2347981888567426,-0.2820614677922048,0.2777,-0.002,False,,No Episode,0
2014-12-23,1177.9000244140625,0.56,1.7,-0.0015269147659973,0.09,0.0,0.083243665239965,-0.2064971478468638,0.3104,0.0327,False,,No Episode,0
2014-12-24,1173.5,0.59,1.68,-0.0037424764004301,0.0299999999999999,-0.02,-0.0720144149889125,-0.1884846101403569,0.324,0.0136,False,,No Episode,0
2014-12-29,1181.699951171875,0.57,1.65,-0.0114432024093034,-0.01,-0.02,-0.2011623883254027,-0.1829868756845996,0.3099,-0.0162999999999999,False,,No Episode,0
2014-12-30,1200.199951171875,0.56,1.64,0.0155341305473566,-0.0099999999999998,-0.01,-0.2304117901554525,-0.1498002089020159,0.2953,-0.0146,False,,No Episode,0
2014-12-31,1183.9000244140625,0.49,1.68,-0.013674074832771,-0.07,0.04,-0.2377409545697111,-0.0815121809160273,0.2808,-0.0145,False,,No Episode,0
2015-01-05,1203.9000244140625,0.4,1.64,0.0149800066624541,-0.0099999999999999,-0.07,-0.1936701043131693,-0.0855825950981378,0.2266,-0.0326999999999999,False,,No Episode,0
2015-01-06,1219.300048828125,0.41,1.56,0.012710656392123,0.0099999999999999,-0.0799999999999998,-0.2405921950774775,-0.0820048646694374,0.189,-0.0375999999999999,False,,No Episode,0
2015-01-07,1210.5999755859375,0.39,1.57,-0.0071608793215727,-0.0199999999999999,0.01,-0.2696892783743498,-0.0644200202465652,0.1719,-0.0171,False,,No Episode,0
2015-01-08,1208.4000244140625,0.41,1.62,-0.0018188935745326,0.0199999999999999,0.05,-0.2926072454479403,-0.0677187494766805,0.1837,0.0118,False,,No Episode,0
2015-01-09,1216.0,0.36,1.62,0.0062695928099696,-0.0499999999999999,0.0,-0.3433453004327855,-0.0807403381212058,0.1688,-0.0148999999999999,False,,No Episode,0
2015-01-12,1232.699951171875,0.35,1.57,0.0136400624206478,-0.01,-0.05,-0.4336581450515527,-0.0845561087153549,0.1401,-0.0287,False,,No Episode,0
2015-01-13,1234.300048828125,0.37,1.54,0.0012972013624876,0.02,-0.03,-0.5866904304261642,-0.1182579175623126,0.1265,-0.0136,False,,No Episode,0
2015-01-14,1234.4000244140625,0.29,1.57,8.099451778331712e-05,-0.08,0.03,-0.6316001481746085,-0.2199548663752064,0.102,-0.0245,False,,No Episode,0
2015-01-15,1264.699951171875,0.19,1.58,0.0242498594504336,-0.0999999999999999,0.01,-0.7359975358555486,-0.2510666799033477,0.0574,-0.0445999999999999,False,,No Episode,0
2015-01-16,1276.9000244140625,0.23,1.6,0.0096003832729625,0.04,0.02,-0.7902701538561862,-0.2236353444978849,0.0739,0.0164999999999999,False,,No Episode,0
2015-01-21,1293.699951171875,0.26,1.61,-0.0003864137138904,0.03,0.02,-0.8274932833252533,-0.147516579970612,0.1001,0.0194999999999999,False,,No Episode,0
2015-01-22,1300.699951171875,0.29,1.61,0.0053962513489604,0.0299999999999999,0.0,-0.8234000843612171,-0.13957475318894,0.116,0.0159,False,,No Episode,0
2015-01-23,1292.5999755859375,0.21,1.6,-0.0062468685885788,-0.0799999999999999,-0.01,-0.8557959478183962,-0.0165699021500824,0.0937,-0.0223,False,,No Episode,0
2015-01-26,1279.4000244140625,0.22,1.61,-0.0102644378427649,0.01,0.01,-0.8734832891065692,-0.0333636187667387,0.0963,0.0025999999999999,False,,No Episode,0
2015-01-27,1291.699951171875,0.17,1.66,0.0095679053380575,-0.0499999999999999,0.0499999999999998,-0.8934412754904255,-0.0451296060085076,0.093,-0.0032999999999999,False,,No Episode,0
2015-01-28,1285.9000244140625,0.12,1.61,-0.0045002611741598,-0.05,-0.0499999999999998,-0.9005668314758285,-0.0342417077797994,0.0544,-0.0386,False,,No Episode,0
2015-01-29,1254.5999755859375,0.15,1.62,-0.0246421040593611,0.03,0.01,-0.8893924752422548,-0.0547908847724733,0.0619,0.0075,False,,No Episode,0
2015-01-30,1278.5,0.03,1.65,0.0188707385282365,-0.12,0.0299999999999998,-0.8823438649374648,-0.204533154000497,0.0276,-0.0343,False,,No Episode,0
2015-02-02,1276.199951171875,0.03,1.65,-0.0018006415575539,0.0,0.0,-0.8722901457111517,-0.206987690763799,0.0208,-0.0068,False,,No Episode,0
2015-02-03,1259.699951171875,0.09,1.7,-0.0130133155771394,0.06,0.05,-0.8606763161316255,-0.2627945313621704,0.0559,0.0351,False,,No Episode,0
2015-02-04,1263.800048828125,0.1,1.71,0.0032495353787656,0.01,0.01,-0.8524682586600472,-0.2705753287068587,0.0695,0.0136,False,,No Episode,0
2015-02-05,1262.0,0.13,1.7,-0.0014253298741548,0.03,-0.01,-0.8476320372778081,-0.2920187024907718,0.081,0.0114999999999999,False,,No Episode,0
2015-02-06,1233.9000244140625,0.24,1.71,-0.0225178594105752,0.1099999999999999,0.01,-0.8290835704112612,-0.4072096152521222,0.1434,0.0624,False,,No Episode,0
2015-02-09,1240.800048828125,0.25,1.71,0.0055764675238769,0.01,0.0,-0.8059325737879144,-0.3943062075379392,0.1623,0.0189,False,,No Episode,0
2015-02-10,1231.5999755859375,0.31,1.7,-0.0074422549871595,0.06,-0.01,-0.7932434647067609,-0.4262127209962071,0.1836,0.0213,False,,No Episode,0
2015-02-11,1219.0,0.32,1.68,-0.010283266746029,0.01,-0.02,-0.7645623178942992,-0.4393243453348548,0.1933,0.0096999999999999,False,,No Episode,0
2015-02-12,1220.0999755859375,0.33,1.66,0.0009019520901309,0.01,-0.02,-0.7523419267523375,-0.4488900368814926,0.1889,-0.0043999999999999,False,,No Episode,0
2015-02-13,1226.5,0.34,1.68,0.0052317821271419,0.01,0.02,-0.7217487306081177,-0.5227059406674293,0.2027,0.0137999999999999,False,,No Episode,0
2015-02-18,1199.699951171875,0.36,1.71,-0.0069773724962711,-0.07,0.0,-0.7105888935461796,-0.5366772653455038,0.2309,-0.0194,False,,No Episode,0
2015-02-19,1207.0999755859375,0.37,1.74,0.0061492836610934,0.01,0.03,-0.7118995222151053,-0.550262373466084,0.2474,0.0165,False,,No Episode,0
2015-02-20,1204.4000244140625,0.38,1.75,-0.0022392306033918,0.01,0.01,-0.7120501035344032,-0.5633382865515248,0.2604,0.013,False,,No Episode,0
2015-02-23,1200.300048828125,0.34,1.72,-0.0034099716670716,-0.0399999999999999,-0.03,-0.7000046001941173,-0.5501705675773406,0.2402,-0.0202,False,,No Episode,0
2015-02-24,1196.9000244140625,0.27,1.72,-0.0028366649341622,-0.07,0.0,-0.6696479973639523,-0.5184808345620382,0.2038,-0.0363999999999999,False,,No Episode,0
2015-02-25,1201.0,0.24,1.72,0.003419641802913,-0.03,0.0,-0.6432131976818788,-0.5316678714724282,0.1866,-0.0172,False,,No Episode,0
2015-02-26,1209.5999755859375,0.24,1.79,0.0071351631617018,0.0,0.07,-0.6323163552067464,-0.5298415444911192,0.2066,0.02,False,,No Episode,0
2015-02-27,1212.5999755859375,0.17,1.83,0.0024770882622959,-0.0699999999999999,0.04,-0.5945179286170059,-0.5422598333229969,0.1994,-0.0072,False,,No Episode,0
2015-03-02,1207.699951171875,0.25,1.83,-0.0040491106533266,0.0799999999999999,0.0,-0.5848497551886251,-0.4630852942510638,0.2256,0.0262,False,,No Episode,0
2015-03-03,1204.0,0.26,1.86,-0.0030683369818884,0.01,0.03,-0.5874556774599794,-0.5085746137502442,0.2491,0.0234999999999999,False,,No Episode,0
2015-03-04,1200.5999755859375,0.25,1.87,-0.0028279353859081,-0.01,0.01,-0.5983236611208278,-0.532041457654981,0.2531,0.004,False,,No Episode,0
2015-03-05,1195.9000244140625,0.27,1.84,-0.0039223510932941,0.02,-0.03,-0.6345958552100052,-0.5404603340695302,0.2457,-0.0073999999999999,False,,No Episode,0
2015-03-06,1164.0999755859375,0.41,1.83,-0.0269508251078471,0.1399999999999999,-0.01,-0.7454818330413037,-0.6521861629885801,0.2981,0.0523999999999999,False,,No Episode,0
2015-03-09,1166.4000244140625,0.44,1.76,0.0019738679038008,0.03,-0.07,-0.7952470735768876,-0.6788911882573133,0.2931,-0.0049999999999999,False,,No Episode,0
2015-03-10,1160.0999755859375,0.41,1.73,-0.0054159159489479,-0.03,-0.03,-0.8277494696510083,-0.673093209038552,0.2713,-0.0218,False,,No Episode,0
2015-03-11,1150.699951171875,0.39,1.72,-0.0081357768405672,-0.0199999999999999,-0.01,-0.842843455546014,-0.6458976632164408,0.2567,-0.0146,False,,No Episode,0
2015-03-12,1152.0999755859375,0.39,1.71,0.0012159324570824,0.0,-0.01,-0.8381975952970405,-0.6604669610690145,0.2454,-0.0112999999999999,False,,No Episode,0
2015-03-13,1152.5999755859375,0.44,1.69,0.0004338959677507,0.0499999999999999,-0.02,-0.8426488864680746,-0.6748958471769471,0.2485,0.0030999999999999,False,,No Episode,0
2015-03-16,1153.300048828125,0.45,1.65,0.0006072017488047,0.01,-0.04,-0.8300908919910865,-0.5910463816276247,0.237,-0.0115,False,,No Episode,0
2015-03-17,1148.300048828125,0.42,1.64,-0.0043448102653993,-0.03,-0.01,-0.8062554266544398,-0.5792605865171818,0.2211,-0.0158999999999999,False,,No Episode,0
2015-03-18,1151.4000244140625,0.23,1.7,0.0026959841412743,-0.1899999999999999,0.06,-0.6963433649453773,-0.5292121794213523,0.1609,-0.0602,False,,No Episode,0
2015-03-19,1169.0999755859375,0.19,1.79,0.0152555866844741,-0.04,0.09,-0.5653884736024026,-0.5410714784818746,0.1691,0.0082,False,,No Episode,0
2015-03-20,1184.800048828125,0.17,1.76,0.0133398240357234,-0.0199999999999999,-0.03,-0.4377721652538715,-0.5354658139189695,0.1491,-0.0199999999999999,False,,No Episode,0
2015-03-23,1188.0,0.17,1.75,0.0026971957568777,0.0,-0.01,-0.3855540215784392,-0.4588087760136159,0.1363,-0.0128,False,,No Episode,0
2015-03-24,1191.699951171875,0.11,1.77,0.0031095972006651,-0.06,0.02,-0.340148436722679,-0.4800540017802531,0.118,-0.0183,False,,No Episode,0
2015-03-25,1197.300048828125,0.12,1.81,0.0046882443814046,0.0099999999999999,0.04,-0.3588238016906964,-0.4535094353888154,0.1292,0.0112,False,,No Episode,0
2015-03-26,1205.0999755859375,0.21,1.8,0.0064934682697339,0.09,-0.01,-0.3904446167425293,-0.380641175550231,0.1612,0.032,False,,No Episode,0
2015-03-27,1199.800048828125,0.19,1.76,-0.0044076138585156,-0.0199999999999999,-0.04,-0.4280367697010461,-0.3760946852235597,0.1471,-0.0141,False,,No Episode,0
2015-03-30,1184.800048828125,0.23,1.73,-0.0125808917501659,0.04,-0.03,-0.4754992382044437,-0.4047680926600633,0.1454,-0.0017,False,,No Episode,0
2015-03-31,1183.0999755859375,0.18,1.76,-0.0014359335417672,-0.05,0.03,-0.5362659315873666,-0.3385749720996107,0.132,-0.0133999999999999,False,,No Episode,0
2015-04-01,1208.0999755859375,0.07,1.8,0.0209107656929283,-0.1099999999999999,0.04,-0.5872838144064031,-0.4630196516819873,0.1061,-0.0259,False,,No Episode,0
2015-04-02,1200.9000244140625,0.11,1.81,-0.0059775613204315,0.0399999999999999,0.01,-0.6462252322752674,-0.4856792792499829,0.1139,0.0078,False,,No Episode,0
2015-04-06,1218.5999755859375,0.07,1.85,0.0146313427834341,-0.0399999999999999,0.04,-0.7264270671612276,-0.4873810847508696,0.1016,0.0169,False,,No Episode,0
2015-04-07,1210.5999755859375,0.04,1.85,-0.0065865544892007,-0.03,0.0,-0.767879784671196,-0.4834086253584875,0.104,0.0023999999999999,False,,No Episode,0
2015-04-08,1203.0999755859375,0.08,1.84,-0.0062145455438269,0.04,-0.01,-0.7791973838421474,-0.5142935610207591,0.1124,0.0084,False,,No Episode,0
2015-04-09,1193.5999755859375,0.13,1.84,-0.0079276087514932,0.05,0.0,-0.784389274008881,-0.5245299248782562,0.1356,0.0232,False,,No Episode,0
2015-04-10,1204.5999755859375,0.14,1.82,0.0091736113469043,0.01,-0.02,-0.8058819480179454,-0.5145297526296215,0.1436,0.008,False,,No Episode,0
2015-04-13,1199.300048828125,0.14,1.8,-0.0044094473907314,0.0,-0.02,-0.812589312527732,-0.5136725417345808,0.1374,-0.0062,False,,No Episode,0
2015-04-14,1192.800048828125,0.1,1.8,-0.0054345685652821,-0.04,0.0,-0.8309829966723868,-0.4955261730774457,0.1211,-0.0162999999999999,False,,No Episode,0
2015-04-15,1201.5,0.07,1.84,0.0072672507902771,-0.03,0.04,-0.8553726054187573,-0.4985567104754289,0.1144,-0.0066999999999999,False,,No Episode,0
2015-04-16,1198.0,0.05,1.85,-0.0029172765011287,-0.02,0.01,-0.8692455289384787,-0.4963149241980034,0.1061,-0.0083,False,,No Episode,0
2015-04-17,1202.9000244140625,-0.02,1.89,0.0040818286206354,-0.07,0.0399999999999998,-0.8811052606939771,-0.497384124510296,0.0998,-0.0063,False,,No Episode,0
2015-04-20,1193.5,0.01,1.89,-0.007845161517145,0.03,0.0,-0.8682728020998983,-0.3466556212293081,0.1054,0.0055999999999999,False,,No Episode,0
2015-04-21,1202.9000244140625,0.06,1.86,0.007845161517145,0.0499999999999999,-0.0299999999999998,-0.8761763192770247,-0.3078471170626661,0.1159,0.0105,False,,No Episode,0
2015-04-22,1186.9000244140625,0.12,1.87,-0.0133904416639669,0.06,0.01,-0.8670137577214602,-0.3701434350814435,0.1453,0.0294,False,,No Episode,0
2015-04-23,1194.4000244140625,0.07,1.89,0.0062991010333579,-0.0499999999999999,0.0199999999999997,-0.8488739348726075,-0.3940453755379704,0.1379,-0.0074,False,,No Episode,0
2015-04-24,1175.199951171875,0.04,1.89,-0.0162056833545332,-0.03,0.0,-0.779580115578831,-0.3460850662480942,0.1258,-0.0121,False,,No Episode,0
2015-04-27,1203.300048828125,0.03,1.91,0.0236295187117416,-0.01,0.02,-0.7407131690274343,-0.3141784838783652,0.1262,0.0004,False,,No Episode,0
2015-04-28,1214.0,0.11,1.89,0.0088528695968141,0.08,-0.02,-0.6583009616263242,-0.2564924299449967,0.1485,0.0222999999999999,False,,No Episode,0
2015-04-29,1209.800048828125,0.14,1.92,-0.0034655955861371,0.03,0.03,-0.457729583410583,-0.2748688567203026,0.1773,0.0288,False,,No Episode,0
2015-04-30,1182.4000244140625,0.11,1.94,-0.0229088051914816,-0.03,0.02,-0.3277717927855848,-0.253435216329172,0.1857,0.0083999999999999,False,,No Episode,0
2015-05-01,1174.5,0.18,1.94,-0.0067037667428575,0.0699999999999999,0.0,-0.3082355335879791,-0.2500162537078992,0.2199,0.0342,False,,No Episode,0
2015-05-04,1186.800048828125,0.24,1.92,0.0104181254603723,0.06,-0.02,-0.3210154861239925,-0.1889698574011918,0.2375,0.0175999999999999,False,,No Episode,0
2015-05-05,1193.199951171875,0.25,1.94,0.0053780821592575,0.01,0.02,-0.3048460216986237,-0.1852734000764121,0.255,0.0175,False,,No Episode,0
2015-05-06,1190.300048828125,0.34,1.91,-0.002433315523068,0.09,-0.03,-0.321717642117092,-0.182413611521402,0.2802,0.0252,False,,No Episode,0
2015-05-07,1182.4000244140625,0.3,1.88,-0.0066591253537042,-0.04,-0.03,-0.3798052948388625,-0.1612962445891262,0.2688,-0.0114,False,,No Episode,0
2015-05-08,1189.0999755859375,0.28,1.88,0.0056504060701607,-0.0199999999999999,0.0,-0.4305143480853205,-0.2183228544876032,0.2506,-0.0181999999999999,False,,No Episode,0
2015-05-11,1183.199951171875,0.4,1.88,-0.0049741067832504,0.12,0.0,-0.478622221389948,-0.2383783966478363,0.2877,0.0371,False,,No Episode,0
2015-05-12,1192.5999755859375,0.4,1.88,0.0079131860889782,0.0,0.0,-0.4380282524916659,-0.2204646578753389,0.2959,0.0081999999999999,False,,No Episode,0
2015-05-13,1218.4000244140625,0.41,1.86,0.021402765401044,0.0099999999999999,-0.0199999999999997,-0.2318474514959023,-0.2138554453964536,0.301,0.0050999999999999,False,,No Episode,0
2015-05-14,1225.4000244140625,0.36,1.87,0.005728798596138,-0.0499999999999999,0.01,-0.0606291738533752,-0.100975974058715,0.2838,-0.0171999999999999,False,,No Episode,0
2015-05-15,1225.5,0.31,1.83,8.158275327208031e-05,-0.0499999999999999,-0.04,0.028079934600946,-0.0840152553052005,0.2531,-0.0307,False,,No Episode,0
2015-05-18,1227.800048828125,0.37,1.86,0.0018750657940209,0.06,0.03,0.1701073704962461,-0.0342415999982734,0.2756,0.0225,False,,No Episode,0
2015-05-19,1206.9000244140625,0.42,1.85,-0.0171688809096002,0.0499999999999999,-0.01,0.2311734896703138,-0.0954752501449319,0.3029,0.0272999999999999,False,,No Episode,0
2015-05-20,1208.9000244140625,0.38,1.88,0.0016557665506278,-0.0399999999999999,0.0299999999999998,0.2671997051543765,-0.0885045352603499,0.2999,-0.003,False,,No Episode,0
2015-05-21,1204.4000244140625,0.35,1.84,-0.0037293375249118,-0.03,-0.0399999999999998,0.2709047488984315,-0.0567164319751802,0.2755,-0.0243999999999999,False,,No Episode,0
2015-05-22,1204.300048828125,0.34,1.87,-8.301206705230157e-05,-0.0099999999999999,0.03,0.2862884998971689,-0.0589146378868198,0.2855,0.0099999999999999,False,,No Episode,0
2015-05-27,1185.9000244140625,0.34,1.8,-0.001095551726606,0.02,-0.02,0.2237393342053719,-0.0519687622446181,0.2544,-0.007,False,,No Episode,0
2015-05-28,1188.0999755859375,0.33,1.8,0.0018533713577157,-0.01,0.0,0.2172988744444653,-0.0359568934132808,0.2469,-0.0075,False,,No Episode,0
2015-05-29,1189.4000244140625,0.32,1.8,0.0010936268834482,-0.01,0.0,0.210811131010239,-0.0429868880054003,0.2382,-0.0087,False,,No Episode,0
2015-06-01,1188.300048828125,0.39,1.8,-0.0009252434121433,0.07,0.0,0.2244774780108575,-0.0216956401933289,0.2609,0.0227,False,,No Episode,0
2015-06-02,1194.0999755859375,0.44,1.83,0.0048689877070442,0.0499999999999999,0.03,0.2054620056194456,-0.0005189405413327,0.2957,0.0348,False,,No Episode,0
2015-06-03,1184.699951171875,0.55,1.83,-0.0079032063486534,0.11,0.0,0.1638129187739831,-0.0665342556549256,0.3456,0.0499,False,,No Episode,0
2015-06-04,1174.9000244140625,0.5,1.81,-0.008306478391888,-0.05,-0.02,0.0544136968443882,0.005641323412786,0.3356,-0.01,False,,No Episode,0
2015-06-05,1167.800048828125,0.55,1.86,-0.0060613796917232,0.05,0.05,-0.0618397733703673,0.0221730387804271,0.3738,0.0382,False,,No Episode,0
2015-06-08,1173.199951171875,0.54,1.85,0.0046133378221888,-0.01,-0.01,-0.2366186868958543,-0.0378715601848318,0.3745,0.0006999999999999,False,,No Episode,0
2015-06-09,1177.300048828125,0.56,1.86,0.0034887060751298,0.02,0.01,-0.2661615784253057,0.0102371584139827,0.3873,0.0127999999999999,False,,No Episode,0
2015-06-10,1186.0999755859375,0.63,1.87,0.0074468708929362,0.0699999999999999,0.01,-0.2182089864124768,-0.0033492970880389,0.416,0.0287,False,,No Episode,0
2015-06-11,1179.9000244140625,0.56,1.83,-0.0052408836542428,-0.0699999999999999,-0.04,-0.1973496465776341,0.0289354550547394,0.3914,-0.0245999999999999,False,,No Episode,0
2015-06-12,1178.800048828125,0.55,1.84,-0.0009326965120806,-0.01,0.01,-0.3046116768882409,-0.0536157345644925,0.3863,-0.0051,False,,No Episode,0
2015-06-15,1185.300048828125,0.51,1.85,0.0054989349947645,-0.04,0.01,-0.4258481331053786,-0.0448054859872369,0.3694,-0.0168999999999999,False,,No Episode,0
2015-06-16,1180.5,0.44,1.88,-0.0040578707546261,-0.07,0.0299999999999998,-0.4707006938215973,-0.0633583574899814,0.3506,-0.0187999999999999,False,,No Episode,0
2015-06-17,1176.4000244140625,0.42,1.9,-0.00347912909253,-0.02,0.02,-0.4833859882791567,-0.0581039760732003,0.3347,-0.0159,False,,No Episode,0
2015-06-18,1201.5,0.46,1.89,0.0211118277434856,0.04,-0.01,-0.4809240744950706,0.0245721333195884,0.3416,0.0069,False,,No Episode,0
2015-06-19,1201.5,0.4,1.86,0.0,-0.06,-0.0299999999999998,-0.5306803829652025,0.0013325587557265,0.3146,-0.027,False,,No Episode,0
2015-06-22,1183.699951171875,0.47,1.9,-0.0149256914670985,0.0699999999999999,0.0399999999999998,-0.5739722610707191,-0.0637280316149649,0.3476,0.033,False,,No Episode,0
2015-06-23,1176.199951171875,0.5,1.92,-0.0063562231970246,0.03,0.02,-0.5963339643240482,-0.0362245093603709,0.3715,0.0238999999999999,False,,No Episode,0
2015-06-24,1172.5999755859375,0.48,1.9,-0.0030653768027377,-0.02,-0.02,-0.6001637859660206,-0.0293406682497358,0.3688,-0.0026999999999999,False,,No Episode,0
2015-06-25,1171.5,0.49,1.91,-0.0009385057618116,0.01,0.01,-0.6142476222149825,-0.0493770196609298,0.3746,0.0057999999999999,False,,No Episode,0
2015-06-26,1172.9000244140625,0.57,1.92,0.0011943563947358,0.0799999999999999,0.01,-0.6215270903268059,0.0067405427465338,0.4055,0.0309,False,,No Episode,0
2015-06-29,1178.5,0.46,1.87,0.0047631080335994,-0.1099999999999999,-0.0499999999999998,-0.5723923677008862,-0.0495131031401103,0.3547,-0.0508,False,,No Episode,0
2015-06-30,1171.5,0.48,1.87,-0.0059574644283353,0.0199999999999999,0.0,-0.5723468464549282,-0.0731386249539677,0.3468,-0.0079,False,,No Episode,0
2015-07-01,1169.0,0.54,1.89,-0.0021362964757827,0.06,0.0199999999999997,-0.5971986610793047,-0.0125873009307407,0.3754,0.0286,False,,No Episode,0
2015-07-02,1163.0,0.49,1.91,-0.0051458089534035,-0.05,0.02,-0.568039706530076,0.0200183823707834,0.3642,-0.0111999999999999,False,,No Episode,0
2015-07-07,1152.4000244140625,0.4,1.87,-0.0176325899468068,-0.0299999999999999,0.0,-0.2999953462977658,0.0051861312451568,0.3055,-0.02,False,,No Episode,0
2015-07-08,1163.300048828125,0.39,1.83,0.0094140904007433,-0.01,-0.04,-0.2018935144195509,-0.030674235213261,0.2777,-0.0277999999999999,False,,No Episode,0
2015-07-09,1159.0,0.47,1.85,-0.0037032714567715,0.0799999999999999,0.02,-0.1573796483864565,-0.0479667492592437,0.3055,0.0277999999999999,False,,No Episode,0
2015-07-10,1157.699951171875,0.55,1.87,-0.0011223283049073,0.08,0.02,-0.149942806130918,-0.0451508524556339,0.3553,0.0498,False,,No Episode,0
2015-07-13,1155.199951171875,0.58,1.86,-0.002161789164397,0.0299999999999999,-0.01,-0.1433280760385422,-0.0444352078132123,0.3763,0.021,False,,No Episode,0
2015-07-14,1153.300048828125,0.56,1.85,-0.001646006300807,-0.0199999999999999,-0.01,-0.1424433059704069,-0.0440404458489746,0.3672,-0.0090999999999999,False,,No Episode,0
2015-07-15,1147.199951171875,0.52,1.84,-0.0053032922871558,-0.04,-0.01,-0.1090653093652451,-0.0520651061933394,0.3445,-0.0227,False,,No Episode,0
2015-07-16,1143.800048828125,0.52,1.84,-0.0029680531118785,0.0,0.0,-0.1512037450648804,0.0084773959640331,0.3441,-0.0003999999999999,False,,No Episode,0
2015-07-17,1131.800048828125,0.51,1.83,-0.010546766320175,-0.01,-0.01,-0.1471020243056884,-0.0150343073240846,0.3441,0.0,False,,No Episode,0
2015-07-20,1106.699951171875,0.56,1.82,-0.0224267587001625,0.05,-0.01,-0.2240453091079181,-0.0784766926359765,0.3533,0.0091999999999999,False,,No Episode,0
2015-07-21,1103.4000244140625,0.53,1.82,-0.002986226185726,-0.03,0.0,-0.2450000912319163,-0.0710453731289563,0.3419,-0.0114,False,,No Episode,0
2015-07-22,1091.4000244140625,0.53,1.8,-0.0109350458429196,0.0,-0.02,-0.2787959721501252,-0.0805014557658965,0.3333,-0.0085999999999999,False,,No Episode,0
2015-07-23,1094.0,0.49,1.79,0.0023794058603039,-0.04,-0.01,-0.3416461780306009,-0.1609210553620954,0.3099,-0.0233999999999999,False,,No Episode,0
2015-07-24,1085.5999755859375,0.51,1.76,-0.0077078969502712,0.02,-0.03,-0.3726452694126859,-0.1888164949003058,0.3002,-0.0096999999999999,False,,No Episode,0
2015-07-27,1096.5,0.5,1.73,0.0099904818262874,-0.01,-0.03,-0.3982971812972129,-0.1892884763570779,0.2759,-0.0243,False,,No Episode,0
2015-07-28,1096.300048828125,0.51,1.75,-0.0001823706384316,0.01,0.02,-0.4173424425376572,-0.165373508750427,0.2798,0.0039,False,,No Episode,0
2015-07-29,1092.699951171875,0.52,1.77,-0.0032892653285676,0.01,0.02,-0.4070965311352604,-0.1816367362814741,0.2911,0.0113,False,,No Episode,0
2015-07-30,1088.4000244140625,0.51,1.77,-0.0039429025507038,-0.01,0.0,-0.3809702267066218,-0.1823726317932827,0.2916,0.0005,False,,No Episode,0
2015-07-31,1094.9000244140625,0.46,1.74,0.0059543068371228,-0.0499999999999999,-0.03,-0.3072505364430076,-0.3445579907197964,0.2605,-0.0311,False,,No Episode,0
2015-08-03,1089.4000244140625,0.46,1.7,-0.0050359488172295,0.0,-0.04,-0.1617268395150866,-0.335649468983104,0.2353,-0.0252,False,,No Episode,0
2015-08-04,1090.699951171875,0.52,1.71,0.001192538806868,0.06,0.01,-0.1508774151820092,-0.2387586157731404,0.2569,0.0216,False,,No Episode,0
2015-08-05,1085.699951171875,0.58,1.7,-0.0045947519030606,0.0599999999999999,-0.01,-0.2155819474320087,-0.2353256328978399,0.2785,0.0216,False,,No Episode,0
2015-08-06,1090.199951171875,0.56,1.67,0.0041362255780121,-0.0199999999999999,-0.03,-0.2349013253062838,-0.2489218886377384,0.2709,-0.0076,False,,No Episode,0
2015-08-07,1094.0999755859375,0.52,1.66,0.0035709643265038,-0.04,-0.01,-0.2312109871963693,-0.2694644891886434,0.2523,-0.0185999999999999,False,,No Episode,0
2015-08-10,1104.199951171875,0.55,1.69,0.009188961461124,0.03,0.03,-0.3234009568460468,-0.2643107041947602,0.2585,0.0061999999999999,False,,No Episode,0
2015-08-11,1107.5999755859375,0.49,1.66,0.0030744436249161,-0.06,-0.03,-0.2777989708995138,-0.2383982421586598,0.2247,-0.0338,False,,No Episode,0
2015-08-12,1123.199951171875,0.52,1.62,0.0139862205447158,0.03,-0.0399999999999998,-0.2568435831787992,-0.1660315236557949,0.2135,-0.0112,False,,No Episode,0
2015-08-13,1115.699951171875,0.57,1.62,-0.0066997439646439,0.0499999999999999,0.0,-0.3047116100986336,-0.1894503836536526,0.2322,0.0186999999999999,False,,No Episode,0
2015-08-14,1112.9000244140625,0.58,1.62,-0.0025127239178521,0.01,0.0,-0.2914381523183152,-0.2169111491928257,0.2437,0.0115,False,,No Episode,0
2015-08-17,1118.5999755859375,0.58,1.58,0.0051086386452192,0.0,-0.04,-0.1842283992474402,-0.1598447088668405,0.2327,-0.011,False,,No Episode,0
2015-08-18,1117.0999755859375,0.62,1.58,-0.0013418618399914,0.04,0.0,-0.0556186631008396,-0.2478349108234599,0.244,0.0113,False,,No Episode,0
2015-08-19,1128.0999755859375,0.55,1.57,0.0097987602471762,-0.0699999999999999,-0.01,0.198981622533485,-0.3092433619120706,0.2125,-0.0315,False,,No Episode,0
2015-08-20,1153.0,0.53,1.56,0.0218324612999385,-0.02,-0.01,0.3227195844162739,-0.3175272483802229,0.202,-0.0104999999999999,False,,No Episode,0
2015-08-21,1159.5999755859375,0.52,1.53,0.0057078557245757,-0.01,-0.03,0.2670748424773063,-0.3387146553793377,0.1808,-0.0212,False,,No Episode,0
2015-08-24,1153.4000244140625,0.52,1.49,-0.0053609736452839,0.0,-0.04,0.1724430875808385,-0.3344775272394571,0.1566,-0.0242,False,,No Episode,0
2015-08-25,1138.199951171875,0.59,1.53,-0.0132660990787529,0.0699999999999999,0.04,0.1857740768047805,-0.4029889827795854,0.1934,0.0368,False,,No Episode,0
2015-08-26,1124.5999755859375,0.65,1.53,-0.0120206291206041,0.06,0.0,0.2399384778788764,-0.4742640799226206,0.2216,0.0282,False,,No Episode,0
2015-08-27,1122.4000244140625,0.6,1.58,-0.001958123609083,-0.05,0.05,0.2874168661513069,-0.4526492167068913,0.2311,0.0095,False,,No Episode,0
2015-08-28,1133.0999755859375,0.58,1.61,0.0094879463003545,-0.02,0.03,0.3409598565335173,-0.4860627969107862,0.2408,0.0096999999999999,False,,No Episode,0
2015-08-31,1131.5999755859375,0.58,1.63,-0.0013246789876699,0.0,0.0199999999999997,0.3640176204569063,-0.4385006388073085,0.2484,0.0076,False,,No Episode,0
2015-09-01,1138.699951171875,0.6,1.57,0.0062546790833755,0.02,-0.0599999999999998,0.395099819678036,-0.4430168191114755,0.2343,-0.0141,False,,No Episode,0
2015-09-02,1132.5,0.64,1.56,-0.0054596395787811,0.04,-0.01,0.418734635641984,-0.4810855617144542,0.242,0.0076999999999999,False,,No Episode,0
2015-09-03,1123.699951171875,0.64,1.54,-0.0078008098963238,0.0,-0.02,0.3994456828321894,-0.4708088077951748,0.2356,-0.0063999999999999,False,,No Episode,0
2015-09-04,1120.5999755859375,0.62,1.51,-0.0027625341162806,-0.02,-0.03,0.3758332921453551,-0.4500189203970984,0.2201,-0.0155,False,,No Episode,0
2015-09-09,1102.199951171875,0.65,1.56,-0.0163776480279107,-0.02,0.03,0.2639725923908189,-0.3582885514433152,0.2397,0.0032,False,,No Episode,0
2015-09-10,1109.5,0.64,1.59,0.0066013252241177,-0.01,0.03,0.2141570627651912,-0.362688715079985,0.2505,0.0108,False,,No Episode,0
2015-09-11,1103.5,0.61,1.59,-0.005422516675857,-0.03,0.0,0.1499665216002527,-0.3426792395555951,0.2398,-0.0106999999999999,False,,No Episode,0
2015-09-14,1107.699951171875,0.62,1.56,0.0037988027454547,0.01,-0.03,0.0563399417205931,-0.3209724689449033,0.231,-0.0088,False,,No Episode,0
2015-09-15,1102.800048828125,0.72,1.56,-0.0044333050161045,0.0999999999999999,0.0,-0.1398252500987013,-0.3414826715541031,0.2674,0.0364,False,,No Episode,0
2015-09-16,1119.199951171875,0.73,1.57,0.0147616562974262,0.01,0.01,-0.2019894663336687,-0.3346109583451438,0.2836,0.0161999999999999,False,,No Episode,0
2015-09-17,1117.300048828125,0.63,1.58,-0.0016989964683835,-0.0999999999999999,0.01,-0.2371392392091738,-0.2584053762697033,0.251,-0.0326,False,,No Episode,0
2015-09-18,1138.0999755859375,0.58,1.55,0.0184450795810624,-0.05,-0.03,-0.3015684538513069,-0.3075046513506119,0.2245,-0.0264999999999999,False,,No Episode,0
2015-09-21,1133.0999755859375,0.66,1.54,-0.0044029659959816,0.08,-0.01,-0.3879373233019147,-0.323212220792771,0.2448,0.0202999999999999,False,,No Episode,0
2015-09-22,1125.0,0.63,1.51,-0.0071741822017443,-0.03,-0.03,-0.4460191652019741,-0.3179767902486919,0.2268,-0.0179999999999999,False,,No Episode,0
2015-09-23,1131.5999755859375,0.64,1.52,0.0058495032140744,0.01,0.01,-0.5686571246430383,-0.3120400836774206,0.2289,0.0020999999999999,False,,No Episode,0
2015-09-24,1153.800048828125,0.64,1.49,0.0194283462895938,0.0,-0.03,-0.5359906083916723,-0.3375055960833417,0.2192,-0.0096999999999999,False,,No Episode,0
2015-09-25,1146.0,0.71,1.46,-0.0067832668675036,0.0699999999999999,-0.03,-0.4487515182014528,-0.3435525042879643,0.233,0.0138,False,,No Episode,0
2015-09-28,1132.0,0.71,1.39,-0.0122916385115567,0.0,-0.07,-0.4453624044574468,-0.3278407304228003,0.2094,-0.0236,False,,No Episode,0
2015-09-29,1127.0999755859375,0.66,1.39,-0.0043380391760505,-0.0499999999999999,0.0,-0.4678402195000951,-0.2997410559110177,0.1805,-0.0289,False,,No Episode,0
2015-09-30,1115.5,0.65,1.41,-0.0103452057144908,-0.01,0.02,-0.4801239756150021,-0.2839793582416627,0.1762,-0.0042999999999999,False,,No Episode,0
2015-10-01,1114.199951171875,0.59,1.46,-0.0011661201093557,-0.06,0.05,-0.465222769708326,-0.232647516725584,0.1742,-0.002,False,,No Episode,0
2015-10-02,1137.0999755859375,0.51,1.48,0.0203445253969833,-0.0799999999999999,0.02,-0.4164965045356169,-0.3146748177297639,0.145,-0.0292,False,,No Episode,0
2015-10-05,1138.0999755859375,0.56,1.51,0.0008790436760319,0.05,0.03,-0.339477465587882,-0.3012900239050721,0.1634,0.0184,False,,No Episode,0
2015-10-06,1146.800048828125,0.53,1.52,0.0076153137506835,-0.03,0.01,-0.3088178037888098,-0.3152768269935093,0.1632,-0.0001999999999999,False,,No Episode,0
2015-10-07,1149.0,0.53,1.55,0.0019165012618254,0.0,0.03,-0.363940406536853,-0.2647031757787642,0.1741,0.0108999999999999,False,,No Episode,0
2015-10-08,1144.699951171875,0.54,1.58,-0.0037494475801524,0.01,0.03,-0.4031085533290828,-0.2203233411486839,0.1919,0.0177999999999999,False,,No Episode,0
2015-10-09,1156.300048828125,0.58,1.54,0.010082743094216,0.0399999999999999,-0.04,-0.4286674128112969,-0.1965881012569624,0.2,0.0081,False,,No Episode,0
2015-10-14,1180.0999755859375,0.5,1.49,0.0121915714483318,-0.04,-0.03,-0.5677417813516842,-0.2306854221454288,0.143,-0.0351,False,,No Episode,0
2015-10-15,1187.9000244140625,0.54,1.5,0.0065879029042088,0.04,0.01,-0.5917842889785504,-0.2195626673487453,0.1541,0.0110999999999999,False,,No Episode,0
2015-10-16,1183.5999755859375,0.56,1.48,-0.0036264419486808,0.02,-0.02,-0.600011288268502,-0.2087053570398579,0.1613,0.0072,False,,No Episode,0
2015-10-19,1173.300048828125,0.59,1.45,-0.0087402878534614,0.0299999999999999,-0.03,-0.589093672033744,-0.2301931506775061,0.161,-0.0002999999999999,False,,No Episode,0
2015-10-20,1178.0,0.6,1.48,0.0039977521658931,0.01,0.03,-0.5729516617713258,-0.2353806243974944,0.1786,0.0176,False,,No Episode,0
2015-10-21,1167.5999755859375,0.59,1.45,-0.0088677461411839,-0.01,-0.03,-0.5618358468123736,-0.2221050688300268,0.1696,-0.009,False,,No Episode,0
2015-10-22,1166.5999755859375,0.57,1.47,-0.0008568246783458,-0.02,0.02,-0.5597727537396988,-0.2587206585531003,0.1657,-0.0039,False,,No Episode,0
2015-10-23,1163.300048828125,0.58,1.51,-0.002832678595479,0.01,0.04,-0.556863141857539,-0.2602539938521608,0.1881,0.0224,False,,No Episode,0
2015-10-26,1167.0,0.59,1.48,0.0031755174900327,0.01,-0.03,-0.5760533670205262,-0.2803818027147371,0.1829,-0.0051999999999999,False,,No Episode,0
2015-10-27,1166.800048828125,0.57,1.48,-0.0001713524450943,-0.02,0.0,-0.5928703009526562,-0.2786037960710156,0.1685,-0.0143999999999999,False,,No Episode,0
2015-10-28,1177.0999755859375,0.63,1.47,0.0087887648361162,0.06,-0.01,-0.4915976546586987,-0.1985887763901429,0.1925,0.0239999999999999,False,,No Episode,0
2015-10-29,1147.199951171875,0.67,1.52,-0.0257296173950933,0.04,0.05,-0.4294921914464966,-0.2801039686979001,0.2235,0.031,False,,No Episode,0
2015-10-30,1141.5,0.63,1.53,-0.0049809613126345,-0.04,0.01,-0.4229362400670109,-0.3042918006998935,0.224,0.0005,False,,No Episode,0
2015-11-02,1135.800048828125,0.65,1.55,-0.0050058955364455,0.02,0.02,-0.4480598677884254,-0.252863062476665,0.2382,0.0141999999999999,False,,No Episode,0
2015-11-03,1114.199951171875,0.65,1.58,-0.0192006766701728,0.0,0.03,-0.4556324590584169,-0.2247731255273914,0.2549,0.0167,False,,No Episode,0
2015-11-04,1106.5,0.68,1.57,-0.0069347342721268,0.03,-0.01,-0.4963996942405286,-0.261728692880923,0.2718,0.0168999999999999,False,,No Episode,0
2015-11-05,1104.4000244140625,0.71,1.55,-0.001899657328928,0.0299999999999999,-0.02,-0.5476739263306653,-0.2691745659643028,0.2794,0.0075999999999999,False,,No Episode,0
2015-11-06,1087.5999755859375,0.75,1.59,-0.0153288118515098,0.04,0.04,-0.6342995811836116,-0.3195223522811509,0.3137,0.0343,False,,No Episode,0
2015-11-09,1087.9000244140625,0.76,1.6,0.0002758435578282,0.01,0.01,-0.7146752732556522,-0.3047300881351448,0.3241,0.0104,False,,No Episode,0
2015-11-10,1088.199951171875,0.77,1.55,0.0002756553127856,0.01,-0.05,-0.7596329997624071,-0.3115777790435742,0.3151,-0.009,False,,No Episode,0
2015-11-13,1080.800048828125,0.76,1.52,0.0,-0.02,-0.02,-0.8128684841793623,-0.3648446755265366,0.2979,-0.0169,False,,No Episode,0
2015-11-16,1083.699951171875,0.76,1.51,0.0026795140483333,0.0,-0.01,-0.8483227972757402,-0.3923118163429957,0.2854,-0.0125,False,,No Episode,0
2015-11-17,1068.699951171875,0.72,1.53,-0.0139381560305045,-0.04,0.02,-0.8766671776858522,-0.1247334934060209,0.2761,-0.0092999999999999,False,,No Episode,0
2015-11-18,1068.800048828125,0.71,1.56,9.365862579890916e-05,-0.01,0.03,-0.8816266462220018,-0.1531354047895922,0.285,0.0088999999999999,False,,No Episode,0
2015-11-19,1078.0,0.68,1.56,0.0085709030015648,-0.0299999999999999,0.0,-0.8841757992671146,-0.1572330721281355,0.2805,-0.0044999999999999,False,,No Episode,0
2015-11-20,1076.4000244140625,0.66,1.6,-0.0014853099349743,-0.02,0.04,-0.8771916434577124,-0.1552971639592799,0.2865,0.0059999999999999,False,,No Episode,0
2015-11-23,1066.800048828125,0.64,1.61,-0.008958603455464,-0.02,0.01,-0.8528552460835287,-0.1287129846186488,0.2801,-0.0063999999999999,False,,No Episode,0
2015-11-24,1074.300048828125,0.62,1.62,0.0070057730450994,-0.02,0.01,-0.8129239113640615,-0.2308314403301778,0.2675,-0.0126,False,,No Episode,0
2015-11-25,1070.5,0.62,1.61,-0.0035435030938657,0.0,-0.01,-0.7685884716057282,-0.1771207677462883,0.2604,-0.0070999999999999,False,,No Episode,0
2015-11-30,1065.800048828125,0.62,1.59,0.0090482216334386,0.0,-0.01,-0.6293011617008107,-0.1478419907981591,0.2441,-0.0078999999999999,False,,No Episode,0
2015-12-01,1063.800048828125,0.58,1.57,-0.0018782874683331,-0.04,-0.02,-0.5240710441326472,-0.1536501411619993,0.2158,-0.0283,False,,No Episode,0
2015-12-02,1054.199951171875,0.62,1.56,-0.0090653101045381,0.04,-0.01,-0.4558329288752296,-0.1611609004835266,0.2206,0.0047999999999999,False,,No Episode,0
2015-12-03,1061.699951171875,0.72,1.61,0.0070892119256154,0.0999999999999999,0.05,-0.4470105888645534,-0.0033173299327514,0.2704,0.0497999999999999,False,,No Episode,0
2015-12-04,1084.5,0.68,1.6,0.0212477002379136,-0.0399999999999999,-0.01,-0.4128538205710786,-0.1298687610372721,0.2659,-0.0044999999999999,False,,No Episode,0
2015-12-07,1076.4000244140625,0.67,1.56,-0.0074968887329616,-0.01,-0.04,-0.3521082285762527,-0.1183669475403115,0.2396,-0.0263,False,,No Episode,0
2015-12-08,1076.300048828125,0.68,1.56,-9.288389706618716e-05,0.01,0.0,-0.286978776550591,-0.1161727683623069,0.2311,-0.0085,False,,No Episode,0
2015-12-09,1077.5999755859375,0.69,1.53,0.0012070448032925,0.0099999999999998,-0.03,-0.2087487763806917,-0.118072044136507,0.2173,-0.0138,False,,No Episode,0
2015-12-10,1073.0999755859375,0.73,1.51,-0.0041846902580795,0.04,-0.02,-0.0777138374164373,-0.1157525561194431,0.2263,0.009,False,,No Episode,0
2015-12-11,1076.9000244140625,0.67,1.46,0.0035349328234071,-0.0599999999999999,-0.05,0.0361686353363074,-0.2360632970081388,0.1862,-0.0401,False,,No Episode,0
2015-12-14,1064.699951171875,0.78,1.45,-0.0113935425458855,0.1099999999999999,-0.01,0.0171959459213538,-0.2345260348694358,0.2146,0.0284,False,,No Episode,0
2015-12-15,1062.9000244140625,0.8,1.48,-0.0016919789508067,0.02,0.03,0.0775946689568573,-0.2512636264517622,0.2388,0.0242,False,,No Episode,0
2015-12-16,1078.0,0.84,1.46,0.0141064279601126,0.0399999999999999,-0.02,0.19218857642388,-0.1734920185352028,0.2625,0.0237,False,,No Episode,0
2015-12-17,1050.800048828125,0.77,1.47,-0.0255556471899858,-0.0699999999999999,0.01,0.2153041874694466,0.0005343118646952,0.2511,-0.0114,False,,No Episode,0
2015-12-18,1066.199951171875,0.73,1.46,0.0145490543133002,-0.04,-0.01,0.2670709282829815,-0.046779833046417,0.2329,-0.0181999999999999,False,,No Episode,0
2015-12-21,1081.9000244140625,0.75,1.45,0.0146178976671853,0.02,-0.01,0.3157870449330427,-0.0188231726641618,0.2243,-0.0085999999999999,False,,No Episode,0
2015-12-22,1074.800048828125,0.78,1.46,-0.0065841340881434,0.03,0.01,0.2975436543087116,0.0151155733015416,0.2411,0.0168,False,,No Episode,0
2015-12-23,1069.4000244140625,0.76,1.51,-0.0050368768269848,-0.02,0.05,0.2566738877737228,0.0224230134543016,0.2584,0.0173,False,,No Episode,0
2015-12-24,1077.199951171875,0.73,1.52,0.007267270264383,-0.03,0.01,0.2184752348378198,0.0022160932257367,0.2578,-0.0006,False,,No Episode,0
2015-12-29,1077.5,0.79,1.53,0.0065177139481651,0.05,0.03,0.1806113007891945,0.0307780920476555,0.28,0.0276,False,,No Episode,0
2015-12-30,1060.0999755859375,0.77,1.54,-0.0162803227288126,-0.02,0.01,0.0949092568055545,0.0554256893091128,0.2862,0.0061999999999999,False,,No Episode,0
2015-12-31,1060.300048828125,0.73,1.54,0.0001887127338973,-0.04,0.0,0.0793556068401178,0.0109049798165334,0.2776,-0.0085999999999999,False,,No Episode,0
2016-01-05,1078.4000244140625,0.69,1.56,0.0030648260146568,0.0,0.01,0.0786729169814973,-0.0129681928850509,0.2568,-0.003,False,,No Episode,0
2016-01-06,1091.9000244140625,0.65,1.53,0.0124408365820727,-0.0399999999999999,-0.03,0.020295858771547,-0.0523337490687597,0.226,-0.0307999999999999,False,,No Episode,0
2016-01-07,1107.699951171875,0.66,1.5,0.0143664290629779,0.01,-0.03,-0.072652116918235,-0.0567527406508925,0.2045,-0.0215,False,,No Episode,0
2016-01-08,1097.800048828125,0.65,1.48,-0.0089775278482973,-0.01,-0.02,-0.1230201201107758,-0.0389107354206235,0.1865,-0.0179999999999999,False,,No Episode,0
2016-01-11,1096.5,0.72,1.45,-0.001184932736006,0.0699999999999999,-0.03,-0.1190768875104619,-0.0475334121807813,0.1893,0.0027999999999999,False,,No Episode,0
2016-01-12,1085.5999755859375,0.69,1.43,-0.0099904818262874,-0.03,-0.02,-0.2095890581340389,-0.0248932835254475,0.1711,-0.0181999999999999,False,,No Episode,0
2016-01-13,1087.5,0.65,1.43,0.001748676931184,-0.0399999999999999,0.0,-0.2870556107940781,-0.0266454769930538,0.1485,-0.0226,False,,No Episode,0
2016-01-14,1073.9000244140625,0.67,1.43,-0.0125845793646499,0.02,0.0,-0.3934047025878717,-0.0501145479856252,0.1496,0.0011,False,,No Episode,0
2016-01-15,1091.5,0.67,1.36,0.0162559923918088,0.0,-0.0699999999999998,-0.5776352559773643,-0.0262529143054457,0.1267,-0.0229,False,,No Episode,0
2016-01-20,1107.0999755859375,0.69,1.32,0.0156579905176128,0.0099999999999998,-0.0599999999999998,-0.5837087773726141,-0.003153954541018,0.112,-0.0187999999999999,False,,No Episode,0
2016-01-21,1099.0999755859375,0.74,1.28,-0.0072523209510775,0.05,-0.04,-0.5547574163080577,-0.0412247688611508,0.1092,-0.0027999999999999,False,,No Episode,0
2016-01-22,1097.199951171875,0.72,1.35,-0.001730205301115,-0.02,0.07,-0.5535780978190208,-0.0363766472553285,0.1235,0.0142999999999999,False,,No Episode,0
2016-01-25,1106.199951171875,0.69,1.34,0.0081692388592005,-0.03,-0.01,-0.5658086680413197,-0.0537815815333289,0.1115,-0.0119999999999999,False,,No Episode,0
2016-01-26,1121.699951171875,0.65,1.36,0.0139146737005457,-0.0399999999999999,0.02,-0.6012542847720889,-0.0736238231864003,0.0988,-0.0127,False,,No Episode,0
2016-01-27,1116.0999755859375,0.62,1.4,-0.0050049043334805,-0.03,0.0399999999999998,-0.6668896252776986,-0.0515331248237847,0.0936,-0.0051999999999999,False,,No Episode,0
2016-01-28,1115.5999755859375,0.58,1.42,-0.000448088918139,-0.04,0.02,-0.692084895364508,0.0804027337019725,0.0811,-0.0124999999999999,False,,No Episode,0
2016-01-29,1116.4000244140625,0.53,1.41,0.0007168896616382,-0.0499999999999999,-0.01,-0.7023219358391151,0.0911531239425691,0.0528,-0.0283,False,,No Episode,0
2016-02-01,1127.9000244140625,0.57,1.4,0.0102482737607338,0.0399999999999999,-0.01,-0.7659503503872606,0.0747005757341678,0.0599,0.0071,False,,No Episode,0
2016-02-02,1127.300048828125,0.51,1.36,-0.0005320819267531,-0.0599999999999999,-0.0399999999999998,-0.7843280284386805,-0.0805206653488073,0.0187,-0.0412,False,,No Episode,0
2016-02-03,1141.300048828125,0.5,1.38,0.0123425699777452,-0.01,0.0199999999999997,-0.8226982178970106,-0.0417319557553128,0.0087,-0.01,False,,No Episode,0
2016-02-04,1157.5999755859375,0.51,1.36,0.014180868884579,0.01,-0.0199999999999997,-0.8465143799736581,-0.056686172351726,0.0043,-0.0043999999999999,False,,No Episode,0
2016-02-05,1157.800048828125,0.53,1.33,0.0001728195910644,0.02,-0.03,-0.8551674048792108,-0.026309963910272,0.0006,-0.0037,False,,No Episode,0
2016-02-08,1197.9000244140625,0.52,1.23,0.0340483492999057,-0.01,-0.1,-0.8333617401611235,-0.0375805177101778,-0.0424,-0.043,False,,No Episode,0
2016-02-09,1198.699951171875,0.53,1.21,0.0006675513608165,0.01,-0.02,-0.8234517913240097,-0.0348466826965141,-0.0544,-0.0119999999999999,False,,No Episode,0
2016-02-10,1194.699951171875,0.5,1.21,-0.0033425285262591,-0.03,0.0,-0.8319295270855005,-0.0026409541498991,-0.0642,-0.0097999999999999,False,,No Episode,0
2016-02-11,1247.9000244140625,0.45,1.18,0.0435670911253653,-0.0499999999999999,-0.03,-0.8516109083175083,-0.1465367956975058,-0.0906,-0.0264,False,,No Episode,0
2016-02-12,1239.0999755859375,0.49,1.25,-0.0070768681585402,0.0399999999999999,0.07,-0.8457521265177277,-0.2135794329325878,-0.056,0.0346,False,,No Episode,0
2016-02-17,1211.0999755859375,0.53,1.28,0.0026456825451974,0.0,0.03,-0.8319042820720908,-0.294344930278197,-0.0177,0.0187,False,,No Episode,0
2016-02-18,1226.0999755859375,0.51,1.24,0.0123093629579544,-0.02,-0.04,-0.8290517121177281,-0.3002077847967151,-0.0367,-0.019,False,,No Episode,0
2016-02-19,1230.4000244140625,0.5,1.26,0.0035009592673835,-0.01,0.02,-0.8327051629327881,-0.2852424830012012,-0.0349,0.0018,False,,No Episode,0
2016-02-22,1209.5,0.46,1.31,-0.0171322885436753,-0.0399999999999999,0.05,-0.8388182828187232,-0.2337819608111432,-0.033,0.0018999999999999,False,,No Episode,0
2016-02-23,1222.300048828125,0.42,1.32,0.010527318680876,-0.04,0.01,-0.8457822877620563,-0.2522053222103044,-0.044,-0.0109999999999999,False,,No Episode,0
2016-02-24,1238.699951171875,0.39,1.36,0.0133280334103487,-0.0299999999999999,0.04,-0.855264817202916,-0.2602573671003254,-0.0457,-0.0017,False,,No Episode,0
2016-02-25,1238.199951171875,0.32,1.39,-0.0004037304909401,-0.07,0.0299999999999998,-0.8491316777106913,-0.2500047457991419,-0.0658,-0.0201,False,,No Episode,0
2016-02-26,1219.800048828125,0.35,1.41,-0.0149717217583962,0.0299999999999999,0.02,-0.8429862528944022,-0.3024913473442547,-0.0427,0.0230999999999999,False,,No Episode,0
2016-02-29,1233.9000244140625,0.32,1.42,0.0114929537986121,-0.0299999999999999,0.01,-0.8391336634127574,-0.2824535863184767,-0.0465,-0.0037999999999999,False,,No Episode,0
2016-03-01,1230.300048828125,0.35,1.48,-0.0029218229364778,0.0299999999999999,0.06,-0.8351101899768937,-0.3103360142247002,-0.0103,0.0361999999999999,False,,No Episode,0
2016-03-02,1241.0999755859375,0.33,1.51,0.0087399817100601,-0.0199999999999999,0.03,-0.8309337921682258,-0.3064589675542206,0.0068,0.0171,False,,No Episode,0
2016-03-03,1257.4000244140625,0.3,1.53,0.0130480529011007,-0.03,0.02,-0.8312757719813945,-0.3402525487048108,0.0105,0.0037,False,,No Episode,0
2016-03-04,1269.9000244140625,0.37,1.51,0.0098920600549066,0.07,-0.02,-0.8207321427179154,-0.2411796998372753,0.0355,0.0249999999999999,False,,No Episode,0
2016-03-07,1263.199951171875,0.43,1.48,-0.0052900311330512,0.06,-0.03,-0.7903390114112672,-0.2774522236837236,0.0518,0.0163,False,,No Episode,0
2016-03-08,1262.0999755859375,0.37,1.46,-0.0008711643665364,-0.06,-0.02,-0.7718668782677418,-0.2469957602032171,0.0258,-0.026,False,,No Episode,0
2016-03-09,1256.5999755859375,0.39,1.51,-0.0043673393804049,0.02,0.05,-0.7525489257381293,-0.2445216443228413,0.0394,0.0135999999999999,False,,No Episode,0
2016-03-10,1272.0,0.45,1.48,0.0121808233598876,0.06,-0.03,-0.6983107454290931,-0.2121487238101304,0.0613,0.0219,False,,No Episode,0
2016-03-11,1258.699951171875,0.44,1.54,-0.0105110613951131,-0.01,0.06,-0.655649573498759,-0.2169624864586432,0.0824,0.0211,False,,No Episode,0
2016-03-14,1244.4000244140625,0.45,1.52,-0.0114258978623293,0.01,-0.02,-0.6370291700353721,-0.2402322357418583,0.0822,-0.0002,False,,No Episode,0
2016-03-15,1230.4000244140625,0.47,1.5,-0.0113141660488675,0.0199999999999999,-0.02,-0.5838424926806578,-0.2816207884358849,0.0823,0.0001,False,,No Episode,0
2016-03-16,1229.300048828125,0.36,1.58,-0.0008943982001952,-0.1099999999999999,0.08,-0.571023350445406,-0.2449291627936606,0.0607,-0.0216,False,,No Episode,0
2016-03-17,1264.5,0.34,1.57,0.0282318457164576,-0.0199999999999999,-0.01,-0.5921448775340471,-0.2522916289933118,0.0483,-0.0123999999999999,False,,No Episode,0
2016-03-18,1253.800048828125,0.27,1.61,-0.0084978083260427,-0.07,0.04,-0.5840081398074434,-0.2135559854231228,0.0333,-0.015,False,,No Episode,0
2016-03-21,1243.800048828125,0.28,1.64,-0.0080077298569731,0.01,0.0299999999999998,-0.5395993679819395,-0.2195137379650625,0.0455,0.0121999999999999,False,,No Episode,0
2016-03-22,1248.199951171875,0.31,1.63,0.0035312254541066,0.0299999999999999,-0.01,-0.5061485166984556,-0.2280122529475494,0.0607,0.0151999999999999,False,,No Episode,0
2016-03-23,1223.699951171875,0.3,1.58,-0.0198234582915279,-0.01,-0.0499999999999998,-0.3985342112599395,-0.2166799780113449,0.0393,-0.0213999999999999,False,,No Episode,0
2016-03-24,1221.4000244140625,0.34,1.57,-0.0018812543119599,0.04,-0.01,-0.3032430202437561,-0.2255835386814147,0.0442,0.0049,False,,No Episode,0
2016-03-29,1235.5999755859375,0.2,1.61,0.0127877541176957,-0.13,0.05,-0.2506943638219654,-0.2056822725031119,0.0039,-0.0329,False,,No Episode,0
2016-03-30,1226.9000244140625,0.18,1.65,-0.0070659795894343,-0.02,0.0399999999999998,-0.0884691154752529,-0.1359092189228293,0.0018,-0.0021,False,,No Episode,0
2016-03-31,1234.199951171875,0.16,1.62,0.0059322646282753,-0.0199999999999999,-0.0299999999999998,0.0478914065447242,-0.1400087142760482,-0.0181,-0.0199,False,,No Episode,0
2016-04-01,1222.199951171875,0.17,1.62,-0.0097704738145916,0.01,0.0,0.1707598082281015,-0.1484286348321082,-0.0155,0.0026,False,,No Episode,0
2016-04-04,1218.0,0.14,1.64,-0.0034423042399609,-0.03,0.0199999999999997,0.2885791694334473,-0.1446201914876495,-0.0242,-0.0087,False,,No Episode,0
2016-04-05,1228.4000244140625,0.14,1.59,0.0085023601715095,0.0,-0.0499999999999998,0.4273508957681272,-0.1776422040266139,-0.045,-0.0208,False,,No Episode,0
2016-04-06,1222.5,0.17,1.59,-0.0048145870923246,0.03,0.0,0.5137304105295587,-0.1711242243642876,-0.0377,0.0073,False,,No Episode,0
2016-04-07,1236.199951171875,0.12,1.58,0.0111441763775808,-0.05,-0.01,0.5059898187587815,-0.1831261108977711,-0.0616,-0.0239,False,,No Episode,0
2016-04-08,1242.5,0.14,1.58,0.0050833602441757,0.02,0.0,0.4795190044660101,-0.1790215068420531,-0.0605,0.0011,False,,No Episode,0
2016-04-11,1256.699951171875,0.17,1.56,0.0113637197960727,0.03,-0.02,0.4602517798170382,-0.1143235980950187,-0.0575,0.0029999999999999,False,,No Episode,0
2016-04-12,1259.4000244140625,0.22,1.57,0.0021462376732568,0.0499999999999999,0.01,0.4316178974030137,-0.0897323435701091,-0.0334,0.0241,False,,No Episode,0
2016-04-13,1246.800048828125,0.21,1.56,-0.0100551283841756,-0.01,-0.01,0.4428697702979586,-0.0760186598984484,-0.0318,0.0015999999999999,False,,No Episode,0
2016-04-14,1225.0,0.24,1.56,-0.0176394640771109,0.03,0.0,0.4503549341167417,-0.1039352570606446,-0.0191,0.0127,False,,No Episode,0
2016-04-15,1233.0999755859375,0.2,1.56,0.0065904600987263,-0.0399999999999999,0.0,0.4585720685938924,-0.0984948222316109,-0.0312,-0.0121,False,,No Episode,0
2016-04-18,1233.5999755859375,0.21,1.57,0.0004053999406048,0.0099999999999999,0.01,0.4415711031970897,-0.1620788061466552,-0.0261,0.0050999999999999,False,,No Episode,0
2016-04-19,1253.0,0.19,1.6,0.0156039718779101,-0.0199999999999999,0.03,0.3681951934455235,-0.1549399437576125,-0.0153,0.0108,False,,No Episode,0
2016-04-20,1253.199951171875,0.23,1.62,0.0001595652192118,0.04,0.02,0.3219730653977526,-0.1570224384701377,0.0112,0.0265,False,,No Episode,0
2016-04-21,1249.0,0.24,1.64,-0.0033570099897026,0.0099999999999999,0.0199999999999997,0.281612430994541,-0.1535574479469174,0.0259,0.0147,False,,No Episode,0
2016-04-22,1228.699951171875,0.25,1.64,-0.0163865709917168,0.01,0.0,0.1558029446980639,-0.2416710635371308,0.0384,0.0124999999999999,False,,No Episode,0
2016-04-25,1238.9000244140625,0.26,1.65,0.0082672486940733,0.01,0.01,0.0552023857640078,-0.2327647435797625,0.046,0.0076,False,,No Episode,0
2016-04-26,1242.199951171875,0.27,1.67,0.0026600529894871,0.01,0.02,0.0176466733900331,-0.2192834285405574,0.0597,0.0137,False,,No Episode,0
2016-04-27,1249.199951171875,0.19,1.68,0.0056193455039856,-0.08,0.01,0.0695225592502851,-0.219017293985696,0.0372,-0.0225,False,,No Episode,0
2016-04-28,1265.5,0.12,1.72,0.0129639936637717,-0.07,0.04,0.0097365889141681,-0.3003122381421944,0.0146,-0.0225999999999999,False,,No Episode,0
2016-04-29,1289.199951171875,0.12,1.71,0.0185545320813558,0.0,-0.01,-0.2573342032080954,-0.282435247195185,0.0066,-0.008,False,,No Episode,0
2016-05-02,1294.699951171875,0.2,1.68,0.0042571372842132,0.08,-0.03,-0.2638674289688179,-0.3047371166614243,0.023,0.0163999999999999,False,,No Episode,0
2016-05-03,1290.699951171875,0.17,1.64,-0.0030943013403375,-0.03,-0.04,-0.2951370602025505,-0.2870786773103831,0.0005,-0.0225,False,,No Episode,0
2016-05-04,1273.300048828125,0.16,1.63,-0.0135726750833224,-0.01,-0.01,-0.3483451765896057,-0.2805294554868029,-0.0112,-0.0117,False,,No Episode,0
2016-05-05,1271.4000244140625,0.13,1.63,-0.0014933192222761,-0.03,0.0,-0.3470166019870765,-0.3049300497446343,-0.0284,-0.0172,False,,No Episode,0
2016-05-06,1292.9000244140625,0.18,1.61,0.0167691014388751,0.0499999999999999,-0.0199999999999997,-0.2818126636208187,-0.2058022796709326,-0.0207,0.0077,False,,No Episode,0
2016-05-09,1265.5999755859375,0.18,1.59,-0.021341477420802,0.0,-0.02,-0.195840806101761,-0.1987911515420056,-0.0326,-0.0118999999999999,False,,No Episode,0
2016-05-10,1263.9000244140625,0.15,1.62,-0.0013441007533536,-0.03,0.03,-0.2036682013451583,-0.0962647180556107,-0.0347,-0.0021,False,,No Episode,0
2016-05-11,1274.5999755859375,0.14,1.59,0.0084301867563691,-0.0099999999999999,-0.03,-0.2385525632870543,-0.1167031000633401,-0.0421,-0.0073999999999999,False,,No Episode,0
2016-05-12,1270.300048828125,0.15,1.6,-0.003379253258223,0.0099999999999999,0.01,-0.2717050834193362,-0.1130539362704525,-0.0329,0.0092,False,,No Episode,0
2016-05-13,1271.9000244140625,0.13,1.58,0.0012587331847155,-0.0199999999999999,-0.02,-0.3171097375059966,-0.1037997754775274,-0.0464,-0.0134999999999999,False,,No Episode,0
2016-05-16,1273.4000244140625,0.15,1.6,0.0011786431028752,0.0199999999999999,0.02,-0.4088137464607814,-0.1191265923116341,-0.033,0.0133999999999999,False,,No Episode,0
2016-05-17,1276.199951171875,0.15,1.61,0.0021963664184188,0.0,0.01,-0.4862112705761391,-0.1199462264754791,-0.0252,0.0078,False,,No Episode,0
2016-05-18,1273.699951171875,0.26,1.61,-0.0019608619136297,0.11,0.0,-0.4602706779514323,-0.1212324444224493,0.0207,0.0458999999999999,False,,No Episode,0
2016-05-19,1254.199951171875,0.29,1.56,-0.0154281320828273,0.0299999999999999,-0.05,-0.5317117929618423,-0.109301450310071,0.0221,0.0014,False,,No Episode,0
2016-05-20,1252.4000244140625,0.29,1.56,-0.0014361502311572,0.0,0.0,-0.575620868811252,-0.1149868950881903,0.0176,-0.0045,False,,No Episode,0
2016-05-23,1251.0999755859375,0.3,1.54,-0.0010385851367962,0.01,-0.02,-0.5757223575168336,-0.1441681833261372,0.0102,-0.0074,False,,No Episode,0
2016-05-24,1228.9000244140625,0.31,1.55,-0.0179036646521266,0.01,0.01,-0.6183787073871985,-0.1607543131152906,0.0177,0.0075,False,,No Episode,0
2016-05-25,1223.5,0.29,1.58,-0.0044038762744236,-0.02,0.03,-0.651609085039659,-0.1650651266647304,0.0239,0.0062,False,,No Episode,0
2016-05-26,1220.0999755859375,0.25,1.58,-0.0027828013113238,-0.0399999999999999,0.0,-0.6553023988378324,-0.1180463433277428,0.0099,-0.014,False,,No Episode,0
2016-05-27,1213.800048828125,0.27,1.58,-0.0051768279421597,0.02,0.0,-0.6878843662137455,-0.102410620735903,0.0182,0.0083,False,,No Episode,0
2016-06-01,1211.9000244140625,0.31,1.54,-0.0023900982462468,0.01,0.0,-0.7535987906013405,-0.0681566535289591,0.0147,0.0046999999999999,False,,No Episode,0
2016-06-02,1209.800048828125,0.27,1.54,-0.0017342990864133,-0.0399999999999999,0.0,-0.7540813922075356,-0.0700898754840502,0.0023,-0.0124,False,,No Episode,0
2016-06-03,1240.0999755859375,0.19,1.52,0.0247369047882477,-0.08,-0.02,-0.7409738732103618,-0.2195754811196681,-0.0468,-0.0491,False,,No Episode,0
2016-06-06,1244.5999755859375,0.19,1.54,0.0036221716975717,0.0,0.02,-0.7304704282970698,-0.212537556723164,-0.0492,-0.0023999999999999,False,,No Episode,0
2016-06-07,1244.4000244140625,0.15,1.57,-0.0001606678765009,-0.04,0.03,-0.7012400059924426,-0.2194488932517889,-0.0554,-0.0061999999999999,False,,No Episode,0
2016-06-08,1259.800048828125,0.12,1.59,0.0122995113038353,-0.03,0.02,-0.686303326144387,-0.2411927859944325,-0.0588,-0.0034,False,,No Episode,0
2016-06-09,1270.199951171875,0.12,1.56,0.0082213129811243,0.0,-0.03,-0.6913855426477795,-0.2189727110382359,-0.0678,-0.009,False,,No Episode,0
2016-06-10,1273.4000244140625,0.12,1.52,0.0025161778276832,0.0,-0.04,-0.7000499775566978,-0.1564312162004755,-0.0874,-0.0196,False,,No Episode,0
2016-06-13,1284.4000244140625,0.15,1.47,0.0086011944682367,0.03,-0.05,-0.6915091374074748,-0.1371057615461695,-0.1038,-0.0163999999999999,False,,No Episode,0
2016-06-14,1285.5999755859375,0.17,1.45,0.0009338142093948,0.02,-0.02,-0.7176215562950292,-0.1842218065066377,-0.1071,-0.0032999999999999,False,,No Episode,0
2016-06-15,1285.800048828125,0.13,1.47,0.0001556142495848,-0.04,0.02,-0.7339923150770099,-0.1929343542874506,-0.1207,-0.0136,False,,No Episode,0
2016-06-16,1296.0999755859375,0.15,1.42,0.0079786059102868,0.0199999999999999,-0.05,-0.731768475119206,-0.1933263445629174,-0.1284,-0.0076999999999999,False,,No Episode,0
2016-06-17,1292.5,0.2,1.42,-0.0027814092101872,0.05,0.0,-0.7069657199625844,-0.2132173113285305,-0.1156,0.0127999999999999,False,,No Episode,0
2016-06-20,1290.0,0.24,1.43,-0.0019361090268663,0.0399999999999999,0.01,-0.6697689546071559,-0.3268850386424106,-0.0969,0.0186999999999999,False,,No Episode,0
2016-06-21,1270.5,0.28,1.43,-0.0152316945954993,0.04,0.0,-0.6343431321300174,-0.4117611304999984,-0.0775,0.0194,False,,No Episode,0
2016-06-22,1268.0,0.25,1.44,-0.0019696677630474,-0.03,0.01,-0.6221752119413226,-0.4090971849967749,-0.0785,-0.001,False,,No Episode,0
2016-06-23,1261.199951171875,0.24,1.5,-0.0053772460418741,-0.01,0.06,-0.6108194150879442,-0.3922375836989118,-0.0585,0.0199999999999999,False,,No Episode,0
2016-06-24,1320.0,0.15,1.42,0.0455681266251195,-0.09,-0.08,-0.6173929890684013,-0.5525934436662423,-0.1195,-0.0609999999999999,False,,No Episode,0
2016-06-27,1322.5,0.12,1.34,0.0018921481520379,-0.03,-0.0799999999999998,-0.6486220164567866,-0.55098387554338,-0.1732,-0.0537,False,,No Episode,0
2016-06-28,1315.300048828125,0.09,1.37,-0.0054590711345374,-0.03,0.03,-0.6820071173889679,-0.5316026010934984,-0.1884,-0.0152,False,,No Episode,0
2016-06-29,1323.9000244140625,0.1,1.4,0.0065171307867109,0.01,0.0299999999999998,-0.7089326638322138,-0.5244990980462327,-0.1773,0.0110999999999999,False,,No Episode,0
2016-06-30,1318.4000244140625,0.09,1.4,-0.0041630457114729,-0.01,0.0,-0.7455452780599359,-0.5806807284222911,-0.1822,-0.0048999999999999,False,,No Episode,0
2016-07-01,1336.699951171875,0.03,1.43,0.0137849547754136,-0.06,0.03,-0.7840835610729837,-0.5801403415206456,-0.1898,-0.0075999999999999,False,,No Episode,0
2016-07-06,1364.9000244140625,-0.05,1.43,0.0062470344985747,-0.02,0.03,-0.8579013097482401,-0.5976110167266026,-0.2295,-0.0051,False,,No Episode,0
2016-07-07,1360.0999755859375,-0.03,1.43,-0.0035229752607088,0.02,0.0,-0.8698503767021264,-0.6046699517831021,-0.2295,0.0,False,,No Episode,0
2016-07-08,1356.5999755859375,-0.06,1.43,-0.0025766569730398,-0.03,0.0,-0.873867783321472,-0.6008779141756189,-0.2364,-0.0068999999999999,False,,No Episode,0
2016-07-11,1355.0,0.01,1.42,-0.0011800972016695,0.0699999999999999,-0.01,-0.8782464780298288,-0.6083382356741673,-0.2165,0.0199,False,,No Episode,0
2016-07-12,1334.0999755859375,0.07,1.46,-0.0155445654290655,0.06,0.04,-0.8731416760858167,-0.6383780829908334,-0.1792,0.0373,False,,No Episode,0
2016-07-13,1342.4000244140625,0.03,1.45,0.0062021860150816,-0.04,-0.01,-0.8647434458430477,-0.6410942118255551,-0.1836,-0.0044,False,,No Episode,0
2016-07-14,1331.300048828125,0.08,1.45,-0.0083031297849203,0.05,0.0,-0.8455279978043079,-0.6536179862106958,-0.1682,0.0154,False,,No Episode,0
2016-07-15,1326.5,0.11,1.49,-0.0036120505371028,0.03,0.04,-0.8258139587976452,-0.6791821415710942,-0.1398,0.0283999999999999,False,,No Episode,0
2016-07-18,1328.4000244140625,0.1,1.49,0.0014313343033443,-0.0099999999999999,0.0,-0.8253208769923432,-0.6353755443313431,-0.1384,0.0014,False,,No Episode,0
2016-07-19,1331.5,0.12,1.44,0.0023308973728486,0.0199999999999999,-0.05,-0.8178427470086903,-0.6321588962714157,-0.1468,-0.0084,False,,No Episode,0
2016-07-20,1318.800048828125,0.13,1.46,-0.0095838570317496,0.01,0.02,-0.8421113638235093,-0.6475614214984312,-0.1365,0.0103,False,,No Episode,0
2016-07-21,1330.5,0.05,1.52,0.0088325421955062,-0.08,0.06,-0.8785497824581329,-0.6353704484369967,-0.1465,-0.0099999999999999,False,,No Episode,0
2016-07-22,1323.0999755859375,0.06,1.51,-0.0055773618215457,0.0099999999999999,-0.01,-0.9044068932025228,-0.6414345442082006,-0.1419,0.0045999999999999,False,,No Episode,0
2016-07-25,1319.300048828125,0.08,1.5,-0.0028761196958368,0.02,-0.01,-0.9308172849345736,-0.6439056824739587,-0.137,0.0048999999999999,False,,No Episode,0
2016-07-26,1320.699951171875,0.07,1.5,0.0010605321779992,-0.0099999999999999,0.0,-0.9351810466368262,-0.67378375272111,-0.1373,-0.0002999999999999,False,,No Episode,0
2016-07-27,1326.5999755859375,0.03,1.49,0.0044573976096105,-0.04,-0.01,-0.9316827808635588,-0.676882951789883,-0.1558,-0.0184999999999999,False,,No Episode,0
2016-07-28,1332.300048828125,0.0,1.52,0.0042875489276914,-0.03,0.03,-0.9383873432127916,-0.6888990780286943,-0.16,-0.0042,False,,No Episode,0
2016-07-29,1349.0,-0.03,1.49,0.0124567685920933,-0.03,-0.03,-0.9397776152319064,-0.714849662972988,-0.1857,-0.0257,False,,No Episode,0
2016-08-01,1351.4000244140625,0.05,1.46,0.0017775329760745,0.08,-0.03,-0.9300604771601574,-0.6685554662990708,-0.177,0.0087,False,,No Episode,0
2016-08-02,1364.4000244140625,0.11,1.44,0.0095736792542853,0.06,-0.02,-0.8709390917137572,-0.60370734956786,-0.1649,0.0121,False,,No Episode,0
2016-08-03,1356.0999755859375,0.09,1.46,-0.006101874347359,-0.02,0.02,-0.8123192828902889,-0.5679484172575295,-0.1635,0.0013999999999999,False,,No Episode,0
2016-08-04,1358.800048828125,0.04,1.47,0.0019890781304123,-0.0499999999999999,0.01,-0.7503436601877477,-0.5688509601625924,-0.1754,-0.0118999999999999,False,,No Episode,0
2016-08-05,1336.4000244140625,0.09,1.5,-0.0166225434700386,0.0499999999999999,0.03,-0.6351641634139158,-0.6044241238333116,-0.1419,0.0335,False,,No Episode,0
2016-08-08,1333.4000244140625,0.08,1.51,-0.002247360257539,-0.0099999999999999,0.01,-0.6161386191860186,-0.5333006881073343,-0.1346,0.0073,False,,No Episode,0
2016-08-09,1339.0,0.06,1.49,0.0041909771975809,-0.02,-0.02,-0.5996784825221356,-0.5365920664587941,-0.148,-0.0133999999999999,False,,No Episode,0
2016-08-10,1344.300048828125,0.06,1.44,0.0039504010913766,0.0,-0.05,-0.5868378252680893,-0.5628660917261887,-0.165,-0.017,False,,No Episode,0
2016-08-11,1342.5,0.1,1.47,-0.0013399203995287,0.04,0.03,-0.5564496178146635,-0.5745377491537234,-0.14,0.0249999999999999,False,,No Episode,0
2016-08-12,1335.800048828125,0.07,1.44,-0.005003147538015,-0.03,-0.03,-0.5459362927552427,-0.5562839833646116,-0.1546,-0.0145999999999999,False,,No Episode,0
2016-08-15,1340.300048828125,0.1,1.45,0.0033631060701884,0.03,0.01,-0.5437710192727256,-0.4983458735924189,-0.1467,0.0078999999999999,False,,No Episode,0
2016-08-16,1350.5,0.13,1.44,0.0075813883174769,0.03,-0.01,-0.4540422695027831,-0.4019570124435804,-0.1327,0.0139999999999999,False,,No Episode,0
2016-08-17,1342.699951171875,0.09,1.47,-0.0057924185196336,-0.04,0.03,-0.3626537252572769,-0.3467006401748957,-0.1372,-0.0044999999999999,False,,No Episode,0
2016-08-18,1351.199951171875,0.06,1.47,0.0063105746436935,-0.03,0.0,-0.2840347958445609,-0.3606434358998029,-0.1499,-0.0127,False,,No Episode,0
2016-08-19,1340.4000244140625,0.1,1.48,-0.0080249552795628,0.04,0.01,-0.1702904043969195,-0.3957930713541277,-0.13,0.0199,False,,No Episode,0
2016-08-22,1337.699951171875,0.08,1.47,-0.0020164102771786,-0.02,-0.01,-0.1004233282312824,-0.4011582634875227,-0.1384,-0.0083999999999999,False,,No Episode,0
2016-08-23,1340.5999755859375,0.07,1.48,0.002165571912573,-0.0099999999999999,0.01,-0.102477936864403,-0.3304214674684197,-0.1411,-0.0027,False,,No Episode,0
2016-08-24,1324.4000244140625,0.08,1.48,-0.0121577116054156,0.0099999999999999,0.0,-0.0928492164846216,-0.302898565102268,-0.1429,-0.0017999999999999,False,,No Episode,0
2016-08-25,1320.0999755859375,0.09,1.49,-0.0032520723145328,0.0099999999999999,0.01,-0.1074858936983917,-0.2659521196808782,-0.1357,0.0072,False,,No Episode,0
2016-08-26,1321.5,0.15,1.47,0.0010599822517303,0.06,-0.02,-0.1586075448935529,-0.2332581240675834,-0.1105,0.0251999999999999,False,,No Episode,0
2016-08-29,1322.9000244140625,0.11,1.46,0.0010588598789471,-0.0399999999999999,-0.01,-0.1746314121840921,-0.233310965538797,-0.1271,-0.0165999999999999,False,,No Episode,0
2016-08-30,1311.699951171875,0.11,1.46,-0.0085023463272619,0.0,0.0,-0.2072447454315366,-0.2363020948039672,-0.1297,-0.0026,False,,No Episode,0
2016-08-31,1306.9000244140625,0.11,1.47,-0.0036660293121428,0.0,0.01,-0.2050868766405084,-0.2301869133864593,-0.1271,0.0026,False,,No Episode,0
2016-09-01,1312.199951171875,0.12,1.45,0.0040471414160041,0.0099999999999999,-0.02,-0.265140891689598,-0.1342273372703313,-0.1296,-0.0025,False,,No Episode,0
2016-09-02,1322.0999755859375,0.13,1.47,0.0075162823500365,0.01,0.02,-0.3128000417207623,-0.1168717808101093,-0.1189,0.0106999999999999,False,,No Episode,0
2016-09-07,1344.300048828125,0.03,1.51,-0.0037865995033081,-0.03,0.02,-0.3599728902408706,-0.2468087960547362,-0.153,-0.0113999999999999,False,,No Episode,0
2016-09-08,1336.800048828125,0.09,1.52,-0.0055947329752399,0.06,0.01,-0.4068946139488501,-0.2632785289123044,-0.1286,0.0244,False,,No Episode,0
2016-09-09,1330.0999755859375,0.17,1.5,-0.0050246258031165,0.08,-0.02,-0.4687724480744952,-0.2774309186857851,-0.1028,0.0257999999999999,False,,No Episode,0
2016-09-12,1321.0,0.17,1.51,-0.006865083481867,0.0,0.01,-0.5018397924792393,-0.2315731602030498,-0.1035,-0.0006999999999999,False,,No Episode,0
2016-09-13,1319.0,0.24,1.49,-0.0015151518050107,0.0699999999999999,-0.02,-0.4968775232539896,-0.2644001187891485,-0.0803,0.0232,False,,No Episode,0
2016-09-14,1321.5,0.21,1.49,0.0018935813270291,-0.03,0.0,-0.5678802932075748,-0.3677426911697872,-0.0869,-0.0066,False,,No Episode,0
2016-09-15,1313.5,0.22,1.49,-0.0060721249187487,0.01,0.0,-0.6192779039125209,-0.3898613321650426,-0.0838,0.0031,False,,No Episode,0
2016-09-16,1305.800048828125,0.19,1.51,-0.0058794129797981,-0.03,0.02,-0.6257379889933616,-0.3522167771646519,-0.0803,0.0035,False,,No Episode,0
2016-09-19,1313.5,0.2,1.5,0.0058794129797981,0.01,-0.01,-0.6465417984620155,-0.2787347505112862,-0.0776,0.0026999999999999,False,,No Episode,0
2016-09-20,1313.699951171875,0.2,1.49,0.0001522161814682,0.0,-0.01,-0.664921976456381,-0.283560965334771,-0.0804,-0.0027999999999999,False,,No Episode,0
2016-09-21,1326.9000244140625,0.15,1.51,0.0099978666346514,-0.05,0.02,-0.6567015882551104,-0.3280247206528597,-0.0827,-0.0022999999999999,False,,No Episode,0
2016-09-22,1340.4000244140625,0.08,1.55,0.0101226821354529,-0.0699999999999999,0.04,-0.6490642274271106,-0.391069641072022,-0.0885,-0.0058,False,,No Episode,0
2016-09-23,1337.199951171875,0.05,1.57,-0.0023902560464241,-0.03,0.02,-0.6528952337242634,-0.379146787652038,-0.0931,-0.0046,False,,No Episode,0
2016-09-26,1339.699951171875,0.05,1.54,0.0018678328051375,0.0,-0.03,-0.658812168629109,-0.4039941177418816,-0.1102,-0.0171,False,,No Episode,0
2016-09-27,1325.9000244140625,0.04,1.52,-0.0103541793020074,-0.01,-0.02,-0.6274563850070923,-0.3980816454029326,-0.1259,-0.0157,False,,No Episode,0
2016-09-28,1319.4000244140625,0.01,1.56,-0.0049143862411904,-0.03,0.04,-0.5963862587570723,-0.425917399456886,-0.1292,-0.0032999999999999,False,,No Episode,0
2016-09-29,1321.699951171875,0.02,1.54,0.0017416435276524,0.01,-0.02,-0.5526922396892607,-0.4560595982025124,-0.1354,-0.0061999999999999,False,,No Episode,0
2016-09-30,1313.300048828125,0.0,1.6,-0.0063756590495032,-0.02,0.06,-0.4439564325756179,-0.4219551187519182,-0.1248,0.0105999999999999,False,,No Episode,0
2016-10-03,1309.0,0.0,1.63,-0.0032796038609319,0.0,0.0299999999999998,-0.3480020178507215,-0.3974974505158506,-0.1135,0.0112999999999999,False,,No Episode,0
2016-10-04,1266.300048828125,0.07,1.62,-0.0331641858936562,0.07,-0.0099999999999997,-0.1841755334246735,-0.5109876362081349,-0.0916,0.0219,False,,No Episode,0
2016-10-05,1265.199951171875,0.1,1.62,-0.0008691271779577,0.03,0.0,-0.125511023494615,-0.5010497883235839,-0.0722,0.0194,False,,No Episode,0
2016-10-06,1249.800048828125,0.11,1.64,-0.0122465962745543,0.0099999999999999,0.0199999999999997,-0.1013223768372213,-0.5009342204704649,-0.0527,0.0195,False,,No Episode,0
2016-10-07,1248.9000244140625,0.1,1.63,-0.0007203941462403,-0.0099999999999999,-0.01,-0.0745190495310479,-0.500811038015844,-0.0558,-0.0031,False,,No Episode,0
2016-10-12,1251.0999755859375,0.15,1.64,-0.001517531086792,0.0199999999999999,0.0,-0.1302833944699018,-0.5133722320757907,-0.0377,0.0059,False,,No Episode,0
2016-10-13,1255.0,0.12,1.63,0.0031124277566076,-0.03,-0.01,-0.1315777480558953,-0.5256022050513157,-0.0449,-0.0072,False,,No Episode,0
2016-10-14,1253.0999755859375,0.13,1.67,-0.0015151108775768,0.01,0.04,-0.1406301163333911,-0.5257720026580911,-0.0337,0.0112,False,,No Episode,0
2016-10-17,1254.4000244140625,0.09,1.68,0.0010369283705768,-0.04,0.01,-0.1208535108607948,-0.5348353970386094,-0.0428,-0.0090999999999999,False,,No Episode,0
2016-10-18,1260.800048828125,0.09,1.66,0.0050890887726211,0.0,-0.02,-0.1121438580465102,-0.5496030226867125,-0.0524,-0.0096,False,,No Episode,0
2016-10-19,1267.9000244140625,0.08,1.68,0.0056155289579082,-0.0099999999999999,0.02,-0.0659382854728439,-0.4714488659745299,-0.0536,-0.0011999999999999,False,,No Episode,0
2016-10-20,1265.5999755859375,0.08,1.68,-0.0018157090665287,0.0,0.0,0.0028081190795344,-0.4847108905621254,-0.0524,0.0011999999999999,False,,No Episode,0
2016-10-21,1265.9000244140625,0.07,1.67,0.0002370522058301,-0.0099999999999999,-0.01,0.034496187771259,-0.4851190057569867,-0.055,-0.0025999999999999,False,,No Episode,0
2016-10-24,1262.0,0.11,1.66,-0.0030855868275567,0.0399999999999999,-0.01,0.0004140021514522,-0.4974933151583441,-0.0462,0.0088,False,,No Episode,0
2016-10-25,1271.9000244140625,0.07,1.7,0.0078141005512346,-0.0399999999999999,0.04,-0.0179772468448429,-0.5229142846999267,-0.0464,-0.0001999999999999,False,,No Episode,0
2016-10-26,1264.800048828125,0.08,1.71,-0.0055978191517196,0.0099999999999999,0.01,-0.0794782353220296,-0.581437917818454,-0.035,0.0113999999999999,False,,No Episode,0
2016-10-27,1267.9000244140625,0.13,1.72,0.0024479622887403,0.05,0.01,-0.165486164605985,-0.5145747160396661,-0.0102,0.0248,False,,No Episode,0
2016-10-28,1275.5,0.13,1.73,0.005976250792453,0.0,0.01,-0.2563101914433576,-0.5007571404080118,-0.0031,0.0071,False,,No Episode,0
2016-10-31,1271.5,0.11,1.73,-0.0031409527196926,-0.02,0.0,-0.3206966441100776,-0.5213379261917125,-0.0099,-0.0068,False,,No Episode,0
2016-11-01,1286.4000244140625,0.11,1.72,0.0116503325411212,0.0,-0.01,-0.4297954336698933,-0.5153567426122595,-0.017,-0.0071,False,,No Episode,0
2016-11-02,1306.800048828125,0.11,1.7,0.0157337996882693,0.0,-0.02,-0.5580220453958132,-0.4787287203122475,-0.0324,-0.0153999999999999,False,,No Episode,0
2016-11-03,1302.0999755859375,0.14,1.68,-0.0036031111066421,0.03,-0.02,-0.6304542919213075,-0.4475365529857938,-0.0337,-0.0013,False,,No Episode,0
2016-11-04,1303.300048828125,0.11,1.68,0.0009212200167434,-0.03,0.0,-0.6403347617214791,-0.3929688348730563,-0.0468,-0.0131,False,,No Episode,0
2016-11-07,1278.300048828125,0.12,1.71,-0.0193684386299866,0.0099999999999999,0.03,-0.6268293951675615,-0.4011554432007174,-0.0337,0.0131,False,,No Episode,0
2016-11-08,1273.4000244140625,0.15,1.73,-0.0038406006164111,0.03,0.02,-0.6063331943765737,-0.4018072843035821,-0.0132,0.0205,False,,No Episode,0
2016-11-09,1272.5999755859375,0.25,1.82,-0.0006284751409726,0.1,0.09,-0.485980043927424,-0.3472181966049043,0.0633,0.0765,False,,No Episode,0
2016-11-10,1265.5,0.27,1.88,-0.0055947316291167,0.02,0.0599999999999998,-0.3840919956082118,-0.3778816045898615,0.1131,0.0498,False,,No Episode,0
2016-11-15,1224.0,0.41,1.82,0.0022902421952748,0.0099999999999999,-0.01,-0.5591931085987248,-0.6058767723533194,0.1809,0.0216,False,,No Episode,0
2016-11-16,1223.4000244140625,0.39,1.83,-0.0004902963078956,-0.0199999999999999,0.01,-0.5932951147843399,-0.6050021146415858,0.1884,0.0075,False,,No Episode,0
2016-11-17,1216.5,0.42,1.87,-0.0056560045407989,0.0299999999999999,0.04,-0.6681918250825257,-0.5633421263483653,0.2172,0.0287999999999999,False,,No Episode,0
2016-11-18,1208.5,0.44,1.9,-0.0065979620800389,0.02,0.0299999999999998,-0.7271066907984145,-0.567857187219802,0.2498,0.0325999999999999,False,,No Episode,0
2016-11-21,1209.5999755859375,0.42,1.91,0.0009097850981474,-0.02,0.01,-0.7748200768215203,-0.5823746770612788,0.2551,0.0052999999999999,False,,No Episode,0
2016-11-22,1211.0,0.41,1.9,0.0011567583114064,-0.01,-0.01,-0.8131158139334637,-0.5857245305829171,0.2507,-0.0044,False,,No Episode,0
2016-11-23,1189.0999755859375,0.44,1.92,-0.0182497666411061,0.03,0.02,-0.839997872857678,-0.5972982831756218,0.2686,0.0179,False,,No Episode,0
2016-11-28,1190.5999755859375,0.47,1.85,0.0104695525690079,0.0,-0.0399999999999998,-0.8800425899560633,-0.5950001905767912,0.2618,-0.0128,False,,No Episode,0
2016-11-29,1187.9000244140625,0.44,1.86,-0.0022702983658282,-0.0299999999999999,0.01,-0.891804407207586,-0.5803568691720693,0.2523,-0.0094999999999999,False,,No Episode,0
2016-11-30,1170.800048828125,0.43,1.94,-0.0144997453251276,-0.01,0.0799999999999998,-0.8993236671462603,-0.5425428233678404,0.2725,0.0201999999999999,False,,No Episode,0
2016-12-01,1166.9000244140625,0.48,1.97,-0.003336636788437,0.0499999999999999,0.03,-0.9094061546604374,-0.5332333288409615,0.3092,0.0366999999999999,False,,No Episode,0
2016-12-02,1175.0999755859375,0.49,1.91,0.0070025488295213,0.01,-0.06,-0.9177187735272012,-0.5197314552518927,0.2985,-0.0106999999999999,False,,No Episode,0
2016-12-05,1174.0,0.45,1.94,-0.0009365081756955,-0.0399999999999999,0.03,-0.9232418586582058,-0.5093999465528202,0.2932,-0.0052999999999999,False,,No Episode,0
2016-12-06,1167.5999755859375,0.44,1.95,-0.0054663823176941,-0.01,0.01,-0.9274556561437856,-0.4978045075845722,0.2903,-0.0029,False,,No Episode,0
2016-12-07,1175.0,0.42,1.92,0.0063178085079114,-0.02,-0.03,-0.9295552172115796,-0.5138122836227872,0.2707,-0.0196,False,,No Episode,0
2016-12-08,1169.800048828125,0.45,1.95,-0.0044353118287592,0.03,0.03,-0.9340269366557936,-0.4912005515657721,0.285,0.0142999999999999,False,,No Episode,0
2016-12-09,1159.4000244140625,0.51,1.96,-0.0089301847863705,0.06,0.01,-0.9454547148034932,-0.5023829437853694,0.3122,0.0272,False,,No Episode,0
2016-12-12,1163.5,0.51,1.98,0.003530052779217,0.0,0.02,-0.9493867907822472,-0.534314485327587,0.3211,0.0089,False,,No Episode,0
2016-12-13,1156.699951171875,0.53,1.95,-0.0058616226542929,0.02,-0.03,-0.9512198065959482,-0.5327968511885811,0.3239,0.0028,False,,No Episode,0
2016-12-14,1161.300048828125,0.6,1.94,0.0039690282097479,0.0699999999999999,-0.01,-0.9528495618389596,-0.4810043896577879,0.3565,0.0325999999999999,False,,No Episode,0
2016-12-15,1127.800048828125,0.7,1.9,-0.0292712336297,0.0999999999999999,-0.04,-0.952053326634722,-0.5623690680144552,0.3919,0.0354,False,,No Episode,0
2016-12-16,1135.300048828125,0.74,1.86,0.0066281005113921,0.04,-0.0399999999999998,-0.9390710118424758,-0.5361582657129772,0.3994,0.0074999999999999,False,,No Episode,0
2016-12-19,1140.5,0.68,1.86,0.0045697865449492,-0.0599999999999999,0.0,-0.9324650639621248,-0.554167454105393,0.3796,-0.0197999999999999,False,,No Episode,0
2016-12-20,1131.5,0.67,1.9,-0.0079225766508512,-0.01,0.0399999999999998,-0.923815977564778,-0.535805792911098,0.3845,0.0049,False,,No Episode,0
2016-12-21,1131.0999755859375,0.64,1.91,-0.0003535971206103,-0.03,0.01,-0.9153389894712384,-0.5678925618043157,0.3783,-0.0061999999999999,False,,No Episode,0
2016-12-22,1128.800048828125,0.6,1.95,-0.0020354241577118,-0.04,0.04,-0.8994833009777905,-0.5617059763012896,0.3802,0.0018999999999999,False,,No Episode,0
2016-12-23,1131.9000244140625,0.58,1.97,0.0027424934122031,-0.02,0.02,-0.881584512473495,-0.6340274133648615,0.3791,-0.0010999999999999,False,,No Episode,0
2016-12-28,1139.4000244140625,0.56,1.95,0.001844754349646,-0.0199999999999999,-0.04,-0.8548219349451375,-0.4691912678380143,0.3689,-0.0188999999999999,False,,No Episode,0
2016-12-29,1156.4000244140625,0.55,1.94,0.0148099227809002,-0.01,-0.01,-0.8558232237519705,-0.4693033987276277,0.3509,-0.018,False,,No Episode,0
2016-12-30,1150.0,0.5,1.95,-0.0055498098970208,-0.05,0.01,-0.839979803011907,-0.4300370915807084,0.3322,-0.0186999999999999,False,,No Episode,0
2017-01-04,1163.800048828125,0.47,1.99,0.0029257608917383,0.0,0.01,-0.8371960074574998,-0.4377419456994419,0.3224,-0.0010999999999999,False,,No Episode,0
2017-01-05,1179.699951171875,0.42,1.95,0.0135695722791675,-0.0499999999999999,-0.04,-0.8445544611025797,-0.4759486077321994,0.2894,-0.033,False,,No Episode,0
2017-01-06,1171.9000244140625,0.46,1.96,-0.0066337433600605,0.04,0.01,-0.8537020269555498,-0.4843882464811179,0.3016,0.0121999999999999,False,,No Episode,0
2017-01-09,1183.5,0.43,1.95,0.0098497658565932,-0.03,-0.01,-0.8581713813683304,-0.4846769111709852,0.2884,-0.0131999999999999,False,,No Episode,0
2017-01-10,1184.199951171875,0.43,1.95,0.0005912499106308,0.0,0.0,-0.8630935697922697,-0.470226041634475,0.2851,-0.0032999999999999,False,,No Episode,0
2017-01-11,1195.5999755859375,0.39,1.99,0.0095807311251885,-0.0399999999999999,0.04,-0.8843389123089463,-0.5020064448831348,0.2815,-0.0036,False,,No Episode,0
2017-01-12,1198.9000244140625,0.38,1.98,0.0027563590874688,-0.01,-0.01,-0.89211384470909,-0.5149528765917194,0.2746,-0.0068999999999999,False,,No Episode,0
2017-01-13,1195.300048828125,0.41,1.99,-0.0030072493432919,0.0299999999999999,0.01,-0.8942435118952791,-0.560179484336534,0.2857,0.0110999999999999,False,,No Episode,0
2017-01-18,1211.300048828125,0.42,2.0,-0.0005776842959903,0.06,0.03,-0.8868433052913555,-0.5818576372395359,0.2903,0.031,False,,No Episode,0
2017-01-19,1200.9000244140625,0.43,2.04,-0.0086229073368269,0.01,0.04,-0.8836274883231677,-0.5963986243696031,0.3172,0.0268999999999999,False,,No Episode,0
2017-01-20,1204.300048828125,0.44,2.04,0.0028272298148097,0.01,0.0,-0.8819741714614348,-0.6052541765821302,0.3241,0.0069,False,,No Episode,0
2017-01-23,1215.0,0.39,2.02,0.0088455509633966,-0.0499999999999999,-0.02,-0.8873152151681993,-0.6147938689785453,0.2972,-0.0268999999999999,False,,No Episode,0
2017-01-24,1210.300048828125,0.41,2.06,-0.0038757736862713,0.0199999999999999,0.04,-0.8912384550552932,-0.6124772813759953,0.3174,0.0201999999999999,False,,No Episode,0
2017-01-25,1197.300048828125,0.45,2.08,-0.0107992405837169,0.04,0.02,-0.8916209916838863,-0.6086386262701189,0.3449,0.0274999999999999,False,,No Episode,0
2017-01-26,1189.5,0.43,2.08,-0.0065360117616481,-0.02,0.0,-0.8937070289920762,-0.5883021832793277,0.3441,-0.0007999999999999,False,,No Episode,0
2017-01-27,1188.0999755859375,0.41,2.08,-0.0011776788275987,-0.02,0.0,-0.8946262534247134,-0.576800627127222,0.3368,-0.0073,False,,No Episode,0
2017-01-30,1193.199951171875,0.42,2.07,0.0042833608031838,0.01,-0.0100000000000002,-0.900997799681957,-0.6325114692382404,0.334,-0.0027999999999999,False,,No Episode,0
2017-01-31,1208.5999755859375,0.4,2.05,0.0128239120085771,-0.0199999999999999,-0.02,-0.8957672819030612,-0.4449372976773107,0.317,-0.017,False,,No Episode,0
2017-02-01,1205.5999755859375,0.43,2.05,-0.002485296665438,0.0299999999999999,0.0,-0.9090015354554792,-0.5155061123786208,0.3243,0.0072999999999999,False,,No Episode,0
2017-02-02,1216.699951171875,0.43,2.05,0.0091648876000602,0.0,0.0,-0.9107891422040124,-0.5015141086564405,0.3217,-0.0025999999999999,False,,No Episode,0
2017-02-03,1218.5,0.44,2.05,0.0014783584034638,0.01,0.0,-0.8963861890991575,-0.5220091224623633,0.3256,0.0039,False,,No Episode,0
2017-02-06,1230.0,0.4,2.02,0.0093935753012024,-0.0399999999999999,-0.0299999999999998,-0.8833181710040995,-0.555719589014573,0.2965,-0.0291,False,,No Episode,0
2017-02-07,1234.199951171875,0.4,2.0,0.0034087779579321,0.0,-0.02,-0.8550116672980047,-0.5973825413578181,0.2801,-0.0163999999999999,False,,No Episode,0
2017-02-08,1237.5999755859375,0.38,1.96,0.0027510532075201,-0.02,-0.04,-0.8305253665207412,-0.597402234054933,0.2597,-0.0204,False,,No Episode,0
2017-02-09,1235.0999755859375,0.41,1.99,-0.0020220818548182,0.0299999999999999,0.03,-0.7840552223562021,-0.6090883228833953,0.2791,0.0194,False,,No Episode,0
2017-02-10,1234.4000244140625,0.4,2.01,-0.0005668768500655,-0.0099999999999999,0.0199999999999997,-0.729334474755695,-0.6088557227501792,0.2875,0.0083999999999999,False,,No Episode,0
2017-02-13,1224.4000244140625,0.43,2.0,-0.0081340938161611,0.0299999999999999,-0.0099999999999997,-0.6789917959328696,-0.6526879888466763,0.2988,0.0113,False,,No Episode,0
2017-02-14,1223.9000244140625,0.46,2.01,-0.0004084466748182,0.03,0.0099999999999997,-0.5128711591170694,-0.7515994338424843,0.3214,0.0226,False,,No Episode,0
2017-02-15,1231.699951171875,0.45,2.06,0.0063527879685141,-0.01,0.0500000000000002,-0.3596273978368912,-0.743293558074443,0.3403,0.0188999999999999,False,,No Episode,0
2017-02-16,1240.0,0.43,2.02,0.0067160902945166,-0.02,-0.04,-0.2063637085791264,-0.7474570987893691,0.3214,-0.0188999999999999,False,,No Episode,0
2017-02-17,1237.5999755859375,0.41,2.01,-0.0019373790671677,-0.02,-0.0100000000000002,-0.2188017938002447,-0.6974575001376214,0.3056,-0.0158,False,,No Episode,0
2017-02-22,1232.0,0.38,2.04,-0.0044543503493805,-0.02,0.0100000000000002,-0.1467140890207246,-0.6203324542565005,0.297,-0.0044,False,,No Episode,0
2017-02-23,1250.199951171875,0.35,2.03,0.0146646343479952,-0.03,-0.0100000000000002,-0.2499965195932255,-0.6352739760013206,0.2805,-0.0164999999999999,False,,No Episode,0
2017-02-24,1256.9000244140625,0.31,2.0,0.0053448919133609,-0.0399999999999999,-0.0299999999999998,-0.4456120561985646,-0.6177621395229196,0.2497,-0.0308,False,,No Episode,0
2017-02-27,1257.4000244140625,0.35,2.01,0.0003977250104449,0.0399999999999999,0.0099999999999997,-0.5551486950860871,-0.6035063188106952,0.2654,0.0157,False,,No Episode,0
2017-02-28,1252.5999755859375,0.34,2.02,-0.0038247447646631,-0.0099999999999999,0.0100000000000002,-0.6110538882160991,-0.578666116248413,0.2697,0.0042999999999999,False,,No Episode,0
2017-03-01,1248.9000244140625,0.43,2.03,-0.0029581881831113,0.0899999999999999,0.0099999999999997,-0.6081268814336382,-0.5075950750332383,0.3007,0.031,False,,No Episode,0
2017-03-02,1231.9000244140625,0.48,2.01,-0.0137054706313453,0.0499999999999999,-0.02,-0.5407224443673565,-0.5757885324211262,0.3155,0.0147999999999999,False,,No Episode,0
2017-03-03,1225.5,0.45,2.04,-0.0052087888179785,-0.0299999999999999,0.0300000000000002,-0.5235828752348118,-0.5347513074522434,0.31,-0.0055,False,,No Episode,0
2017-03-06,1224.5,0.48,2.01,-0.0008163265759453,0.0299999999999999,-0.0300000000000002,-0.487205190386502,-0.538359699050602,0.306,-0.004,False,,No Episode,0
2017-03-07,1215.0999755859375,0.49,2.03,-0.007706239569881,0.01,0.02,-0.5093489013734072,-0.5006877576282883,0.302,-0.004,False,,No Episode,0
2017-03-08,1208.5,0.56,2.01,-0.0054464366788034,0.07,-0.02,-0.5257366815314328,-0.5106194786265796,0.3253,0.0232999999999999,False,,No Episode,0
2017-03-09,1202.4000244140625,0.6,2.0,-0.0050603414003305,0.0399999999999999,-0.0099999999999997,-0.5508563718515413,-0.4967729948553178,0.347,0.0216999999999999,False,,No Episode,0
2017-03-10,1200.699951171875,0.57,2.01,-0.001414900372918,-0.03,0.0099999999999997,-0.6254747030806528,-0.5194024772953956,0.3436,-0.0033999999999999,False,,No Episode,0
2017-03-13,1202.4000244140625,0.61,2.01,0.001414900372918,0.04,0.0,-0.7306368594557535,-0.5159364762858164,0.3511,0.0075,False,,No Episode,0
2017-03-14,1201.9000244140625,0.61,1.99,-0.0004159214715748,0.0,-0.0199999999999997,-0.8208044388988972,-0.5206007904970213,0.3457,-0.0054,False,,No Episode,0
2017-03-15,1200.0999755859375,0.5,2.01,-0.0014987919775935,-0.1099999999999999,0.0199999999999997,-0.8587568260580583,-0.4022242401895055,0.3074,-0.0383,False,,No Episode,0
2017-03-16,1226.5,0.51,2.02,0.021759718404505,0.01,0.0100000000000002,-0.8867789532948956,-0.3065878950160381,0.3083,0.0009,False,,No Episode,0
2017-03-17,1229.800048828125,0.49,2.01,0.0026870095249433,-0.02,-0.0100000000000002,-0.8950774344513835,-0.3164119899728139,0.2997,-0.0085999999999999,False,,No Episode,0
2017-03-20,1233.5999755859375,0.47,2.0,0.0030851097946706,-0.02,-0.0099999999999997,-0.8994742597688561,-0.3229098021382875,0.2822,-0.0175,False,,No Episode,0
2017-03-21,1246.0999755859375,0.45,1.98,0.0100819503382849,-0.0199999999999999,-0.02,-0.8902723867071446,-0.3048357372497727,0.2592,-0.023,False,,No Episode,0
2017-03-22,1249.300048828125,0.43,1.97,0.002564779165727,-0.02,-0.01,-0.8824549368196789,-0.3090864411238099,0.2442,-0.0149999999999999,False,,No Episode,0
2017-03-23,1246.9000244140625,0.46,1.95,-0.0019229429398217,0.03,-0.02,-0.8688437592762285,-0.3094079274895237,0.242,-0.0022,False,,No Episode,0
2017-03-24,1248.199951171875,0.42,1.98,0.0010419837987623,-0.04,0.03,-0.8678352381532253,-0.3023390470058713,0.2363,-0.0056999999999999,False,,No Episode,0
2017-03-27,1255.4000244140625,0.41,1.97,0.0057517919495584,-0.01,-0.01,-0.8673339647004036,-0.3076050213604089,0.2272,-0.0090999999999999,False,,No Episode,0
2017-03-28,1255.300048828125,0.45,1.97,-7.96396089333129e-05,0.04,0.0,-0.8573851860643413,-0.2846483656263118,0.2411,0.0138999999999999,False,,No Episode,0
2017-03-29,1253.4000244140625,0.41,1.98,-0.0015147484528919,-0.04,0.01,-0.8601576047350531,-0.2659153739644758,0.2286,-0.0125,False,,No Episode,0
2017-03-30,1245.0,0.46,1.96,-0.0067243483700361,0.05,-0.02,-0.854641397148923,-0.2959703099679336,0.2391,0.0105,False,,No Episode,0
2017-03-31,1247.300048828125,0.43,1.97,0.0018457243799128,-0.03,0.01,-0.8535492465115928,-0.288579827313879,0.2325,-0.0065999999999999,False,,No Episode,0
2017-04-03,1250.800048828125,0.39,1.96,0.0028021313424808,-0.0399999999999999,-0.01,-0.8593264510382393,-0.3026172864854489,0.2076,-0.0249,False,,No Episode,0
2017-04-04,1255.0,0.4,1.96,0.0033521869446824,0.01,0.0,-0.8659904721324764,-0.2984875683365097,0.2025,-0.0050999999999999,False,,No Episode,0
2017-04-05,1245.4000244140625,0.37,1.97,-0.0076787895241423,-0.03,0.01,-0.8832875285222509,-0.2751444603216381,0.1889,-0.0136,False,,No Episode,0
2017-04-06,1250.300048828125,0.39,1.95,0.0039267785123389,0.02,-0.02,-0.8877328147884009,-0.2320662712037111,0.1882,-0.0007,False,,No Episode,0
2017-04-07,1254.300048828125,0.44,1.94,0.003194125405133,0.0499999999999999,-0.01,-0.8863247372796188,-0.1831636100478834,0.2047,0.0164999999999999,False,,No Episode,0
2017-04-10,1251.0999755859375,0.44,1.93,-0.0025545421499373,0.0,-0.01,-0.8804557739837247,-0.1863868551818111,0.2,-0.0046999999999999,False,,No Episode,0
2017-04-11,1271.199951171875,0.41,1.91,0.0159381530021809,-0.03,-0.02,-0.8819200029298535,-0.2359078399400059,0.1728,-0.0272,False,,No Episode,0
2017-04-12,1275.300048828125,0.38,1.9,0.0032201855089555,-0.0299999999999999,-0.01,-0.8854503821711676,-0.2242136102410121,0.1573,-0.0155,False,,No Episode,0
2017-04-13,1285.9000244140625,0.32,1.92,0.0082773979419528,-0.06,0.02,-0.9010821057402272,-0.1858211109537641,0.1348,-0.0224999999999999,False,,No Episode,0
2017-04-18,1291.699951171875,0.33,1.85,0.0017821296255693,-0.0499999999999999,-0.0299999999999998,-0.9117979203128188,-0.183581590819586,0.1035,-0.0324,False,,No Episode,0
2017-04-19,1281.4000244140625,0.36,1.85,-0.0080058931789572,0.0299999999999999,0.0,-0.9193172731060986,-0.2075873859423664,0.1086,0.0051,False,,No Episode,0
2017-04-20,1281.9000244140625,0.39,1.85,0.0003901221057365,0.03,0.0,-0.910092803623399,-0.1524384420439974,0.1237,0.0151,False,,No Episode,0
2017-04-21,1287.4000244140625,0.4,1.84,0.0042813282190623,0.01,-0.01,-0.8891736323270502,-0.1052010281146059,0.125,0.0012999999999999,False,,No Episode,0
2017-04-24,1275.800048828125,0.41,1.87,-0.0090512285019581,0.0099999999999999,0.03,-0.8684448770861615,-0.1376207225479238,0.1412,0.0161999999999999,False,,No Episode,0
2017-04-25,1265.5999755859375,0.44,1.91,-0.008027172357524,0.03,0.0399999999999998,-0.8385297135743998,-0.178610611498026,0.1682,0.0269999999999999,False,,No Episode,0
2017-04-26,1262.0999755859375,0.42,1.9,-0.0027693178022998,-0.02,-0.01,-0.8023734007805366,-0.1671273645980895,0.1623,-0.0058999999999999,False,,No Episode,0
2017-04-27,1263.699951171875,0.39,1.91,0.001266906205033,-0.0299999999999999,0.01,-0.778389038353695,-0.2438596067909725,0.1534,-0.0088999999999999,False,,No Episode,0
2017-04-28,1266.0999755859375,0.37,1.92,0.0018974031177032,-0.02,0.01,-0.7403816164518712,-0.3520468883333104,0.1504,-0.003,False,,No Episode,0
2017-05-01,1253.300048828125,0.41,1.92,-0.0101611786661992,0.0399999999999999,0.0,-0.699623661345398,-0.4005355802840649,0.1599,0.0094999999999999,False,,No Episode,0
2017-05-02,1255.0999755859375,0.41,1.88,0.0014351196373922,0.0,-0.04,-0.6633896739634313,-0.3954908108563923,0.1488,-0.0110999999999999,False,,No Episode,0
2017-05-03,1246.4000244140625,0.46,1.87,-0.0069558155103681,0.05,-0.0099999999999997,-0.6640973633515884,-0.4228616406848224,0.1616,0.0128,False,,No Episode,0
2017-05-04,1226.5,0.5,1.86,-0.0160948310056019,0.0399999999999999,-0.01,-0.7185330792340675,-0.4556833348515102,0.1751,0.0135,False,,No Episode,0
2017-05-05,1224.800048828125,0.5,1.86,-0.0013869794888679,0.0,0.0,-0.7553443947231421,-0.4549964244677682,0.1746,-0.0005,False,,No Episode,0
2017-05-08,1225.300048828125,0.53,1.86,0.0004081465956584,0.03,0.0,-0.7912554508344956,-0.4468610875274668,0.1833,0.0086999999999999,False,,No Episode,0
2017-05-09,1214.300048828125,0.56,1.86,-0.009017932534638,0.03,0.0,-0.831885162908315,-0.4573838694106695,0.1954,0.0121,False,,No Episode,0
2017-05-10,1217.300048828125,0.56,1.85,0.0024675122566781,0.0,-0.01,-0.8558366333734959,-0.4714940396033499,0.199,0.0036,False,,No Episode,0
2017-05-11,1222.699951171875,0.51,1.88,0.0044261566880958,-0.05,0.0299999999999998,-0.8682634167851184,-0.5070150322440099,0.1944,-0.0046,False,,No Episode,0
2017-05-12,1226.199951171875,0.49,1.84,0.0028584282924297,-0.02,-0.0399999999999998,-0.8720918668187239,-0.492435934286643,0.1671,-0.0272999999999999,False,,No Episode,0
2017-05-15,1228.5999755859375,0.52,1.82,0.0019553733504773,0.03,-0.02,-0.8791714693444196,-0.4713082822139695,0.164,-0.0030999999999999,False,,No Episode,0
2017-05-16,1235.0,0.51,1.82,0.0051956802037,-0.01,0.0,-0.8909855692562952,-0.4693962254314035,0.1571,-0.0069,False,,No Episode,0
2017-05-17,1257.5,0.44,1.78,0.0180546529118164,-0.07,-0.04,-0.8937834080093119,-0.5668711742123139,0.1168,-0.0402999999999999,False,,No Episode,0
2017-05-18,1251.699951171875,0.43,1.8,-0.0046230346493647,-0.01,0.02,-0.924664850259457,-0.6070746506855305,0.1088,-0.008,False,,No Episode,0
2017-05-19,1252.699951171875,0.41,1.82,0.0007985945473087,-0.02,0.02,-0.93424531963185,-0.620692835521946,0.1075,-0.0012999999999999,False,,No Episode,0
2017-05-22,1260.699951171875,0.43,1.82,0.0063659006344218,0.02,0.0,-0.93400598439136,-0.6378094170537432,0.1088,0.0012999999999999,False,,No Episode,0
2017-05-23,1254.800048828125,0.46,1.83,-0.004690847276664,0.03,0.01,-0.9323052290067418,-0.645993364468736,0.1225,0.0137,False,,No Episode,0
2017-05-24,1252.4000244140625,0.45,1.81,-0.0019145062835237,-0.01,-0.02,-0.9326005663188056,-0.6370986484643983,0.1122,-0.0103,False,,No Episode,0
2017-05-25,1255.800048828125,0.45,1.8,0.0027111286160232,0.0,-0.01,-0.9297024948260632,-0.6304410796689687,0.1055,-0.0066999999999999,False,,No Episode,0
2017-05-26,1267.5999755859375,0.44,1.81,0.0093524709946013,-0.01,0.01,-0.9229961651202562,-0.5968648702160161,0.104,-0.0015,False,,No Episode,0
2017-05-31,1272.0,0.4,1.81,0.0078134839794827,0.0,0.0,-0.913102132929754,-0.616441702131312,0.0803,-0.0090999999999999,False,,No Episode,0
2017-06-01,1267.0,0.4,1.81,-0.003938563578929,0.0,0.0,-0.907841172880664,-0.5980607418522195,0.0791,-0.0011999999999999,False,,No Episode,0
2017-06-02,1276.800048828125,0.36,1.79,0.0077050846169841,-0.04,-0.02,-0.9105055701939035,-0.6338179846832451,0.0558,-0.0233,False,,No Episode,0
2017-06-05,1279.300048828125,0.39,1.79,0.0019561055527113,0.03,0.0,-0.9233629730184456,-0.6237124404317494,0.0599,0.0040999999999999,False,,No Episode,0
2017-06-06,1294.4000244140625,0.37,1.77,0.0117341946746893,-0.02,-0.02,-0.9243926459329468,-0.6300535716718771,0.0449,-0.015,False,,No Episode,0
2017-06-07,1290.0999755859375,0.4,1.78,-0.0033275703585955,0.03,0.01,-0.9166454123508904,-0.6184021075382772,0.0512,0.0063,False,,No Episode,0
2017-06-08,1276.300048828125,0.41,1.78,-0.0107544105607226,0.0099999999999999,0.0,-0.914319576301931,-0.6270190797920647,0.0555,0.0042999999999999,False,,No Episode,0
2017-06-09,1268.5,0.43,1.78,-0.006130205206869,0.02,0.0,-0.9139997436413344,-0.6409712526857709,0.0622,0.0066999999999999,False,,No Episode,0
2017-06-12,1266.0999755859375,0.46,1.75,-0.001893809796015,0.03,-0.03,-0.9103987481987432,-0.6394448376482691,0.0666,0.0044,False,,No Episode,0
2017-06-13,1265.800048828125,0.46,1.75,-0.0002369183272037,0.0,0.0,-0.909316353262984,-0.615136491996406,0.067,0.0003999999999999,False,,No Episode,0
2017-06-14,1272.800048828125,0.44,1.71,0.0055148644702223,-0.02,-0.04,-0.9108415543032864,-0.6222806096787372,0.0444,-0.0226,False,,No Episode,0
2017-06-15,1252.199951171875,0.49,1.67,-0.0163172710690009,0.0499999999999999,-0.04,-0.9054142284326034,-0.6517924209233086,0.0426,-0.0018,False,,No Episode,0
2017-06-16,1254.0,0.49,1.67,0.0014364768755275,0.0,0.0,-0.8971118174766348,-0.6197605200069758,0.0356,-0.0069999999999999,False,,No Episode,0
2017-06-19,1244.199951171875,0.52,1.67,-0.0078457283565427,0.03,0.0,-0.8915738881494333,-0.6369400142425502,0.0504,0.0148,False,,No Episode,0
2017-06-20,1241.0,0.5,1.66,-0.0025752076317164,-0.02,-0.01,-0.8854777027941818,-0.6313510322787363,0.0414,-0.009,False,,No Episode,0
2017-06-21,1243.4000244140625,0.5,1.66,0.0019320762655521,0.0,0.0,-0.8678258654829438,-0.6107851902764319,0.0436,0.0022,False,,No Episode,0
2017-06-22,1247.5999755859375,0.46,1.69,0.0033721036946667,-0.0399999999999999,0.03,-0.8417285458341953,-0.6090165564307728,0.0412,-0.0023999999999999,False,,No Episode,0
2017-06-23,1256.199951171875,0.45,1.7,0.0068695659857471,-0.01,0.01,-0.8316158223007163,-0.6118792647100597,0.0411,-0.0001,False,,No Episode,0
2017-06-26,1246.300048828125,0.43,1.71,-0.0079120511397743,-0.02,0.01,-0.8130587281610648,-0.5625197404845265,0.0376,-0.0034999999999999,False,,No Episode,0
2017-06-27,1246.4000244140625,0.5,1.71,8.021469334718034e-05,0.07,0.0,-0.7943925916466763,-0.5270205877854995,0.0597,0.0221,False,,No Episode,0
2017-06-28,1248.0,0.49,1.73,0.0012828542252272,-0.01,0.02,-0.779796925142707,-0.5249473216888758,0.0661,0.0064,False,,No Episode,0
2017-06-29,1244.199951171875,0.55,1.72,-0.0030495560930496,0.06,-0.01,-0.7813459504536883,-0.3988496483693483,0.0854,0.0192999999999999,False,,No Episode,0
2017-06-30,1240.699951171875,0.58,1.73,-0.0028170167428021,0.0299999999999999,0.01,-0.7980253193929806,-0.4213552951838707,0.1051,0.0196999999999999,False,,No Episode,0
2017-07-03,1217.9000244140625,0.6,1.75,-0.0185476129544248,0.02,0.02,-0.8639460638084668,-0.4137025195395788,0.1283,0.0232,False,,No Episode,0
2017-07-06,1222.199951171875,0.61,1.76,0.0014737796623212,0.03,0.01,-0.8988274378254525,-0.4226209914595129,0.1417,0.0138999999999999,False,,No Episode,0
2017-07-07,1208.5999755859375,0.66,1.73,-0.011189828782629,0.05,-0.03,-0.9205119685175792,-0.4688382559328998,0.1533,0.0116,False,,No Episode,0
2017-07-10,1212.0999755859375,0.66,1.72,0.0028917276073379,0.0,-0.01,-0.9312824151986998,-0.4688183205854385,0.1497,-0.0035999999999999,False,,No Episode,0
2017-07-11,1213.5999755859375,0.62,1.75,0.0012367565827515,-0.04,0.03,-0.9369007141658124,-0.4600772280636567,0.1441,-0.0055999999999999,False,,No Episode,0
2017-07-12,1218.0999755859375,0.57,1.76,0.0037011187459086,-0.05,0.01,-0.9403338272332132,-0.5154128412361649,0.1258,-0.0183,False,,No Episode,0
2017-07-13,1216.300048828125,0.58,1.77,-0.0014787438939789,0.01,0.01,-0.9390088832659328,-0.5229455341490178,0.1295,0.0037,False,,No Episode,0
2017-07-14,1226.5999755859375,0.57,1.76,0.0084325905188391,-0.01,-0.01,-0.941015236228292,-0.5312624948024255,0.122,-0.0075,False,,No Episode,0
2017-07-17,1232.800048828125,0.54,1.77,0.0050419503253715,-0.0299999999999999,0.01,-0.9408407395810258,-0.5170552035174962,0.1135,-0.0084999999999999,False,,No Episode,0
2017-07-18,1241.0999755859375,0.51,1.76,0.0067100188507609,-0.03,-0.01,-0.9354624008670516,-0.5571222976482408,0.0968,-0.0167,False,,No Episode,0
2017-07-19,1241.199951171875,0.51,1.76,8.055077060920013e-05,0.0,0.0,-0.925925398900009,-0.5464025103328606,0.0906,-0.0061999999999999,False,,No Episode,0
2017-07-20,1244.800048828125,0.5,1.77,0.0028962994150303,-0.01,0.01,-0.9228753872363716,-0.5492715169120779,0.0829,-0.0076999999999999,False,,No Episode,0
2017-07-21,1254.300048828125,0.48,1.76,0.0076027733094088,-0.02,-0.01,-0.915897552259338,-0.5709829792713242,0.0706,-0.0123,False,,No Episode,0
2017-07-24,1253.9000244140625,0.48,1.78,-0.0003189732922193,0.0,0.02,-0.9105978097246342,-0.5642366020777746,0.0723,0.0017,False,,No Episode,0
2017-07-25,1251.699951171875,0.52,1.81,-0.0017561253424647,0.04,0.03,-0.9037379756330776,-0.5593064015538164,0.0991,0.0267999999999999,False,,No Episode,0
2017-07-26,1249.0,0.49,1.8,-0.0021593571989519,-0.03,-0.01,-0.9033000810388656,-0.5397475238362943,0.0877,-0.0113999999999999,False,,No Episode,0
2017-07-27,1259.5999755859375,0.49,1.83,0.0084509597188988,0.0,0.03,-0.8955059008273033,-0.5156090173105237,0.0954,0.0076999999999999,False,,No Episode,0
2017-07-28,1268.4000244140625,0.47,1.83,0.0069620920676358,-0.02,0.0,-0.8886180974562896,-0.4617826497316279,0.0946,-0.0007999999999999,False,,No Episode,0
2017-07-31,1266.5999755859375,0.48,1.82,-0.0014201571050573,0.01,-0.01,-0.8814072606963206,-0.4640375051931104,0.097,0.0023999999999999,False,,No Episode,0
2017-08-01,1272.5999755859375,0.47,1.79,0.0047259068072404,-0.01,-0.03,-0.8754946071872534,-0.4403710106885956,0.0834,-0.0136,False,,No Episode,0
2017-08-02,1271.800048828125,0.48,1.79,-0.000628774388061,0.01,0.0,-0.8708721884273646,-0.4601724837709303,0.0829,-0.0005,False,,No Episode,0
2017-08-03,1267.800048828125,0.46,1.78,-0.0031501048621089,-0.0199999999999999,-0.01,-0.8773937676649224,-0.4395858020305189,0.0702,-0.0127,False,,No Episode,0
2017-08-04,1258.300048828125,0.47,1.8,-0.0075215109613679,0.0099999999999999,0.02,-0.8884165278342294,-0.4342893146249346,0.0792,0.009,False,,No Episode,0
2017-08-07,1258.199951171875,0.46,1.8,-7.955307474905027e-05,-0.0099999999999999,0.0,-0.8915504929091924,-0.4293893018736882,0.0817,0.0024999999999999,False,,No Episode,0
2017-08-08,1256.4000244140625,0.46,1.83,-0.001431581231758,0.0,0.03,-0.9211654053074636,-0.4820023806883711,0.0898,0.0081,False,,No Episode,0
2017-08-09,1273.0,0.42,1.82,0.0131258114611565,-0.04,-0.01,-0.927995457227803,-0.5798334283637234,0.0762,-0.0136,False,,No Episode,0
2017-08-10,1283.699951171875,0.4,1.8,0.0083701754964513,-0.0199999999999999,-0.02,-0.9378098898675896,-0.5878495008992513,0.0614,-0.0148,False,,No Episode,0
2017-08-11,1287.699951171875,0.4,1.79,0.0031111483070125,0.0,-0.01,-0.9461670021458952,-0.5975479398734478,0.0476,-0.0138,False,,No Episode,0
2017-08-14,1284.199951171875,0.45,1.77,-0.0027217250231359,0.0499999999999999,-0.02,-0.9479867800867172,-0.5842484162214144,0.0594,0.0117999999999999,False,,No Episode,0
2017-08-15,1273.699951171875,0.49,1.78,-0.0082099060776776,0.0399999999999999,0.01,-0.9363252499818282,-0.6434437441292015,0.0795,0.0201,False,,No Episode,0
2017-08-16,1276.9000244140625,0.45,1.78,0.0025092722903705,-0.0399999999999999,0.0,-0.9348519687113492,-0.6335268688182865,0.0713,-0.0081999999999999,False,,No Episode,0
2017-08-17,1286.4000244140625,0.42,1.77,0.0074123538528674,-0.03,-0.01,-0.9348639479740728,-0.663765009408328,0.0579,-0.0134,False,,No Episode,0
2017-08-18,1285.699951171875,0.43,1.76,-0.000544359290945,0.01,-0.01,-0.9300288144365028,-0.5968616283060487,0.0553,-0.0025999999999999,False,,No Episode,0
2017-08-21,1290.800048828125,0.43,1.75,0.0039589398932564,0.0,-0.01,-0.9317079611109192,-0.5933481832822238,0.0517,-0.0035999999999999,False,,No Episode,0
2017-08-22,1285.0999755859375,0.45,1.77,-0.0044257016903035,0.02,0.02,-0.9197845071902916,-0.6389117208828718,0.0629,0.0111999999999999,False,,No Episode,0
2017-08-23,1288.9000244140625,0.42,1.75,0.0029526430372124,-0.03,-0.02,-0.911168429314887,-0.6518276033300158,0.0503,-0.0126,False,,No Episode,0
2017-08-24,1286.5,0.44,1.75,-0.0018638076307162,0.02,0.0,-0.8883094619605503,-0.6548992638846367,0.0548,0.0045,False,,No Episode,0
2017-08-25,1292.5,0.42,1.75,0.004652974660785,-0.02,0.0,-0.8718963668258903,-0.6692709352945984,0.0485,-0.0063,False,,No Episode,0
2017-08-28,1309.699951171875,0.41,1.75,0.0132197386708563,-0.01,0.0,-0.8543765428941612,-0.6270894079628377,0.0416,-0.0069,False,,No Episode,0
2017-08-29,1313.0999755859375,0.39,1.74,0.0025926692188278,-0.0199999999999999,-0.01,-0.8616448795724482,-0.6122051029437523,0.0251,-0.0164999999999999,False,,No Episode,0
2017-08-30,1308.0999755859375,0.39,1.76,-0.0038150512418457,0.0,0.02,-0.86374003657531,-0.6061208928050958,0.0262,0.0011,False,,No Episode,0
2017-08-31,1316.199951171875,0.36,1.76,0.0061730758937947,-0.03,0.0,-0.8762135697305002,-0.6164510654579267,0.0187,-0.0075,False,,No Episode,0
2017-09-01,1324.5,0.37,1.79,0.0062862697879069,0.01,0.03,-0.8888043877519466,-0.580112962870598,0.0308,0.0121,False,,No Episode,0
2017-09-06,1333.9000244140625,0.32,1.78,-0.0039653838247772,0.02,0.01,-0.9220163775557024,-0.6393878247995664,-0.0031,-0.0008999999999999,False,,No Episode,0
2017-09-07,1345.0999755859375,0.26,1.79,0.0083613411143996,-0.06,0.01,-0.9296953470515636,-0.6922789331370823,-0.0258,-0.0227,False,,No Episode,0
2017-09-08,1346.0,0.25,1.81,0.0006688896405071,-0.01,0.02,-0.934497177922508,-0.7159897509594856,-0.0282,-0.0023999999999999,False,,No Episode,0
2017-09-11,1331.0,0.31,1.83,-0.0112066918095612,0.06,0.02,-0.9374021222897364,-0.7615283634721292,0.0001,0.0283,False,,No Episode,0
2017-09-12,1328.0,0.33,1.84,-0.002256488358733,0.02,0.01,-0.9380122446956406,-0.7631988487495545,0.0211,0.021,False,,No Episode,0
2017-09-13,1323.4000244140625,0.35,1.85,-0.0034698500104353,0.0199999999999999,0.01,-0.937525573148706,-0.7693254191209067,0.0376,0.0165,False,,No Episode,0
2017-09-14,1324.699951171875,0.35,1.85,0.0009817808045111,0.0,0.0,-0.937029514066064,-0.7684153498106437,0.0443,0.0066999999999999,False,,No Episode,0
2017-09-15,1320.4000244140625,0.35,1.85,-0.003251242361518,0.0,0.0,-0.9356569220359132,-0.78882009525827,0.0519,0.0076,False,,No Episode,0
2017-09-18,1306.300048828125,0.36,1.87,-0.0107359885974682,0.01,0.02,-0.9315539251399032,-0.7738243869946756,0.0626,0.0107,False,,No Episode,0
2017-09-19,1306.199951171875,0.37,1.87,-7.662978472566806e-05,0.01,0.0,-0.932016259575922,-0.7766655024507289,0.0688,0.0061999999999999,False,,No Episode,0
2017-09-20,1312.0,0.43,1.85,0.0044305694172912,0.06,-0.02,-0.9171839153494684,-0.6901593800907544,0.0891,0.0203,False,,No Episode,0
2017-09-21,1290.5999755859375,0.44,1.83,-0.016445482919126,0.01,-0.02,-0.9293706105196872,-0.6148196250131202,0.0916,0.0025,False,,No Episode,0
2017-09-22,1293.300048828125,0.42,1.84,0.0020899215909677,-0.02,0.01,-0.9407919184612856,-0.6077343419477462,0.089,-0.0026,False,,No Episode,0
2017-09-25,1306.800048828125,0.38,1.84,0.0103843089156887,-0.0399999999999999,0.0,-0.9477150978374522,-0.633773172594478,0.0704,-0.0185999999999999,False,,No Episode,0
2017-09-26,1297.0,0.4,1.84,-0.0075275327751205,0.02,0.0,-0.9445542800570206,-0.647038146869572,0.0728,0.0023999999999999,False,,No Episode,0
2017-09-27,1283.4000244140625,0.44,1.87,-0.0105410799770728,0.0399999999999999,0.03,-0.9405216653438576,-0.6523075935269792,0.0946,0.0218,False,,No Episode,0
2017-09-28,1285.5,0.44,1.87,0.0016349223665734,0.0,0.0,-0.940828712803508,-0.6572235527553913,0.0991,0.0044999999999999,False,,No Episode,0
2017-09-29,1281.5,0.49,1.84,-0.0031164809018191,0.0499999999999999,-0.03,-0.943413214028823,-0.6378600302083649,0.1117,0.0126,False,,No Episode,0
2017-10-02,1272.699951171875,0.51,1.83,-0.0068906771719019,0.02,-0.01,-0.9492876919480197,-0.6432549033154504,0.121,0.0093,False,,No Episode,0
2017-10-03,1271.5,0.49,1.84,-0.0009432837700495,-0.02,0.01,-0.9532328492152808,-0.6383286570567811,0.1159,-0.0050999999999999,False,,No Episode,0
2017-10-04,1273.699951171875,0.48,1.85,0.0017287063978832,-0.01,0.01,-0.9549127069243296,-0.6354058187014849,0.1136,-0.0022999999999999,False,,No Episode,0
2017-10-05,1269.9000244140625,0.49,1.86,-0.0029878358398844,0.01,0.01,-0.9597119755984618,-0.6336545749964525,0.1212,0.0075999999999999,False,,No Episode,0
2017-10-06,1271.5999755859375,0.5,1.87,0.0013377544169914,0.01,0.01,-0.9625202458264238,-0.630036065247148,0.1318,0.0105999999999999,False,,No Episode,0
2017-10-11,1285.800048828125,0.46,1.89,-0.0037260769024234,-0.0099999999999999,0.01,-0.9644622906840348,-0.6450582924371444,0.1178,-0.0047999999999999,False,,No Episode,0
2017-10-12,1293.300048828125,0.44,1.89,0.0058159984933912,-0.02,0.0,-0.9656595002769512,-0.6493284779877881,0.111,-0.0068,False,,No Episode,0
2017-10-13,1301.5,0.43,1.85,0.0063203162587441,-0.01,-0.0399999999999998,-0.964156371690367,-0.6535570225426444,0.0926,-0.0184,False,,No Episode,0
2017-10-16,1299.9000244140625,0.46,1.84,-0.0012300882391542,0.03,-0.01,-0.9573766011591764,-0.6369666470401794,0.0987,0.0060999999999999,False,,No Episode,0
2017-10-17,1283.0,0.48,1.82,-0.0130862715798292,0.0199999999999999,-0.02,-0.9608867175535748,-0.651186593412415,0.1013,0.0026,False,,No Episode,0
2017-10-18,1279.9000244140625,0.5,1.84,-0.0024191166789142,0.02,0.02,-0.9580967964082404,-0.6018898041466528,0.1162,0.0148999999999999,False,,No Episode,0
2017-10-19,1286.9000244140625,0.49,1.84,0.0054542755341167,-0.01,0.0,-0.9534812914909898,-0.6057980715195167,0.1144,-0.0017999999999999,False,,No Episode,0
2017-10-20,1277.4000244140625,0.52,1.87,-0.0074094632310419,0.03,0.03,-0.9438210766045044,-0.5796312036533322,0.1338,0.0194,False,,No Episode,0
2017-10-23,1277.699951171875,0.52,1.86,0.0002347671418387,0.0,-0.01,-0.9276922039191186,-0.5789455331712732,0.1334,-0.0004,False,,No Episode,0
2017-10-24,1275.0,0.55,1.87,-0.0021153697891094,0.03,0.01,-0.910725674645434,-0.5322633630869823,0.1479,0.0145,False,,No Episode,0
2017-10-25,1275.4000244140625,0.56,1.88,0.0003136954309237,0.01,0.0099999999999997,-0.8900726588193884,-0.5311212527788742,0.1582,0.0103,False,,No Episode,0
2017-10-26,1266.300048828125,0.57,1.89,-0.0071605730072059,0.0099999999999998,0.01,-0.8855661178220863,-0.5254042221338098,0.1692,0.0109999999999999,False,,No Episode,0
2017-10-27,1268.5,0.54,1.88,0.0017357990230921,-0.0299999999999999,-0.01,-0.8781599486347559,-0.5248025444717774,0.159,-0.0101999999999999,False,,No Episode,0
2017-10-30,1274.0999755859375,0.5,1.87,0.0044049277861883,-0.04,-0.0099999999999997,-0.8572288034175214,-0.5437042569314388,0.1391,-0.0199,False,,No Episode,0
2017-10-31,1267.0,0.5,1.88,-0.005588126504386,0.0,0.0099999999999997,-0.8344018627520936,-0.5442307784725233,0.1347,-0.0044,False,,No Episode,0
2017-11-01,1274.0999755859375,0.49,1.88,0.005588126504386,-0.01,0.0,-0.8095601741532626,-0.5528110777817243,0.1281,-0.0065999999999999,False,,No Episode,0
2017-11-02,1274.9000244140625,0.48,1.87,0.0006277354683383,-0.01,-0.0099999999999997,-0.8152110898682191,-0.682845079864585,0.1182,-0.0098999999999999,False,,No Episode,0
2017-11-03,1266.5,0.48,1.86,-0.006610572852133,0.0,-0.01,-0.7832791519076795,-0.7129698398185175,0.1092,-0.0089999999999999,False,,No Episode,0
2017-11-06,1279.4000244140625,0.46,1.86,0.0101340466567378,-0.0199999999999999,0.0,-0.7655247755755025,-0.7204459845579361,0.0988,-0.0104,False,,No Episode,0
2017-11-07,1273.699951171875,0.44,1.88,-0.0044652248384107,-0.02,0.0199999999999997,-0.6583383185297212,-0.6503998406940356,0.0905,-0.0083,False,,No Episode,0
2017-11-08,1281.5999755859375,0.45,1.87,0.0061832660043634,0.01,-0.0099999999999997,-0.6025741128265071,-0.6107095598502962,0.0927,0.0022,False,,No Episode,0
2017-11-09,1285.5999755859375,0.46,1.87,0.003116238168479,0.01,0.0,-0.6084501610820245,-0.5532474529622492,0.092,-0.0007,False,,No Episode,0
2017-11-10,1272.4000244140625,0.52,1.88,-0.0103206163704996,0.06,0.0099999999999997,-0.6061568443578016,-0.6087860842716469,0.1177,0.0257,False,,No Episode,0
2017-11-13,1277.300048828125,0.52,1.88,0.003843613213939,0.0,0.0,-0.6030196234866584,-0.6220731165998468,0.1278,0.0100999999999999,False,,No Episode,0
2017-11-14,1281.5,0.51,1.87,0.0032827535277863,-0.01,-0.0099999999999997,-0.5889389210850635,-0.612492165346778,0.1218,-0.0059999999999999,False,,No Episode,0
2017-11-15,1276.5,0.48,1.85,-0.0039093091225872,-0.03,-0.02,-0.5922222024189296,-0.5714945212742801,0.1036,-0.0182,False,,No Episode,0
2017-11-16,1277.4000244140625,0.53,1.84,0.0007048235582587,0.05,-0.01,-0.597386425842314,-0.5185280494746598,0.11,0.0064,False,,No Episode,0
2017-11-17,1295.800048828125,0.49,1.86,0.0143015214578969,-0.04,0.02,-0.5838994485823429,-0.5710932062749701,0.1037,-0.0063,False,,No Episode,0
2017-11-20,1274.5999755859375,0.52,1.85,-0.0164959179717936,0.03,-0.01,-0.5920457973789242,-0.6001312058311693,0.1097,0.006,False,,No Episode,0
2017-11-21,1281.0999755859375,0.52,1.84,0.005086680079378,0.0,-0.01,-0.5740392498043512,-0.5655411753071095,0.1112,0.0014999999999999,False,,No Episode,0
2017-11-22,1291.5999755859375,0.48,1.84,0.0081626761766564,-0.04,0.0,-0.5661547255524457,-0.6043567258518636,0.0938,-0.0174,False,,No Episode,0
2017-11-27,1293.800048828125,0.49,1.83,0.0055028991073644,-0.01,-0.01,-0.4167522615156006,-0.6001518976221917,0.0914,-0.0045,False,,No Episode,0
2017-11-28,1294.699951171875,0.5,1.84,0.0006953080007763,0.01,0.01,-0.334116881612773,-0.6046931219666789,0.0923,0.0008999999999999,False,,No Episode,0
2017-11-29,1282.0999755859375,0.53,1.84,-0.0097796308343385,0.03,0.0,-0.3089087835713623,-0.6212828273538527,0.1056,0.0133,False,,No Episode,0
2017-11-30,1273.199951171875,0.56,1.86,-0.0069659614591834,0.03,0.02,-0.3312848198147505,-0.6338694984468178,0.129,0.0234,False,,No Episode,0
2017-12-01,1278.800048828125,0.51,1.86,0.0043887983112291,-0.05,0.0,-0.3212811259782789,-0.6304659450966578,0.1212,-0.0078,False,,No Episode,0
2017-12-04,1274.300048828125,0.5,1.87,-0.0035251298326164,-0.01,0.01,-0.3156939632965447,-0.604242510627634,0.1236,0.0023999999999999,False,,No Episode,0
2017-12-05,1261.5999755859375,0.5,1.86,-0.0100163092386766,0.0,-0.01,-0.2846305014659694,-0.5844458989070959,0.1185,-0.0051,False,,No Episode,0
2017-12-06,1262.800048828125,0.47,1.86,0.0009507790532286,-0.03,0.0,-0.2014665738671584,-0.5842182101454607,0.1015,-0.0169999999999999,False,,No Episode,0
2017-12-07,1249.800048828125,0.5,1.87,-0.0103479387866585,0.03,0.01,-0.1733386384594084,-0.6110872453277999,0.1107,0.0092,False,,No Episode,0
2017-12-08,1245.199951171875,0.5,1.88,-0.0036874572093577,0.0,0.0099999999999997,-0.0965762752243546,-0.6070807375538336,0.1171,0.0063999999999999,False,,No Episode,0
2017-12-11,1243.699951171875,0.51,1.88,-0.0012053519550523,0.01,0.0,-0.1015877106416855,-0.6069653382035106,0.1208,0.0037,False,,No Episode,0
2017-12-12,1238.5,0.51,1.89,-0.0041897984699073,0.0,0.01,-0.133259953857054,-0.5955572856372308,0.1249,0.0040999999999999,False,,No Episode,0
2017-12-13,1245.4000244140625,0.48,1.88,0.005555813112327,-0.03,-0.01,-0.0828722192275909,-0.6136590786173063,0.1073,-0.0175999999999999,False,,No Episode,0
2017-12-14,1253.800048828125,0.48,1.87,0.0067221957422356,0.0,-0.0099999999999997,-0.0540672715145338,-0.6003803981000927,0.1047,-0.0026,False,,No Episode,0
2017-12-15,1254.300048828125,0.47,1.88,0.0003987081752363,-0.01,0.0099999999999997,-0.0116551516269724,-0.6000708316835506,0.1069,0.0021999999999999,False,,No Episode,0
2017-12-18,1262.199951171875,0.5,1.89,0.0062785045059898,0.03,0.01,-0.0215137164408395,-0.5510108600875211,0.112,0.0051,False,,No Episode,0
2017-12-19,1260.699951171875,0.55,1.91,-0.0011891079589432,0.05,0.02,-0.0403005238143586,-0.5156818977691733,0.1379,0.0258999999999999,False,,No Episode,0
2017-12-20,1266.0999755859375,0.57,1.92,0.0042742067370609,0.0199999999999999,0.01,-0.0513657612582163,-0.5221773671281884,0.1561,0.0181999999999999,False,,No Episode,0
2017-12-21,1267.300048828125,0.55,1.93,0.0009474013739518,-0.0199999999999999,0.01,-0.0160767857102499,-0.5365243181248557,0.1611,0.005,False,,No Episode,0
2017-12-22,1275.4000244140625,0.54,1.94,0.0063711824061769,-0.01,0.01,0.0588746817349631,-0.5483976015652461,0.1649,0.0037999999999999,False,,No Episode,0
2017-12-27,1287.0,0.48,1.94,0.0022558637714853,-0.05,0.0,0.0324535616113907,-0.493812808579455,0.1309,-0.0229,False,,No Episode,0
2017-12-28,1294.0999755859375,0.47,1.96,0.0055015253658279,-0.01,0.02,-0.0362075464152314,-0.4939129916376939,0.1321,0.0012,False,,No Episode,0
2017-12-29,1306.300048828125,0.44,1.96,0.0093832969095135,-0.0299999999999999,0.0,-0.1709229825773891,-0.5523444922536316,0.1233,-0.0087999999999999,False,,No Episode,0
2018-01-03,1316.199951171875,0.46,1.98,0.0019012136171543,0.0,-0.02,-0.3255419933893024,-0.5092162067237063,0.1334,-0.0007,False,,No Episode,0
2018-01-04,1319.4000244140625,0.45,2.01,0.0024283463684655,-0.01,0.0299999999999998,-0.3990312335002527,-0.4686552428467382,0.139,0.0056,False,,No Episode,0
2018-01-05,1320.300048828125,0.46,2.01,0.00068191417507,0.01,0.0,-0.4482118054705492,-0.4743347426504948,0.1485,0.0094999999999999,False,,No Episode,0
2018-01-08,1318.5999755859375,0.47,2.02,-0.0012884713036926,0.0099999999999999,0.0100000000000002,-0.4631884426576979,-0.4380415584251581,0.1504,0.0019,False,,No Episode,0
2018-01-09,1311.699951171875,0.52,2.03,-0.0052465805680315,0.05,0.0099999999999997,-0.4184744809825802,-0.4607866207857479,0.1711,0.0206999999999999,False,,No Episode,0
2018-01-10,1317.4000244140625,0.52,2.03,0.0043361471425678,0.0,0.0,-0.3670612501571185,-0.4523635023049012,0.178,0.0068999999999999,False,,No Episode,0
2018-01-11,1320.5999755859375,0.54,2.0,0.0024260445347756,0.02,-0.0299999999999998,-0.2876511943464337,-0.4398125360286077,0.1787,0.0007,False,,No Episode,0
2018-01-12,1333.4000244140625,0.54,2.01,0.0096459292202188,0.0,0.0099999999999997,-0.2007045435915785,-0.3806020687894362,0.1865,0.0078,False,,No Episode,0
2018-01-17,1338.0,0.53,2.04,0.0019450709821953,0.02,0.0100000000000002,-0.1018824994209808,-0.3069520397274806,0.1952,0.0108,False,,No Episode,0
2018-01-18,1326.0,0.57,2.05,-0.0090090699423655,0.0399999999999999,0.0099999999999997,-0.0157101923978105,-0.4018265522466221,0.2135,0.0182999999999999,False,,No Episode,0
2018-01-19,1331.9000244140625,0.58,2.06,0.0044396207914285,0.01,0.0100000000000002,0.0698546532031889,-0.4387375057221678,0.2284,0.0148999999999999,False,,No Episode,0
2018-01-22,1330.9000244140625,0.6,2.06,-0.0007510891007012,0.02,0.0,0.127815179029013,-0.4688339894675714,0.2374,0.009,False,,No Episode,0
2018-01-23,1335.699951171875,0.57,2.06,0.0036000389903172,-0.03,0.0,0.1716392520716623,-0.431907954432196,0.2268,-0.0105999999999999,False,,No Episode,0
2018-01-24,1355.9000244140625,0.58,2.07,0.0150099960472092,0.01,0.0099999999999997,0.2362211913448381,-0.3674972559606974,0.2337,0.0068999999999999,False,,No Episode,0
2018-01-25,1362.4000244140625,0.56,2.07,0.0047824097943101,-0.0199999999999999,0.0,0.2838880519768655,-0.3692603662922633,0.2278,-0.0058999999999999,False,,No Episode,0
2018-01-26,1351.5999755859375,0.57,2.09,-0.0079588104913197,0.0099999999999998,0.02,0.3310938139701699,-0.3796880617269624,0.2445,0.0166999999999999,False,,No Episode,0
2018-01-30,1335.4000244140625,0.63,2.1,-0.0120581670710739,0.06,0.0100000000000002,0.332895034502906,-0.4891715069051738,0.2696,0.0128,False,,No Episode,0
2018-01-31,1339.0,0.61,2.11,0.0026921759851941,-0.02,0.0099999999999997,0.3316880107219443,-0.4847841837692436,0.2742,0.0045999999999999,False,,No Episode,0
2018-02-01,1344.300048828125,0.67,2.11,0.0039504010913766,0.06,0.0,0.3318085981008243,-0.4406293876146273,0.2969,0.0226999999999999,False,,No Episode,0
2018-02-02,1333.699951171875,0.7,2.14,-0.0079164697652265,0.0299999999999999,0.0300000000000002,0.3276889911995033,-0.4920214497743523,0.3204,0.0235,False,,No Episode,0
2018-02-05,1333.0,0.67,2.1,-0.0005249568386131,-0.0299999999999999,-0.04,0.3783257157546003,-0.4538379323310194,0.2957,-0.0247,False,,No Episode,0
2018-02-06,1326.0999755859375,0.69,2.1,-0.0051897559055795,0.0199999999999999,0.0,0.4280719994953371,-0.4766877597018651,0.2958,9.9999999999989e-05,False,,No Episode,0
2018-02-07,1311.5999755859375,0.74,2.1,-0.0109945379165905,0.05,0.0,0.3845561109318345,-0.5391503790383967,0.3147,0.0188999999999999,False,,No Episode,0
2018-02-08,1316.9000244140625,0.76,2.09,0.0040327608986761,0.02,-0.0100000000000002,0.3382330894408772,-0.5202952294694209,0.32,0.0053,False,,No Episode,0
2018-02-09,1313.0999755859375,0.78,2.05,-0.0028897729829466,0.02,-0.04,0.2499651916648958,-0.5153378081026603,0.3075,-0.0125,False,,No Episode,0
2018-02-12,1324.199951171875,0.79,2.07,0.0084177313447986,0.01,0.02,0.1654657695948248,-0.528289317122415,0.3135,0.006,False,,No Episode,0
2018-02-13,1328.0999755859375,0.78,2.05,0.0029408644064385,-0.01,-0.02,0.0844216472976422,-0.5212050486284133,0.3046,-0.0089,False,,No Episode,0
2018-02-14,1355.5,0.82,2.09,0.0204210589152147,0.0399999999999999,0.04,0.1301432316435065,-0.3037840115332547,0.3406,0.036,False,,No Episode,0
2018-02-15,1352.0999755859375,0.79,2.11,-0.002511468630411,-0.0299999999999999,0.02,0.1552893498926215,-0.2708041892473238,0.3446,0.004,False,,No Episode,0
2018-02-16,1353.199951171875,0.78,2.09,0.0008132005147931,-0.01,-0.02,0.1712870400599088,-0.266416198384853,0.3347,-0.0099,False,,No Episode,0
2018-02-21,1330.0,0.82,2.12,0.000902626170685,0.0399999999999999,0.02,0.0487356562256455,-0.1943495479108687,0.3478,0.0168999999999999,False,,No Episode,0
2018-02-22,1330.5999755859375,0.81,2.11,0.0004510077438268,-0.0099999999999998,-0.0100000000000002,-0.0224588377168572,-0.1933941675259539,0.3445,-0.0033,False,,No Episode,0
2018-02-23,1328.199951171875,0.76,2.12,-0.0018053446156436,-0.05,0.0100000000000002,-0.1156026243347739,-0.1317959940244616,0.3275,-0.0169999999999999,False,,No Episode,0
2018-02-26,1330.699951171875,0.73,2.13,0.0018804775121497,-0.03,0.0099999999999997,-0.1950559753528953,-0.1326741787909125,0.3115,-0.016,False,,No Episode,0
2018-02-27,1315.5,0.77,2.13,-0.0114882613757849,0.04,0.0,-0.2903447141756182,-0.1841396080754133,0.3268,0.0152999999999999,False,,No Episode,0
2018-02-28,1315.5,0.75,2.12,0.0,-0.02,-0.0099999999999997,-0.3221575816992509,-0.1772046694659337,0.321,-0.0057999999999999,False,,No Episode,0
2018-03-01,1302.9000244140625,0.71,2.1,-0.0096242535332145,-0.04,-0.02,-0.3188079049103512,-0.1011156927516422,0.297,-0.024,False,,No Episode,0
2018-03-02,1321.0999755859375,0.74,2.12,0.0138721364570733,0.03,0.02,-0.3216054802354116,-0.0556166588260441,0.3098,0.0128,False,,No Episode,0
2018-03-05,1318.0999755859375,0.75,2.13,-0.0022734172079488,0.01,0.0099999999999997,-0.369228115345979,-0.0188226264578739,0.3157,0.0058999999999999,False,,No Episode,0
2018-03-06,1333.5999755859375,0.76,2.12,0.011690746933441,0.01,-0.0099999999999997,-0.3812347363513551,-0.014434117509475,0.3174,0.0017,False,,No Episode,0
2018-03-07,1326.0,0.76,2.13,-0.0057151423838908,0.0,0.0099999999999997,-0.4033751470387491,-0.0087635089781303,0.319,0.0015999999999999,False,,No Episode,0
2018-03-08,1319.9000244140625,0.75,2.11,-0.0046108971139959,-0.01,-0.02,-0.4171719630228037,0.0188657490312591,0.3103,-0.0086999999999999,False,,No Episode,0
2018-03-09,1322.4000244140625,0.78,2.12,0.0018922913369374,0.03,0.0100000000000002,-0.3492768780089873,0.0200741245694161,0.319,0.0086999999999999,False,,No Episode,0
2018-03-12,1319.4000244140625,0.77,2.1,-0.0022711796760663,-0.01,-0.02,-0.1939049221860261,0.0457643669516999,0.3089,-0.0100999999999999,False,,No Episode,0
2018-03-13,1325.9000244140625,0.75,2.09,0.0049143862411904,-0.02,-0.0100000000000002,-0.0233711476440921,0.0270917627642076,0.2937,-0.0151999999999999,False,,No Episode,0
2018-03-14,1324.4000244140625,0.74,2.07,-0.0011319474267272,-0.01,-0.02,0.0310371692780775,0.1316970113573796,0.2775,-0.0161999999999999,False,,No Episode,0
2018-03-15,1316.800048828125,0.74,2.08,-0.0057549571034449,0.0,0.0100000000000002,0.1715980226777994,0.1477473298925139,0.2729,-0.0046,False,,No Episode,0
2018-03-16,1311.300048828125,0.77,2.08,-0.0041855392298977,0.03,0.0,0.3015519119271052,0.0978517944084785,0.2797,0.0068,False,,No Episode,0
2018-03-19,1316.800048828125,0.77,2.08,0.0041855392298977,0.0,0.0,0.351256148278017,0.1322920546860124,0.2788,-0.0009,False,,No Episode,0
2018-03-20,1311.0999755859375,0.81,2.08,-0.0043381271193982,0.04,0.0,0.398529369879443,0.1068446049421106,0.2913,0.0125,False,,No Episode,0
2018-03-21,1320.699951171875,0.8,2.09,0.0072954011940575,-0.01,0.0099999999999997,0.4437139024922437,0.1005947605625995,0.2993,0.008,False,,No Episode,0
2018-03-22,1326.5999755859375,0.75,2.08,0.0044573976096105,-0.05,-0.0099999999999997,0.4131437254984613,0.1558531131610656,0.2806,-0.0186999999999999,False,,No Episode,0
2018-03-23,1349.300048828125,0.75,2.07,0.0169667159365154,0.0,-0.0100000000000002,0.3343135502968625,0.1354179543474717,0.2708,-0.0098,False,,No Episode,0
2018-03-26,1354.4000244140625,0.77,2.08,0.0037725942201793,0.02,0.0100000000000002,0.3342101180326125,0.1576744644117001,0.2779,0.0070999999999999,False,,No Episode,0
2018-03-27,1341.300048828125,0.71,2.07,-0.0097192405330392,-0.06,-0.0100000000000002,0.2457562757578759,0.2217945843662359,0.251,-0.0268999999999999,False,,No Episode,0
2018-03-28,1324.199951171875,0.72,2.05,-0.0128308626945594,0.01,-0.02,0.2490658450455788,0.1929891251350843,0.2479,-0.0030999999999999,False,,No Episode,0
2018-03-29,1322.800048828125,0.69,2.05,-0.0010577275967262,-0.03,0.0,0.1394645625200986,0.0767995638598845,0.235,-0.0129,False,,No Episode,0
2018-04-03,1332.800048828125,0.71,2.08,-0.0069535041644925,0.0299999999999999,0.0300000000000002,-0.1374300268939384,0.0178492753841429,0.2439,0.0186999999999999,False,,No Episode,0
2018-04-04,1335.800048828125,0.71,2.08,0.0022483707966793,0.0,0.0,-0.1800985232068536,0.0273928402739227,0.2548,0.0109,False,,No Episode,0
2018-04-05,1324.300048828125,0.75,2.08,-0.0086463450411926,0.04,0.0,-0.2250025318677468,-0.0385442393941009,0.2701,0.0152999999999999,False,,No Episode,0
2018-04-06,1331.9000244140625,0.7,2.07,0.005722457733424,-0.05,-0.0100000000000002,-0.2934028671504289,-0.0774255409713256,0.2515,-0.0186,False,,No Episode,0
2018-04-09,1336.300048828125,0.71,2.07,0.0032981247895707,0.01,0.0,-0.323395414103775,-0.0888822043045884,0.2496,-0.0019,False,,No Episode,0
2018-04-10,1342.0,0.72,2.08,0.0042564012048202,0.01,0.0100000000000002,-0.3405353434136677,-0.0751955217927793,0.2569,0.0073,False,,No Episode,0
2018-04-11,1356.5,0.68,2.11,0.0107468145673585,-0.0399999999999999,0.0299999999999998,-0.419362700825812,-0.0570760207989181,0.2526,-0.0043,False,,No Episode,0
2018-04-12,1338.4000244140625,0.7,2.13,-0.0134329641851413,0.0199999999999999,0.02,-0.4342457366114106,-0.1052504160886451,0.2719,0.0192999999999999,False,,No Episode,0
2018-04-13,1344.800048828125,0.69,2.13,0.0047704504893983,-0.01,0.0,-0.567266588960085,-0.1841104515837321,0.2731,0.0012,False,,No Episode,0
2018-04-16,1347.5,0.71,2.12,0.0020056843799087,0.02,-0.0099999999999997,-0.582812529431082,-0.261723719545931,0.2736,0.0005,False,,No Episode,0
2018-04-17,1347.199951171875,0.68,2.14,-0.0002226955392448,-0.0299999999999999,0.02,-0.6081400669087561,-0.247570720068129,0.2662,-0.0074,False,,No Episode,0
2018-04-18,1351.199951171875,0.71,2.16,0.0029647221128232,0.0299999999999999,0.02,-0.6225260228071446,-0.2614951416106771,0.2833,0.0171,False,,No Episode,0
2018-04-19,1346.800048828125,0.75,2.17,-0.0032616058148926,0.04,0.0099999999999997,-0.5854687183912062,-0.2787481755194944,0.3036,0.0202999999999999,False,,No Episode,0
2018-04-20,1336.699951171875,0.79,2.17,-0.007527591093269,0.04,0.0,-0.5427096608669946,-0.3270871953724228,0.3251,0.0215,False,,No Episode,0
2018-04-23,1322.5,0.8,2.18,-0.010679968716114,0.01,0.0100000000000002,-0.5430560418087211,-0.343967529956963,0.3371,0.012,False,,No Episode,0
2018-04-24,1331.4000244140625,0.83,2.17,0.0067071537712841,0.0299999999999999,-0.0100000000000002,-0.4916739671330244,-0.3103539478475122,0.3415,0.0044,False,,No Episode,0
2018-04-25,1321.199951171875,0.86,2.17,-0.0076906609445108,0.03,0.0,-0.5087831131961044,-0.3211646152866929,0.3548,0.0132999999999999,False,,No Episode,0
2018-04-26,1316.300048828125,0.82,2.18,-0.0037155700328845,-0.04,0.0100000000000002,-0.5475110438814834,-0.2888245329137902,0.3513,-0.0035,False,,No Episode,0
2018-04-27,1320.300048828125,0.79,2.17,0.0030342129414098,-0.0299999999999999,-0.0100000000000002,-0.5799113448467577,-0.3014762990706281,0.3396,-0.0116999999999999,False,,No Episode,0
2018-04-30,1316.199951171875,0.78,2.17,-0.0031102605435355,-0.01,0.0,-0.5916778956046901,-0.2825875762727775,0.3293,-0.0103,False,,No Episode,0
2018-05-01,1303.800048828125,0.81,2.16,-0.0094656449831544,0.03,-0.0099999999999997,-0.6182319812399218,-0.3112455829922914,0.3333,0.004,False,,No Episode,0
2018-05-02,1302.5999755859375,0.8,2.17,-0.0009208665713247,-0.01,0.0099999999999997,-0.6101182731094205,-0.2965995724008077,0.3324,-0.0009,False,,No Episode,0
2018-05-03,1310.699951171875,0.78,2.16,0.0061990600022898,-0.02,-0.0099999999999997,-0.6049721077892368,-0.3041803242629339,0.324,-0.0083999999999999,False,,No Episode,0
2018-05-04,1312.699951171875,0.79,2.16,0.0015247392406196,0.01,0.0,-0.6186628512751831,-0.2811693430001359,0.3269,0.0029,False,,No Episode,0
2018-05-07,1312.199951171875,0.78,2.17,-0.0003809669127576,-0.01,0.0099999999999997,-0.6424030874726886,-0.3063358891667579,0.3264,-0.0005,False,,No Episode,0
2018-05-08,1312.0,0.81,2.16,-0.000152390195856,0.03,-0.0099999999999997,-0.7146383805369677,-0.3168752185683319,0.3339,0.0074999999999999,False,,No Episode,0
2018-05-09,1311.300048828125,0.82,2.18,-0.0005336417302306,0.0099999999999998,0.02,-0.7234355875067984,-0.4602354678227917,0.3463,0.0124,False,,No Episode,0
2018-05-10,1320.800048828125,0.8,2.17,0.0072186018007123,-0.0199999999999999,-0.0100000000000002,-0.7378713629761703,-0.4902411936764355,0.3419,-0.0044,False,,No Episode,0
2018-05-11,1319.0,0.82,2.15,-0.0013637768572012,0.0199999999999999,-0.02,-0.7774602167264462,-0.5110505168823575,0.3386,-0.0032999999999999,False,,No Episode,0
2018-05-14,1316.5,0.85,2.15,-0.0018971737809501,0.03,0.0,-0.7699921369791124,-0.5173434943352019,0.342,0.0034,False,,No Episode,0
2018-05-15,1288.9000244140625,0.9,2.18,-0.021187539583849,0.05,0.0300000000000002,-0.8127089412833005,-0.5635831924133764,0.3721,0.0300999999999999,False,,No Episode,0
2018-05-16,1290.199951171875,0.92,2.17,0.0010080469002327,0.02,-0.0100000000000002,-0.8391198286272313,-0.5540012504001925,0.3866,0.0145,False,,No Episode,0
2018-05-17,1288.199951171875,0.95,2.16,-0.0015513500441075,0.0299999999999999,-0.0099999999999997,-0.8625550406952087,-0.5282305668159492,0.395,0.0084,False,,No Episode,0
2018-05-18,1290.199951171875,0.91,2.15,0.0015513500441075,-0.0399999999999999,-0.0100000000000002,-0.8810172361711158,-0.4983660251489681,0.381,-0.014,False,,No Episode,0
2018-05-21,1290.199951171875,0.9,2.16,0.0,-0.01,0.0100000000000002,-0.8887197679052901,-0.5051780659912425,0.3743,-0.0066999999999999,False,,No Episode,0
2018-05-22,1291.699951171875,0.91,2.15,0.0011619351837772,0.01,-0.0100000000000002,-0.8914685235498098,-0.5123185038090721,0.3719,-0.0024,False,,No Episode,0
2018-05-23,1289.300048828125,0.87,2.14,-0.0018596691479242,-0.04,-0.0099999999999997,-0.878777480582672,-0.4235151881206177,0.3486,-0.0232999999999999,False,,No Episode,0
2018-05-24,1303.699951171875,0.86,2.12,0.0111068649266332,-0.01,-0.02,-0.876058102301831,-0.4268963040596861,0.3338,-0.0148,False,,No Episode,0
2018-05-25,1303.300048828125,0.84,2.09,-0.0003067912135685,-0.02,-0.0300000000000002,-0.8641430928688569,-0.4143495143346529,0.3136,-0.0201999999999999,False,,No Episode,0
2018-05-30,1301.5,0.78,2.06,0.0021537189162703,0.05,0.02,-0.6994919530280038,-0.2551803723028529,0.2491,0.0114999999999999,False,,No Episode,0
2018-05-31,1300.0999755859375,0.76,2.07,-0.0010762796451002,-0.02,0.0099999999999997,-0.5941238721695841,-0.2777243834915227,0.2481,-0.001,False,,No Episode,0
2018-06-01,1294.800048828125,0.8,2.09,-0.0040848850264909,0.04,0.02,-0.5236794388875865,-0.2824155608530831,0.2734,0.0252999999999999,False,,No Episode,0
2018-06-04,1293.0999755859375,0.82,2.12,-0.0013138633414815,0.0199999999999999,0.0300000000000002,-0.501636259195127,-0.2513453749682788,0.2935,0.0201,True,10,Control,4
2018-06-05,1297.5,0.79,2.13,0.0033969186184963,-0.0299999999999999,0.0099999999999997,-0.4694542984440731,-0.2644236828532502,0.2867,-0.0067999999999999,True,10,Control,4
2018-06-06,1297.0999755859375,0.83,2.14,-0.0003083515154518,0.0399999999999999,0.0100000000000002,-0.5131517087875993,-0.3069164956989249,0.3083,0.0216,True,10,Control,4
2018-06-07,1298.699951171875,0.8,2.13,0.0012327419937578,-0.0299999999999999,-0.0100000000000002,-0.562165859069113,-0.2861219821231843,0.2972,-0.0110999999999999,True,10,Control,4
2018-06-08,1298.0999755859375,0.82,2.11,-0.0004620884269366,0.0199999999999999,-0.02,-0.5681999838325763,-0.3156838916238146,0.2956,-0.0016,True,10,Control,4
2018-06-11,1298.9000244140625,0.83,2.13,0.0006161331177771,0.01,0.02,-0.559658801151116,-0.2990838688689104,0.3049,0.0093,True,10,Control,4
2018-06-12,1295.0999755859375,0.83,2.13,-0.0029298778307511,0.0,0.0,-0.5366427834999375,-0.304834345834765,0.3137,0.0087999999999999,True,10,Control,4
2018-06-13,1296.9000244140625,0.86,2.12,0.001388926788195,0.03,-0.0099999999999997,-0.5383358612501645,-0.2585168198403853,0.3279,0.0142,True,10,Control,4
2018-06-14,1304.0,0.82,2.12,0.0054596433199645,-0.04,0.0,-0.5394302005580541,-0.2936304749628175,0.3165,-0.0114,True,10,Control,4
2018-06-15,1274.5999755859375,0.81,2.12,-0.0228040787606982,-0.0099999999999998,0.0,-0.4244417907078519,-0.1751101877860773,0.3103,-0.0061999999999999,True,10,Control,4
2018-06-18,1276.199951171875,0.8,2.12,0.0012544894477866,-0.01,0.0,-0.3215969766044113,-0.1822931196804143,0.3045,-0.0058,True,10,Control,4
2018-06-19,1275.5999755859375,0.77,2.12,-0.0004702371770619,-0.03,0.0,-0.1782669873714235,-0.1815021921515977,0.2877,-0.0167999999999999,True,10,Control,4
2018-06-20,1271.199951171875,0.81,2.12,-0.0034553391851677,0.04,0.0,-0.1156828088796668,-0.1980664545853936,0.2972,0.0095,True,10,Control,4
2018-06-21,1267.199951171875,0.79,2.11,-0.003151594283592,-0.02,-0.0100000000000002,-0.0341279439416566,-0.1918775409842617,0.2888,-0.0084,True,10,Control,4
2018-06-22,1267.4000244140625,0.78,2.12,0.0001578736246585,-0.01,0.0100000000000002,0.0826786663596023,-0.1751199683440157,0.2883,-0.0005,True,10,Control,4
2018-06-25,1265.5999755859375,0.77,2.1,-0.001421278429639,-0.01,-0.02,0.1785883268844041,-0.1760182644823185,0.2763,-0.012,True,10,Control,4
2018-06-26,1256.5999755859375,0.76,2.12,-0.0071366571827047,-0.01,0.02,0.2495608391653933,-0.1671659236108454,0.2733,-0.003,True,10,Control,4
2018-06-27,1252.800048828125,0.72,2.11,-0.0030285563284468,-0.04,-0.0100000000000002,0.3682882740891403,0.015493144783179,0.2558,-0.0174999999999999,True,10,Control,4
2018-06-28,1247.800048828125,0.74,2.1,-0.0039990454036766,0.02,-0.0099999999999997,0.4422606833831526,-0.009940862798324,0.2571,0.0012999999999999,True,10,Control,4
2018-06-29,1251.300048828125,0.74,2.11,0.0028010100848696,0.0,0.0099999999999997,0.5307755791304789,-0.0014557539267511,0.2603,0.0031999999999999,True,10,Control,4
2018-07-02,1239.800048828125,0.73,2.14,-0.0092329342412353,-0.01,0.0300000000000002,0.5981007991467273,0.0216174124907923,0.2638,0.0035,True,10,Control,4
2018-07-03,1251.5999755859375,0.71,2.12,0.009472597636754,-0.02,-0.02,0.6555474180538803,-0.0057214402557796,0.2505,-0.0132999999999999,True,10,Control,4
2018-07-06,1254.300048828125,0.7,2.12,-0.0023889164756205,-0.01,-0.0099999999999997,0.7420487106691801,-0.0105070774684216,0.2429,-0.0077999999999999,True,10,Control,4
2018-07-09,1258.0999755859375,0.73,2.13,0.0030249399923691,0.03,0.0099999999999997,0.7375265697744187,0.0282891535426383,0.2529,0.01,True,10,Control,4
2018-07-10,1253.800048828125,0.74,2.13,-0.0034236481676055,0.01,0.0,0.7296578734305628,0.0253341872577193,0.2599,0.007,True,10,Control,4
2018-07-11,1242.800048828125,0.74,2.11,-0.0088120409762826,0.0,-0.02,0.8048393269595137,-0.02743025708309,0.2534,-0.0065,True,10,Control,4
2018-07-12,1245.0,0.75,2.1,0.0017685920911132,0.01,-0.0099999999999997,0.8218268657081463,-0.0680708397591054,0.2534,0.0,True,10,Control,4
2018-07-13,1239.5999755859375,0.72,2.11,-0.0043468026803283,-0.03,0.0099999999999997,0.8732952009872855,-0.0440098926601176,0.2443,-0.0091,True,10,Control,4
2018-07-16,1238.0999755859375,0.75,2.1,-0.0012108005108082,0.03,-0.0099999999999997,0.864781368543641,-0.014940282245593,0.2457,0.0014,True,10,Control,4
2018-07-17,1225.699951171875,0.77,2.09,-0.0100658571974827,0.02,-0.0100000000000002,0.8082298958906259,-0.0620862815637635,0.2495,0.0037999999999999,True,10,Control,4
2018-07-18,1226.300048828125,0.79,2.09,0.0004894760752298,0.02,0.0,0.7473941241031087,-0.0118563742655718,0.254,0.0045,True,10,Control,4
2018-07-19,1222.4000244140625,0.75,2.09,-0.0031853862009256,-0.04,0.0,0.7142253674982968,-0.0167300368846324,0.2441,-0.0098999999999999,True,10,Control,4
2018-07-20,1229.5,0.78,2.11,0.0057914232717548,0.03,0.02,0.6737503706140011,0.067448572053567,0.2591,0.0149999999999999,True,10,Control,4
2018-07-23,1224.0,0.85,2.11,-0.004483398583976,0.0699999999999999,0.0,0.4859400856429057,0.0129409802010687,0.2889,0.0297999999999999,True,10,Control,4
2018-07-24,1223.9000244140625,0.84,2.11,-8.168273621933508e-05,-0.01,0.0,0.3185952984994986,0.0031680882838213,0.291,0.0020999999999999,True,10,Control,4
2018-07-25,1231.4000244140625,0.81,2.13,0.006109251967322,-0.0299999999999999,0.02,0.2073934705715679,-0.0466755907022607,0.289,-0.002,True,10,Control,4
2018-07-26,1225.300048828125,0.87,2.11,-0.0049660014980394,0.0599999999999999,-0.02,-0.0548307422780649,-0.1005167261790709,0.3089,0.0199,True,10,Control,4
2018-07-27,1222.5999755859375,0.84,2.12,-0.0022060331796796,-0.03,0.0100000000000002,-0.2652516633978243,-0.0413069323731358,0.3051,-0.0038,True,10,Control,4
2018-07-30,1221.300048828125,0.85,2.13,-0.0010638134681615,0.01,0.0099999999999997,-0.3906260281530732,-0.115170460557601,0.3056,0.0005,True,10,Control,4
2018-07-31,1223.699951171875,0.84,2.12,0.0019631109320892,-0.01,-0.0099999999999997,-0.4915660711390682,-0.1169313522384815,0.2979,-0.0076999999999999,True,10,Control,4
2018-08-01,1217.9000244140625,0.87,2.13,-0.0047509319504861,0.03,0.0099999999999997,-0.5674679969858341,-0.132444728020304,0.3112,0.0132999999999999,True,10,Control,4
2018-08-02,1210.5999755859375,0.86,2.12,-0.0060119998484209,-0.01,-0.0099999999999997,-0.6880821463820578,-0.1002672780319988,0.3074,-0.0037999999999999,True,10,Control,4
2018-08-03,1214.199951171875,0.83,2.12,0.0029692991914211,-0.03,0.0,-0.7508766993727081,-0.1447467337923914,0.2933,-0.0141,True,10,Control,4
2018-08-06,1208.5999755859375,0.83,2.11,-0.0046227387549224,0.0,-0.0100000000000002,-0.803088945470555,-0.1380910214381806,0.2813,-0.012,True,10,Control,4
2018-08-07,1209.5999755859375,0.85,2.13,0.0008270615145109,0.02,0.02,-0.8524567186705021,-0.1254014294220349,0.2908,0.0095,True,10,Control,4
2018-08-08,1212.5999755859375,0.85,2.11,0.0024770882622959,0.0,-0.02,-0.8727571201419264,-0.1505430716607571,0.2914,0.0005999999999999,True,10,Control,4
2018-08-09,1211.9000244140625,0.82,2.11,-0.0005773983842614,-0.03,0.0,-0.8619778846789481,-0.1811275524471383,0.2767,-0.0146999999999999,True,10,Control,4
2018-08-10,1211.0999755859375,0.78,2.09,-0.0006603787513004,-0.0399999999999999,-0.02,-0.827240456338606,-0.1666616269749344,0.2508,-0.0258999999999999,True,10,Control,4
2018-08-13,1191.300048828125,0.78,2.1,-0.0164838285758426,0.0,0.0100000000000002,-0.7320579862415229,-0.1382839967364747,0.2432,-0.0076,True,10,Control,4
2018-08-14,1193.0,0.8,2.09,0.0014259543053389,0.02,-0.0100000000000002,-0.6870692802872307,-0.1515039432115119,0.2464,0.0032,True,10,Control,4
2018-08-15,1177.5,0.78,2.08,-0.013077596207343,-0.02,-0.0099999999999997,-0.5604422648203027,-0.0319502406030688,0.2337,-0.0127,True,10,Control,4
2018-08-16,1176.199951171875,0.79,2.08,-0.0011046853781726,0.01,0.0,-0.4477861497875766,-0.0269068933100015,0.2353,0.0016,True,10,Control,4
2018-08-17,1176.5,0.79,2.08,0.0002550676550168,0.0,0.0,-0.3274553339361519,-0.0292242675617464,0.2357,0.0003999999999999,True,10,Control,4
2018-08-20,1186.800048828125,0.75,2.07,0.0087167213919228,-0.04,-0.0100000000000002,-0.1697962518106368,-0.160156271241005,0.2156,-0.0200999999999999,True,10,Control,4
2018-08-21,1192.5999755859375,0.77,2.08,0.0048751266583737,0.02,0.0100000000000002,-0.0511746105472963,-0.1242743259262363,0.2183,0.0026999999999999,True,10,Control,4
2018-08-22,1196.300048828125,0.74,2.08,0.003097723775097,-0.03,0.0,0.0723177704853808,-0.155329417187046,0.2095,-0.0088,True,10,Control,4
2018-08-23,1187.0,0.73,2.09,-0.0078043853831424,-0.01,0.0099999999999997,0.2239012870724845,-0.1465961979185333,0.2084,-0.0010999999999999,True,10,Control,4
2018-08-24,1206.300048828125,0.73,2.09,0.0161287484392653,0.0,0.0,0.3596193394348668,-0.1466046772624149,0.2097,0.0012999999999999,True,10,Control,4
2018-08-27,1209.0,0.74,2.11,0.002235707565859,0.01,0.02,0.4454113183911358,-0.1405810844185163,0.2165,0.0068,True,10,Control,4
2018-08-28,1207.4000244140625,0.77,2.11,-0.0013242640321067,0.03,0.0,0.4820517988655475,-0.1110446278864634,0.2295,0.013,True,10,Control,4
2018-08-29,1204.5,0.77,2.12,-0.0024047645277596,0.0,0.0100000000000002,0.504731962582814,-0.1162514992798036,0.2347,0.0051999999999999,True,10,Control,4
2018-08-30,1197.699951171875,0.76,2.1,-0.0056615328697091,-0.01,-0.02,0.5726082487224854,-0.1298592271216534,0.2242,-0.0104999999999999,True,10,Control,4
2018-08-31,1200.300048828125,0.78,2.08,0.0021685560260156,0.02,-0.02,0.6264795274035239,-0.1621817877657987,0.2206,-0.0036,True,10,Control,4
2018-09-05,1194.9000244140625,0.81,2.09,0.0018429166421238,0.01,-0.0100000000000002,0.5771544099648895,-0.1391265311154678,0.2343,0.0007999999999999,True,10,Control,4
2018-09-06,1197.9000244140625,0.8,2.08,0.0025075238304079,-0.01,-0.0099999999999997,0.5985439494128959,-0.1027312753145884,0.2277,-0.0065999999999999,True,10,Control,4
2018-09-07,1193.5999755859375,0.84,2.1,-0.0035961141226481,0.0399999999999999,0.02,0.5200956140924514,-0.0745883163636753,0.2523,0.0246,True,10,Control,4
2018-09-10,1193.0,0.84,2.1,-0.0005027868974396,0.0,0.0,0.4605133518479266,-0.0880662647257899,0.2544,0.0020999999999999,True,10,Control,4
2018-09-11,1195.4000244140625,0.86,2.12,0.0020097347155791,0.02,0.02,0.383157309428979,-0.0711902591144285,0.272,0.0176,True,10,Control,4
2018-09-12,1204.699951171875,0.85,2.12,0.0077496549279549,-0.01,0.0,0.3543435978784271,-0.0847711890273952,0.2709,-0.0011,True,10,Control,4
2018-09-13,1202.0,0.87,2.1,-0.002243696646297,0.02,-0.02,0.2865477856480128,-0.0622954571362972,0.2717,0.0008,True,10,Control,4
2018-09-14,1195.0,0.89,2.1,-0.0058406507295423,0.02,0.0,0.2030214818939527,-0.1051210717290574,0.283,0.0112999999999999,True,10,Control,4
2018-09-17,1199.699951171875,0.89,2.1,0.003925299454992,0.0,0.0,0.1772851537975069,-0.0815855354998919,0.2829,-9.9999999999989e-05,True,10,Control,4
2018-09-18,1196.800048828125,0.92,2.13,-0.0024201158014891,0.03,0.0299999999999998,0.1405769632710068,-0.0976035711904264,0.3029,0.02,True,10,Control,4
2018-09-19,1202.199951171875,0.93,2.15,0.0045018019703046,0.01,0.02,0.1385995218280619,-0.0935024778929222,0.3183,0.0154,True,10,Control,4
2018-09-20,1206.199951171875,0.92,2.15,0.0033217105465146,-0.01,0.0,0.1597696155695971,-0.1026286434194552,0.3206,0.0022999999999999,True,10,Control,4
2018-09-21,1196.199951171875,0.92,2.15,-0.0083250567448427,0.0,0.0,0.1494048391817356,-0.100760929606574,0.3188,-0.0018,True,10,Control,4
2018-09-24,1199.300048828125,0.92,2.16,0.0025882691604381,0.0,0.0100000000000002,0.2062129329146405,-0.1174000405966164,0.3192,0.0004,True,10,Control,4
2018-09-25,1200.0,0.94,2.16,0.0005834628245633,0.0199999999999999,0.0,0.2145712414038252,-0.1558874348843288,0.3262,0.007,True,10,Control,4
2018-09-26,1194.0,0.92,2.14,-0.005012541823544,-0.0199999999999999,-0.02,0.1928145282391731,-0.1164500944035037,0.3161,-0.0100999999999999,True,10,Control,4
2018-09-27,1182.300048828125,0.91,2.15,-0.0098472797842124,-0.01,0.0099999999999997,0.0770758371465437,-0.1842111799193077,0.3136,-0.0025,True,10,Control,4
2018-09-28,1191.5,0.91,2.14,0.0077512823704619,0.0,-0.0099999999999997,0.0025034744794496,-0.1867288093435986,0.3096,-0.004,True,10,Control,4
2018-10-01,1187.0999755859375,0.95,2.14,-0.0036996800454476,0.0399999999999999,0.0,-0.1441205803389377,-0.218924966618893,0.3163,0.0067,True,10,Control,4
2018-10-02,1202.4000244140625,0.93,2.12,0.0128062422498578,-0.0199999999999999,-0.02,-0.1907462867270336,-0.2055998398480792,0.3056,-0.0107,True,10,Control,4
2018-10-03,1198.300048828125,0.99,2.16,-0.0034156533069067,0.0599999999999999,0.04,-0.2087546180810976,-0.2550715357817552,0.336,0.0304,True,10,Control,4
2018-10-04,1197.199951171875,1.03,2.16,-0.0009184702430271,0.04,0.0,-0.2196959642303022,-0.2371701724429398,0.3613,0.0252999999999999,True,10,Control,4
2018-10-05,1201.199951171875,1.07,2.16,0.0033355602664464,0.04,0.0,-0.2820498001775263,-0.2600580598624472,0.3826,0.0212999999999999,True,10,Control,4
2018-10-10,1189.300048828125,1.06,2.16,0.0017673875050832,0.02,-0.0099999999999997,-0.2838638389014892,-0.0636036768118874,0.3751,-0.0017,True,10,Control,4
2018-10-11,1223.5,1.02,2.12,0.028350664093339,-0.04,-0.04,0.0149374853031891,-0.3136043786692623,0.3502,-0.0248999999999999,True,10,Control,4
2018-10-12,1218.0999755859375,1.03,2.12,-0.0044233562195534,0.01,0.0,0.181882550445689,-0.3189633870253741,0.3435,-0.0066999999999999,True,10,Control,4
2018-10-15,1226.4000244140625,1.03,2.13,0.0067908208015277,0.0,0.0099999999999997,0.2887816394945943,-0.3559765826570218,0.3427,-0.0008,True,10,Control,4
2018-10-16,1227.300048828125,1.03,2.13,0.0007336059237568,0.0,0.0,0.3806954463997308,-0.3599067029063559,0.3409,-0.0018,True,10,Control,4
2018-10-17,1223.699951171875,1.06,2.13,-0.0029376582988742,0.03,0.0,0.4291244806164918,-0.3597116962498553,0.3506,0.0097,True,10,Control,4
2018-10-18,1226.5,1.07,2.1,0.0022855686089613,0.01,-0.0299999999999998,0.4828517286760207,-0.359477792721979,0.3459,-0.0047,True,10,Control,4
2018-10-19,1225.300048828125,1.09,2.11,-0.0009788328932094,0.02,0.0099999999999997,0.546330365819093,-0.3597493372681983,0.357,0.0110999999999999,True,10,Control,4
2018-10-22,1221.199951171875,1.09,2.11,-0.003351809928338,0.0,0.0,0.5683871815005003,-0.3353818291808507,0.3544,-0.0025999999999999,True,10,Control,4
2018-10-23,1233.4000244140625,1.08,2.09,0.0099406614745118,-0.01,-0.02,0.5940643656449386,-0.3595627217728443,0.342,-0.0123999999999999,True,10,Control,4
2018-10-24,1227.800048828125,1.03,2.07,-0.0045506135893198,-0.05,-0.02,0.5943027461567513,-0.2699680892231184,0.3089,-0.0331,True,10,Control,4
2018-10-25,1229.0999755859375,1.09,2.05,0.0010581845953803,0.06,-0.02,0.6496133488572148,-0.2335266960331698,0.316,0.0070999999999999,True,10,Control,4
2018-10-26,1232.5,1.02,2.06,0.0027624525592759,-0.07,0.0100000000000002,0.6551398134731394,-0.2238621506502184,0.293,-0.023,True,10,Control,4
2018-10-29,1224.5,1.02,2.06,-0.0065120295246225,0.0,0.0,0.6450844804745188,-0.2035394646949374,0.2856,-0.0073999999999999,True,10,Control,4
2018-10-30,1222.5999755859375,1.07,2.05,-0.0015528787665672,0.05,-0.0100000000000002,0.6554997751396995,-0.2088795772417215,0.2978,0.0121999999999999,True,10,Control,4
2018-10-31,1212.300048828125,1.1,2.05,-0.0084602965958557,0.03,0.0,0.6289077430414666,-0.2252861608721666,0.316,0.0181999999999999,True,10,Control,4
2018-11-01,1236.0,1.12,2.02,0.0193609369878364,0.02,-0.0299999999999998,0.6570789703045822,-0.1740820655018355,0.3154,-0.0005999999999999,True,10,Control,4
2018-11-02,1230.9000244140625,1.16,2.06,-0.0041347300670677,0.0399999999999998,0.04,0.682695715203746,-0.1861872051190397,0.346,0.0305999999999999,True,10,Control,4
2018-11-05,1229.800048828125,1.14,2.06,-0.0008940347270804,-0.02,0.0,0.6831713008151331,-0.1905100736280688,0.3451,-0.0008999999999999,True,10,Control,4
2018-11-06,1223.800048828125,1.15,2.07,-0.00489078229627,0.01,0.0099999999999997,0.6725602938700779,-0.1894259934048961,0.3517,0.0065999999999999,True,10,Control,4
2018-11-07,1226.199951171875,1.15,2.07,0.001959104580683,0.0,0.0,0.6658077156353925,-0.1907038630910249,0.3569,0.0051999999999999,True,10,Control,4
2018-11-08,1222.9000244140625,1.17,2.07,-0.0026948093485055,0.02,0.0,0.6311491025905503,-0.2201578795919232,0.3671,0.0101999999999999,True,10,Control,4
2018-11-09,1206.4000244140625,1.15,2.04,-0.0135843686685825,-0.02,-0.0299999999999998,0.5102028863594001,-0.1868496733359734,0.3512,-0.0158999999999999,False,,No Episode,0
2018-11-14,1207.9000244140625,1.12,2.0,0.007228707752084,0.0,-0.02,0.2571312800104181,-0.1361870986472843,0.3031,-0.0183,False,,No Episode,0
2018-11-15,1212.800048828125,1.11,2.0,0.0040484413255414,-0.01,0.0,0.1729690789415133,-0.1075032479731677,0.2935,-0.0095999999999999,False,,No Episode,0
2018-11-16,1220.800048828125,1.06,2.02,0.0065746453782544,-0.05,0.02,0.0851142151019626,-0.1223320449283144,0.278,-0.0154999999999999,False,,No Episode,0
2018-11-19,1223.0999755859375,1.07,1.99,0.0018821780054922,0.01,-0.03,0.0181295718009624,-0.1160064619486097,0.2638,-0.0142,False,,No Episode,0
2018-11-20,1219.0,1.09,1.97,-0.003357749051239,0.02,-0.02,0.0017826761905557,-0.1431364580385371,0.2612,-0.0025999999999999,False,,No Episode,0
2018-11-21,1225.800048828125,1.09,1.97,0.0055628814040398,0.0,0.0,-0.1099185888866814,-0.207724909730339,0.2632,0.002,False,,No Episode,0
2018-11-26,1220.199951171875,1.11,1.96,-0.0006554554094462,0.02,0.0,-0.2269335438709369,-0.0569489106131566,0.2619,0.005,False,,No Episode,0
2018-11-27,1211.199951171875,1.15,1.91,-0.0074031763319162,0.0399999999999998,-0.05,-0.3084466870191875,-0.0983354530671916,0.2596,-0.0023,False,,No Episode,0
2018-11-28,1221.4000244140625,1.12,1.94,0.0083861984082806,-0.0299999999999998,0.03,-0.2959951845972673,-0.1419483076783271,0.2516,-0.008,False,,No Episode,0
2018-11-29,1224.0999755859375,1.05,1.98,0.0022080983593433,-0.07,0.04,-0.2787801905204313,-0.1561786905464844,0.2469,-0.0046999999999999,False,,No Episode,0
2018-11-30,1220.199951171875,1.04,1.97,-0.0031911204357077,-0.01,-0.01,-0.2569150116876764,-0.1389861228725825,0.238,-0.0089,False,,No Episode,0
2018-12-03,1233.9000244140625,1.02,1.96,0.0111651649893245,-0.02,-0.01,-0.3099159422631046,-0.1688647795453906,0.2277,-0.0102999999999999,False,,No Episode,0
2018-12-04,1241.0999755859375,0.97,1.94,0.0058181587735823,-0.05,-0.02,-0.4280832663475001,-0.1972804176436004,0.1935,-0.0342,False,,No Episode,0
2018-12-07,1246.800048828125,0.96,1.89,0.0070023813482666,-0.01,-0.01,-0.5806122958842154,-0.1979696935249545,0.1482,-0.0199999999999999,False,,No Episode,0
2018-12-10,1243.699951171875,0.99,1.86,-0.002489539656616,0.03,-0.0299999999999998,-0.617715134153086,-0.2546718806889799,0.1409,-0.0073,False,,No Episode,0
2018-12-11,1241.9000244140625,1.06,1.83,-0.0014482837866971,0.07,-0.03,-0.6138880862360522,-0.2755803856190099,0.1564,0.0155,False,,No Episode,0
2018-12-12,1244.4000244140625,1.08,1.83,0.0020110210300003,0.02,0.0,-0.5794915597059455,-0.2639071775566409,0.1647,0.0083,False,,No Episode,0
2018-12-13,1242.699951171875,1.08,1.83,-0.001367113122642,0.0,0.0,-0.5772458246810558,-0.2703084589867541,0.1616,-0.0031,False,,No Episode,0
2018-12-14,1237.0,1.07,1.82,-0.0045972991274956,-0.01,-0.01,-0.5804709844621101,-0.2529245445190647,0.154,-0.0075999999999999,False,,No Episode,0
2018-12-17,1247.4000244140625,1.05,1.81,0.0083723112714944,-0.02,-0.01,-0.5866670997029046,-0.2343108737429229,0.1383,-0.0156999999999999,False,,No Episode,0
2018-12-18,1249.199951171875,1.01,1.81,0.001441902657425,-0.04,0.0,-0.6345388765647302,-0.3652191956734791,0.1231,-0.0152,False,,No Episode,0
2018-12-19,1252.0999755859375,0.97,1.8,0.0023188148550019,-0.04,-0.01,-0.7016848653354303,-0.3445295588369049,0.1022,-0.0209,False,,No Episode,0
2018-12-20,1263.5999755859375,1.03,1.76,0.0091426484304841,0.06,-0.04,-0.7023020290714058,-0.2088057441040402,0.1073,0.0051,False,,No Episode,0
2018-12-21,1253.800048828125,1.02,1.77,-0.0077857918229158,-0.01,0.01,-0.7144073353892704,-0.1802338981218072,0.106,-0.0013,False,,No Episode,0
2018-12-24,1267.5,0.99,1.75,0.0108674776813613,-0.03,-0.02,-0.7419504210016473,-0.2151290774028401,0.0817,-0.0243,False,,No Episode,0
2018-12-27,1277.300048828125,1.03,1.74,0.0063617710388754,-0.01,-0.03,-0.6716595568341495,-0.2635085712017373,0.0923,-0.0119,False,,No Episode,0
2018-12-28,1279.9000244140625,0.99,1.73,0.0020334556603831,-0.04,-0.01,-0.6623174060032643,-0.3118405794947875,0.0734,-0.0188999999999999,False,,No Episode,0
2018-12-31,1278.300048828125,0.98,1.71,-0.0012508605650429,-0.01,-0.02,-0.6592506496975283,-0.3160439191324809,0.0497,-0.0237,False,,No Episode,0
2019-01-03,1291.800048828125,0.88,1.68,0.0083956095001553,-0.0799999999999999,-0.02,-0.729941215513269,-0.3461673504653766,-0.0143,-0.047,False,,No Episode,0
2019-01-04,1282.699951171875,0.91,1.76,-0.0070694391577603,0.03,0.08,-0.7522316812416471,-0.3813671414613123,0.0184,0.0327,False,,No Episode,0
2019-01-07,1286.800048828125,0.92,1.78,0.0031913610711296,0.01,0.02,-0.7645019344582565,-0.3615459152820972,0.0371,0.0187,False,,No Episode,0
2019-01-08,1283.199951171875,0.91,1.82,-0.0028016342498524,-0.01,0.04,-0.7725687555963345,-0.3613681432624769,0.0535,0.0163999999999999,False,,No Episode,0
2019-01-09,1289.300048828125,0.91,1.83,0.004742553228195,0.0,0.01,-0.7790804816353574,-0.3566491805543467,0.0587,0.0052,False,,No Episode,0
2019-01-10,1284.699951171875,0.93,1.81,-0.0035742832584517,0.02,-0.02,-0.7722037298554506,-0.3654468377655447,0.0618,0.0030999999999999,False,,No Episode,0
2019-01-11,1287.0999755859375,0.88,1.83,0.0018664166569104,-0.05,0.02,-0.7504829376762204,-0.3043834006196619,0.0524,-0.0093999999999999,False,,No Episode,0
2019-01-14,1289.0999755859375,0.9,1.81,0.0015526748231557,0.02,-0.02,-0.7369943807965862,-0.2861980378489076,0.0495,-0.0029,False,,No Episode,0
2019-01-15,1286.199951171875,0.91,1.81,-0.0022521847725425,0.01,0.0,-0.7379725610602211,-0.3060553970350756,0.0508,0.0012999999999999,False,,No Episode,0
2019-01-16,1291.5999755859375,0.91,1.82,0.0041896442442617,0.0,0.01,-0.748950246451962,-0.3133461115269988,0.0587,0.0079,False,,No Episode,0
2019-01-17,1291.0,0.96,1.79,-0.0004646291352923,0.0499999999999999,-0.03,-0.740726443133064,-0.3116149394296604,0.0738,0.0151,False,,No Episode,0
2019-01-18,1281.300048828125,0.96,1.83,-0.0075418862228433,0.0,0.04,-0.7682529782795119,-0.2655529668907904,0.0942,0.0204,False,,No Episode,0
2019-01-23,1283.0999755859375,0.96,1.8,0.0004677078286432,0.01,0.01,-0.8435927025407344,-0.2627227886912194,0.0816,0.0023999999999999,False,,No Episode,0
2019-01-24,1279.0999755859375,0.95,1.77,-0.0031223193551275,-0.01,-0.03,-0.8674387260335884,-0.2341693443430103,0.0703,-0.0113,False,,No Episode,0
2019-01-25,1297.4000244140625,0.97,1.79,0.0142055940781977,0.02,0.02,-0.8292741530820764,-0.12647646466928,0.0817,0.0113999999999999,False,,No Episode,0
2019-01-28,1302.4000244140625,0.97,1.78,0.0038464543970784,0.0,-0.01,-0.7695171638676439,-0.1282485641917446,0.0793,-0.0023999999999999,False,,No Episode,0
2019-01-29,1308.199951171875,0.94,1.78,0.0044433742087317,-0.03,0.0,-0.7136301352301423,-0.1394942322568518,0.0641,-0.0151999999999999,False,,No Episode,0
2019-01-30,1309.9000244140625,0.86,1.84,0.0012987078392665,-0.0799999999999999,0.06,-0.6939689119484282,-0.1283456263647367,0.048,-0.0161,False,,No Episode,0
2019-01-31,1319.699951171875,0.78,1.85,0.0074535839816558,-0.0799999999999999,0.01,-0.7219346595877234,-0.1796918693176266,0.0182,-0.0298,False,,No Episode,0
2019-02-01,1316.9000244140625,0.82,1.88,-0.0021238927681554,0.0399999999999999,0.0299999999999998,-0.7519084478391,-0.2110109505017859,0.0421,0.0238999999999999,False,,No Episode,0
2019-02-04,1314.300048828125,0.86,1.87,-0.0019762666158227,0.04,-0.0099999999999997,-0.7949353128657279,-0.2323344830925731,0.059,0.0169,False,,No Episode,0
2019-02-05,1314.199951171875,0.84,1.87,-7.616332988291674e-05,-0.02,0.0,-0.794410831443854,-0.3456342308541961,0.0549,-0.0040999999999999,False,,No Episode,0
2019-02-06,1309.5,0.84,1.86,-0.0035826933617428,0.0,-0.01,-0.7920569607820801,-0.3732048740143864,0.0496,-0.0052999999999999,False,,No Episode,0
2019-02-07,1309.4000244140625,0.81,1.84,-7.634929554711789e-05,-0.0299999999999999,-0.02,-0.7948541178682283,-0.3437578729601348,0.0302,-0.0193999999999999,False,,No Episode,0
2019-02-08,1313.699951171875,0.81,1.82,0.0032785106548436,0.0,-0.02,-0.7877349013782863,-0.358249270463279,0.0182,-0.012,False,,No Episode,0
2019-02-11,1307.0,0.83,1.82,-0.0051131116828413,0.0199999999999999,0.0,-0.7838825150042693,-0.38509923436056,0.0231,0.0048999999999999,False,,No Episode,0
2019-02-12,1309.199951171875,0.85,1.83,0.0016817917066491,0.02,0.01,-0.7789683089055667,-0.3733901941290055,0.0351,0.012,False,,No Episode,0
2019-02-13,1310.800048828125,0.85,1.86,0.0012214487444177,0.0,0.03,-0.7695470685191391,-0.3767562111958426,0.0497,0.0146,False,,No Episode,0
2019-02-14,1309.800048828125,0.81,1.85,-0.0007631840122668,-0.0399999999999999,-0.01,-0.7642693830806228,-0.3543918843441725,0.0336,-0.0161,False,,No Episode,0
2019-02-15,1318.0999755859375,0.8,1.86,0.0063167961332357,-0.01,0.01,-0.7875395132515296,-0.26208981306829,0.0337,0.0001,False,,No Episode,0
2019-02-20,1343.300048828125,0.76,1.89,0.0023850896102564,-0.02,0.0199999999999997,-0.8314659471062824,-0.2389816330700649,0.0211,-0.0031999999999999,False,,No Episode,0
2019-02-21,1323.5,0.78,1.91,-0.0148495667511925,0.02,0.02,-0.8431398578911046,-0.285331513364412,0.0351,0.0139999999999999,False,,No Episode,0
2019-02-22,1329.199951171875,0.74,1.91,0.0042974780783104,-0.04,0.0,-0.8532335008196698,-0.3045870192805538,0.0245,-0.0105999999999999,False,,No Episode,0
2019-02-25,1325.9000244140625,0.75,1.92,-0.0024857282115933,0.01,0.01,-0.8555526493099828,-0.2962567805642454,0.0268,0.0023,False,,No Episode,0
2019-02-26,1325.0999755859375,0.72,1.92,-0.0006035826876003,-0.03,0.0,-0.8655332142871577,-0.2884504970162857,0.0158,-0.011,False,,No Episode,0
2019-02-27,1317.699951171875,0.76,1.93,-0.0056001543506374,0.04,0.01,-0.8635559268580021,-0.3322907520129983,0.0319,0.0160999999999999,False,,No Episode,0
2019-02-28,1312.800048828125,0.78,1.95,-0.003725457525876,0.02,0.02,-0.8585311209090485,-0.3402655014422064,0.052,0.0201,False,,No Episode,0
2019-03-01,1296.4000244140625,0.8,1.96,-0.0125710868701682,0.02,0.01,-0.8230799002626031,-0.3693986061660247,0.0728,0.0208,False,,No Episode,0
2019-03-04,1284.800048828125,0.78,1.94,-0.0089881089026384,-0.02,-0.02,-0.7284401518237565,-0.3481291749222955,0.0619,-0.0109,False,,No Episode,0
2019-03-05,1282.0,0.79,1.93,-0.0021817437163376,0.01,-0.01,-0.6217414113060861,-0.352186328134125,0.0574,-0.0044999999999999,False,,No Episode,0
2019-03-06,1284.9000244140625,0.78,1.91,0.0022595548095685,-0.01,-0.02,-0.5143477547442816,-0.3525879261501868,0.0415,-0.0158999999999999,False,,No Episode,0
2019-03-07,1283.800048828125,0.74,1.9,-0.0008564453784476,-0.04,-0.01,-0.3510604921479818,-0.3431803926144574,0.0184,-0.0231,False,,No Episode,0
2019-03-08,1297.0,0.72,1.9,0.0102294374047078,-0.02,0.0,-0.1916887694928516,-0.3524600140686895,0.0042,-0.0142,False,,No Episode,0
2019-03-11,1288.800048828125,0.73,1.91,-0.0063423145671768,0.01,0.01,-0.061989584762317,-0.4682247931362566,0.0063,0.0021,False,,No Episode,0
2019-03-12,1296.300048828125,0.71,1.9,0.005802499524032,-0.02,-0.01,0.0401059492770676,-0.4818630176513933,-0.0064,-0.0127,False,,No Episode,0
2019-03-13,1307.5,0.69,1.92,0.0086028266657791,-0.02,0.02,0.068953433557844,-0.4742527061865514,-0.0073,-0.0008999999999999,False,,No Episode,0
2019-03-14,1293.4000244140625,0.69,1.94,-0.0108424880507067,0.0,0.02,0.1343692948026333,-0.4989096236715598,0.0006,0.0079,False,,No Episode,0
2019-03-15,1301.800048828125,0.65,1.94,0.0064735307580763,-0.0399999999999999,0.0,0.1583308130440725,-0.4883036949027027,-0.0109,-0.0115,False,,No Episode,0
2019-03-18,1300.300048828125,0.64,1.96,-0.0011529150377436,-0.01,0.02,0.1720154579185089,-0.5017136741861046,-0.0072,0.0037,False,,No Episode,0
2019-03-19,1305.0,0.66,1.95,0.0036079961480899,0.02,-0.01,0.1616376834376269,-0.482948673325778,-0.0046,0.0026,False,,No Episode,0
2019-03-20,1300.5,0.58,1.96,-0.0034542348680881,-0.08,0.01,0.1703297726180435,-0.3679098854796717,-0.0326,-0.0279999999999999,False,,No Episode,0
2019-03-21,1306.0999755859375,0.58,1.96,0.004296773002431,0.0,0.0,0.159857962545254,-0.3533580678428435,-0.0408,-0.0082,False,,No Episode,0
2019-03-22,1311.5999755859375,0.54,1.9,0.0042021684654018,-0.0399999999999999,-0.06,0.1172299017602976,-0.3717995008296344,-0.0806,-0.0398,False,,No Episode,0
2019-03-25,1321.9000244140625,0.55,1.88,0.0078223666977326,0.01,-0.02,0.0310352366501387,-0.3409588577090467,-0.101,-0.0204,False,,No Episode,0
2019-03-26,1314.300048828125,0.55,1.86,-0.0057658724148792,0.0,-0.0199999999999997,0.0055301946912778,-0.3276476222251875,-0.1151,-0.0140999999999999,False,,No Episode,0
2019-03-27,1309.9000244140625,0.55,1.84,-0.0033534245976776,0.0,-0.02,-0.0052671212036698,-0.3489083764834544,-0.1227,-0.0076,False,,No Episode,0
2019-03-28,1289.800048828125,0.56,1.83,-0.0154636116083093,0.01,-0.01,0.04435373147843,-0.3778251707463111,-0.1167,0.006,False,,No Episode,0
2019-03-29,1293.0,0.53,1.88,0.002477894338452,-0.03,0.0499999999999998,0.08738582920938,-0.3944943113548523,-0.105,0.0117,False,,No Episode,0
2019-04-01,1288.4000244140625,0.59,1.9,-0.0035639423656812,0.0599999999999999,0.02,0.0956099508673862,-0.3875128189308681,-0.0705,0.0345,False,,No Episode,0
2019-04-02,1290.0,0.58,1.9,0.0012410609495416,-0.01,0.0,0.053611697727909,-0.3902408309545565,-0.0685,0.0019999999999999,False,,No Episode,0
2019-04-03,1289.9000244140625,0.61,1.91,-7.750345753088084e-05,0.03,0.01,-0.0094635695186874,-0.3659130436981769,-0.0526,0.0159,False,,No Episode,0
2019-04-04,1289.0,0.61,1.9,-0.0006979909589999,0.0,-0.01,-0.056882606921609,-0.3322530434727577,-0.0513,0.0013,False,,No Episode,0
2019-04-05,1290.4000244140625,0.6,1.9,0.001085542791575,-0.01,0.0,-0.1082426901129192,-0.3098771338141372,-0.0535,-0.0022,False,,No Episode,0
2019-04-08,1297.0999755859375,0.61,1.91,0.0051787177938296,0.01,0.01,-0.1948471391146329,-0.2829713503309661,-0.0475,0.0059999999999999,False,,No Episode,0
2019-04-09,1303.5,0.6,1.91,0.004921969848965,-0.01,0.0,-0.2869562477279214,-0.2893422559457876,-0.0523,-0.0047999999999999,False,,No Episode,0
2019-04-10,1309.0999755859375,0.54,1.94,0.0042869051629947,-0.0599999999999999,0.03,-0.4268436019672798,-0.287362527654179,-0.066,-0.0137,False,,No Episode,0
2019-04-11,1288.5999755859375,0.57,1.94,-0.0157835207782008,0.0299999999999999,0.0,-0.5112437342385794,-0.3443202728869138,-0.0564,0.0096,False,,No Episode,0
2019-04-12,1290.5999755859375,0.61,1.95,0.0015508688265573,0.04,0.01,-0.5322867549839093,-0.2776499371883451,-0.0306,0.0258,False,,No Episode,0
2019-04-15,1286.800048828125,0.61,1.94,-0.0029486532746494,0.0,-0.01,-0.4795384670751552,-0.313451479195115,-0.0276,0.0029999999999999,False,,No Episode,0
2019-04-16,1272.5999755859375,0.64,1.96,-0.011096521695963,0.03,0.02,-0.3987187847453761,-0.3551785539419763,-0.011,0.0166,False,,No Episode,0
2019-04-17,1272.199951171875,0.65,1.94,-0.0003143857504479,0.01,-0.02,-0.3605877907814682,-0.3524669216054165,-0.0073,0.0036999999999999,False,,No Episode,0
2019-04-18,1271.9000244140625,0.62,1.95,-0.0002357822114547,-0.03,0.01,-0.2982719461153943,-0.3606107740126818,-0.0164,-0.0091,False,,No Episode,0
2019-04-23,1269.300048828125,0.62,1.95,-0.0033034095568353,-0.02,0.0,-0.3342320134364534,-0.3155664030292866,-0.018,-0.0073999999999999,False,,No Episode,0
2019-04-24,1275.5,0.57,1.96,0.0048726527191904,-0.05,0.01,-0.3302222132876909,-0.33249080862068,-0.0385,-0.0205,False,,No Episode,0
2019-04-25,1275.800048828125,0.56,1.98,0.0002352124985423,-0.0099999999999998,0.02,-0.385733449638084,-0.3209737083155176,-0.0381,0.0003999999999999,False,,No Episode,0
2019-04-26,1284.9000244140625,0.54,1.97,0.0071074422097749,-0.02,-0.01,-0.3890654674606595,-0.3404217543801637,-0.0511,-0.0129999999999999,False,,No Episode,0
2019-04-29,1278.5999755859375,0.58,1.96,-0.0049152030519286,0.0399999999999999,-0.01,-0.4310428264635961,-0.3311934708797059,-0.0433,0.0078,False,,No Episode,0
2019-04-30,1282.800048828125,0.56,1.95,0.0032795166444525,-0.0199999999999999,-0.01,-0.4567148145652164,-0.3408727977988124,-0.0546,-0.0113,False,,No Episode,0
2019-05-01,1281.4000244140625,0.59,1.93,-0.0010919776251396,0.0299999999999999,-0.02,-0.5811306828637685,-0.3615187283452162,-0.0475,0.0071,False,,No Episode,0
2019-05-02,1269.699951171875,0.66,1.89,-0.0091726356382499,0.07,-0.04,-0.618573564865966,-0.5131283325259612,-0.0351,0.0124,False,,No Episode,0
2019-05-03,1279.199951171875,0.63,1.91,0.0074542307295963,-0.03,0.02,-0.6327862168805581,-0.5396622669960023,-0.0372,-0.0020999999999999,False,,No Episode,0
2019-05-06,1281.699951171875,0.6,1.91,0.0019524392904868,-0.03,0.0,-0.6039767803289142,-0.5288656970603225,-0.0505,-0.0133,False,,No Episode,0
2019-05-07,1283.5,0.58,1.87,0.0014034376717937,-0.02,-0.0399999999999998,-0.5783229789872489,-0.5667399288978288,-0.0733,-0.0228,False,,No Episode,0
2019-05-08,1279.4000244140625,0.62,1.87,-0.0031994842127271,0.04,0.0,-0.5521460866445175,-0.5751093669760474,-0.0654,0.0079,False,,No Episode,0
2019-05-09,1283.5,0.6,1.85,0.0031994842127271,-0.02,-0.02,-0.5100075567754475,-0.5848922379540322,-0.0786,-0.0132,False,,No Episode,0
2019-05-10,1285.699951171875,0.59,1.88,0.0017125578011549,-0.01,0.0299999999999998,-0.5013970689993655,-0.6414725082768958,-0.0747,0.0039,False,,No Episode,0
2019-05-13,1300.0999755859375,0.55,1.85,0.0111378866771696,-0.0399999999999999,-0.0299999999999998,-0.5226175873212566,-0.663263905740858,-0.1033,-0.0286,False,,No Episode,0
2019-05-14,1294.699951171875,0.56,1.86,-0.0041621954387718,0.01,0.01,-0.5412014662062958,-0.6664229367675887,-0.0998,0.0035,False,,No Episode,0
2019-05-15,1296.300048828125,0.54,1.83,0.0012351199225513,-0.02,-0.03,-0.5650288280802824,-0.6651964036742481,-0.1189,-0.0191,False,,No Episode,0
2019-05-16,1285.0,0.56,1.84,-0.0087553719439785,0.02,0.01,-0.5696510983955989,-0.6810731215045426,-0.1123,0.0066,False,,No Episode,0
2019-05-17,1274.5,0.58,1.81,-0.0082047735131505,0.0199999999999999,-0.03,-0.5595113941130818,-0.6863603672292202,-0.1128,-0.0005,False,,No Episode,0
2019-05-20,1276.0999755859375,0.6,1.81,0.0012545877919816,0.02,0.0,-0.5687391249006559,-0.6731413336083457,-0.1013,0.0114999999999999,False,,No Episode,0
2019-05-21,1272.0,0.6,1.83,-0.0032180677080839,0.0,0.02,-0.6110893648957656,-0.6939129544768707,-0.0886,0.0127,False,,No Episode,0
2019-05-22,1273.5999755859375,0.6,1.79,0.0012570520207173,0.0,-0.04,-0.6787396449177159,-0.6941817592116906,-0.1011,-0.0124999999999999,False,,No Episode,0
2019-05-23,1284.800048828125,0.58,1.73,0.0087555852761678,-0.02,-0.06,-0.6493800558095494,-0.695078796477917,-0.1376,-0.0365,False,,No Episode,0
2019-05-24,1283.0,0.56,1.76,-0.0014020165813164,-0.0199999999999999,0.03,-0.6387443464017714,-0.6887675010372533,-0.1384,-0.0007999999999999,False,,No Episode,0
2019-05-29,1280.5999755859375,0.5,1.75,0.0032067413386132,-0.03,0.02,-0.5857363407665328,-0.6863149831207092,-0.1745,-0.0116999999999999,False,,No Episode,0
2019-05-30,1287.0999755859375,0.48,1.74,0.0050629076669084,-0.02,-0.01,-0.5720200780936534,-0.67097794203884,-0.1915,-0.017,False,,No Episode,0
2019-05-31,1305.800048828125,0.4,1.74,0.0144243104587369,-0.0799999999999999,0.0,-0.6932151412460054,-0.737734434333423,-0.2298,-0.0383,False,,No Episode,0
2019-06-03,1322.699951171875,0.34,1.73,0.0128591479707091,-0.06,-0.01,-0.8165569160531767,-0.7753378911634998,-0.2718,-0.0419999999999999,False,,No Episode,0
2019-06-04,1323.4000244140625,0.38,1.74,0.0005291359094377,0.0399999999999999,0.01,-0.8543466810039253,-0.7618112131875024,-0.2538,0.0179999999999999,False,,No Episode,0
2019-06-05,1328.300048828125,0.37,1.75,0.0036957648723756,-0.01,0.01,-0.8783760977247634,-0.7796962037791212,-0.2525,0.0013,False,,No Episode,0
2019-06-06,1337.5999755859375,0.39,1.73,0.0069769791799778,0.02,-0.02,-0.8843869317938143,-0.7353819170061064,-0.241,0.0115,False,,No Episode,0
2019-06-07,1341.199951171875,0.35,1.74,0.0026877541074794,-0.04,0.01,-0.903893411307348,-0.7294501017456466,-0.2477,-0.0067,False,,No Episode,0
2019-06-10,1324.699951171875,0.42,1.73,-0.0123787173553218,0.07,-0.01,-0.908708250146828,-0.7710761373993598,-0.2238,0.0239,False,,No Episode,0
2019-06-11,1326.4000244140625,0.43,1.72,0.0012825419568347,0.01,-0.01,-0.9085557290398416,-0.7602191944958131,-0.2141,0.0096999999999999,False,,No Episode,0
2019-06-12,1331.9000244140625,0.42,1.71,0.0041379887499468,-0.01,-0.01,-0.908272222455353,-0.7585758959527926,-0.2237,-0.0095999999999999,False,,No Episode,0
2019-06-13,1339.199951171875,0.42,1.68,0.0054658717373072,0.0,-0.03,-0.90203479584769,-0.7516324470534214,-0.2359,-0.0121999999999999,False,,No Episode,0
2019-06-14,1340.0999755859375,0.46,1.63,0.0006718355335486,0.04,-0.05,-0.8786754518924619,-0.7006937661194325,-0.2359,0.0,False,,No Episode,0
2019-06-17,1338.699951171875,0.48,1.61,-0.0010452624905257,0.0199999999999999,-0.0199999999999997,-0.8547835711172244,-0.6958514831480813,-0.2378,-0.0019,False,,No Episode,0
2019-06-18,1346.5999755859375,0.42,1.64,0.0058839216634618,-0.06,0.0299999999999998,-0.8489113354839231,-0.7024107872268709,-0.2491,-0.0112999999999999,False,,No Episode,0
2019-06-19,1344.5999755859375,0.36,1.67,-0.0014863261032118,-0.06,0.03,-0.8564345192671281,-0.6455000562253603,-0.2678,-0.0186999999999999,False,,No Episode,0
2019-06-20,1392.9000244140625,0.27,1.74,0.0352913693436747,-0.0899999999999999,0.07,-0.8766286608598142,-0.6959465519871808,-0.2728,-0.005,False,,No Episode,0
2019-06-21,1396.199951171875,0.34,1.73,0.0023663033426526,0.07,-0.01,-0.8672158020169525,-0.6486194046208633,-0.2448,0.0279999999999999,False,,No Episode,0
2019-06-24,1414.300048828125,0.31,1.71,0.0128805179868978,-0.03,-0.02,-0.8654912626740043,-0.6521498499360395,-0.2584,-0.0136,False,,No Episode,0
2019-06-25,1414.9000244140625,0.33,1.67,0.0004241309058388,0.02,-0.04,-0.8625630143936508,-0.6438849673581521,-0.2686,-0.0101999999999999,False,,No Episode,0
2019-06-26,1411.5999755859375,0.35,1.7,-0.002335078951078,0.0199999999999999,0.03,-0.8558326403832441,-0.64612793553971,-0.2492,0.0194,False,,No Episode,0
2019-06-27,1408.4000244140625,0.33,1.68,-0.0022694698902965,-0.0199999999999999,-0.02,-0.8576236933937162,-0.6380904137733315,-0.2617,-0.0124999999999999,False,,No Episode,0
2019-06-28,1409.699951171875,0.31,1.69,0.0009225555241272,-0.02,0.01,-0.8604450399219332,-0.6266983254445622,-0.268,-0.0063,False,,No Episode,0
2019-07-01,1385.5999755859375,0.34,1.69,-0.0172436399513111,0.03,0.0,-0.856071856468979,-0.6272755442075951,-0.2605,0.0075,False,,No Episode,0
2019-07-02,1404.5999755859375,0.33,1.65,0.0136193061550926,-0.01,-0.04,-0.8521656744075696,-0.6152681554307676,-0.279,-0.0185,False,,No Episode,0
2019-07-03,1417.699951171875,0.31,1.65,0.0092832583383808,-0.02,0.0,-0.8473442828893007,-0.6163494944503244,-0.293,-0.0139999999999999,False,,No Episode,0
2019-07-08,1397.0,0.35,1.7,0.0002148039048739,0.0,0.01,-0.8328257434614301,-0.6400951953060431,-0.2542,0.0068,False,,No Episode,0
2019-07-09,1397.5,0.36,1.71,0.0003578457722923,0.01,0.01,-0.8187047893385235,-0.649083040908793,-0.245,0.0091999999999999,False,,No Episode,0
2019-07-10,1410.0999755859375,0.33,1.74,0.0089756805002201,-0.0299999999999999,0.03,-0.7953730862305766,-0.6819429655928011,-0.25,-0.005,False,,No Episode,0
2019-07-11,1404.300048828125,0.36,1.77,-0.0041216137849033,0.0299999999999999,0.03,-0.7540151453078463,-0.6931547474924376,-0.2223,0.0277,False,,No Episode,0
2019-07-12,1409.9000244140625,0.35,1.77,0.0039798044429106,-0.01,0.0,-0.708020591012078,-0.6928026608578239,-0.2167,0.0055999999999999,False,,No Episode,0
2019-07-15,1411.4000244140625,0.32,1.77,0.0010633396770112,-0.0299999999999999,0.0,-0.7173033426212173,-0.663142341958824,-0.2203,-0.0035999999999999,False,,No Episode,0
2019-07-16,1409.199951171875,0.33,1.8,-0.0015600040469463,0.01,0.03,-0.7758265855928319,-0.6459706216712396,-0.2059,0.0143999999999999,False,,No Episode,0
2019-07-17,1421.300048828125,0.31,1.75,0.0085498472819711,-0.02,-0.05,-0.7990354591637305,-0.657368223628467,-0.2246,-0.0186999999999999,False,,No Episode,0
2019-07-18,1426.0999755859375,0.25,1.79,0.003371448523743,-0.06,0.04,-0.8274758306159871,-0.6362769642642044,-0.2418,-0.0171999999999999,False,,No Episode,0
2019-07-19,1425.0999755859375,0.25,1.8,-0.000701459075568,0.0,0.01,-0.8342436016581167,-0.6550694041477189,-0.2372,0.0045999999999999,False,,No Episode,0
2019-07-22,1425.300048828125,0.26,1.79,0.0001403825714305,0.01,-0.01,-0.8670447038155341,-0.6642296030914445,-0.2363,0.0008999999999999,False,,No Episode,0
2019-07-23,1420.0999755859375,0.27,1.81,-0.0036550776599471,0.01,0.02,-0.8661511244186965,-0.6293261020137316,-0.2277,0.0085999999999999,False,,No Episode,0
2019-07-24,1422.800048828125,0.26,1.79,0.0018995209334571,-0.01,-0.02,-0.8593912455121988,-0.629401946000131,-0.235,-0.0072999999999999,False,,No Episode,0
2019-07-25,1413.9000244140625,0.28,1.8,-0.0062749345276609,0.02,0.01,-0.8526526250427896,-0.6372275677874957,-0.227,0.0079999999999999,False,,No Episode,0
2019-07-26,1418.5,0.3,1.78,0.0032481143839335,0.0199999999999999,-0.02,-0.8421294772250876,-0.6316661915319953,-0.2268,0.0002,False,,No Episode,0
2019-07-29,1419.5999755859375,0.29,1.77,0.0007751493255891,-0.01,-0.01,-0.8048766465758252,-0.6433291675722671,-0.2357,-0.0088999999999999,False,,No Episode,0
2019-07-30,1429.699951171875,0.28,1.78,0.007089473307916,-0.0099999999999999,0.01,-0.7255029206109784,-0.6408511368449287,-0.2347,0.001,False,,No Episode,0
2019-07-31,1426.0999755859375,0.26,1.76,-0.0025211692591504,-0.02,-0.02,-0.640109142032906,-0.6367643981708099,-0.2398,-0.0051,False,,No Episode,0
2019-08-01,1420.9000244140625,0.2,1.7,-0.0036529377971197,-0.06,-0.06,-0.669990555340844,-0.6204606037564794,-0.2996,-0.0597999999999999,False,,No Episode,0
2019-08-02,1445.5999755859375,0.2,1.66,0.0172339525633447,0.0,-0.04,-0.8230674102976137,-0.3965103424569873,-0.3223,-0.0226999999999999,False,,No Episode,0
2019-08-05,1464.5999755859375,0.15,1.6,0.0130577075680431,-0.05,-0.0599999999999998,-0.8765586786621339,-0.5190391465246532,-0.3719,-0.0496,False,,No Episode,0
2019-08-06,1472.4000244140625,0.11,1.62,0.0053115881284719,-0.0399999999999999,0.02,-0.914946616543337,-0.5047923438924109,-0.391,-0.0191,False,,No Episode,0
2019-08-07,1507.300048828125,0.09,1.62,0.0234262641249127,-0.02,0.0,-0.9279496601106236,-0.4883881164668359,-0.399,-0.008,False,,No Episode,0
2019-08-08,1497.699951171875,0.07,1.65,-0.0063894378146374,-0.0199999999999999,0.0299999999999998,-0.9481384309613936,-0.4558225678170476,-0.3943,0.0047,False,,No Episode,0
2019-08-09,1496.5999755859375,0.08,1.66,-0.0007347130630357,0.0099999999999999,0.01,-0.9564205774569228,-0.4700352906094014,-0.3813,0.013,False,,No Episode,0
2019-08-12,1505.300048828125,0.04,1.61,0.0057963939706882,-0.04,-0.0499999999999998,-0.9638774333484122,-0.4784316682086412,-0.4119,-0.0306,False,,No Episode,0
2019-08-13,1502.199951171875,0.05,1.63,-0.0020615785564279,0.01,0.0199999999999997,-0.9705116041377454,-0.4213255933376161,-0.3974,0.0145,False,,No Episode,0
2019-08-14,1515.9000244140625,0.02,1.57,0.009078670323797,-0.03,-0.0599999999999998,-0.9741296000583376,-0.4498180387515566,-0.422,-0.0246,False,,No Episode,0
2019-08-15,1519.5999755859375,-0.02,1.54,0.0024377881760617,-0.04,-0.03,-0.977493238437895,-0.4358042232069569,-0.4539,-0.0319,False,,No Episode,0
2019-08-16,1512.5,0.01,1.54,-0.0046832153423626,0.03,0.0,-0.9787539871256696,-0.3675154435346228,-0.4504,0.0035,False,,No Episode,0
2019-08-19,1500.4000244140625,0.04,1.56,-0.0080321554255622,0.03,0.02,-0.9788971840135956,-0.4147897547585303,-0.4303,0.0201,False,,No Episode,0
2019-08-20,1504.5999755859375,0.02,1.53,0.0027953104204057,-0.02,-0.03,-0.9787524762740334,-0.4116825063004978,-0.4469,-0.0166,False,,No Episode,0
2019-08-21,1504.5999755859375,0.05,1.54,0.0,0.03,0.01,-0.9789874886338554,-0.3978571178158097,-0.4336,0.0133,False,,No Episode,0
2019-08-22,1497.300048828125,0.07,1.55,-0.0048635471453852,0.02,0.01,-0.9792528455404056,-0.3956056212574338,-0.4231,0.0105,False,,No Episode,0
2019-08-23,1526.5999755859375,-0.02,1.54,0.0193795056174721,-0.09,-0.01,-0.981607262662122,-0.5147307470192266,-0.4583,-0.0352,False,,No Episode,0
2019-08-26,1526.300048828125,0.0,1.54,-0.0001964864596804,0.02,0.0,-0.9816626245461432,-0.5249500787602811,-0.4583,0.0,False,,No Episode,0
2019-08-27,1541.0,-0.06,1.55,0.0095850184078685,-0.06,0.01,-0.9827667934221824,-0.536579613067073,-0.4786,-0.0203,False,,No Episode,0
2019-08-28,1537.800048828125,-0.08,1.55,-0.0020787009701006,-0.02,0.0,-0.983999630793067,-0.5275360877724348,-0.491,-0.0123999999999999,False,,No Episode,0
2019-08-29,1526.5,-0.09,1.59,-0.0073753221750818,-0.0099999999999999,0.04,-0.9795332614616076,-0.5318500251698198,-0.4814,0.0095999999999999,False,,No Episode,0
2019-08-30,1519.0999755859375,-0.05,1.55,-0.0048594950327149,0.0399999999999999,-0.04,-0.977477619168579,-0.5474597790919813,-0.4838,-0.0024,False,,No Episode,0
2019-09-04,1550.300048828125,-0.04,1.51,0.0028422112731654,-0.01,0.01,-0.9708514615037612,-0.4418208660516202,-0.5043,-0.0075999999999999,False,,No Episode,0
2019-09-05,1515.4000244140625,0.01,1.56,-0.0227690454603237,0.05,0.05,-0.9687879737685512,-0.5241450013682192,-0.4616,0.0426999999999999,False,,No Episode,0
2019-09-06,1506.199951171875,0.01,1.54,-0.0060895563587495,0.0,-0.02,-0.9643656661760786,-0.5123201933412023,-0.4557,0.0059,False,,No Episode,0
2019-09-09,1502.199951171875,0.06,1.57,-0.0026592225016619,0.0499999999999999,0.03,-0.958576645105304,-0.5225955121769945,-0.4246,0.0311,False,,No Episode,0
2019-09-10,1490.300048828125,0.12,1.6,-0.007953193028797,0.06,0.03,-0.9476685146144898,-0.5459208307720493,-0.3798,0.0447999999999999,False,,No Episode,0
2019-09-11,1494.4000244140625,0.15,1.6,0.0027473300929079,0.03,0.0,-0.9246839886990936,-0.5339813499404279,-0.3596,0.0202,False,,No Episode,0
2019-09-12,1498.699951171875,0.16,1.63,0.0028732282590189,0.01,0.0299999999999998,-0.8792325144836686,-0.5404359871113007,-0.3348,0.0247999999999999,False,,No Episode,0
2019-09-13,1490.9000244140625,0.23,1.67,-0.0052180522608917,0.07,0.04,-0.8411409912245928,-0.6020748039193277,-0.2862,0.0485999999999999,False,,No Episode,0
2019-09-16,1503.0999755859375,0.17,1.67,0.0081496450869673,-0.06,0.0,-0.7975812441609677,-0.6372640094995274,-0.2994,-0.0131999999999999,False,,No Episode,0
2019-09-17,1505.0999755859375,0.15,1.66,0.0013296990407196,-0.02,-0.01,-0.7763633318594554,-0.6140269098005464,-0.3146,-0.0151999999999999,False,,No Episode,0
2019-09-18,1507.5,0.21,1.59,0.001593324663915,0.06,-0.0699999999999998,-0.751902689591425,-0.5829907250330578,-0.312,0.0025999999999999,False,,No Episode,0
2019-09-19,1498.4000244140625,0.18,1.61,-0.0060547611780412,-0.03,0.02,-0.7551484061239596,-0.5699513445020886,-0.3195,-0.0075,False,,No Episode,0
2019-09-20,1507.300048828125,0.13,1.61,0.005922114787614,-0.0499999999999999,0.0,-0.7556793266243882,-0.6046770668881579,-0.3399,-0.0203999999999999,False,,No Episode,0
2019-09-23,1523.699951171875,0.11,1.61,0.0108215522186343,-0.02,0.0,-0.7308719088098197,-0.6077454419987801,-0.3567,-0.0168,False,,No Episode,0
2019-09-24,1532.0999755859375,0.06,1.58,0.0054977719571276,-0.05,-0.03,-0.7165239270030772,-0.6061995473519592,-0.3907,-0.0339999999999999,False,,No Episode,0
2019-09-25,1504.5999755859375,0.13,1.6,-0.0181122614868352,0.07,0.02,-0.7273580533717827,-0.6471513446879805,-0.3628,0.0278999999999999,False,,No Episode,0
2019-09-26,1507.5,0.13,1.57,0.0019255837015004,0.0,-0.03,-0.7281525533738917,-0.6380355774388764,-0.3579,0.0049,False,,No Episode,0
2019-09-27,1499.0999755859375,0.16,1.53,-0.0055877378688853,0.03,-0.04,-0.7357985135167168,-0.6445224116516167,-0.3619,-0.004,False,,No Episode,0
2019-09-30,1465.699951171875,0.15,1.53,-0.0225320010130616,-0.01,0.0,-0.7241141396513585,-0.5541931972995565,-0.3677,-0.0058,False,,No Episode,0
2019-10-01,1482.0,0.13,1.52,0.011059616136638,-0.0199999999999999,-0.01,-0.735007315920916,-0.5538822772465682,-0.3801,-0.0123999999999999,False,,No Episode,0
2019-10-02,1501.0,0.1,1.5,0.0127390257774298,-0.03,-0.02,-0.7476287832548058,-0.5647885146681558,-0.4011,-0.021,False,,No Episode,0
2019-10-03,1507.0999755859375,0.06,1.48,0.0040557055928038,-0.04,-0.02,-0.7510401616368324,-0.57178227833776,-0.4267,-0.0256,False,,No Episode,0
2019-10-04,1506.199951171875,0.02,1.5,-0.0005973679771029,-0.0399999999999999,0.02,-0.7485370295596551,-0.5576480111991907,-0.4325,-0.0057999999999999,False,,No Episode,0
2019-10-07,1497.699951171875,0.05,1.51,-0.0056593248528864,0.03,0.01,-0.7277603734163614,-0.4932394362303121,-0.4193,0.0131999999999999,False,,No Episode,0
2019-10-08,1497.199951171875,0.06,1.48,-0.0003339009789637,0.0099999999999999,-0.03,-0.7100677366571614,-0.4951271692256428,-0.4255,-0.0061999999999999,False,,No Episode,0
2019-10-09,1506.0999755859375,0.1,1.49,0.0059268475903699,0.04,0.01,-0.6800357208892611,-0.4317020445929572,-0.4046,0.0208999999999999,False,,No Episode,0
2019-10-10,1494.800048828125,0.15,1.52,-0.007531060731031,0.0499999999999999,0.03,-0.645093386160363,-0.4523114540197597,-0.3669,0.0377,False,,No Episode,0
2019-10-11,1482.699951171875,0.2,1.56,-0.0081277341845691,0.05,0.04,-0.6462773595074719,-0.4826226544644456,-0.3152,0.0517,False,,No Episode,0
2019-10-16,1488.0,0.18,1.57,0.0070138030307891,-0.03,0.01,-0.6144558028834355,-0.5495823843429801,-0.3006,-0.002,False,,No Episode,0
2019-10-17,1492.300048828125,0.17,1.59,0.0028856502644307,-0.0099999999999999,0.02,-0.4968245230854921,-0.549611348673856,-0.2951,0.0055,False,,No Episode,0
2019-10-18,1488.199951171875,0.16,1.6,-0.0027512835044971,-0.01,0.01,-0.4639540361988113,-0.5181353125540168,-0.2953,-0.0002,False,,No Episode,0
2019-10-21,1482.4000244140625,0.19,1.61,-0.0039048907125396,0.03,0.01,-0.4825929367427511,-0.5298300635695795,-0.2787,0.0166,False,,No Episode,0
2019-10-22,1481.699951171875,0.17,1.61,-0.0004723681798664,-0.0199999999999999,0.0,-0.4938179896622203,-0.5282574660135533,-0.2791,-0.0004,False,,No Episode,0
2019-10-23,1489.9000244140625,0.16,1.61,0.0055189757191058,-0.01,0.0,-0.5074887629723709,-0.5090406522490232,-0.2828,-0.0036999999999999,False,,No Episode,0
2019-10-24,1498.9000244140625,0.15,1.62,0.0060225020448658,-0.01,0.01,-0.5057143555483083,-0.5265711640950012,-0.2821,0.0006999999999999,False,,No Episode,0
2019-10-25,1499.5,0.15,1.65,0.0004001971645273,0.0,0.0299999999999998,-0.5068407888728368,-0.5317282849901882,-0.2698,0.0123,False,,No Episode,0
2019-10-28,1490.0,0.21,1.64,-0.0063555992495585,0.06,-0.01,-0.5136874080146968,-0.5408267323256484,-0.2484,0.0213999999999999,False,,No Episode,0
2019-10-29,1487.0,0.23,1.61,-0.00201545247935,0.02,-0.0299999999999998,-0.5391987386117927,-0.5166432108290715,-0.2436,0.0047999999999999,False,,No Episode,0
2019-10-30,1493.199951171875,0.21,1.57,0.0041607678799486,-0.02,-0.04,-0.5415099154628802,-0.5220114364772398,-0.2618,-0.0181999999999999,False,,No Episode,0
2019-10-31,1511.4000244140625,0.15,1.54,0.0121149543997924,-0.06,-0.03,-0.5813224745883655,-0.6031210679438098,-0.2973,-0.0355,False,,No Episode,0
2019-11-01,1508.0,0.14,1.59,-0.0022521201719944,-0.0099999999999999,0.05,-0.5839279908145784,-0.6340043083729114,-0.2878,0.0095,False,,No Episode,0
2019-11-04,1508.0,0.15,1.64,0.0,0.0099999999999999,0.0499999999999998,-0.5729312408520392,-0.6258390980441126,-0.2626,0.0252,False,,No Episode,0
2019-11-05,1480.800048828125,0.18,1.68,-0.0182017543344619,0.03,0.04,-0.5851687626546386,-0.6258411586542236,-0.2293,0.0332999999999999,False,,No Episode,0
2019-11-06,1490.199951171875,0.15,1.66,0.0063277911200314,-0.03,-0.02,-0.5265475077034839,-0.6286231280168721,-0.2353,-0.006,False,,No Episode,0
2019-11-07,1464.199951171875,0.23,1.69,-0.0176013214889181,0.08,0.03,-0.5782495541180844,-0.633226330023614,-0.1912,0.0441,False,,No Episode,0
2019-11-08,1461.300048828125,0.23,1.71,-0.0019825009697784,0.0,0.02,-0.6183252166682376,-0.6327520824325373,-0.173,0.0182,False,,No Episode,0
2019-11-13,1461.699951171875,0.22,1.66,0.0065893407664647,0.0,-0.04,-0.694601589753719,-0.7312749123517134,-0.196,-0.0177,False,,No Episode,0
2019-11-14,1471.800048828125,0.2,1.62,0.0068860661780645,-0.0199999999999999,-0.0399999999999998,-0.7149939046738953,-0.735582420391767,-0.2227,-0.0267,False,,No Episode,0
2019-11-15,1467.300048828125,0.21,1.63,-0.003062164177332,0.0099999999999999,0.0099999999999997,-0.7153832787451728,-0.7275191699069588,-0.2231,-0.0003999999999999,False,,No Episode,0
2019-11-18,1470.9000244140625,0.18,1.63,0.0024504644323863,-0.03,0.0,-0.6908267019713628,-0.7243814467391027,-0.2335,-0.0104,False,,No Episode,0
2019-11-19,1473.300048828125,0.16,1.63,0.0016303409319782,-0.0199999999999999,0.0,-0.6681746865293398,-0.7485812466564141,-0.2429,-0.0093999999999999,False,,No Episode,0
2019-11-20,1473.300048828125,0.13,1.6,0.0,-0.03,-0.0299999999999998,-0.6426510157692686,-0.7316946930656723,-0.266,-0.0231,False,,No Episode,0
2019-11-21,1463.0999755859375,0.14,1.63,-0.0069473601577332,0.01,0.0299999999999998,-0.5869177737626794,-0.7289815771728227,-0.2559,0.0100999999999999,False,,No Episode,0
2019-11-22,1463.0999755859375,0.15,1.62,0.0,0.0099999999999999,-0.0099999999999997,-0.4760973140872033,-0.8011356819509938,-0.2539,0.002,False,,No Episode,0
2019-11-25,1456.5999755859375,0.14,1.62,-0.0044525196747642,-0.0099999999999999,0.0,-0.3626952833999046,-0.7839791343721189,-0.2586,-0.0046999999999999,False,,No Episode,0
2019-11-26,1459.800048828125,0.12,1.62,0.0021945374432128,-0.02,0.0,-0.2637905693458273,-0.7767290368336183,-0.2715,-0.0129,False,,No Episode,0
2019-11-27,1453.4000244140625,0.14,1.63,-0.004393817485603,0.02,0.0099999999999997,-0.1917197771483608,-0.778147312351704,-0.2612,0.0103,False,,No Episode,0
2019-12-02,1462.300048828125,0.18,1.65,-0.0022541262526472,0.0099999999999999,0.0399999999999998,-0.1929050393442858,-0.6772503375740301,-0.2392,0.0177,False,,No Episode,0
2019-12-03,1478.199951171875,0.09,1.63,0.0108145263094838,-0.09,-0.02,-0.1724158676736979,-0.7141090028056,-0.2759,-0.0366999999999999,False,,No Episode,0
2019-12-04,1474.0,0.11,1.66,-0.0028453045693535,0.02,0.03,-0.1611432104749414,-0.7129673825691796,-0.2605,0.0153999999999999,False,,No Episode,0
2019-12-05,1476.9000244140625,0.13,1.67,0.0019655192135958,0.02,0.01,-0.1589520607637685,-0.7037634125523641,-0.2453,0.0152,False,,No Episode,0
2019-12-06,1459.0999755859375,0.15,1.69,-0.0121255224251761,0.0199999999999999,0.02,-0.1365913691374585,-0.703521435006464,-0.2216,0.0237,False,,No Episode,0
2019-12-09,1459.300048828125,0.14,1.69,0.0001371115959614,-0.0099999999999999,0.0,-0.0945270250653628,-0.7058951146584952,-0.218,0.0035999999999999,False,,No Episode,0
2019-12-10,1462.5999755859375,0.14,1.71,0.0022587550109527,0.0,0.02,-0.0576791186884673,-0.7038515543744945,-0.2118,0.0062,False,,No Episode,0
2019-12-11,1469.4000244140625,0.1,1.69,0.0046385136565483,-0.04,-0.02,-0.0863700741208044,-0.710521713425408,-0.2311,-0.0193,False,,No Episode,0
2019-12-12,1466.699951171875,0.18,1.72,-0.0018392248396015,0.0799999999999999,0.03,-0.1543545031741587,-0.6535401425788967,-0.1952,0.0358999999999999,False,,No Episode,0
2019-12-13,1475.5999755859375,0.12,1.7,0.0060497242157815,-0.06,-0.02,-0.2348918706082958,-0.6614616467746096,-0.2164,-0.0211999999999999,False,,No Episode,0
2019-12-16,1475.0,0.16,1.73,-0.0004066804034241,0.04,0.03,-0.2457331046660431,-0.6080567938455338,-0.1979,0.0185,False,,No Episode,0
2019-12-17,1474.5999755859375,0.14,1.75,-0.0002712397747668,-0.0199999999999999,0.02,-0.2396341615020961,-0.6095784353139919,-0.1934,0.0045,False,,No Episode,0
2019-12-18,1472.5999755859375,0.16,1.76,-0.0013572206434195,0.0199999999999999,0.01,-0.2768121574268243,-0.6099149688737712,-0.1788,0.0146,False,,No Episode,0
2019-12-19,1478.199951171875,0.15,1.77,0.0037955689629018,-0.01,0.01,-0.3217784151649511,-0.6183969994760039,-0.1771,0.0016999999999999,False,,No Episode,0
2019-12-20,1474.699951171875,0.15,1.77,-0.0023705521722883,0.0,0.0,-0.349415712049479,-0.6053319645942054,-0.1749,0.0022,False,,No Episode,0
2019-12-23,1482.5,0.18,1.75,0.0052753057255339,0.03,-0.02,-0.278375201126345,-0.43277467995711,-0.1713,0.0035999999999999,False,,No Episode,0
2019-12-24,1499.0999755859375,0.15,1.75,0.0111350598605746,-0.03,0.0,-0.2069647175394539,-0.4571314606526264,-0.1823,-0.0109999999999999,False,,No Episode,0
2019-12-27,1513.800048828125,0.15,1.73,0.0029770786135143,-0.01,-0.01,0.0259924376903683,-0.4723998965024446,-0.1986,-0.0131,False,,No Episode,0
2019-12-30,1514.5,0.15,1.75,0.0004622733368915,0.0,0.02,0.0368859344274008,-0.4635085085901138,-0.1981,0.0005,False,,No Episode,0
2019-12-31,1519.5,0.15,1.77,0.0032959818895559,0.0,0.02,0.0917510853846937,-0.4569808555128424,-0.1876,0.0105,False,,No Episode,0
2020-01-03,1549.199951171875,0.03,1.77,0.0160721496940041,-0.05,-0.03,-0.4294987389479258,-0.5026395642757525,-0.2283,-0.0304,False,,No Episode,0
2020-01-06,1566.199951171875,0.06,1.75,0.0109136350183485,0.03,-0.02,-0.5558953683863449,-0.4380950141795179,-0.2336,-0.0052999999999999,False,,No Episode,0
2020-01-07,1571.800048828125,0.09,1.74,0.003569218356513,0.03,-0.01,-0.5865377730232142,-0.425216541963409,-0.2286,0.005,False,,No Episode,0
2020-01-08,1557.4000244140625,0.12,1.75,-0.0092037106781219,0.03,0.01,-0.565574755755438,-0.4474564202413696,-0.2099,0.0186999999999999,False,,No Episode,0
2020-01-09,1551.699951171875,0.11,1.74,-0.0036667071971185,-0.0099999999999999,-0.01,-0.5730321238053522,-0.4506471224724323,-0.213,-0.0030999999999999,False,,No Episode,0
2020-01-10,1557.5,0.07,1.76,0.0037308990396738,-0.0399999999999999,0.02,-0.6329690884927177,-0.452888131410214,-0.2218,-0.0088,False,,No Episode,0
2020-01-13,1548.4000244140625,0.08,1.77,-0.0058598161908314,0.0099999999999999,0.01,-0.6597504529662273,-0.4428446386807024,-0.2199,0.0018999999999999,False,,No Episode,0
2020-01-14,1542.4000244140625,0.05,1.77,-0.0038824947858762,-0.03,0.0,-0.6651410623473661,-0.4555581272006783,-0.2308,-0.0108999999999999,False,,No Episode,0
2020-01-15,1552.0999755859375,0.04,1.75,0.006269176242541,-0.01,-0.02,-0.6720408912679459,-0.4506980643398181,-0.2469,-0.0161,False,,No Episode,0
2020-01-16,1549.0,0.07,1.74,-0.0019992755105731,0.03,-0.01,-0.7161428392899318,-0.3928983972653754,-0.2403,0.0065999999999999,False,,No Episode,0
2020-01-17,1558.800048828125,0.09,1.75,0.0063067643718603,0.0199999999999999,0.01,-0.7367917750257893,-0.3589376063405623,-0.2327,0.0076,False,,No Episode,0
2020-01-22,1555.300048828125,0.05,1.72,-0.0007069933514571,0.01,-0.02,-0.7584031411708617,-0.3005129776254123,-0.2595,-0.0065,False,,No Episode,0
2020-01-23,1564.5999755859375,0.04,1.7,0.0059617002017713,-0.01,-0.02,-0.7750963611922342,-0.3062308753148118,-0.2737,-0.0141999999999999,False,,No Episode,0
2020-01-24,1571.0999755859375,0.02,1.68,0.0041458107671283,-0.02,-0.02,-0.7921861662676961,-0.3099891540048967,-0.2922,-0.0185,False,,No Episode,0
2020-01-27,1576.800048828125,-0.02,1.63,0.0036215123910237,-0.04,-0.05,-0.8341955534766747,-0.3036471906780087,-0.3335,-0.0413,False,,No Episode,0
2020-01-28,1569.199951171875,0.0,1.65,-0.0048316035862789,0.02,0.02,-0.8251200353388872,-0.29642277985226,-0.3319,0.0016,False,,No Episode,0
2020-01-29,1569.800048828125,-0.04,1.64,0.000382349578567,-0.04,-0.01,-0.8310166909705115,-0.2494584764937311,-0.3544,-0.0225,False,,No Episode,0
2020-01-30,1583.5,-0.07,1.64,0.0086893331813024,-0.03,0.0,-0.8263764405096896,-0.259623604221833,-0.3707,-0.0162999999999999,False,,No Episode,0
2020-01-31,1582.9000244140625,-0.14,1.65,-0.0003789638633726,-0.07,0.01,-0.8103487108770133,-0.2125431853944477,-0.3998,-0.0291,False,,No Episode,0
2020-02-03,1577.199951171875,-0.09,1.63,-0.0036075310705907,0.05,-0.02,-0.8081035365220137,-0.247491245264924,-0.3972,0.0025999999999999,False,,No Episode,0
2020-02-04,1550.4000244140625,-0.03,1.64,-0.0171381141612849,0.06,0.01,-0.7961835410080536,-0.3900600129058209,-0.3693,0.0278999999999999,False,,No Episode,0
2020-02-05,1557.800048828125,0.0,1.66,0.0047616229466846,0.03,0.02,-0.8048354476393604,-0.3645341398305295,-0.3428,0.0265,False,,No Episode,0
2020-02-06,1565.0999755859375,-0.02,1.67,0.0046751032672824,-0.02,0.01,-0.7921463558635459,-0.3960776406771965,-0.3407,0.0020999999999999,False,,No Episode,0
2020-02-07,1568.5999755859375,-0.07,1.66,0.0022337821169156,-0.05,-0.01,-0.7827108249241181,-0.3730422903672565,-0.3592,-0.0185,False,,No Episode,0
2020-02-10,1574.699951171875,-0.1,1.66,0.0038812607041434,-0.03,0.0,-0.7647549348879594,-0.3992452628206085,-0.3781,-0.0188999999999999,False,,No Episode,0
2020-02-11,1565.5999755859375,-0.06,1.65,-0.0057956254306672,0.04,-0.01,-0.7376696766663875,-0.4291426020060244,-0.3705,0.0075999999999999,False,,No Episode,0
2020-02-12,1567.4000244140625,-0.04,1.66,0.0011490897071118,0.0199999999999999,0.01,-0.7064342462428588,-0.4247456014744489,-0.3513,0.0191999999999999,False,,No Episode,0
2020-02-13,1575.0999755859375,-0.06,1.67,0.0049005356127649,-0.0199999999999999,0.01,-0.6681572876213001,-0.4317521889199724,-0.3518,-0.0005,False,,No Episode,0
2020-02-14,1582.699951171875,-0.07,1.66,0.0048134716803991,-0.01,-0.01,-0.7009229090287562,-0.436793982327841,-0.3597,-0.0079,False,,No Episode,0
2020-02-19,1607.5,-0.09,1.65,0.0046765478839017,0.01,0.0,-0.7288697078588378,-0.4742640110040249,-0.3732,0.0019,False,,No Episode,0
2020-02-20,1616.5999755859375,-0.11,1.63,0.0056449860858647,-0.02,-0.02,-0.7687965334072131,-0.5079613605036806,-0.3901,-0.0169,False,,No Episode,0
2020-02-21,1644.5999755859375,-0.15,1.61,0.0171720154941708,-0.0399999999999999,-0.0199999999999997,-0.7852820253987391,-0.4978973775014678,-0.4188,-0.0287,False,,No Episode,0
2020-02-24,1672.4000244140625,-0.21,1.59,0.0167625563888194,-0.06,-0.02,-0.8251080972196091,-0.5558762007375904,-0.4565,-0.0377,False,,No Episode,0
2020-02-25,1646.9000244140625,-0.2,1.53,-0.0153649873762136,0.0099999999999999,-0.06,-0.8540397442403915,-0.5465575084826312,-0.4858,-0.0292999999999999,False,,No Episode,0
2020-02-26,1640.0,-0.21,1.54,-0.0041985058861717,-0.0099999999999999,0.01,-0.8692561340313768,-0.5322380848907414,-0.493,-0.0071999999999999,False,,No Episode,0
2020-02-27,1640.0,-0.23,1.53,0.0,-0.02,-0.01,-0.8763923589476911,-0.5539794190072085,-0.4994,-0.0064,False,,No Episode,0
2020-02-28,1564.0999755859375,-0.28,1.41,-0.0473856787470641,-0.05,-0.1200000000000001,-0.7310725291677691,-0.1737277955789083,-0.5573,-0.0579,False,,No Episode,0
2020-03-02,1592.300048828125,-0.31,1.41,0.0178689794563542,-0.0299999999999999,0.0,-0.6597996373125488,-0.1892417286862844,-0.5512,0.0060999999999999,False,,No Episode,0
2020-03-03,1642.0999755859375,-0.43,1.45,0.030796353102672,-0.12,0.04,-0.6821301144005094,-0.3761993002514591,-0.5637,-0.0124999999999999,False,,No Episode,0
2020-03-04,1641.0999755859375,-0.44,1.46,-0.0006091618212691,-0.01,0.01,-0.6937869798284794,-0.3900509054922468,-0.5392,0.0244999999999999,False,,No Episode,0
2020-03-05,1666.4000244140625,-0.48,1.4,0.0152988917886069,-0.0399999999999999,-0.06,-0.7302432122338456,-0.400647489995876,-0.5438,-0.0045999999999999,False,,No Episode,0
2020-03-06,1670.800048828125,-0.57,1.31,0.0026369572498747,-0.0899999999999999,-0.0899999999999998,-0.7613922682206525,-0.3826638925489502,-0.5686,-0.0248,False,,No Episode,0
2020-03-09,1674.5,-0.45,0.99,0.0022120303868407,0.1199999999999999,-0.32,-0.7832391002322118,-0.3207839732099659,-0.6096,-0.041,False,,No Episode,0
2020-03-10,1659.0999755859375,-0.24,1.0,-0.0092393413001943,0.21,0.01,-0.7718949098839697,-0.3387646734813006,-0.5344,0.0752,False,,No Episode,0
2020-03-11,1641.4000244140625,-0.14,0.96,-0.0107257208645279,0.0999999999999999,-0.04,-0.7464649061697628,-0.3646645721683577,-0.508,0.0263999999999999,False,,No Episode,0
2020-03-12,1589.300048828125,-0.04,0.92,-0.0322558526437255,0.1,-0.0399999999999999,-0.7402009764855506,-0.4372218375596763,-0.4737,0.0343,False,,No Episode,0
2020-03-13,1515.699951171875,0.04,0.9,-0.0474163522031014,0.08,-0.02,-0.7551566892574215,-0.4707137139691054,-0.4354,0.0383,False,,No Episode,0
2020-03-16,1485.9000244140625,0.0,0.73,-0.0198566805299202,-0.04,-0.17,-0.7500805769633622,-0.4421528436990183,-0.5043,-0.0688999999999999,False,,No Episode,0
2020-03-17,1524.9000244140625,0.39,0.63,0.0259081844384478,0.39,-0.0999999999999999,-0.7579213605682189,-0.0924492894589694,-0.4117,0.0925999999999999,False,,No Episode,0
2020-03-18,1477.300048828125,0.55,0.63,-0.0317127197514013,0.16,0.0,-0.8019549109648634,-0.1525230486216472,-0.3004,0.1113,False,,No Episode,0
2020-03-19,1478.5999755859375,0.62,0.5,0.0008795472315563,0.0699999999999999,-0.13,-0.829086110990745,-0.1510206387612425,-0.291,0.0094,False,,No Episode,0
2020-03-20,1484.0,0.17,0.75,0.0036454671159331,-0.4499999999999999,0.25,-0.8306598275043718,-0.1467393150880229,-0.3546,-0.0636,False,,No Episode,0
2020-03-23,1567.0,-0.04,0.8,0.0544218186286951,-0.21,0.05,-0.8314808033233566,-0.2591601283025094,-0.4429,-0.0882999999999999,False,,No Episode,0
2020-03-24,1660.199951171875,-0.13,0.97,0.0577750842539241,-0.09,0.1699999999999999,-0.8196304134191199,-0.2832270203929621,-0.4242,0.0186999999999999,False,,No Episode,0
2020-03-25,1632.300048828125,-0.19,1.07,-0.0169479545362607,-0.06,0.1,-0.8203889309356601,-0.266318664521926,-0.4159,0.0083,False,,No Episode,0
2020-03-26,1650.0999755859375,-0.24,1.07,0.0108457842495699,-0.0499999999999999,0.0,-0.8207255985563144,-0.2694481712510458,-0.43,-0.0141,False,,No Episode,0
2020-03-27,1623.9000244140625,-0.22,0.94,-0.0160051988179974,0.0199999999999999,-0.1300000000000001,-0.8213864725805736,-0.2711423198148469,-0.4761,-0.0461,False,,No Episode,0
2020-03-30,1622.0,-0.25,0.95,-0.0011707228298982,-0.03,0.01,-0.8215937618391785,-0.270404354047464,-0.5058,-0.0297,False,,No Episode,0
2020-03-31,1583.4000244140625,-0.17,0.87,-0.0240855065192668,0.0799999999999999,-0.0799999999999999,-0.818350057086457,-0.2828302806846327,-0.5203,-0.0144999999999999,False,,No Episode,0
2020-04-01,1578.199951171875,-0.29,0.91,-0.0032895230082807,-0.1199999999999999,0.04,-0.8052671123240017,-0.2773305343708108,-0.5479,-0.0276,False,,No Episode,0
2020-04-02,1625.699951171875,-0.4,1.03,0.0296535360572285,-0.11,0.12,-0.8050362441290253,-0.296782314860682,-0.5509,-0.0029999999999998,False,,No Episode,0
2020-04-03,1633.699951171875,-0.46,1.08,0.0049088889393624,-0.06,0.05,-0.8101761113252942,-0.2959921987094402,-0.5542,-0.0033,False,,No Episode,0
2020-04-06,1677.0,-0.47,1.14,0.0261591316788072,-0.0099999999999999,0.0599999999999998,-0.8291983805920395,-0.285471563638004,-0.5392,0.015,False,,No Episode,0
2020-04-07,1664.800048828125,-0.42,1.17,-0.0073014574140604,0.0499999999999999,0.03,-0.8383790474777831,-0.2876539074444811,-0.5176,0.0216,False,,No Episode,0
2020-04-08,1665.4000244140625,-0.42,1.19,0.0003603240521492,0.0,0.02,-0.8450722664853447,-0.2879402777917323,-0.5156,0.002,False,,No Episode,0
2020-04-09,1736.199951171875,-0.5,1.23,0.0416334393728492,-0.08,0.04,-0.8452774793222607,-0.3014311999381646,-0.5377,-0.0221,False,,No Episode,0
2020-04-14,1756.699951171875,-0.53,1.29,0.0067970573516076,-0.03,0.03,-0.862765577672726,-0.342313553544568,-0.5371,-0.0024,False,,No Episode,0
2020-04-15,1727.199951171875,-0.56,1.19,-0.0169354492934754,-0.03,-0.1,-0.8705035591368181,-0.3131976759984069,-0.574,-0.0368999999999999,False,,No Episode,0
2020-04-16,1720.4000244140625,-0.42,1.03,-0.0039447358299886,0.14,-0.1599999999999999,-0.8724113942239097,-0.3156984839206888,-0.584,-0.01,False,,No Episode,0
2020-04-17,1689.199951171875,-0.36,1.01,-0.0183018209467809,0.06,-0.02,-0.8725156400000376,-0.3187200615982578,-0.5717,0.0122999999999999,False,,No Episode,0
2020-04-20,1701.5999755859375,-0.31,0.94,0.0073139553845953,0.0499999999999999,-0.07,-0.8720695013683228,-0.3153829962807958,-0.5767,-0.005,False,,No Episode,0
2020-04-21,1678.199951171875,-0.38,0.96,-0.0138472091978831,-0.07,0.02,-0.872458299755584,-0.3071261856300837,-0.5885,-0.0118,False,,No Episode,0
2020-04-22,1728.699951171875,-0.43,1.06,0.0296478913427309,-0.0499999999999999,0.1,-0.8739469150769527,-0.3050235023305051,-0.5768,0.0117,False,,No Episode,0
2020-04-23,1733.300048828125,-0.44,1.05,0.0026574814347126,-0.01,-0.01,-0.8766795703157905,-0.2961150896694148,-0.5776,-0.0008,False,,No Episode,0
2020-04-24,1723.5,-0.51,1.11,-0.0056700271609582,-0.07,0.06,-0.879327796916009,-0.2626595092455906,-0.5799,-0.0022999999999999,False,,No Episode,0
2020-04-27,1711.9000244140625,-0.5,1.17,-0.0067532279148041,0.01,0.0599999999999998,-0.881382197710282,-0.233127870904085,-0.561,0.0188999999999999,False,,No Episode,0
2020-04-28,1710.5,-0.52,1.14,-0.0008181536244569,-0.02,-0.03,-0.8964375527651447,-0.2441185757466543,-0.5715,-0.0104999999999999,False,,No Episode,0
2020-04-29,1703.4000244140625,-0.51,1.14,-0.0041594573781305,0.01,0.0,-0.8905377250317081,-0.4363390191621512,-0.5744,-0.0029,False,,No Episode,0
2020-04-30,1684.199951171875,-0.43,1.07,-0.0113356234355173,0.08,-0.0699999999999998,-0.8672747346921559,-0.3903661539350965,-0.5691,0.0052999999999999,False,,No Episode,0
2020-05-01,1694.5,-0.42,1.06,0.0060970674430942,0.01,-0.01,-0.8558905850005668,-0.3888732568405902,-0.5682,0.0009,False,,No Episode,0
2020-05-04,1706.9000244140625,-0.43,1.07,0.0072911620263411,-0.01,0.01,-0.7829642884613491,-0.594605251102498,-0.5728,-0.0045999999999999,False,,No Episode,0
2020-05-05,1704.4000244140625,-0.44,1.1,-0.0014657171235512,-0.01,0.03,-0.7343966566880125,-0.4721089743385788,-0.5703,0.0024999999999999,False,,No Episode,0
2020-05-06,1684.199951171875,-0.38,1.1,-0.0119225123458841,0.06,0.0,-0.7721432722240718,-0.4364241794329099,-0.5556,0.0147,False,,No Episode,0
2020-05-07,1721.800048828125,-0.45,1.08,0.0220796389786093,-0.07,-0.02,-0.7670572915538487,-0.5131156668532999,-0.5848,-0.0292,False,,No Episode,0
2020-05-08,1709.9000244140625,-0.43,1.12,-0.0069353800500087,0.02,0.04,-0.7682722093006514,-0.510144053661076,-0.5736,0.0111999999999999,False,,No Episode,0
2020-05-11,1695.300048828125,-0.4,1.13,-0.0085751584266491,0.0299999999999999,0.0099999999999997,-0.747392670810664,-0.5124573562750465,-0.5593,0.0142999999999999,False,,No Episode,0
2020-05-12,1704.4000244140625,-0.4,1.09,0.0053534118439326,0.0,-0.0399999999999998,-0.7131809646322261,-0.5153495425782796,-0.5674,-0.0080999999999999,False,,No Episode,0
2020-05-13,1713.9000244140625,-0.43,1.07,0.0055583326933721,-0.0299999999999999,-0.02,-0.5945483758970862,-0.4715559704598623,-0.583,-0.0155999999999999,False,,No Episode,0
2020-05-14,1738.0999755859375,-0.43,1.06,0.0140210588797575,0.0,-0.01,-0.4303437182820979,-0.5315228179794727,-0.5918,-0.0088,False,,No Episode,0
2020-05-15,1753.4000244140625,-0.45,1.09,0.0087642255553008,-0.02,0.03,-0.4005389078247209,-0.4665465201305981,-0.5894,0.0023999999999999,False,,No Episode,0
2020-05-18,1731.800048828125,-0.44,1.17,-0.0123954158696122,0.01,0.0799999999999998,-0.4851178193410073,-0.4693076213262414,-0.56,0.0293999999999999,False,,No Episode,0
2020-05-19,1744.199951171875,-0.45,1.15,0.0071346115896036,-0.01,-0.02,-0.5186884153304319,-0.4836576644136136,-0.5629,-0.0028999999999999,False,,No Episode,0
2020-05-20,1750.5999755859375,-0.48,1.16,0.0036626025539083,-0.0299999999999999,0.01,-0.5374004834737389,-0.4725208724481481,-0.5684,-0.0055,False,,No Episode,0
2020-05-21,1720.5,-0.46,1.14,-0.017343626114691,0.0199999999999999,-0.02,-0.5514027490787887,-0.4767851015985328,-0.5698,-0.0013999999999999,False,,No Episode,0
2020-05-22,1734.5999755859375,-0.46,1.12,0.0081618789380701,0.0,-0.0199999999999997,-0.5385165724548175,-0.3816513522367447,-0.5787,-0.0089,False,,No Episode,0
2020-05-27,1710.300048828125,-0.46,1.14,0.0032209918291323,-0.02,0.01,-0.448628542210619,-0.3813605843935153,-0.5768,-0.0045999999999999,False,,No Episode,0
2020-05-28,1713.300048828125,-0.48,1.18,0.0017525415832908,-0.0199999999999999,0.04,-0.4361184098314803,-0.4353057681048849,-0.5741,0.0026999999999999,False,,No Episode,0
2020-05-29,1736.9000244140625,-0.5,1.15,0.013680565277693,-0.02,-0.03,-0.4710484036316169,-0.4959142017647758,-0.5904,-0.0162999999999999,False,,No Episode,0
2020-06-01,1737.800048828125,-0.52,1.18,0.0005180443866921,-0.02,0.03,-0.461228751979036,-0.4403451547013186,-0.5922,-0.0017999999999999,False,,No Episode,0
2020-06-02,1725.199951171875,-0.5,1.18,-0.0072770160319617,0.02,0.0,-0.4701949939029013,-0.5072039278710586,-0.5869,0.0052999999999999,False,,No Episode,0
2020-06-03,1697.800048828125,-0.44,1.21,-0.0160096334072976,0.06,0.03,-0.3969382029200902,-0.6844517488318022,-0.5583,0.0285999999999999,False,,No Episode,0
2020-06-04,1718.9000244140625,-0.4,1.22,0.0123512414739046,0.0399999999999999,0.01,-0.3976213347089964,-0.573094944878704,-0.5345,0.0238,False,,No Episode,0
2020-06-05,1676.199951171875,-0.36,1.27,-0.0251552680028614,0.04,0.05,-0.505399886572923,-0.5948600791877314,-0.4952,0.0393,False,,No Episode,0
2020-06-08,1698.300048828125,-0.4,1.28,0.0130984819273454,-0.04,0.01,-0.5202556360708973,-0.703815145372085,-0.4925,0.0026999999999999,False,,No Episode,0
2020-06-09,1714.699951171875,-0.42,1.26,0.0096103302467129,-0.0199999999999999,-0.02,-0.5394570050941718,-0.7101748363584987,-0.5105,-0.0179999999999999,False,,No Episode,0
2020-06-10,1713.300048828125,-0.52,1.27,-0.0008167458702272,-0.1,0.01,-0.5490302536095877,-0.6127876456010528,-0.5455,-0.035,False,,No Episode,0
2020-06-11,1732.0,-0.55,1.21,0.010855446283994,-0.03,-0.06,-0.6117723907500447,-0.6207269581090094,-0.5767,-0.0312,False,,No Episode,0
2020-06-12,1729.300048828125,-0.5,1.21,-0.0015600795547294,0.05,0.0,-0.6276088353600617,-0.5917162219822881,-0.576,0.0007,False,,No Episode,0
2020-06-15,1720.300048828125,-0.52,1.23,-0.0052180079811634,-0.02,0.02,-0.6013294361510078,-0.5875181104740087,-0.5773,-0.0013,False,,No Episode,0
2020-06-16,1729.5999755859375,-0.52,1.27,0.0053914311830176,0.0,0.04,-0.6015995874499027,-0.5842918613671675,-0.5665,0.0108,False,,No Episode,0
2020-06-17,1729.199951171875,-0.52,1.26,-0.0002313082134364,0.0,-0.01,-0.6033043135940149,-0.5862265689789664,-0.5676,-0.0010999999999999,False,,No Episode,0
2020-06-18,1724.800048828125,-0.57,1.28,-0.0025477155319491,-0.0499999999999999,0.02,-0.5259063385258235,-0.5304449879387441,-0.5748,-0.0071999999999999,False,,No Episode,0
2020-06-19,1745.9000244140625,-0.6,1.3,0.0121590659502635,-0.03,0.02,-0.5695524502613054,-0.4783214850996796,-0.5772,-0.0024,False,,No Episode,0
2020-06-22,1756.699951171875,-0.63,1.34,0.0061668252495845,-0.03,0.04,-0.6247406184819767,-0.4746558992119219,-0.5763,0.0009,False,,No Episode,0
2020-06-23,1772.0999755859375,-0.66,1.38,0.0087282489804216,-0.03,0.0399999999999998,-0.682651853708093,-0.4643985600415591,-0.5756,0.0007,False,,No Episode,0
2020-06-24,1765.800048828125,-0.64,1.33,-0.0035613970847814,0.02,-0.0499999999999998,-0.7102604519358138,-0.4756353936377308,-0.5837,-0.0080999999999999,False,,No Episode,0
2020-06-25,1762.0999755859375,-0.65,1.33,-0.0020976074000182,-0.01,0.0,-0.7326810767303398,-0.4692745068794569,-0.5852,-0.0015,False,,No Episode,0
2020-06-26,1772.5,-0.68,1.32,0.0058847136866928,-0.03,-0.01,-0.7893425404622119,-0.4997569688446328,-0.5986,-0.0133999999999999,False,,No Episode,0
2020-06-29,1774.800048828125,-0.7,1.34,0.0012967886103742,-0.0199999999999999,0.02,-0.8558579212460536,-0.4963741949556459,-0.6082,-0.0095999999999999,False,,No Episode,0
2020-06-30,1793.0,-0.68,1.34,0.0102024265884761,0.0199999999999999,0.0,-0.8791982699324437,-0.4471136930726304,-0.6055,0.0026999999999999,False,,No Episode,0
2020-07-01,1773.199951171875,-0.68,1.37,-0.0111043982709624,0.0,0.03,-0.9104395814527636,-0.4470660227088934,-0.5934,0.0121,False,,No Episode,0
2020-07-02,1784.0,-0.73,1.41,0.0060722378057844,-0.0499999999999999,0.0399999999999998,-0.939083416748184,-0.4532007324653828,-0.5953,-0.0019,False,,No Episode,0
2020-07-07,1804.199951171875,-0.78,1.43,0.0087399734598774,-0.02,-0.02,-0.9598232944571722,-0.4447885038647879,-0.6023,-0.0117999999999999,False,,No Episode,0
2020-07-08,1815.5,-0.75,1.42,0.0062436586954408,0.03,-0.01,-0.956900980265596,-0.3845909102191142,-0.6027,-0.0004,False,,No Episode,0
2020-07-09,1799.199951171875,-0.77,1.39,-0.0090188173480827,-0.02,-0.03,-0.9590323724691812,-0.3620787319264427,-0.6144,-0.0116999999999999,False,,No Episode,0
2020-07-10,1798.199951171875,-0.76,1.41,-0.0005559571095261,0.01,0.02,-0.9608476012582255,-0.3648724867219082,-0.6057,0.0086999999999999,False,,No Episode,0
2020-07-13,1811.0,-0.78,1.42,0.0070930414866312,-0.02,0.01,-0.9653869414368452,-0.3660319938825344,-0.6074,-0.0017,False,,No Episode,0
2020-07-14,1810.5999755859373,-0.78,1.41,-0.0002209103260355,0.0,-0.01,-0.9680977774873428,-0.3688058527380169,-0.6126,-0.0051999999999999,False,,No Episode,0
2020-07-15,1811.4000244140625,-0.77,1.41,0.0004417718614782,0.01,0.0,-0.9685387275967016,-0.3506856876089809,-0.6127,-9.9999999999989e-05,False,,No Episode,0
2020-07-16,1798.699951171875,-0.79,1.41,-0.0070358858312724,-0.02,0.0,-0.9669233474260522,-0.2244080205591382,-0.6139,-0.0011999999999999,False,,No Episode,0
2020-07-17,1808.300048828125,-0.82,1.46,0.0053230498055762,-0.0299999999999999,0.05,-0.9738135126745124,-0.3288171992446308,-0.609,0.0049,False,,No Episode,0
2020-07-20,1815.9000244140625,-0.84,1.46,0.0041940216171987,-0.02,0.0,-0.9698665730629038,-0.1584304843527723,-0.611,-0.002,False,,No Episode,0
2020-07-21,1842.4000244140625,-0.87,1.48,0.0144878567473449,-0.03,0.02,-0.9683614250946868,-0.1414271775109191,-0.6176,-0.0066,False,,No Episode,0
2020-07-22,1864.0999755859373,-0.88,1.48,0.0117092670205263,-0.01,0.0,-0.9682286603740043,-0.1242326303607522,-0.6206,-0.003,False,,No Episode,0
2020-07-23,1889.0999755859373,-0.9,1.49,0.0133221624609296,-0.02,0.01,-0.9571831757468288,-0.2335844246807705,-0.6238,-0.0031999999999999,False,,No Episode,0
2020-07-24,1897.300048828125,-0.92,1.51,0.0043313363665129,-0.02,0.02,-0.9527139261317896,-0.2118497509782678,-0.6238,0.0,False,,No Episode,0
2020-07-27,1931.0,-0.9,1.52,0.0176061548228423,0.02,0.01,-0.9315240944784512,-0.0341784142802492,-0.6158,0.008,False,,No Episode,0
2020-07-28,1944.699951171875,-0.92,1.51,0.0070696949740147,-0.02,-0.01,-0.9177733366791936,-0.0552464414687167,-0.6253,-0.0094999999999999,False,,No Episode,0
2020-07-29,1953.5,-0.95,1.53,0.0045149370925958,-0.0299999999999999,0.02,-0.9210218816878868,-0.0613585053998831,-0.6309,-0.0056,False,,No Episode,0
2020-07-30,1942.300048828125,-0.97,1.52,-0.0057497725177064,-0.02,-0.01,-0.9326498439002636,-0.0328559144152696,-0.6417,-0.0108,False,,No Episode,0
2020-07-31,1962.800048828125,-1.0,1.55,0.0104991871150996,-0.03,0.03,-0.937802322094082,-0.1182782838169765,-0.6471,-0.0053999999999999,False,,No Episode,0
2020-08-03,1966.0,-1.02,1.58,0.0016289716145934,-0.02,0.03,-0.9453834020396537,-0.0851312731203098,-0.6458,0.0012999999999999,False,,No Episode,0
2020-08-04,2001.199951171875,-1.05,1.57,0.0177459545075153,-0.03,-0.01,-0.9528680689072369,-0.1253329609878372,-0.6587,-0.0128999999999999,False,,No Episode,0
2020-08-05,2031.0999755859373,-1.06,1.61,0.014830529962694,-0.01,0.04,-0.9579633672589536,-0.097367517068995,-0.6519,0.0067999999999999,False,,No Episode,0
2020-08-06,2051.5,-1.08,1.63,0.0099937267049199,-0.02,0.0199999999999997,-0.963899584617208,-0.0393837210389557,-0.6527,-0.0007999999999999,False,,No Episode,0
2020-08-07,2010.0999755859373,-1.04,1.61,-0.0203867729685862,0.04,-0.0199999999999997,-0.9673967802538764,-0.2852501753809845,-0.6443,0.0083999999999999,False,,No Episode,0
2020-08-10,2024.4000244140625,-1.02,1.61,0.0070889124861679,0.02,0.0,-0.9671605687211868,-0.2558314815937148,-0.6385,0.0058,False,,No Episode,0
2020-08-11,1932.5999755859373,-0.99,1.63,-0.0464071384673703,0.03,0.0199999999999997,-0.96437564887444,-0.4137068368485224,-0.6187,0.0197999999999999,False,,No Episode,0
2020-08-12,1934.9000244140625,-0.98,1.67,0.001189424227169,0.01,0.04,-0.968880843521337,-0.4549287502150491,-0.5991,0.0196,False,,No Episode,0
2020-08-13,1956.699951171875,-0.96,1.67,0.0112036976701075,0.02,0.0,-0.9707148608211604,-0.4021794078080385,-0.5826,0.0164999999999999,False,,No Episode,0
2020-08-14,1937.0,-0.94,1.65,-0.0101189714227336,0.02,-0.02,-0.9695937927649916,-0.4386175936387473,-0.581,0.0016,False,,No Episode,0
2020-08-17,1985.0,-0.97,1.66,0.0244785297142948,-0.03,0.01,-0.9656771970325776,-0.4786117906162865,-0.5868,-0.0058,False,,No Episode,0
2020-08-18,1999.4000244140625,-1.01,1.68,0.0072282336224844,-0.04,0.02,-0.9645611071875771,-0.4707716527950154,-0.5933,-0.0065,False,,No Episode,0
2020-08-19,1958.699951171875,-0.99,1.67,-0.0205661848119209,0.02,-0.01,-0.9664220575502708,-0.5451485671158598,-0.5932,0.0001000000000001,False,,No Episode,0
2020-08-20,1933.800048828125,-0.97,1.62,-0.0127939586325753,0.02,-0.0499999999999998,-0.9629139912722,-0.5906292159560179,-0.6026,-0.0094,False,,No Episode,0
2020-08-21,1934.5999755859373,-1.0,1.64,0.0004135698294724,-0.03,0.0199999999999997,-0.9549201250898616,-0.576136688628935,-0.6063,-0.0036999999999999,False,,No Episode,0
2020-08-24,1927.699951171875,-1.02,1.67,-0.0035730170549381,-0.02,0.03,-0.938408930533547,-0.561791122627533,-0.6037,0.0025999999999999,False,,No Episode,0
2020-08-25,1911.800048828125,-1.01,1.7,-0.0082823249037566,0.01,0.03,-0.9153416388132468,-0.5697972426743966,-0.5933,0.0103999999999999,False,,No Episode,0
2020-08-26,1940.699951171875,-1.03,1.72,0.0150034753879344,-0.02,0.02,-0.8955595725842738,-0.578557690201233,-0.5889,0.0044,False,,No Episode,0
2020-08-27,1921.5999755859373,-0.99,1.73,-0.0098905479373412,0.04,0.01,-0.8665360891659102,-0.6066775379381188,-0.5721,0.0167999999999999,False,,No Episode,0
2020-08-28,1964.5999755859373,-1.03,1.77,0.0221304901931311,-0.04,0.04,-0.8335251066851713,-0.6340573184907159,-0.5723,-0.0001999999999999,False,,No Episode,0
2020-08-31,1967.5999755859373,-1.08,1.8,0.0015258636993626,-0.05,0.03,-0.7706549871596099,-0.6001649576385069,-0.5781,-0.0057999999999999,False,,No Episode,0
2020-09-01,1968.199951171875,-1.08,1.76,0.000304881143224,0.0,-0.04,-0.7082184570364692,-0.5906377739913515,-0.5926,-0.0145,False,,No Episode,0
2020-09-02,1934.4000244140625,-1.07,1.73,-0.0173221811748387,0.01,-0.03,-0.5986453798061958,-0.6000090117617741,-0.6008,-0.0081999999999999,False,,No Episode,0
2020-09-03,1927.5999755859373,-1.02,1.65,-0.0035215203808744,0.05,-0.08,-0.526156557770681,-0.5710944044749391,-0.614,-0.0131999999999999,False,,No Episode,0
2020-09-04,1923.9000244140625,-0.98,1.7,-0.0019213045878458,0.04,0.05,-0.4816600321149661,-0.5556365654843853,-0.5878,0.0262,False,,No Episode,0
2020-09-09,1944.699951171875,-1.0,1.71,0.0060344981941984,-0.01,0.03,-0.4827875572639655,-0.6065813387190279,-0.5913,0.0018999999999999,False,,No Episode,0
2020-09-10,1954.199951171875,-1.01,1.69,0.004873179121466,-0.01,-0.02,-0.4954576288625614,-0.6085484795088982,-0.5975,-0.0061999999999999,False,,No Episode,0
2020-09-11,1937.800048828125,-0.98,1.65,-0.0084275433753804,0.03,-0.04,-0.4982560234958948,-0.6295237508355492,-0.6019,-0.0043999999999999,False,,No Episode,0
2020-09-14,1953.0999755859373,-0.97,1.65,0.0078645071940703,0.01,0.0,-0.4958014378584507,-0.6094316023217675,-0.6009,0.001,False,,No Episode,0
2020-09-15,1956.300048828125,-0.99,1.67,0.0016371176840062,-0.02,0.02,-0.4936346031805419,-0.6094448997699636,-0.6001,0.0008,False,,No Episode,0
2020-09-16,1960.199951171875,-0.99,1.68,0.0019915248986208,0.0,0.01,-0.4666162625546206,-0.589283840197602,-0.5961,0.004,False,,No Episode,0
2020-09-17,1940.0,-0.97,1.66,-0.0103585108679382,0.02,-0.02,-0.4160115227929686,-0.5924309446954013,-0.5935,0.0025999999999999,False,,No Episode,0
2020-09-18,1952.0999755859373,-0.97,1.67,0.0062177306051101,0.0,0.01,-0.2521827524784779,-0.5811770400979968,-0.589,0.0045,False,,No Episode,0
2020-09-21,1901.199951171875,-0.94,1.62,-0.0264204636054223,0.03,-0.0499999999999998,-0.271060602120281,-0.5745306980197458,-0.5938,-0.0048,False,,No Episode,0
2020-09-22,1898.5999755859373,-0.94,1.62,-0.0013684804683453,0.0,0.0,-0.331415245140594,-0.5974470745239966,-0.5971,-0.0032999999999999,False,,No Episode,0
2020-09-23,1859.9000244140625,-0.92,1.6,-0.0205940236410899,0.0199999999999999,-0.02,-0.4552050506245577,-0.6135041509994615,-0.5968,0.0002999999999999,False,,No Episode,0
2020-09-24,1868.300048828125,-0.91,1.58,0.0045062166532208,0.01,-0.02,-0.5403777339838435,-0.6086516265326312,-0.5983,-0.0015,False,,No Episode,0
2020-09-25,1857.699951171875,-0.92,1.58,-0.0056898154876714,-0.01,0.0,-0.6173145174193568,-0.6430643199910097,-0.6024,-0.0040999999999999,False,,No Episode,0
2020-09-28,1872.800048828125,-0.94,1.61,0.0080955261357829,-0.0199999999999999,0.03,-0.6560801488225212,-0.644241631108697,-0.6034,-0.001,False,,No Episode,0
2020-09-29,1894.300048828125,-0.98,1.64,0.0114147396616157,-0.04,0.0299999999999998,-0.7049710941582915,-0.6450443611846861,-0.6068,-0.0033999999999999,False,,No Episode,0
2020-09-30,1887.5,-0.94,1.63,-0.0035962007873946,0.04,-0.01,-0.741754910071372,-0.6188773287194177,-0.5978,0.009,False,,No Episode,0
2020-10-01,1908.4000244140625,-0.95,1.63,0.0110120053117199,-0.01,0.0,-0.7556484313731856,-0.6166644663244036,-0.5961,0.0017,False,,No Episode,0
2020-10-02,1900.199951171875,-0.94,1.64,-0.0043060893585593,0.01,0.01,-0.7673028422561703,-0.608841501317168,-0.5889,0.0071999999999999,False,,No Episode,0
2020-10-05,1912.5,-0.9,1.68,0.0064521686243503,0.0399999999999999,0.04,-0.743128729664608,-0.5608187248022071,-0.5618,0.0271,False,,No Episode,0
2020-10-06,1901.0999755859373,-0.9,1.66,-0.0059786335451814,0.0,-0.02,-0.7442382825844457,-0.5739797305372453,-0.5601,0.0016999999999999,False,,No Episode,0
2020-10-07,1883.5999755859373,-0.9,1.71,-0.0092478267474938,0.0,0.05,-0.7706417173099499,-0.5623437731277892,-0.5446,0.0155,False,,No Episode,0
2020-10-08,1888.5999755859373,-0.94,1.72,0.0026509744938838,-0.0399999999999999,0.01,-0.7722134158199402,-0.5361456062842029,-0.5497,-0.0050999999999999,False,,No Episode,0
2020-10-09,1919.5,-0.94,1.73,0.0162289345389528,0.0,0.01,-0.7681838400766867,-0.4976682675509817,-0.5449,0.0047999999999999,False,,No Episode,0
2020-10-14,1901.300048828125,-0.96,1.69,0.0067550252444696,0.0,-0.01,-0.7203667276570122,-0.3663955502430938,-0.5689,-0.0081999999999999,False,,No Episode,0
2020-10-15,1903.199951171875,-0.95,1.69,0.0009987659359627,0.01,0.0,-0.6824932862665625,-0.3632254791325348,-0.5662,0.0026999999999999,False,,No Episode,0
2020-10-16,1900.800048828125,-0.95,1.71,-0.0012617784764215,0.0,0.02,-0.7285932856889443,-0.3659282611616262,-0.5626,0.0036,False,,No Episode,0
2020-10-19,1906.4000244140625,-0.93,1.71,0.0029417837343785,0.0199999999999999,0.0,-0.7440854587337453,-0.3578076655669883,-0.5544,0.0081999999999999,False,,No Episode,0
2020-10-20,1910.4000244140625,-0.91,1.72,0.0020959973869372,0.02,0.01,-0.7200719025199431,-0.3555918071919475,-0.5427,0.0117,False,,No Episode,0
2020-10-21,1924.5999755859373,-0.91,1.74,0.0074054842591957,0.0,0.02,-0.6691739372679216,-0.3480431608411121,-0.5322,0.0104999999999999,False,,No Episode,0
2020-10-22,1901.0999755859373,-0.89,1.76,-0.0122854880815248,0.02,0.02,-0.6254707978867313,-0.3602008348614326,-0.5141,0.0181,False,,No Episode,0
2020-10-23,1902.0,-0.9,1.75,0.0004733109498262,-0.01,-0.01,-0.5642464044153905,-0.3516136339045814,-0.5131,0.001,False,,No Episode,0
2020-10-26,1902.699951171875,-0.91,1.72,0.0003679402784735,-0.01,-0.03,-0.532643358324476,-0.3290301944004608,-0.525,-0.0119,False,,No Episode,0
2020-10-27,1908.800048828125,-0.92,1.71,0.0032008935403773,-0.01,-0.01,-0.4927551236431658,-0.352602315121927,-0.5352,-0.0101999999999999,False,,No Episode,0
2020-10-28,1876.199951171875,-0.91,1.7,-0.0172263692573473,0.01,-0.01,-0.4257379675495939,-0.3553089878592786,-0.5381,-0.0029,False,,No Episode,0
2020-10-29,1865.5999755859373,-0.86,1.71,-0.0056657245971063,0.05,0.01,-0.3781083811539809,-0.3536566925911651,-0.5198,0.0182999999999999,False,,No Episode,0
2020-10-30,1877.4000244140625,-0.82,1.7,0.0063051498373463,0.04,-0.01,-0.3447985971051504,-0.2772487096879437,-0.5045,0.0153,False,,No Episode,0
2020-11-02,1890.4000244140625,-0.84,1.71,0.0069006058803786,-0.02,0.01,-0.2408205963614836,-0.2962574734426879,-0.5034,0.0010999999999999,False,,No Episode,0
2020-11-03,1908.5,-0.82,1.72,0.0095291333978266,0.02,0.01,-0.1323418254552918,-0.1907315648534735,-0.4944,0.0089999999999999,False,,No Episode,0
2020-11-04,1894.5999755859373,-0.86,1.64,-0.0073098716299808,-0.04,-0.08,-0.1215662231780517,-0.1262744352794033,-0.5281,-0.0337,False,,No Episode,0
2020-11-05,1945.300048828125,-0.87,1.66,0.0264085103490305,-0.01,0.02,-0.0292985417430145,-0.1111785337801209,-0.5356,-0.0074999999999999,False,,No Episode,0
2020-11-06,1950.300048828125,-0.82,1.65,0.0025670000104103,0.05,-0.01,0.1561982465103107,-0.0999894611532137,-0.5249,0.0106999999999999,False,,No Episode,0
2020-11-09,1853.199951171875,-0.77,1.73,-0.0510693837202573,0.0499999999999999,0.08,-0.0948070835548784,-0.3092311382337884,-0.4818,0.0431,False,,No Episode,0
2020-11-10,1875.4000244140625,-0.78,1.76,0.0119081348090936,-0.01,0.03,-0.2096200544314636,-0.3078386712187456,-0.4599,0.0219,False,,No Episode,0
2020-11-13,1885.699951171875,-0.83,1.72,0.0069712523717102,0.0,0.01,-0.3104760145145032,-0.2439633744589623,-0.4863,-0.0013,False,,No Episode,0
2020-11-16,1887.300048828125,-0.81,1.72,0.0008481832770623,0.0199999999999999,0.0,-0.3129365118440215,-0.2288914870442003,-0.4837,0.0025999999999999,False,,No Episode,0
2020-11-17,1884.5,-0.83,1.7,-0.0014847284088492,-0.0199999999999999,-0.02,-0.3281629305097646,-0.2209091430635994,-0.4956,-0.0118999999999999,False,,No Episode,0
2020-11-18,1873.5,-0.82,1.7,-0.0058541944734482,0.01,0.0,-0.3494526932242764,-0.2592309809546444,-0.4932,0.0023999999999999,False,,No Episode,0
2020-11-19,1861.0999755859373,-0.84,1.7,-0.0066406416019066,-0.02,0.0,-0.3652110665361218,-0.243378536638282,-0.4987,-0.0054999999999999,False,,No Episode,0
2020-11-20,1872.5999755859373,-0.86,1.69,0.0061601288354316,-0.02,-0.01,-0.3780852624791893,-0.2572440687219309,-0.506,-0.0073,False,,No Episode,0
2020-11-23,1837.800048828125,-0.85,1.71,-0.0187585958316915,0.01,0.02,-0.3928168115454515,-0.2618575695829694,-0.5011,0.0049,False,,No Episode,0
2020-11-24,1804.800048828125,-0.86,1.74,-0.0181194212772455,-0.01,0.03,-0.3204234782267424,-0.2345648280520926,-0.4949,0.0061999999999999,False,,No Episode,0
2020-11-25,1805.699951171875,-0.87,1.75,0.0004984918223982,-0.01,0.01,-0.2937012021800718,-0.2797722079866077,-0.4938,0.0010999999999999,False,,No Episode,0
2020-11-30,1775.699951171875,-0.93,1.77,-0.0034855405676799,-0.02,0.02,0.0187925888602044,-0.2129645910846481,-0.5084,-0.0030999999999999,False,,No Episode,0
2020-12-01,1814.0999755859373,-0.89,1.81,0.0213947796224989,0.04,0.04,0.0881551848599185,-0.1130375588201803,-0.4835,0.0248999999999999,False,,No Episode,0
2020-12-02,1825.699951171875,-0.9,1.85,0.0063739848852568,-0.01,0.04,0.1651519380888172,-0.12892285523,-0.4703,0.0131999999999999,False,,No Episode,0
2020-12-03,1836.800048828125,-0.94,1.86,0.0060615053339176,-0.0399999999999999,0.01,0.2420536744581181,-0.1573451487521115,-0.474,-0.0036999999999999,False,,No Episode,0
2020-12-04,1835.9000244140625,-0.92,1.89,-0.0004901159441992,0.0199999999999999,0.0299999999999998,0.3268739056478652,-0.1557056273182137,-0.4621,0.0118999999999999,False,,No Episode,0
2020-12-07,1861.800048828125,-0.94,1.88,0.0140089501443849,-0.0199999999999999,-0.01,0.339061119637469,-0.1592417951817181,-0.4708,-0.0086999999999999,False,,No Episode,0
2020-12-08,1870.800048828125,-0.97,1.89,0.0048223850431723,-0.03,0.01,0.3309425994224612,-0.1687248518264033,-0.4775,-0.0066999999999999,False,,No Episode,0
2020-12-09,1834.5999755859373,-0.96,1.91,-0.0195397121838736,0.01,0.02,0.3877797141288361,-0.1814406488482295,-0.4707,0.0067999999999999,False,,No Episode,0
2020-12-10,1833.5999755859373,-0.96,1.88,-0.0005452265623926,0.0,-0.03,0.4574203485085334,-0.1787291910666799,-0.4793,-0.0085999999999999,False,,No Episode,0
2020-12-11,1839.800048828125,-0.97,1.87,0.0033756623773708,-0.01,-0.0099999999999997,0.4747317611273083,-0.1696011839583366,-0.4893,-0.01,False,,No Episode,0
2020-12-14,1828.699951171875,-0.98,1.88,-0.0060515914033825,-0.01,0.0099999999999997,0.4868556022493528,-0.1530316730597222,-0.4924,-0.0030999999999999,False,,No Episode,0
2020-12-15,1852.300048828125,-0.99,1.91,0.0128228313099016,-0.01,0.03,0.4598362916905844,-0.1948847249654325,-0.4865,0.0059,False,,No Episode,0
2020-12-16,1856.0999755859373,-1.0,1.92,0.0020493625621478,-0.01,0.01,0.42392004732077,-0.1875066744997638,-0.4854,0.0010999999999999,False,,No Episode,0
2020-12-17,1887.199951171875,-1.0,1.94,0.0166167241685144,0.0,0.02,0.3275505105189304,-0.2031229070482304,-0.4794,0.006,False,,No Episode,0
2020-12-18,1885.699951171875,-1.0,1.95,-0.0007951443811702,0.0,0.01,0.2605135913229549,-0.2355902969341658,-0.4747,0.0046999999999999,False,,No Episode,0
2020-12-21,1879.199951171875,-1.0,1.95,-0.0034529504777385,0.0,0.0,0.2078778819518565,-0.2365592833927965,-0.4728,0.0019,False,,No Episode,0
2020-12-22,1866.5999755859373,-1.01,1.94,-0.0067275473090218,-0.01,-0.01,0.0867877662798737,-0.2836245622543177,-0.4808,-0.008,False,,No Episode,0
2020-12-23,1874.699951171875,-1.01,1.97,0.0043300395050946,0.0,0.03,0.0433942493279589,0.0917703639443658,-0.4728,0.008,False,,No Episode,0
2020-12-24,1879.9000244140625,-1.03,1.97,0.0027699763494979,-0.02,0.0,-0.0624477566195804,0.0916819229045153,-0.4771,-0.0043,False,,No Episode,0
2020-12-29,1879.699951171875,-1.02,1.96,0.0013308847368813,0.01,-0.01,-0.2395813143607633,0.07936551805942,-0.4805,-0.0005999999999999,False,,No Episode,0
2020-12-30,1891.0,-1.03,1.96,0.0059936260124606,-0.01,0.0,-0.3848048808898103,0.0732578847710601,-0.4819,-0.0014,False,,No Episode,0
2020-12-31,1893.0999755859373,-1.06,1.99,0.0011098944610656,-0.03,0.03,-0.5249634513338595,0.0629827107554333,-0.4849,-0.003,False,,No Episode,0
2021-01-05,1952.699951171875,-1.07,2.03,0.0041053068384808,0.01,0.02,-0.7676258783194919,0.0125661815432604,-0.4793,0.0087999999999999,False,,No Episode,0
2021-01-06,1906.9000244140625,-1.02,2.06,-0.023734105597418,0.05,0.0300000000000002,-0.8398254568187815,-0.1885850570906586,-0.4475,0.0317999999999999,False,,No Episode,0
2021-01-07,1912.300048828125,-1.01,2.09,0.0028278319590517,0.01,0.0299999999999998,-0.8696876450289341,-0.1467741593372149,-0.4236,0.0239,False,,No Episode,0
2021-01-08,1834.0999755859373,-0.93,2.06,-0.041752846956852,0.0799999999999999,-0.0299999999999998,-0.8687674515791391,-0.4817403120500042,-0.4005,0.0230999999999999,False,,No Episode,0
2021-01-11,1849.5999755859373,-0.91,2.06,0.0084155016326219,0.02,0.0,-0.8480724319079852,-0.4565104971639598,-0.3852,0.0153,False,,No Episode,0
2021-01-12,1842.9000244140625,-0.93,2.08,-0.0036289551927897,-0.02,0.02,-0.8373342096628247,-0.5301265943447871,-0.3809,0.0042999999999999,False,,No Episode,0
2021-01-13,1853.5999755859373,-0.96,2.06,0.0057892498613822,-0.0299999999999999,-0.02,-0.8542915035383538,-0.5468322780307434,-0.3927,-0.0117999999999999,False,,No Episode,0
2021-01-14,1850.300048828125,-0.94,2.09,-0.0017818664700346,0.02,0.0299999999999998,-0.839476449468667,-0.69533027335725,-0.3834,0.0092999999999999,False,,No Episode,0
2021-01-15,1829.300048828125,-0.99,2.1,-0.0114144077874742,-0.05,0.0100000000000002,-0.806336991068721,-0.5818453231677236,-0.3951,-0.0116999999999999,False,,No Episode,0
2021-01-20,1865.9000244140625,-1.02,2.12,0.01424972794271,-0.02,0.02,-0.7647757380561278,-0.5992766764717843,-0.4036,-0.0023,False,,No Episode,0
2021-01-21,1865.300048828125,-0.98,2.1,-0.0003215992599336,0.04,-0.02,-0.7779407196756203,-0.5642713635697444,-0.3986,0.005,False,,No Episode,0
2021-01-22,1855.699951171875,-0.99,2.09,-0.0051599671898232,-0.01,-0.0100000000000002,-0.784074765723801,-0.5551713155430797,-0.4035,-0.0049,False,,No Episode,0
2021-01-25,1854.9000244140625,-1.03,2.08,-0.0004311576432209,-0.04,-0.0099999999999997,-0.752037747706826,-0.5330524465357431,-0.4199,-0.0163999999999999,False,,No Episode,0
2021-01-26,1850.699951171875,-1.03,2.08,-0.0022668798944573,0.0,0.0,-0.7134113131487095,-0.533111912316501,-0.4235,-0.0035999999999999,False,,No Episode,0
2021-01-27,1844.9000244140625,-1.04,2.08,-0.0031388308031132,-0.01,0.0,-0.6591953826159426,-0.5275499577902797,-0.4295,-0.006,False,,No Episode,0
2021-01-28,1837.9000244140625,-1.06,2.13,-0.00380145994189,-0.02,0.0499999999999998,-0.5716442803341507,-0.5232111855136171,-0.4219,0.0075999999999999,False,,No Episode,0
2021-01-29,1847.300048828125,-1.02,2.13,0.0051015112416479,0.04,0.0,-0.5527693014373426,-0.4771553882379222,-0.4041,0.0177999999999999,False,,No Episode,0
2021-02-01,1860.800048828125,-1.02,2.11,0.0072813890080443,0.0,-0.02,-0.5470102102830885,-0.4725495362031327,-0.409,-0.0048999999999999,False,,No Episode,0
2021-02-02,1830.5,-1.03,2.15,-0.0164173754445018,-0.01,0.04,-0.5127766432402381,-0.4597102589532906,-0.3998,0.0091999999999999,False,,No Episode,0
2021-02-03,1832.199951171875,-1.04,2.19,0.0009282503708192,-0.01,0.04,-0.4750284733925675,-0.460522290865203,-0.3854,0.0143999999999999,False,,No Episode,0
2021-02-04,1788.9000244140625,-1.02,2.17,-0.0239164844864125,0.02,-0.02,-0.4187655128209815,-0.4768438153719884,-0.3787,0.0067,False,,No Episode,0
2021-02-05,1810.9000244140625,-1.02,2.21,0.0122230532843277,0.0,0.04,-0.3913690364593571,-0.4742760363939179,-0.3671,0.0116,False,,No Episode,0
2021-02-08,1831.9000244140625,-1.03,2.22,0.0115297201895687,-0.01,0.0100000000000002,-0.373960586577689,-0.4786987898646023,-0.3611,0.006,False,,No Episode,0
2021-02-09,1835.300048828125,-1.04,2.22,0.0018542895508142,-0.01,0.0,-0.346908099292921,-0.4778364346364965,-0.3611,0.0,False,,No Episode,0
2021-02-10,1840.5999755859373,-1.06,2.21,0.0028836096711604,-0.02,-0.0100000000000002,-0.3140359513751189,-0.4798819506811614,-0.3721,-0.011,False,,No Episode,0
2021-02-11,1824.9000244140625,-1.04,2.2,-0.0085663877674981,0.02,-0.0099999999999997,-0.2873851540630057,-0.4913698090033864,-0.3723,-0.0002,False,,No Episode,0
2021-02-12,1821.5999755859373,-1.01,2.21,-0.0018099820260788,0.03,0.0099999999999997,-0.277469389878928,-0.4806569299405742,-0.3555,0.0168,False,,No Episode,0
2021-02-17,1771.0999755859375,-0.92,2.21,-0.0146290623491074,0.0199999999999999,-0.0300000000000002,-0.3021320398461061,-0.4984858696184157,-0.3047,0.0119999999999999,False,,No Episode,0
2021-02-18,1773.4000244140625,-0.87,2.16,0.0012978130348191,0.05,-0.0499999999999998,-0.3355230960971976,-0.4680210065546757,-0.2999,0.0048,False,,No Episode,0
2021-02-19,1775.800048828125,-0.8,2.14,0.0013524313819193,0.0699999999999999,-0.02,-0.4627463624456649,-0.3682579006900998,-0.281,0.0188999999999999,False,,No Episode,0
2021-02-22,1806.699951171875,-0.79,2.16,0.0172508966591058,0.01,0.02,-0.5053545579319809,-0.3489897371034752,-0.2651,0.0159,False,,No Episode,0
2021-02-23,1804.4000244140625,-0.79,2.16,-0.0012738096892075,0.0,0.0,-0.5306357951763143,-0.1179732502073975,-0.262,0.0030999999999999,False,,No Episode,0
2021-02-24,1796.4000244140625,-0.79,2.17,-0.0044434642604027,0.0,0.0099999999999997,-0.5923409932815754,-0.1365435490941418,-0.2515,0.0105,False,,No Episode,0
2021-02-25,1774.4000244140625,-0.6,2.14,-0.0123223244489771,0.19,-0.0299999999999998,-0.6547267768842964,-0.2616811673709929,-0.1743,0.0771999999999999,False,,No Episode,0
2021-02-26,1728.0999755859375,-0.71,2.15,-0.0264398264228997,-0.1099999999999999,0.0099999999999997,-0.7272051228596129,0.0046098251080065,-0.1807,-0.0063999999999999,False,,No Episode,0
2021-03-01,1722.5,-0.71,2.16,-0.0032458010444411,0.0,0.0100000000000002,-0.777759879506107,0.0046204172470591,-0.19,-0.0093,False,,No Episode,0
2021-03-02,1733.0999755859375,-0.78,2.2,0.0061349744805836,-0.07,0.04,-0.7876136167553557,-0.0733333687979977,-0.2057,-0.0156999999999999,False,,No Episode,0
2021-03-03,1715.300048828125,-0.74,2.21,-0.0103236774863884,0.04,0.0099999999999997,-0.8009229196340502,-0.0814258907956925,-0.1887,0.0169999999999999,False,,No Episode,0
2021-03-04,1700.199951171875,-0.66,2.2,-0.0088421584177984,0.0799999999999999,-0.0099999999999997,-0.8265743436182097,-0.0768356148667783,-0.1585,0.0302,False,,No Episode,0
2021-03-05,1698.0,-0.66,2.22,-0.0012947745929183,0.0,0.02,-0.8522781108939868,-0.0840435596632826,-0.1425,0.016,False,,No Episode,0
2021-03-08,1677.699951171875,-0.62,2.21,-0.0120273091991434,0.04,-0.0100000000000002,-0.8713658117603994,-0.1021727641895694,-0.1189,0.0235999999999999,False,,No Episode,0
2021-03-09,1716.5999755859375,-0.66,2.21,0.0229217973896345,-0.04,0.0,-0.87693723586727,-0.1656427969787151,-0.1271,-0.0081999999999999,False,,No Episode,0
2021-03-10,1721.5,-0.73,2.26,0.0028504277167948,-0.0699999999999999,0.0499999999999998,-0.8766513202226468,-0.1832735781816661,-0.1398,-0.0127,False,,No Episode,0
2021-03-11,1722.300048828125,-0.74,2.28,0.0004646314136564,-0.01,0.02,-0.873753720629502,-0.1872252168780499,-0.143,-0.0031999999999999,False,,No Episode,0
2021-03-12,1719.5,-0.62,2.26,-0.0016270843199137,0.12,-0.02,-0.872692283254633,-0.1755162212958802,-0.1082,0.0347999999999999,False,,No Episode,0
2021-03-15,1728.9000244140625,-0.65,2.27,0.0054518313595632,-0.03,0.0100000000000002,-0.8698386852129064,-0.2026192917045371,-0.1034,0.0047999999999999,False,,No Episode,0
2021-03-16,1730.5999755859375,-0.68,2.3,0.0009827728334723,-0.03,0.0299999999999998,-0.8685001926059085,-0.204523662248294,-0.1021,0.0013,False,,No Episode,0
2021-03-17,1726.800048828125,-0.67,2.3,-0.0021981421073808,0.01,0.0,-0.8635809572150739,-0.228281338810373,-0.1044,-0.0023,False,,No Episode,0
2021-03-18,1732.199951171875,-0.56,2.27,0.0031222357504656,0.1099999999999999,-0.0299999999999998,-0.8449732492267361,-0.1888592137707452,-0.0738,0.0306,False,,No Episode,0
2021-03-19,1741.4000244140625,-0.57,2.31,0.0052971527058636,-0.0099999999999998,0.04,-0.8392779164714772,-0.2066849449486512,-0.0515,0.0223,False,,No Episode,0
2021-03-22,1737.800048828125,-0.64,2.33,-0.0020694279115334,-0.07,0.02,-0.8315072665294663,-0.1917147902583656,-0.061,-0.0095,False,,No Episode,0
2021-03-23,1724.699951171875,-0.66,2.29,-0.0075668795165002,-0.02,-0.04,-0.816158904572079,-0.1678158262563184,-0.0808,-0.0197999999999999,False,,No Episode,0
2021-03-24,1732.9000244140625,-0.69,2.31,0.0047432257484869,-0.0299999999999999,0.02,-0.7908023826020149,-0.1773246015360924,-0.093,-0.0122,False,,No Episode,0
2021-03-25,1724.9000244140625,-0.69,2.32,-0.0046272278102748,0.0,0.0099999999999997,-0.7471162946700944,-0.1676334040079189,-0.0944,-0.0013999999999999,False,,No Episode,0
2021-03-26,1732.199951171875,-0.67,2.34,0.0042231567839579,0.0199999999999999,0.02,-0.6957927636049741,-0.1621023308533477,-0.0804,0.0139999999999999,False,,No Episode,0
2021-03-29,1712.0999755859375,-0.63,2.36,-0.0116715757573873,0.04,0.02,-0.6279596919283708,-0.1743216992885349,-0.0587,0.0216999999999999,False,,No Episode,0
2021-03-30,1683.9000244140625,-0.62,2.35,-0.0166081268362683,0.01,-0.0099999999999997,-0.5844001965675318,-0.1351211513809133,-0.0481,0.0106,False,,No Episode,0
2021-03-31,1713.800048828125,-0.63,2.37,0.0176006096113781,-0.01,0.02,-0.5744508463242566,-0.1446153113545448,-0.0374,0.0106999999999999,False,,No Episode,0
2021-04-01,1726.5,-0.66,2.35,0.0073830821038836,-0.03,-0.02,-0.5413619208809016,-0.1659676535006574,-0.0473,-0.0098999999999999,False,,No Episode,0
2021-04-05,1727.0,-0.62,2.35,0.0002895613166309,0.04,0.0,-0.4939585478706017,-0.1740236198410439,-0.0335,-0.0017,False,,No Episode,0
2021-04-06,1741.5,-0.65,2.32,0.0083610116593773,-0.03,-0.0300000000000002,-0.3892133483901375,-0.2045955781629474,-0.0569,-0.0233999999999999,False,,No Episode,0
2021-04-07,1740.0999755859375,-0.66,2.34,-0.0008042420147873,-0.01,0.02,-0.2286455786721326,-0.2047693520613538,-0.0623,-0.0054,False,,No Episode,0
2021-04-08,1756.800048828125,-0.69,2.33,0.00955143131773,-0.0299999999999999,-0.0099999999999997,0.0018510751297356,-0.2209141877778558,-0.078,-0.0157,False,,No Episode,0
2021-04-09,1743.300048828125,-0.64,2.31,-0.0077141033508087,0.0499999999999999,-0.02,-0.1129164498506803,-0.1419065055422543,-0.0716,0.0064,False,,No Episode,0
2021-04-12,1731.199951171875,-0.64,2.33,-0.0069651153108134,0.0,0.02,-0.0982908336370674,-0.4205703703704863,-0.0639,0.0076999999999999,False,,No Episode,0
2021-04-13,1746.199951171875,-0.69,2.33,0.0086271889668267,-0.0499999999999999,0.0,-0.1271248344420464,-0.4425104297378672,-0.0816,-0.0177,False,,No Episode,0
2021-04-14,1734.9000244140625,-0.69,2.33,-0.0064921815096035,0.0,0.0,-0.1097326966591444,-0.4223822941170279,-0.0809,0.0007,False,,No Episode,0
2021-04-15,1765.4000244140625,-0.77,2.33,0.0174275185107291,-0.08,0.0,-0.3158846617602873,-0.4663876684534396,-0.1094,-0.0284999999999999,False,,No Episode,0
2021-04-16,1779.0,-0.77,2.36,0.0076741012505063,0.0,0.0299999999999998,-0.4580327166624892,-0.4270367469661469,-0.1065,0.0029,False,,No Episode,0
2021-04-19,1769.4000244140625,-0.73,2.34,-0.0054108888186163,0.04,-0.02,-0.5171626138650286,-0.4407159208653491,-0.1005,0.0059999999999999,False,,No Episode,0
2021-04-20,1777.300048828125,-0.74,2.32,0.0044548663919306,-0.01,-0.02,-0.5519428512997052,-0.4156276824336553,-0.1124,-0.0118999999999999,False,,No Episode,0
2021-04-21,1792.300048828125,-0.76,2.33,0.008404352241679,-0.02,0.0100000000000002,-0.6110708643755594,-0.4002504793773001,-0.1189,-0.0065,False,,No Episode,0
2021-04-22,1781.199951171875,-0.76,2.33,-0.0062124714463314,0.0,0.0,-0.6916545725263131,-0.4016325643268608,-0.1217,-0.0027999999999999,False,,No Episode,0
2021-04-23,1777.0,-0.76,2.34,-0.0023607178798457,0.0,0.0099999999999997,-0.7700551657836109,-0.4015423553930805,-0.1149,0.0068,False,,No Episode,0
2021-04-26,1779.199951171875,-0.78,2.36,0.0012372484577465,-0.02,0.02,-0.7831113826090044,-0.4325871341670574,-0.1114,0.0035,False,,No Episode,0
2021-04-27,1778.0,-0.76,2.39,-0.0006746605385474,0.02,0.0300000000000002,-0.7941661969488112,-0.426541025565588,-0.094,0.0174,False,,No Episode,0
2021-04-28,1773.199951171875,-0.78,2.41,-0.0027033407396794,-0.02,0.02,-0.8058898543712313,-0.4201138012640149,-0.0908,0.0031999999999999,False,,No Episode,0
2021-04-29,1768.0999755859375,-0.77,2.42,-0.0028802864582049,0.01,0.0099999999999997,-0.8117514702776826,-0.4206607621806502,-0.0846,0.0062,False,,No Episode,0
2021-04-30,1767.300048828125,-0.76,2.41,-0.0004525240515578,0.01,-0.0099999999999997,-0.8398628290356767,-0.5562204747883928,-0.0826,0.0019999999999999,False,,No Episode,0
2021-05-03,1791.4000244140625,-0.79,2.42,0.013544464845169,-0.03,0.0099999999999997,-0.9007451849865856,-0.568944428384628,-0.0924,-0.0097999999999999,False,,No Episode,0
2021-05-04,1775.800048828125,-0.81,2.42,-0.0087463975749404,-0.02,0.0,-0.8996624980665108,-0.6099075206275749,-0.1006,-0.0081999999999999,False,,No Episode,0
2021-05-05,1784.0999755859375,-0.88,2.47,0.004663019601776,-0.0699999999999999,0.0500000000000002,-0.8747558761998131,-0.6205949350344719,-0.1119,-0.0113,False,,No Episode,0
2021-05-06,1815.5,-0.87,2.45,0.0174468391579782,0.01,-0.02,-0.8936882654294831,-0.543737414199265,-0.1159,-0.004,False,,No Episode,0
2021-05-07,1831.0999755859373,-0.89,2.49,0.0085559539602737,-0.02,0.04,-0.914349373922668,-0.5483331149947436,-0.1191,-0.0031999999999999,False,,No Episode,0
2021-05-10,1837.5,-0.91,2.54,0.0034890862723271,-0.02,0.0499999999999998,-0.9262068895819392,-0.5651909100950835,-0.1115,0.0075999999999999,False,,No Episode,0
2021-05-11,1835.9000244140625,-0.89,2.53,-0.0008711143226873,0.02,-0.0100000000000002,-0.929604615587198,-0.5261948485612348,-0.1029,0.0085999999999999,False,,No Episode,0
2021-05-12,1822.5999755859373,-0.85,2.54,-0.007270798097462,0.04,0.0100000000000002,-0.9386357408178436,-0.5602380033811021,-0.0765,0.0264,False,,No Episode,0
2021-05-13,1823.800048828125,-0.85,2.51,0.0006582236054635,0.0,-0.0300000000000002,-0.9351675876814562,-0.59504725151207,-0.0785,-0.002,False,,No Episode,0
2021-05-14,1837.9000244140625,-0.88,2.51,0.007701365482795,-0.03,0.0,-0.9347644500664096,-0.595501301755483,-0.0861,-0.0075999999999999,False,,No Episode,0
2021-05-17,1867.5,-0.9,2.54,0.0159770092518716,-0.02,0.0300000000000002,-0.9228009948822702,-0.5978180154196531,-0.0856,0.0005,False,,No Episode,0
2021-05-18,1867.800048828125,-0.88,2.52,0.0001606558106965,0.02,-0.02,-0.9105783539336408,-0.5893634219411453,-0.0878,-0.0022,False,,No Episode,0
2021-05-19,1881.300048828125,-0.8,2.48,0.0072017593538751,0.0799999999999999,-0.04,-0.8329457738114977,-0.4631702614411358,-0.0721,0.0157,False,,No Episode,0
2021-05-20,1881.800048828125,-0.78,2.41,0.0002657383486841,0.02,-0.0699999999999998,-0.754935436703849,-0.4521154706159317,-0.0858,-0.0137,False,,No Episode,0
2021-05-21,1876.699951171875,-0.8,2.43,-0.0027139022410791,-0.02,0.02,-0.7013131352479937,-0.3926630654059153,-0.087,-0.0011999999999999,False,,No Episode,0
2021-05-24,1884.5999755859373,-0.83,2.44,0.0042006945390005,-0.0299999999999999,0.0099999999999997,-0.6491872614503087,-0.3975620314808671,-0.0952,-0.0082,False,,No Episode,0
2021-05-25,1898.0999755859373,-0.86,2.42,0.0071377891404296,-0.03,-0.02,-0.6261698400324812,-0.3858693662006382,-0.115,-0.0197999999999999,False,,No Episode,0
2021-05-26,1901.300048828125,-0.82,2.4,0.0016845154384022,0.04,-0.02,-0.54710041091526,-0.3855094112313929,-0.118,-0.0029999999999999,False,,No Episode,0
2021-05-27,1895.699951171875,-0.81,2.42,-0.0029497507067688,0.0099999999999998,0.02,-0.5028532559885365,-0.2681406996661438,-0.1089,0.0090999999999999,False,,No Episode,0
2021-05-28,1902.5,-0.84,2.42,0.0035806730456284,-0.0299999999999999,0.0,-0.4884131508943268,-0.2750634838141907,-0.1156,-0.0066999999999999,False,,No Episode,0
2021-06-02,1907.5,-0.85,2.44,0.0024144330207267,-0.01,-0.02,-0.4279992754095443,-0.2283268472577781,-0.1105,-0.0045,False,,No Episode,0
2021-06-03,1871.199951171875,-0.79,2.42,-0.0192135739831948,0.0599999999999999,-0.02,-0.3799973790524422,-0.3665368780456727,-0.0966,0.0138999999999999,False,,No Episode,0
2021-06-04,1889.800048828125,-0.84,2.4,0.0098911190108292,-0.0499999999999999,-0.02,-0.3460296764403089,-0.4070152597637893,-0.1173,-0.0206999999999999,False,,No Episode,0
2021-06-07,1896.800048828125,-0.82,2.39,0.0036972523073179,0.02,-0.0099999999999997,-0.2825064779386011,-0.3990983670394358,-0.121,-0.0036999999999999,False,,No Episode,0
2021-06-08,1892.199951171875,-0.83,2.36,-0.0024281340281699,-0.01,-0.0300000000000002,-0.2355356163663636,-0.395230224756654,-0.1344,-0.0133999999999999,False,,No Episode,0
2021-06-09,1893.199951171875,-0.82,2.32,0.000528345775379,0.01,-0.04,-0.148707039562828,-0.3920077691105978,-0.1517,-0.0173,False,,No Episode,0
2021-06-10,1894.199951171875,-0.9,2.35,0.0005280667735245,-0.08,0.0300000000000002,-0.1150664586138372,-0.3560635813393792,-0.1699,-0.0181999999999999,False,,No Episode,0
2021-06-11,1877.4000244140625,-0.85,2.32,-0.0089087061072188,0.05,-0.0300000000000002,-0.0025108433789539,-0.3990006437472856,-0.1681,0.0017999999999999,False,,No Episode,0
2021-06-14,1864.0,-0.85,2.36,-0.0071631376615428,0.0,0.04,0.1908678667171217,-0.3903045778277777,-0.1543,0.0138,False,,No Episode,0
2021-06-15,1854.5,-0.87,2.38,-0.005109598315891,-0.02,0.02,0.3290155038572222,-0.3481832174396351,-0.1492,0.0050999999999999,False,,No Episode,0
2021-06-16,1859.5,-0.75,2.32,0.0026925164354798,0.12,-0.06,0.4093322930427187,-0.3104339367587696,-0.1173,0.0319,False,,No Episode,0
2021-06-17,1773.800048828125,-0.75,2.27,-0.0471834688953602,0.0,-0.0499999999999998,0.0678553300426096,-0.1739677772947453,-0.1198,-0.0025,False,,No Episode,0
2021-06-18,1767.9000244140625,-0.79,2.24,-0.0033317501481473,-0.04,-0.0299999999999998,-0.0849565324957522,-0.1778038731912356,-0.1365,-0.0167,False,,No Episode,0
2021-06-21,1781.800048828125,-0.75,2.25,0.0078317013687447,0.04,0.0099999999999997,-0.2572895344283872,-0.1351219519292364,-0.1317,0.0047999999999999,False,,No Episode,0
2021-06-22,1776.300048828125,-0.83,2.31,-0.0030915399958519,-0.0799999999999999,0.06,-0.2967557726522722,-0.1069851570093385,-0.1387,-0.0069999999999999,False,,No Episode,0
2021-06-23,1782.300048828125,-0.84,2.34,0.0033721157314259,-0.01,0.0299999999999998,-0.3063996646021087,-0.1109916601651081,-0.1332,0.0054999999999999,False,,No Episode,0
2021-06-24,1775.5999755859375,-0.81,2.3,-0.0037663122158093,0.0299999999999999,-0.04,-0.3360570170300225,-0.1002446239723866,-0.1312,0.002,False,,No Episode,0
2021-06-25,1776.5999755859375,-0.8,2.34,0.000563031383459,0.01,0.04,-0.3746373614846417,-0.099123874709922,-0.1179,0.0133,False,,No Episode,0
2021-06-28,1779.5999755859375,-0.84,2.33,0.0016871946194525,-0.0399999999999999,-0.0099999999999997,-0.3693964452784244,-0.0875077714567545,-0.1302,-0.0123,False,,No Episode,0
2021-06-29,1762.800048828125,-0.83,2.32,-0.0094851245460212,0.01,-0.0100000000000002,-0.347023484552948,-0.0669811367619641,-0.1336,-0.0033999999999999,False,,No Episode,0
2021-06-30,1770.800048828125,-0.87,2.32,0.0045279677650169,-0.04,0.0,-0.2554785634799689,-0.0883940645537586,-0.1466,-0.013,False,,No Episode,0
2021-07-01,1775.9000244140625,-0.87,2.35,0.0028759009759458,0.0,0.0300000000000002,-0.2018231927510548,-0.1537253518336955,-0.1415,0.0051,False,,No Episode,0
2021-07-02,1782.5999755859375,-0.89,2.33,0.0037656085928761,-0.02,-0.02,-0.159663728502395,-0.1650764768571863,-0.1545,-0.013,False,,No Episode,0
2021-07-07,1801.5,-0.95,2.28,0.0044506332158107,-0.01,-0.0300000000000002,-0.022949360477938,-0.1819028720029082,-0.2054,-0.0221999999999999,False,,No Episode,0
2021-07-08,1799.5999755859375,-0.92,2.22,-0.001055246787514,0.0299999999999999,-0.0599999999999996,0.0312339260621129,-0.1631184906608386,-0.2278,-0.0224,False,,No Episode,0
2021-07-09,1810.0,-0.91,2.28,0.0057624408592369,0.01,0.0599999999999996,0.0326674796676287,-0.1687370975291309,-0.2116,0.0161999999999999,False,,No Episode,0
2021-07-12,1805.5,-0.95,2.33,-0.0024892835423582,-0.0399999999999999,0.0500000000000002,0.0338806885391255,-0.1629799820069216,-0.2032,0.0084,False,,No Episode,0
2021-07-13,1809.4000244140625,-0.94,2.36,0.0021577503670338,0.01,0.0299999999999998,0.0439931119895338,-0.1489849166595962,-0.1852,0.0179999999999999,False,,No Episode,0
2021-07-14,1824.300048828125,-0.97,2.34,0.0082010664750296,-0.03,-0.02,0.0303583683338696,-0.1663317496100904,-0.2003,-0.0151,False,,No Episode,0
2021-07-15,1828.4000244140625,-1.01,2.32,0.0022449022507053,-0.04,-0.02,0.0092951565835624,-0.1728112066883843,-0.2204,-0.0201,False,,No Episode,0
2021-07-16,1814.5,-1.02,2.33,-0.0076313331571569,-0.01,0.0100000000000002,-0.0257895609884225,-0.0860206795807377,-0.224,-0.0035999999999999,False,,No Episode,0
2021-07-19,1808.699951171875,-1.05,2.24,-0.0032016194859094,-0.03,-0.0899999999999998,-0.0343950236495768,-0.0435728179519638,-0.2673,-0.0432999999999999,False,,No Episode,0
2021-07-20,1810.9000244140625,-1.03,2.26,0.0012156445618103,0.02,0.0199999999999995,-0.0804154023384833,-0.049612858399882,-0.2755,-0.0082,False,,No Episode,0
2021-07-21,1802.9000244140625,-0.98,2.28,-0.0044274796393199,0.05,0.02,-0.1249655526228017,-0.0617900267581785,-0.2545,0.021,False,,No Episode,0
2021-07-22,1805.0,-1.01,2.28,0.0011640986772754,-0.03,0.0,-0.2005411499107594,-0.0700519647279596,-0.2597,-0.0051999999999999,False,,No Episode,0
2021-07-23,1801.4000244140625,-1.05,2.35,-0.0019964378645118,-0.04,0.0700000000000002,-0.2067821964303338,-0.0580634179732929,-0.2523,0.0073999999999999,False,,No Episode,0
2021-07-26,1798.699951171875,-1.11,2.4,-0.0014999993148858,-0.06,0.0499999999999998,-0.2617544472538873,-0.0215422387877385,-0.2498,0.0025,False,,No Episode,0
2021-07-27,1799.5,-1.13,2.38,0.0004446939315023,-0.0199999999999997,-0.02,-0.3299625676298369,-0.0186223319377214,-0.2623,-0.0124999999999999,False,,No Episode,0
2021-07-28,1799.5,-1.15,2.41,0.0,-0.02,0.0300000000000002,-0.3949600615286595,-0.0236127748162704,-0.2628,-0.0005,False,,No Episode,0
2021-07-29,1831.199951171875,-1.15,2.43,0.01746261445472,0.0,0.02,-0.7496345356003441,-0.0553104369854815,-0.257,0.0057999999999999,False,,No Episode,0
2021-07-30,1812.5999755859373,-1.16,2.4,-0.0102091978222089,-0.01,-0.0300000000000002,-0.7392157336422449,0.0190309244156413,-0.268,-0.011,False,,No Episode,0
2021-08-02,1818.0999755859373,-1.17,2.37,0.0030297211452916,-0.01,-0.0299999999999998,-0.7327371223878282,-0.0019350692463856,-0.2882,-0.0201999999999999,False,,No Episode,0
2021-08-03,1810.0999755859373,-1.19,2.38,-0.004409907432068,-0.02,0.0099999999999997,-0.7210936844534102,-0.0783415878565364,-0.2986,-0.0103999999999999,False,,No Episode,0
2021-08-04,1810.5,-1.16,2.35,0.0002209713408758,0.03,-0.0299999999999998,-0.7048698672406901,-0.1450655220408909,-0.2987,-0.0001,False,,No Episode,0
2021-08-05,1805.0999755859373,-1.1,2.33,-0.002987071836328,0.0599999999999998,-0.02,-0.6893797859241191,-0.182101639566572,-0.2811,0.0176,False,,No Episode,0
2021-08-06,1760.0,-1.06,2.37,-0.0253021693371708,0.04,0.04,-0.5605212658233382,-0.3068049520582607,-0.2517,0.0294,False,,No Episode,0
2021-08-09,1723.4000244140625,-1.04,2.37,-0.0210147110603111,0.02,0.0,-0.3779776424300421,-0.3515306016726832,-0.2347,0.0169999999999999,False,,No Episode,0
2021-08-10,1728.800048828125,-1.04,2.4,0.0031284564647302,0.0,0.0299999999999998,-0.286299400706393,-0.3407573800080232,-0.2165,0.0181999999999999,False,,No Episode,0
2021-08-11,1750.4000244140625,-1.07,2.42,0.0124167927387501,-0.03,0.02,-0.1791724615124165,-0.3509285577960003,-0.2153,0.0012,False,,No Episode,0
2021-08-12,1749.0,-1.05,2.41,-0.0008001511567643,0.02,-0.0099999999999997,-0.113477090159868,-0.3350043777720944,-0.2063,0.0089999999999999,False,,No Episode,0
2021-08-13,1775.199951171875,-1.08,2.37,0.0148688690940783,-0.03,-0.04,-0.0588752877557802,-0.3636876654414658,-0.2244,-0.0180999999999999,False,,No Episode,0
2021-08-16,1786.9000244140625,-1.1,2.36,0.006569223434738,-0.02,-0.0100000000000002,-0.0229319763617782,-0.3660445871345957,-0.244,-0.0196,False,,No Episode,0
2021-08-17,1785.0,-1.07,2.33,-0.0010638733336794,0.03,-0.0299999999999998,-0.0166314622342011,-0.3428481143572769,-0.2468,-0.0027999999999999,False,,No Episode,0
2021-08-18,1781.5999755859375,-1.05,2.32,-0.0019065919740288,0.02,-0.0100000000000002,-0.0293498880317113,-0.3422685119665593,-0.2456,0.0011999999999999,False,,No Episode,0
2021-08-19,1780.199951171875,-1.04,2.28,-0.0007861331433289,0.01,-0.04,-0.0481428421773057,-0.3461977426363503,-0.2518,-0.0062,False,,No Episode,0
2021-08-20,1781.0,-1.01,2.27,0.0004493141932799,0.03,-0.0099999999999997,-0.1115081292572435,-0.3502331890430666,-0.2471,0.0047,False,,No Episode,0
2021-08-23,1803.199951171875,-1.02,2.27,0.0123878329172537,-0.01,0.0,-0.1359519097162654,-0.3695193629253884,-0.2508,-0.0037,False,,No Episode,0
2021-08-24,1805.5999755859373,-1.01,2.3,0.001330095775109,0.01,0.0299999999999998,-0.1731422533657214,-0.3711007015376569,-0.2393,0.0115,False,,No Episode,0
2021-08-25,1788.199951171875,-1.0,2.35,-0.0096834329865469,0.01,0.0500000000000002,-0.2583131307198806,-0.3571891208821544,-0.219,0.0203,False,,No Episode,0
2021-08-26,1792.199951171875,-0.99,2.33,0.0022343882098443,0.01,-0.02,-0.3120038262934653,-0.3485282306342298,-0.2119,0.0070999999999999,False,,No Episode,0
2021-08-27,1816.5999755859373,-1.08,2.39,0.0135227204233645,-0.09,0.06,-0.3479172867625295,-0.4422169477125209,-0.2233,-0.0113999999999999,False,,No Episode,0
2021-08-30,1809.0,-1.08,2.37,-0.0041924022333912,0.0,-0.02,-0.3608955189788536,-0.4588303225655331,-0.235,-0.0116999999999999,False,,No Episode,0
2021-08-31,1815.0,-1.03,2.33,0.0033112613036561,0.05,-0.04,-0.355272545628006,-0.4268328610381143,-0.2339,0.0010999999999999,False,,No Episode,0
2021-09-01,1813.0999755859373,-1.03,2.34,-0.0010473937325583,0.0,0.0099999999999997,-0.3685666317533398,-0.4196298740231544,-0.2337,0.0002,False,,No Episode,0
2021-09-02,1808.699951171875,-1.03,2.32,-0.0024297457991773,0.0,-0.02,-0.3745331080538639,-0.4219225797273804,-0.2369,-0.0032,False,,No Episode,0
2021-09-03,1830.9000244140625,-1.01,2.34,0.0121993343858033,0.02,0.02,-0.3042070423284781,-0.4030177385802811,-0.2295,0.0073999999999999,False,,No Episode,0
2021-09-08,1790.699951171875,-1.03,2.38,-0.0028997250439291,-0.05,0.02,-0.2761949649590004,-0.4354008615781746,-0.2155,-0.0047999999999999,False,,No Episode,0
2021-09-09,1797.4000244140625,-1.08,2.38,0.0037346122321668,-0.05,0.0,-0.2740985812157196,-0.4385673159912325,-0.2268,-0.0113,False,,No Episode,0
2021-09-10,1789.5999755859375,-1.05,2.4,-0.0043490722735315,0.03,0.02,-0.2115351980770367,-0.4634216128828236,-0.2163,0.0105,False,,No Episode,0
2021-09-13,1792.0,-1.04,2.37,0.0013401970011459,0.01,-0.0299999999999998,-0.1669024023316852,-0.4861436140800111,-0.2205,-0.0042,False,,No Episode,0
2021-09-14,1804.699951171875,-1.05,2.33,0.0070620313762868,-0.01,-0.04,-0.087142851357278,-0.4885173416076865,-0.2348,-0.0143,False,,No Episode,0
2021-09-15,1792.4000244140625,-1.04,2.35,-0.0068388283782958,0.01,0.02,0.0022244746890028,-0.5064329615741711,-0.23,0.0047999999999999,False,,No Episode,0
2021-09-16,1754.5999755859375,-1.01,2.35,-0.0213146207529018,0.03,0.0,0.0655722494655606,-0.5270434001698868,-0.2146,0.0153999999999999,False,,No Episode,0
2021-09-17,1749.4000244140625,-0.96,2.33,-0.0029680108385328,0.05,-0.02,-0.0104025512845484,-0.5341830605803145,-0.1965,0.0181,False,,No Episode,0
2021-09-20,1761.800048828125,-0.98,2.29,0.0070631554491704,-0.02,-0.04,-0.0836649904387431,-0.5115668081316469,-0.2121,-0.0156,False,,No Episode,0
2021-09-21,1776.0,-0.96,2.29,0.0080276031615129,0.02,0.0,-0.131542145124567,-0.4925091027163922,-0.211,0.0011,False,,No Episode,0
2021-09-22,1776.699951171875,-0.96,2.28,0.0003940390072632,0.0,-0.0100000000000002,-0.1944206412168286,-0.4920631796356845,-0.2083,0.0026999999999999,False,,No Episode,0
2021-09-23,1747.699951171875,-0.9,2.31,-0.0164570737255687,0.0599999999999999,0.0300000000000002,-0.4154501336947863,-0.5258608429965776,-0.1731,0.0352,False,,No Episode,0
2021-09-24,1749.699951171875,-0.87,2.34,0.0011437069101942,0.03,0.0299999999999998,-0.5718303415477899,-0.5175862237965986,-0.1448,0.0282999999999999,False,,No Episode,0
2021-09-27,1750.0,-0.87,2.35,0.0001714711735552,0.0,0.0100000000000002,-0.667138824226472,-0.4858838168393666,-0.1278,0.017,False,,No Episode,0
2021-09-28,1735.800048828125,-0.84,2.38,-0.0081473575773749,0.03,0.0299999999999998,-0.7527044833814485,-0.4830096912944757,-0.1048,0.0229999999999999,False,,No Episode,0
2021-09-29,1721.5,-0.82,2.37,-0.0082724265616063,0.02,-0.0099999999999997,-0.816897229048296,-0.4907275462193907,-0.0969,0.0079,False,,No Episode,0
2021-09-30,1755.300048828125,-0.85,2.37,0.0194438065012594,-0.03,0.0,-0.828741722032717,-0.5265874976687134,-0.1031,-0.0061999999999999,False,,No Episode,0
2021-10-01,1757.0,-0.9,2.38,0.0009679989072592,-0.05,0.0099999999999997,-0.8440928736837479,-0.5092973898185424,-0.1222,-0.0191,False,,No Episode,0
2021-10-04,1766.199951171875,-0.89,2.38,0.0052225092017401,0.01,0.0,-0.8444449193948561,-0.5099936563369999,-0.1227,-0.0005,False,,No Episode,0
2021-10-05,1759.5999755859375,-0.91,2.45,-0.0037438217890519,-0.02,0.0700000000000002,-0.8462782924671652,-0.4941663879646586,-0.1072,0.0155,False,,No Episode,0
2021-10-06,1760.5,-0.9,2.43,0.0005113629953221,0.01,-0.02,-0.8495699902599723,-0.4950634812811647,-0.1038,0.0034,False,,No Episode,0
2021-10-07,1757.9000244140625,-0.88,2.46,-0.0014779309010641,0.02,0.0299999999999998,-0.8507396977537821,-0.4969021672521855,-0.0862,0.0176,False,,No Episode,0
2021-10-08,1756.300048828125,-0.89,2.5,-0.000910577464654,-0.01,0.04,-0.8537505065643335,-0.4983028120758659,-0.0688,0.0174,False,,No Episode,0
2021-10-13,1793.699951171875,-0.96,2.52,0.019933037412386,-0.0599999999999999,0.0299999999999998,-0.8273978574830573,-0.5173179093867333,-0.0676,-0.0022999999999999,False,,No Episode,0
2021-10-14,1796.699951171875,-1.0,2.52,0.0016711234290109,-0.04,0.0,-0.824440771747002,-0.5537325846846995,-0.0836,-0.016,False,,No Episode,0
2021-10-15,1767.199951171875,-0.97,2.56,-0.0165552762862786,0.03,0.04,-0.8147814733792575,-0.5716566554140718,-0.0606,0.0229999999999999,False,,No Episode,0
2021-10-18,1764.800048828125,-0.95,2.54,-0.0013589483086544,0.02,-0.02,-0.8051620990288677,-0.5702673726166819,-0.0499,0.0107,False,,No Episode,0
2021-10-19,1769.699951171875,-0.89,2.54,0.0027726159189187,0.0599999999999999,0.0,-0.8305073815595758,-0.5603222039233646,-0.0333,0.0165999999999999,False,,No Episode,0
2021-10-20,1784.0999755859375,-0.92,2.57,0.0081040596104609,-0.03,0.0299999999999998,-0.8172239513322817,-0.5639558502177818,-0.0286,0.0047,False,,No Episode,0
2021-10-21,1781.199951171875,-0.96,2.64,-0.0016268056619157,-0.0399999999999999,0.0700000000000002,-0.8069467649043882,-0.5828142441825086,-0.006,0.0226,False,,No Episode,0
2021-10-22,1795.5,-0.98,2.64,0.0079962676316407,-0.02,0.0,-0.787741702494745,-0.596797027026164,-0.0077,-0.0017,False,,No Episode,0
2021-10-25,1806.0,-1.02,2.66,0.0058309203107933,-0.04,0.02,-0.7944353167210375,-0.598863473423812,-0.0183,-0.0106,False,,No Episode,0
2021-10-26,1792.699951171875,-1.06,2.69,-0.0073916189533367,-0.04,0.0299999999999998,-0.7926570369518191,-0.5435046186556965,-0.0236,-0.0052999999999999,False,,No Episode,0
2021-10-27,1797.9000244140625,-1.11,2.65,0.0028964946878655,-0.05,-0.04,-0.7803446435896939,-0.5383048067738425,-0.0486,-0.0249999999999999,False,,No Episode,0
2021-10-28,1801.5999755859373,-1.0,2.57,0.0020558146825893,0.1100000000000001,-0.08,-0.7727626584844763,-0.436643456944681,-0.0429,0.0056999999999999,False,,No Episode,0
2021-10-29,1783.0,-0.96,2.51,-0.0103778065309088,0.04,-0.06,-0.8226359945618936,-0.4493375376618566,-0.0441,-0.0011999999999999,False,,No Episode,0
2021-11-01,1795.0999755859375,-0.92,2.5,0.0067633782134928,0.0399999999999999,-0.0099999999999997,-0.8207940042508833,-0.4076408061058029,-0.0342,0.0098999999999999,False,,No Episode,0
2021-11-02,1788.699951171875,-0.95,2.51,-0.0035716453755405,-0.0299999999999999,0.0099999999999997,-0.8381973225012163,-0.3794151016540708,-0.05,-0.0158,False,,No Episode,0
2021-11-03,1763.5999755859375,-0.93,2.53,-0.0141319110606206,0.0199999999999999,0.02,-0.8368066805524921,-0.409368458342559,-0.0381,0.0119,False,,No Episode,0
2021-11-04,1793.0,-1.03,2.56,0.0165330339646612,-0.0999999999999999,0.0300000000000002,-0.8418078182940054,-0.4918147781338303,-0.0673,-0.0291999999999999,False,,No Episode,0
2021-11-05,1816.4000244140625,-1.09,2.54,0.0129663390595693,-0.06,-0.02,-0.8653005642710658,-0.4736486475755727,-0.1019,-0.0346,False,,No Episode,0
2021-11-08,1827.4000244140625,-1.11,2.62,0.0060376712598166,-0.02,0.08,-0.8822205520123588,-0.4814207872910071,-0.0839,0.018,False,,No Episode,0
2021-11-09,1830.199951171875,-1.17,2.63,0.0015310188776389,-0.0599999999999998,0.0099999999999997,-0.8950569102218432,-0.4698305441849872,-0.1019,-0.018,False,,No Episode,0
2021-11-10,1847.5999755859373,-1.14,2.7,0.0094622625403593,0.03,0.0700000000000002,-0.90177950808046,-0.4106898038757786,-0.0558,0.0461,False,,No Episode,0
2021-11-15,1866.0999755859373,-1.13,2.76,-0.0009641397790911,0.02,0.0299999999999998,-0.8945151377716939,-0.3904097036923949,-0.0172,0.0201,False,,No Episode,0
2021-11-16,1853.5999755859373,-1.1,2.73,-0.0067209975094861,0.0299999999999998,-0.0299999999999998,-0.8909993253535639,-0.4194657917943565,-0.0079,0.0093,False,,No Episode,0
2021-11-17,1869.699951171875,-1.1,2.7,0.0086482831087355,0.0,-0.0299999999999998,-0.8802530766582028,-0.4176853714558124,-0.0145,-0.0066,False,,No Episode,0
2021-11-18,1861.0,-1.14,2.73,-0.0046639864134911,-0.0399999999999998,0.0299999999999998,-0.8845591024272883,-0.3996656045577234,-0.0226,-0.0080999999999999,False,,No Episode,0
2021-11-19,1851.199951171875,-1.11,2.65,-0.0052799265793108,0.0299999999999998,-0.08,-0.8830133391202579,-0.4134526835434005,-0.0334,-0.0108,False,,No Episode,0
2021-11-22,1806.0,-0.98,2.61,-0.0247195960860091,0.1300000000000001,-0.04,-0.8718857248057797,-0.5554676294537926,0.0019,0.0353,False,,No Episode,0
2021-11-23,1783.5,-0.95,2.62,-0.0125367291779845,0.03,0.0100000000000002,-0.8640861699842408,-0.5650842000069057,0.0187,0.0168,False,,No Episode,0
2021-11-24,1784.0999755859375,-0.97,2.61,0.0003363468974661,-0.02,-0.0100000000000002,-0.8558285240887558,-0.5636298906483095,0.0205,0.0017999999999999,False,,No Episode,0
2021-11-29,1782.300048828125,-1.02,2.54,-0.0016818032430743,0.05,-0.0099999999999997,-0.827149308750843,-0.5040652289063345,-0.0568,-0.0085,False,,No Episode,0
2021-11-30,1773.5999755859375,-1.07,2.5,-0.0048933268890927,-0.05,-0.04,-0.7905483053380405,-0.4720931831657539,-0.0822,-0.0253999999999999,False,,No Episode,0
2021-12-01,1781.5999755859375,-1.01,2.44,0.0045004577028668,0.06,-0.06,-0.7800147500011572,-0.4397368871771175,-0.0871,-0.0049,False,,No Episode,0
2021-12-02,1760.699951171875,-1.03,2.47,-0.0118003937395352,-0.02,0.0300000000000002,-0.7460722515877711,-0.4348735094605794,-0.0782,0.0088999999999999,False,,No Episode,0
2021-12-03,1782.0,-1.08,2.43,0.0120248995305791,-0.05,-0.04,-0.721644124805305,-0.4476698585107385,-0.1105,-0.0322999999999999,False,,No Episode,0
2021-12-06,1777.5,-1.01,2.44,-0.0025284463533585,0.07,0.0099999999999997,-0.7165356344229237,-0.4530607575502247,-0.092,0.0185,False,,No Episode,0
2021-12-07,1782.5999755859375,-0.99,2.47,0.0028650763234603,0.02,0.0300000000000002,-0.7230690774434289,-0.4433912588296926,-0.0694,0.0225999999999999,False,,No Episode,0
2021-12-08,1783.4000244140625,-1.0,2.52,0.0004487093895395,-0.01,0.0499999999999998,-0.7287065283405494,-0.4341756196566543,-0.0593,0.0101,False,,No Episode,0
2021-12-09,1774.5999755859375,-0.98,2.47,-0.0049466367466601,0.02,-0.0499999999999998,-0.7416256358460969,-0.466457692990775,-0.0617,-0.0023999999999999,False,,No Episode,0
2021-12-10,1782.9000244140625,-0.96,2.44,0.004666234090445,0.02,-0.0300000000000002,-0.7646922821995641,-0.4544260681728443,-0.0641,-0.0024,False,,No Episode,0
2021-12-13,1786.300048828125,-0.98,2.4,0.0019052030554425,-0.02,-0.04,-0.7692385679278751,-0.5100735428210905,-0.0822,-0.0180999999999999,False,,No Episode,0
2021-12-14,1770.4000244140625,-0.93,2.37,-0.0089409452626441,0.0499999999999999,-0.0299999999999998,-0.7748385170604682,-0.512224245087633,-0.0789,0.0032999999999999,False,,No Episode,0
2021-12-15,1762.5999755859375,-0.92,2.39,-0.0044155457125834,0.01,0.02,-0.8065409955908782,-0.5461092806865759,-0.0671,0.0117999999999999,False,,No Episode,0
2021-12-16,1796.5999755859375,-0.98,2.42,0.0191059983916748,-0.0599999999999999,0.0299999999999998,-0.8076844152572107,-0.5866503453330222,-0.0875,-0.0203999999999999,False,,No Episode,0
2021-12-17,1803.800048828125,-0.97,2.38,0.003999601595126,0.01,-0.04,-0.7855336209174488,-0.5855842166835235,-0.0967,-0.0092,False,,No Episode,0
2021-12-20,1793.699951171875,-0.96,2.39,-0.0056150794682414,0.01,0.0100000000000002,-0.7810055545817172,-0.5304166938301215,-0.1022,-0.0055,False,,No Episode,0
2021-12-21,1787.9000244140625,-0.96,2.44,-0.0032387379200198,0.0,0.0499999999999998,-0.7809857233337124,-0.49383696606501,-0.0823,0.0199,False,,No Episode,0
2021-12-22,1801.5999755859373,-1.01,2.47,0.0076333849811138,-0.05,0.0300000000000002,-0.7767449922866811,-0.5063276647850685,-0.0814,0.0008999999999999,False,,No Episode,0
2021-12-23,1811.199951171875,-0.97,2.47,0.0053144366558228,0.04,0.0,-0.7686721683413539,-0.48656541937935,-0.0698,0.0116,False,,No Episode,0
2021-12-28,1810.199951171875,-1.01,2.5,0.0011607527646839,0.01,0.0,-0.7052970207057102,-0.5059755209558906,-0.0707,-0.0011,False,,No Episode,0
2021-12-29,1805.0999755859373,-0.98,2.53,-0.0028213310498177,0.03,0.0299999999999998,-0.6447164005997055,-0.5081040986720378,-0.0501,0.0206,False,,No Episode,0
2021-12-30,1812.699951171875,-1.06,2.58,0.0042014411628219,-0.08,0.0500000000000002,-0.6075210584378012,-0.5092939149710174,-0.0548,-0.0047,False,,No Episode,0
2021-12-31,1827.5,-1.04,2.56,0.0081314930917431,0.02,-0.02,-0.5535724985813495,-0.4937990827623058,-0.0588,-0.0039999999999999,False,,No Episode,0
2022-01-03,1799.4000244140625,-0.97,2.6,-0.0154956230730238,0.07,0.04,-0.3777939146712432,-0.5534839913597471,-0.0167,0.0421,False,,No Episode,0
2022-01-04,1814.0,-0.91,2.57,0.0080810621241722,0.0599999999999999,-0.0300000000000002,-0.0437769110966971,-0.490528727079164,0.0002,0.0169,False,,No Episode,0
2022-01-05,1824.5999755859373,-0.82,2.53,0.0058264198557909,0.09,-0.04,0.1722658901519839,-0.2600497494613863,0.0263,0.0261,False,,No Episode,0
2022-01-06,1788.699951171875,-0.73,2.46,-0.0198716998297801,0.0899999999999999,-0.0699999999999998,0.1163528057305691,-0.3509978946016271,0.0477,0.0214,False,,No Episode,0
2022-01-07,1797.0,-0.72,2.48,0.0046295360824668,0.01,0.02,0.1279328104928129,-0.3497408539783209,0.0673,0.0196,False,,No Episode,0
2022-01-10,1798.4000244140625,-0.7,2.48,0.0007787864912476,0.02,0.0,0.1302708049748526,-0.3785604811590406,0.0774,0.0100999999999999,False,,No Episode,0
2022-01-11,1818.5999755859373,-0.79,2.54,0.0111695665923585,-0.09,0.06,0.1889497257396928,-0.4296059968212075,0.0711,-0.0063,False,,No Episode,0
2022-01-12,1827.199951171875,-0.74,2.48,0.0047177528716018,0.05,-0.06,0.2480944767377688,-0.4536247094384519,0.065,-0.0060999999999999,False,,No Episode,0
2022-01-13,1821.199951171875,-0.73,2.43,-0.0032891160891033,0.01,-0.0499999999999998,0.2974758644824701,-0.4781351113974981,0.0486,-0.0164,False,,No Episode,0
2022-01-14,1816.5,-0.66,2.44,-0.0025840249884074,0.0699999999999999,0.0099999999999997,0.3079740607915578,-0.5424381045507453,0.0764,0.0278,False,,No Episode,0
2022-01-19,1843.0999755859373,-0.57,2.4,0.0168521395559491,0.02,-0.06,0.4051979315158163,-0.4672006786646548,0.1079,-0.0052999999999999,False,,No Episode,0
2022-01-20,1842.5,-0.5,2.33,-0.0003255782478905,0.0699999999999999,-0.0699999999999998,0.48889648309419,-0.4644656083920472,0.1035,-0.0044,False,,No Episode,0
2022-01-21,1831.800048828125,-0.59,2.34,-0.0058242284387883,-0.0899999999999999,0.0099999999999997,0.5128266236823239,-0.368681737130601,0.0719,-0.0315999999999999,False,,No Episode,0
2022-01-24,1841.699951171875,-0.63,2.38,0.0053899149643275,-0.04,0.04,0.5359518236132075,-0.3786687812257328,0.0584,-0.0135,False,,No Episode,0
2022-01-25,1852.699951171875,-0.63,2.41,0.0059549766118189,0.0,0.0300000000000002,0.5592896729968271,-0.3842018385291145,0.0662,0.0077999999999999,False,,No Episode,0
2022-01-26,1829.9000244140625,-0.53,2.38,-0.0123826743254618,0.0999999999999999,-0.0300000000000002,0.5616689216673522,-0.4379164737086436,0.1015,0.0353,False,,No Episode,0
2022-01-27,1793.300048828125,-0.59,2.4,-0.0202038086929245,-0.0599999999999999,0.02,0.4957812914425413,-0.271293084946324,0.0994,-0.0021,False,,No Episode,0
2022-01-28,1784.9000244140625,-0.66,2.44,-0.0046951202688889,-0.07,0.04,0.4337759771785978,-0.2352722183719672,0.0789,-0.0205,False,,No Episode,0
2022-01-31,1795.0,-0.65,2.44,0.0056426170088048,0.01,0.0,0.3752292563828181,-0.164655507422362,0.0721,-0.0068,False,,No Episode,0
2022-02-01,1800.300048828125,-0.62,2.43,0.0029483228634132,0.03,-0.0099999999999997,0.3348314471881041,-0.1602367182563052,0.0735,0.0013999999999999,False,,No Episode,0
2022-02-02,1809.199951171875,-0.63,2.41,0.0049313868291021,-0.01,-0.02,0.2979100456814592,-0.1680914388237442,0.0641,-0.0093999999999999,False,,No Episode,0
2022-02-03,1803.0,-0.56,2.38,-0.0034327874115769,0.0699999999999999,-0.0300000000000002,0.225006869392863,-0.183274212906127,0.078,0.0138999999999999,False,,No Episode,0
2022-02-04,1806.5999755859373,-0.48,2.41,0.0019946679986082,0.08,0.0300000000000002,0.1663512261109073,-0.1426490272575466,0.124,0.046,False,,No Episode,0
2022-02-07,1820.5999755859373,-0.48,2.4,0.0077194914593636,0.0,-0.0100000000000002,0.1744918485275965,-0.1593544844077545,0.1219,-0.0021,False,,No Episode,0
2022-02-08,1826.5999755859373,-0.46,2.42,0.003290198230438,0.0199999999999999,0.02,0.1865072510613164,-0.172235481115244,0.1375,0.0156,False,,No Episode,0
2022-02-09,1835.199951171875,-0.48,2.42,0.0046971388769456,-0.0199999999999999,0.0,0.2172081017410641,-0.1814975696423658,0.1408,0.0032999999999999,False,,No Episode,0
2022-02-10,1836.199951171875,-0.42,2.45,0.0005447513489835,0.06,0.0300000000000002,0.2355484624123715,-0.1774745539757669,0.1787,0.0378999999999999,False,,No Episode,0
2022-02-11,1840.800048828125,-0.51,2.43,0.0025020941289906,-0.09,-0.02,0.2708787517009808,-0.1654912593675041,0.1368,-0.0418999999999999,False,,No Episode,0
2022-02-14,1868.0,-0.5,2.48,0.0146680535421408,0.01,0.0499999999999998,0.4056121867710142,-0.1689925842961205,0.1441,0.0073,False,,No Episode,0
2022-02-15,1854.800048828125,-0.43,2.48,-0.0070914399462047,0.07,0.0,0.4215212292486991,-0.1458798865710495,0.1615,0.0174,False,,No Episode,0
2022-02-16,1870.199951171875,-0.43,2.46,0.0082684510502577,0.0,-0.02,0.5005729071437406,-0.1778133095932938,0.157,-0.0045,False,,No Episode,0
2022-02-17,1900.699951171875,-0.46,2.43,0.0161768627744018,-0.03,-0.0299999999999998,0.5684420105436883,-0.2444174506196441,0.138,-0.0189999999999999,False,,No Episode,0
2022-02-18,1898.5999755859373,-0.49,2.41,-0.0011054540785266,-0.0299999999999999,-0.02,0.5431091752942208,-0.1327736046989038,0.1211,-0.0169,False,,No Episode,0
2022-02-23,1909.199951171875,-0.54,2.53,0.0016250236299235,-0.03,0.0799999999999996,0.4591812121764721,-0.1339965895626426,0.1372,0.0155999999999999,False,,No Episode,0
2022-02-24,1925.0999755859373,-0.59,2.55,0.0082936211860422,-0.0499999999999999,0.02,0.3865567167676902,-0.0961751163932271,0.1312,-0.0059999999999999,False,,No Episode,0
2022-02-25,1886.5,-0.57,2.54,-0.0202546413382433,0.02,-0.0099999999999997,0.3734317928096885,-0.1200640869575156,0.1391,0.0078999999999999,False,,No Episode,0
2022-02-28,1899.4000244140625,-0.79,2.62,0.0068147992580529,-0.22,0.08,0.1621230221268363,-0.1649943905228933,0.0768,-0.0623,False,,No Episode,0
2022-03-01,1942.4000244140625,-0.9,2.62,0.0223862747717804,-0.1099999999999999,0.0,-0.1552731565329909,-0.2463828728163628,0.0117,-0.0650999999999999,False,,No Episode,0
2022-03-02,1920.9000244140625,-0.85,2.71,-0.0111304955316322,0.05,0.0899999999999998,-0.2742395638244769,-0.2642827965136752,0.0638,0.0520999999999999,False,,No Episode,0
2022-03-03,1934.4000244140625,-0.83,2.69,0.0070033745789626,0.02,-0.02,-0.3613397585655215,-0.289617279027247,0.0684,0.0046,False,,No Episode,0
2022-03-04,1965.0999755859373,-0.93,2.67,0.0157459086883662,-0.1,-0.02,-0.4716427635538632,-0.3331972984307617,0.0239,-0.0445,False,,No Episode,0
2022-03-07,1993.9000244140625,-0.99,2.77,0.0145494098873353,-0.0599999999999999,0.1,-0.5786428682507391,-0.395658621714389,0.028,0.0040999999999999,False,,No Episode,0
2022-03-08,2040.0999755859373,-1.04,2.9,0.0229062822203625,-0.05,0.1299999999999999,-0.6748149398592703,-0.4028999765316979,0.0626,0.0346,False,,No Episode,0
2022-03-09,1985.9000244140625,-0.9,2.84,-0.0269265901137716,0.14,-0.06,-0.7039935017519522,-0.5114019961732817,0.0949,0.0322999999999999,False,,No Episode,0
2022-03-10,1998.0999755859373,-0.88,2.86,0.006124492623627,0.02,0.02,-0.7209311859234915,-0.4705339932077879,0.1233,0.0284,False,,No Episode,0
2022-03-11,1982.699951171875,-0.94,2.94,-0.0077371892700179,-0.0599999999999999,0.08,-0.7497506837877987,-0.5257766527958938,0.1393,0.016,False,,No Episode,0
2022-03-14,1959.5999755859373,-0.79,2.93,-0.0117191692117071,0.1499999999999999,-0.0099999999999997,-0.7865496342899452,-0.5969140331889609,0.1947,0.0554,False,,No Episode,0
2022-03-15,1928.5,-0.69,2.84,-0.0159978596574399,0.1,-0.0900000000000003,-0.8150241499645697,-0.6282156593236196,0.2069,0.0121999999999999,False,,No Episode,0
2022-03-16,1908.0,-0.61,2.8,-0.0106869256400514,0.0799999999999999,-0.04,-0.8371753047924415,-0.6449569727821656,0.2366,0.0297,False,,No Episode,0
2022-03-17,1942.0999755859373,-0.71,2.91,0.0177142762522137,-0.0999999999999999,0.1100000000000003,-0.8626921758088029,-0.6638729305030355,0.2502,0.0135999999999999,False,,No Episode,0
2022-03-18,1928.199951171875,-0.72,2.86,-0.0071829493533295,-0.01,-0.0500000000000002,-0.8820828713558475,-0.6524777897707575,0.2377,-0.0124999999999999,False,,No Episode,0
2022-03-21,1928.5999755859373,-0.58,2.9,0.0002074385102126,0.14,0.04,-0.8791942643906213,-0.6380031666685483,0.297,0.0592999999999999,False,,No Episode,0
2022-03-22,1920.699951171875,-0.53,2.91,-0.0041046609285686,0.0499999999999999,0.0100000000000002,-0.8719597126613846,-0.6445080156076605,0.3307,0.0337,False,,No Episode,0
2022-03-23,1936.5999755859373,-0.62,2.94,0.0082441680820082,-0.0899999999999999,0.0299999999999998,-0.8648929952965451,-0.6500653715057826,0.3191,-0.0116,False,,No Episode,0
2022-03-24,1961.5999755859373,-0.58,2.92,0.0128266087251303,0.04,-0.02,-0.838015856828119,-0.6228832694858859,0.3255,0.0064,False,,No Episode,0
2022-03-25,1953.800048828125,-0.47,2.95,-0.0039842350856931,0.1099999999999999,0.0300000000000002,-0.7817207894683896,-0.6264400968746693,0.3918,0.0662999999999999,False,,No Episode,0
2022-03-28,1939.5999755859373,-0.49,2.95,-0.0072944655661713,-0.02,0.0,-0.764920405513673,-0.6247016919715991,0.3914,-0.0003999999999999,False,,No Episode,0
2022-03-29,1912.0,-0.45,2.86,-0.0143319390326874,0.0399999999999999,-0.0900000000000003,-0.7574231845116104,-0.6413293024887933,0.3684,-0.023,False,,No Episode,0
2022-03-30,1933.5,-0.51,2.86,0.0111820174360053,-0.06,0.0,-0.7320272823405232,-0.6419663789908072,0.3389,-0.0295,False,,No Episode,0
2022-03-31,1949.199951171875,-0.52,2.84,0.0080871748716582,-0.01,-0.02,-0.6900500059907052,-0.6442007533745454,0.32,-0.0188999999999999,False,,No Episode,0
2022-04-01,1919.0999755859373,-0.41,2.8,-0.0155626935164292,0.11,-0.04,-0.6758068552180293,-0.6669299362271465,0.3539,0.0338999999999999,False,,No Episode,0
2022-04-04,1929.199951171875,-0.38,2.8,0.0052490704821979,0.0299999999999999,0.0,-0.6501132087073105,-0.6634799935150218,0.3562,0.0023,False,,No Episode,0
2022-04-05,1922.9000244140625,-0.3,2.84,-0.003270908031757,0.08,0.04,-0.6325475404168629,-0.6616645681224664,0.4026,0.0464,False,,No Episode,0
2022-04-06,1918.4000244140625,-0.22,2.83,-0.002342957853509,0.0799999999999999,-0.0099999999999997,-0.6242778061293274,-0.6600102487129427,0.4281,0.0254999999999999,False,,No Episode,0
2022-04-07,1933.800048828125,-0.16,2.82,0.0079954862997659,0.06,-0.0100000000000002,-0.5913726949570611,-0.6361600326041726,0.4482,0.0201,False,,No Episode,0
2022-04-08,1941.5999755859373,-0.15,2.87,0.0040253585389153,0.01,0.0500000000000002,-0.569943343618405,-0.662202600104739,0.4805,0.0322999999999999,False,,No Episode,0
2022-04-11,1944.300048828125,-0.12,2.91,0.001389677377058,0.03,0.04,-0.5955360143228612,-0.7161617706356573,0.4966,0.0161,False,,No Episode,0
2022-04-12,1972.0999755859373,-0.14,2.86,0.0141969122210428,-0.02,-0.0500000000000002,-0.5272117239665475,-0.6863977450838971,0.4628,-0.0338,False,,No Episode,0
2022-04-13,1981.0,-0.1,2.8,0.0045028152622563,0.04,-0.06,-0.4736350216928431,-0.6839507456497063,0.4507,-0.0121,False,,No Episode,0
2022-04-14,1970.9000244140625,-0.06,2.89,-0.0051114641128364,0.04,0.0900000000000003,-0.432185822960811,-0.6859739240656905,0.4991,0.0484,False,,No Episode,0
2022-04-19,1955.699951171875,0.0,2.93,-0.0138122712855413,0.07,0.0100000000000002,-0.2580858167665,-0.6484023821690906,0.5547,0.0427999999999999,False,,No Episode,0
2022-04-20,1952.300048828125,-0.07,2.92,-0.0017399709321992,-0.07,-0.0100000000000002,-0.04656558877479,-0.595606312641438,0.5389,-0.0157999999999999,False,,No Episode,0
2022-04-21,1944.9000244140625,-0.12,3.02,-0.0037976152973984,-0.0499999999999999,0.1,0.0527220515485226,-0.5136676021667961,0.5622,0.0232999999999999,False,,No Episode,0
2022-04-22,1931.0,-0.08,2.98,-0.0071725709734078,0.0399999999999999,-0.04,0.1967372477134994,-0.516707491537056,0.5622,0.0,False,,No Episode,0
2022-04-25,1893.199951171875,-0.1,2.91,-0.019769510187741,-0.02,-0.0699999999999998,0.2729664758668561,-0.4823005947457252,0.51,-0.0522,False,,No Episode,0
2022-04-26,1901.4000244140625,-0.08,2.85,0.0043219765242019,0.02,-0.06,0.2682483404391365,-0.4492895686227642,0.4752,-0.0348,False,,No Episode,0
2022-04-27,1885.9000244140625,-0.06,2.88,-0.0081852963010797,0.02,0.0299999999999998,0.1493418609616209,-0.4042643176187107,0.4848,0.0095999999999999,False,,No Episode,0
2022-04-28,1888.699951171875,-0.12,2.97,0.0014835623851352,-0.06,0.0900000000000003,0.0416690474331343,-0.3786364123949788,0.5063,0.0214999999999999,False,,No Episode,0
2022-04-29,1909.300048828125,0.01,2.88,0.0108479724442238,0.13,-0.0900000000000003,0.0131295949063313,-0.1746016981036304,0.534,0.0277,False,,No Episode,0
2022-05-02,1861.800048828125,0.18,2.81,-0.0251929203845655,0.1699999999999999,-0.0699999999999998,-0.1734304518775778,-0.3446190383168555,0.5674,0.0333999999999999,False,,No Episode,0
2022-05-03,1868.800048828125,0.14,2.83,0.0037527518532813,-0.0399999999999999,0.02,-0.2819855207851774,-0.3821523342103745,0.5728,0.0053999999999999,False,,No Episode,0
2022-05-04,1867.0,0.07,2.86,-0.0009636752202482,-0.07,0.0299999999999998,-0.3635083620112507,-0.3658734452661265,0.55,-0.0227999999999999,False,,No Episode,0
2022-05-05,1874.0,0.18,2.87,0.003742319256645,0.1099999999999999,0.0100000000000002,-0.428886591789625,-0.296571326627088,0.5935,0.0434999999999999,False,,No Episode,0
2022-05-06,1881.199951171875,0.26,2.86,0.0038346613166861,0.08,-0.0100000000000002,-0.4400827324057243,-0.2977377236404955,0.633,0.0394999999999999,False,,No Episode,0
2022-05-09,1857.0999755859373,0.3,2.75,-0.0128937270623836,0.0399999999999999,-0.1099999999999998,-0.485442629773351,-0.2965415560067823,0.5996,-0.0333999999999999,False,,No Episode,0
2022-05-10,1839.9000244140625,0.34,2.65,-0.0093048824833887,0.04,-0.1,-0.5520703680177735,-0.3186618527958591,0.5752,-0.0243999999999999,False,,No Episode,0
2022-05-11,1852.5999755859373,0.21,2.7,0.0068788090723765,-0.13,0.0500000000000002,-0.6155646971794196,-0.3520846991519712,0.5519,-0.0233000000000001,False,,No Episode,0
2022-05-12,1823.800048828125,0.25,2.59,-0.0156677813693519,0.04,-0.1100000000000003,-0.6648959003084148,-0.3135812444087842,0.5079,-0.0439999999999999,False,,No Episode,0
2022-05-13,1807.4000244140625,0.24,2.69,-0.0090329012966146,-0.01,0.1,-0.6922703713612741,-0.2839138370424163,0.5264,0.0184999999999999,False,,No Episode,0
2022-05-16,1813.5,0.2,2.68,0.003369317747266,-0.0399999999999999,-0.0099999999999997,-0.7391448004644635,-0.2498035398425776,0.4971,-0.0292999999999999,False,,No Episode,0
2022-05-17,1818.199951171875,0.27,2.71,0.0025882941096,0.07,0.0299999999999998,-0.7821814646478099,-0.2400653289741295,0.5312,0.0341,False,,No Episode,0
2022-05-18,1815.9000244140625,0.17,2.72,-0.0012657478221989,-0.1,0.0100000000000002,-0.8054375798636328,-0.2307079511857059,0.5054,-0.0258,False,,No Episode,0
2022-05-19,1841.199951171875,0.25,2.59,0.013836280412999,0.0799999999999999,-0.1300000000000003,-0.8269475840636376,-0.1655358817760363,0.4799,-0.0254999999999999,False,,No Episode,0
2022-05-20,1841.800048828125,0.23,2.55,0.0003258743749983,-0.0199999999999999,-0.04,-0.8312054666812232,-0.1954182119697031,0.4552,-0.0247,False,,No Episode,0
2022-05-23,1847.800048828125,0.26,2.6,0.0032523878632941,0.03,0.0500000000000002,-0.8289237501157267,-0.1901520362468815,0.4769,0.0216999999999999,False,,No Episode,0
2022-05-24,1865.0999755859373,0.21,2.55,0.0093188891918032,-0.05,-0.0500000000000002,-0.8211006809355418,-0.2215105421871407,0.434,-0.0428999999999999,False,,No Episode,0
2022-05-25,1846.199951171875,0.19,2.56,-0.0101852117453091,-0.0199999999999999,0.0100000000000002,-0.8075983806659407,-0.1889475340771422,0.4152,-0.0187999999999999,False,,No Episode,0
2022-05-26,1847.4000244140625,0.13,2.62,0.0006498122657294,-0.06,0.06,-0.7923354705567861,-0.209601379481794,0.4094,-0.0058,False,,No Episode,0
2022-05-27,1851.300048828125,0.11,2.63,0.0021088629963044,-0.02,0.0099999999999997,-0.7813642857202658,-0.2104411304747743,0.4099,0.0005,False,,No Episode,0
2022-06-01,1843.300048828125,0.29,2.65,0.0003256091489705,0.0799999999999999,0.0099999999999997,-0.7926291631487884,-0.1687608253581107,0.4892,0.0475,False,,No Episode,0
2022-06-02,1866.5,0.26,2.66,0.0125075493629944,-0.0299999999999999,0.0100000000000002,-0.7658010630264841,-0.1944886022634651,0.4907,0.0015,False,,No Episode,0
2022-06-03,1845.4000244140625,0.22,2.74,-0.0113689499804969,-0.04,0.08,-0.7263131287847879,-0.1729302553646931,0.4997,0.0089999999999999,False,,No Episode,0
2022-06-06,1839.199951171875,0.28,2.76,-0.0033654014737374,0.06,0.0199999999999995,-0.6863337209885778,-0.169103149142353,0.5301,0.0304,False,,No Episode,0
2022-06-07,1847.5,0.25,2.73,0.0045027059219524,-0.03,-0.0299999999999998,-0.6525749538894022,-0.2255773477788563,0.5151,-0.015,False,,No Episode,0
2022-06-08,1851.9000244140625,0.28,2.75,0.002378778428854,0.03,0.02,-0.5814456804813004,-0.225295720160552,0.5239,0.0088,False,,No Episode,0
2022-06-09,1848.800048828125,0.29,2.75,-0.0016753458803275,0.0099999999999999,0.0,-0.5251987868899225,-0.2246594061284215,0.5314,0.0074999999999999,False,,No Episode,0
2022-06-10,1871.5,0.39,2.76,0.0122034419736003,0.1,0.0099999999999997,-0.3133772392175332,-0.1496232155369477,0.5873,0.0559,False,,No Episode,0
2022-06-13,1828.0,0.69,2.74,-0.0235177753303883,0.2999999999999999,-0.0199999999999995,-0.186814845301482,-0.431329710305955,0.6825,0.0951999999999999,False,,No Episode,0
2022-06-14,1809.5,0.89,2.6,-0.0101719090102978,0.2,-0.1400000000000001,-0.3629667533858322,-0.3800807374062933,0.7001,0.0175999999999999,False,,No Episode,0
2022-06-15,1815.300048828125,0.63,2.7,0.0032002061906899,-0.26,0.1,-0.4060060059049255,-0.3639630280479232,0.6176,-0.0824999999999999,False,,No Episode,0
2022-06-16,1845.699951171875,0.66,2.62,0.016607812663687,0.03,-0.08,-0.3334387176413784,-0.3392950072464548,0.584,-0.0336,False,,No Episode,0
2022-06-17,1835.5999755859373,0.67,2.58,-0.0054871926378128,0.01,-0.04,-0.3110384128650434,-0.3570881732720252,0.5783,-0.0056999999999999,False,,No Episode,0
2022-06-22,1834.300048828125,0.62,2.54,-0.000163496828196,-0.0799999999999999,-0.0699999999999998,-0.3172255173009553,-0.3674442151449663,0.5207,-0.0622999999999999,False,,No Episode,0
2022-06-23,1825.699951171875,0.59,2.5,-0.004699515565206,-0.03,-0.04,-0.3373894191251806,-0.3545759898002983,0.4726,-0.0481,False,,No Episode,0
2022-06-24,1826.5,0.57,2.56,0.0004381188607514,-0.02,0.06,-0.3387434747176536,-0.3305135678248854,0.4663,-0.0063,False,,No Episode,0
2022-06-27,1820.9000244140625,0.65,2.55,-0.0030706694898494,0.08,-0.0100000000000002,-0.3892763079125492,-0.336621830417543,0.4825,0.0161999999999999,False,,No Episode,0
2022-06-28,1817.5,0.72,2.48,-0.0018689673378133,0.0699999999999999,-0.0699999999999998,-0.4960752263017324,-0.356340613406134,0.4837,0.0012,False,,No Episode,0
2022-06-29,1813.699951171875,0.74,2.36,-0.0020929997061278,0.02,-0.1200000000000001,-0.6064124212445468,-0.351128323281697,0.4462,-0.0375,False,,No Episode,0
2022-06-30,1804.0999755859373,0.65,2.33,-0.0053070917753332,-0.0899999999999999,-0.0299999999999998,-0.6661146762780701,-0.3272615068044187,0.389,-0.0571999999999999,False,,No Episode,0
2022-07-01,1798.9000244140625,0.54,2.34,-0.0028864583859107,-0.1099999999999999,0.0099999999999997,-0.7225545486844595,-0.3165327385239075,0.3228,-0.0662,False,,No Episode,0
2022-07-06,1734.9000244140625,0.64,2.29,-0.0153862524860031,0.12,-0.0099999999999997,-0.5659206059328902,-0.3577007082570684,0.3081,0.0308999999999999,False,,No Episode,0
2022-07-07,1737.9000244140625,0.68,2.33,0.0017277129141133,0.04,0.04,-0.5615627614025263,-0.3580153841250439,0.3386,0.0305,False,,No Episode,0
2022-07-08,1740.5999755859375,0.72,2.37,0.0015523655104665,0.0399999999999999,0.04,-0.5605308342228292,-0.3361877435762711,0.3757,0.0370999999999999,False,,No Episode,0
2022-07-11,1730.0,0.67,2.32,-0.006108458837355,-0.0499999999999999,-0.0500000000000002,-0.553849380331334,-0.3394810211389624,0.3286,-0.0470999999999999,False,,No Episode,0
2022-07-12,1723.300048828125,0.64,2.32,-0.0038803228702102,-0.03,0.0,-0.5373090971623397,-0.330045244802041,0.2901,-0.0384999999999999,False,,No Episode,0
2022-07-13,1734.199951171875,0.6,2.31,0.0063050981654511,-0.04,-0.0099999999999997,-0.5111399280386464,-0.3378276669224576,0.2564,-0.0337,False,,No Episode,0
2022-07-14,1704.5,0.62,2.34,-0.0172743712091074,0.02,0.0299999999999998,-0.4832903564313853,-0.3216864334471672,0.2533,-0.0030999999999999,False,,No Episode,0
2022-07-15,1702.4000244140625,0.57,2.36,-0.0012327780896654,-0.05,0.02,-0.4359577531636572,-0.3337987713522453,0.2428,-0.0105,False,,No Episode,0
2022-07-18,1709.199951171875,0.59,2.37,0.0039863617137534,0.02,0.0100000000000002,-0.3749655840851169,-0.3212208369116596,0.2352,-0.0075999999999999,False,,No Episode,0
2022-07-19,1710.0,0.62,2.39,0.0004679742946596,0.03,0.02,-0.3338778716906466,-0.3436473061740662,0.2497,0.0145,False,,No Episode,0
2022-07-20,1699.5,0.66,2.38,-0.0061592803605341,0.04,-0.0100000000000002,-0.3057730852178038,-0.3460581334785663,0.264,0.0143,False,,No Episode,0
2022-07-21,1712.699951171875,0.58,2.33,0.0077369539927074,-0.08,-0.0499999999999998,-0.2229818352979861,-0.36369263285882,0.2026,-0.0614,False,,No Episode,0
2022-07-22,1727.0999755859375,0.43,2.34,0.0083726430851243,-0.1499999999999999,0.0099999999999997,-0.0593832285247109,-0.4100659974065181,0.1365,-0.0660999999999999,False,,No Episode,0
2022-07-25,1719.0,0.45,2.36,-0.0047009608311539,0.02,0.02,0.1492157570320071,-0.4109234429657875,0.1234,-0.0131,False,,No Episode,0
2022-07-26,1717.699951171875,0.45,2.36,-0.0007565681663264,0.0,0.0,0.3940603420082414,-0.4963267988596824,0.1207,-0.0026999999999999,False,,No Episode,0
2022-07-27,1719.0999755859375,0.36,2.42,0.0008147256292714,-0.09,0.06,0.4082501997832796,-0.3321688511523685,0.1066,-0.0141,False,,No Episode,0
2022-07-28,1750.300048828125,0.2,2.48,0.0179863458479987,-0.1599999999999999,0.06,0.3276637993222929,-0.3750498723920766,0.0618,-0.0448,False,,No Episode,0
2022-07-29,1762.9000244140625,0.14,2.53,0.0071729644467124,-0.06,0.0499999999999998,0.2608644696187318,-0.4009503677945308,0.0544,-0.0074,False,,No Episode,0
2022-08-01,1769.0,0.09,2.51,0.0034542210192798,-0.05,-0.02,0.1826150847433359,-0.5039203376278323,0.021,-0.0334,False,,No Episode,0
2022-08-02,1771.0999755859375,0.27,2.48,0.0011863935181128,0.18,-0.0299999999999998,0.1278537155849505,-0.4084383712232393,0.075,0.0539999999999999,False,,No Episode,0
2022-08-03,1758.0,0.23,2.5,-0.0074240094327757,-0.04,0.02,0.0697644623559338,-0.3984778570499013,0.0836,0.0085999999999999,False,,No Episode,0
2022-08-04,1788.5,0.22,2.46,0.0172004804539502,-0.01,-0.04,-0.0116801575849475,-0.3616093285435665,0.0564,-0.0271999999999999,False,,No Episode,0
2022-08-05,1772.9000244140625,0.37,2.46,-0.0087606420240442,0.15,0.0,-0.0531919742618745,-0.3995374925735316,0.116,0.0596,False,,No Episode,0
2022-08-08,1786.800048828125,0.29,2.48,0.0078097001300703,-0.08,0.02,-0.1168719339478928,-0.4172734183455325,0.0948,-0.0212,False,,No Episode,0
2022-08-09,1794.0,0.33,2.47,0.0040214258136428,0.04,-0.0099999999999997,-0.2143387875011556,-0.39962723273421,0.0996,0.0047999999999999,False,,No Episode,0
2022-08-10,1795.5999755859375,0.35,2.43,0.0008914506924311,0.0199999999999999,-0.04,-0.3460687544398618,-0.397959284351668,0.0895,-0.0100999999999999,False,,No Episode,0
2022-08-11,1789.699951171875,0.4,2.47,-0.0032912335706649,0.05,0.04,-0.4905270974747295,-0.4005786786281144,0.1194,0.0299,False,,No Episode,0
2022-08-12,1798.5999755859375,0.37,2.47,0.0049605901659814,-0.03,0.0,-0.5926566751436455,-0.4326754931452504,0.121,0.0015999999999999,False,,No Episode,0
2022-08-15,1781.4000244140625,0.35,2.44,-0.0096089852037337,-0.02,-0.0300000000000002,-0.6551538097389566,-0.4461158131341315,0.0934,-0.0276,False,,No Episode,0
2022-08-16,1773.199951171875,0.38,2.44,-0.0046137893685846,0.03,0.0,-0.6673442199083464,-0.5170174817376855,0.1,0.0066,False,,No Episode,0
2022-08-17,1760.300048828125,0.43,2.46,-0.00730151954372,0.0499999999999999,0.02,-0.6675160341230515,-0.4709942972805219,0.1331,0.0330999999999999,False,,No Episode,0
2022-08-18,1755.300048828125,0.36,2.52,-0.0028444665106128,-0.07,0.06,-0.6776772004508856,-0.4594370827840397,0.1326,-0.0005,False,,No Episode,0
2022-08-19,1747.5999755859375,0.43,2.55,-0.0043964061726082,0.07,0.0299999999999998,-0.702247246159468,-0.4775714366006001,0.1691,0.0365,False,,No Episode,0
2022-08-22,1734.0,0.46,2.57,-0.0078125257667425,0.03,0.02,-0.7074860167268135,-0.5084328791001272,0.1955,0.0264,False,,No Episode,0
2022-08-23,1746.800048828125,0.47,2.58,0.0073546922238181,0.0099999999999999,0.0100000000000002,-0.7002772993983409,-0.5030939482876601,0.2065,0.0109999999999999,False,,No Episode,0
2022-08-24,1747.800048828125,0.49,2.62,0.0005723115660449,0.02,0.04,-0.6993847098387905,-0.4962068613063332,0.2325,0.026,False,,No Episode,0
2022-08-25,1757.699951171875,0.43,2.6,0.0056482263089465,-0.06,-0.02,-0.6705385366602702,-0.5291251617065486,0.209,-0.0235,False,,No Episode,0
2022-08-26,1736.0999755859375,0.47,2.57,-0.0123649042539835,0.0399999999999999,-0.0300000000000002,-0.649756278588693,-0.5431700450026689,0.2142,0.0052,False,,No Episode,0
2022-08-29,1736.5999755859375,0.54,2.58,0.0002879603826908,0.07,0.0100000000000002,-0.6255478087376611,-0.5432383490449341,0.2304,0.0161999999999999,False,,No Episode,0
2022-08-30,1723.199951171875,0.56,2.55,-0.0077461655016071,0.02,-0.0300000000000002,-0.6075614526514319,-0.544100080291276,0.2329,0.0025,False,,No Episode,0
2022-08-31,1712.800048828125,0.67,2.48,-0.0060535122831444,0.1099999999999999,-0.0699999999999998,-0.590243688534859,-0.5531280305030363,0.2419,0.009,False,,No Episode,0
2022-09-01,1696.5999755859375,0.81,2.45,-0.009503252799611,0.14,-0.0299999999999998,-0.6388780062409185,-0.566958569562326,0.2854,0.0434999999999999,False,,No Episode,0
2022-09-02,1709.800048828125,0.73,2.47,0.0077501991662911,-0.08,0.02,-0.6785948172366009,-0.5578685972199193,0.2692,-0.0161999999999999,False,,No Episode,0
2022-09-07,1715.300048828125,0.82,2.45,0.0087244890395394,-0.03,-0.0299999999999998,-0.7547513043196441,-0.5744342216798676,0.2906,-0.0188999999999999,False,,No Episode,0
2022-09-08,1708.0,0.88,2.41,-0.0042649255334934,0.06,-0.04,-0.8070266617629,-0.5913526753172076,0.2937,0.0030999999999999,False,,No Episode,0
2022-09-09,1716.199951171875,0.91,2.42,0.0047894205732026,0.03,0.0099999999999997,-0.8330404748127692,-0.4883045959214783,0.3072,0.0134999999999999,False,,No Episode,0
2022-09-12,1728.0999755859375,0.95,2.42,0.0069100090105367,0.0399999999999999,0.0,-0.8314542406696354,-0.4463232140854553,0.31,0.0028,False,,No Episode,0
2022-09-13,1705.0,0.98,2.44,-0.0134574142146375,0.03,0.02,-0.8562307482833664,-0.4145418170041006,0.3268,0.0167999999999999,False,,No Episode,0
2022-09-14,1696.5,0.95,2.46,-0.0049978054933328,-0.03,0.02,-0.8669661501029391,-0.4651501612729012,0.3222,-0.0045999999999999,False,,No Episode,0
2022-09-15,1665.4000244140625,1.02,2.43,-0.0185019557629866,0.07,-0.0299999999999998,-0.8945845025182465,-0.5184492216236662,0.3397,0.0175,False,,No Episode,0
2022-09-16,1671.699951171875,1.07,2.38,0.0037756940386222,0.05,-0.0500000000000002,-0.9010530144608324,-0.5076740382048678,0.3342,-0.0055,False,,No Episode,0
2022-09-19,1666.199951171875,1.15,2.34,-0.0032954882641922,0.0799999999999998,-0.04,-0.9099728728859856,-0.4841196251697828,0.339,0.0048,False,,No Episode,0
2022-09-20,1659.699951171875,1.17,2.4,-0.003908721528905,0.02,0.06,-0.9154113640376612,-0.4321743441122794,0.366,0.0269999999999999,False,,No Episode,0
2022-09-21,1664.5999755859375,1.13,2.38,0.0029480059385473,-0.04,-0.02,-0.9197431561817804,-0.4637704998087426,0.3618,-0.0041999999999999,False,,No Episode,0
2022-09-22,1670.800048828125,1.29,2.41,0.0037177432020483,0.1600000000000001,0.0300000000000002,-0.9194288100207672,-0.3493856094479645,0.4323,0.0705,False,,No Episode,0
2022-09-23,1645.300048828125,1.32,2.37,-0.0153798147774759,0.03,-0.04,-0.931173016431114,-0.3293631983152377,0.4584,0.0260999999999999,False,,No Episode,0
2022-09-26,1623.300048828125,1.56,2.32,-0.0134616236735993,0.24,-0.0500000000000002,-0.9495002387743702,-0.3838505360913269,0.5291,0.0707,False,,No Episode,0
2022-09-27,1626.699951171875,1.64,2.33,0.0020922483593892,0.0799999999999998,0.0100000000000002,-0.9551441858196484,-0.4010653186930272,0.5774,0.0483,False,,No Episode,0
2022-09-28,1660.4000244140625,1.39,2.33,0.0205051591268743,-0.25,0.0,-0.9543847893439004,-0.5825993321710597,0.4845,-0.0929,False,,No Episode,0
2022-09-29,1658.5,1.57,2.19,-0.0011449724954992,0.1800000000000001,-0.1400000000000001,-0.946106811761008,-0.551301880694095,0.4863,0.0018,False,,No Episode,0
2022-09-30,1662.4000244140625,1.68,2.15,0.0023487766438892,0.1099999999999998,-0.04,-0.927106558979672,-0.5494438637394591,0.5169,0.0306,False,,No Episode,0
2022-10-03,1692.9000244140625,1.43,2.24,0.0181806930336509,-0.25,0.0900000000000003,-0.9009162926641427,-0.6336670058033177,0.4509,-0.066,False,,No Episode,0
2022-10-04,1721.0999755859375,1.38,2.24,0.0165205580261371,-0.05,0.0,-0.8464811878132745,-0.6463642665781468,0.4088,-0.0421,False,,No Episode,0
2022-10-05,1711.4000244140625,1.54,2.22,-0.0056518438412807,0.1600000000000001,-0.02,-0.7789359434408413,-0.6510464528448728,0.4514,0.0426,False,,No Episode,0
2022-10-06,1711.699951171875,1.61,2.22,0.0001752369260143,0.07,0.0,-0.6969424503788623,-0.6486877162960227,0.4908,0.0393999999999999,False,,No Episode,0
2022-10-07,1700.5,1.62,2.27,-0.0065646747282688,0.01,0.0499999999999998,-0.615151324889593,-0.63165240703634,0.5241,0.0332999999999999,False,,No Episode,0
2022-10-12,1670.300048828125,1.62,2.29,-0.0050163750124516,0.0,-0.02,-0.530431425962156,-0.608308484761322,0.518,-0.0148,False,,No Episode,0
2022-10-13,1670.0,1.63,2.34,-0.0001796538182476,0.0099999999999997,0.0499999999999998,-0.4958953572134232,-0.6170457856227836,0.538,0.02,False,,No Episode,0
2022-10-14,1641.699951171875,1.59,2.41,-0.0170913658527451,-0.0399999999999998,0.0700000000000002,-0.4928329673674824,-0.543520897040212,0.5487,0.0106999999999999,False,,No Episode,0
2022-10-17,1657.0,1.57,2.45,0.0092764778685072,-0.02,0.04,-0.4998578802610317,-0.5342287827460871,0.5333,-0.0153999999999999,False,,No Episode,0
2022-10-18,1649.0,1.6,2.41,-0.0048396948669635,0.03,-0.04,-0.4886496153265452,-0.5188323877835175,0.5091,-0.0242,False,,No Episode,0
2022-10-19,1627.5,1.72,2.42,-0.013123948476875,0.1199999999999998,0.0099999999999997,-0.5095534265172058,-0.5309285961942037,0.5475,0.0383999999999999,False,,No Episode,0
2022-10-20,1630.800048828125,1.73,2.51,0.0020256268035838,0.01,0.0899999999999998,-0.4995598575258672,-0.5239399843429776,0.5903,0.0428,False,,No Episode,0
2022-10-21,1651.0,1.69,2.52,0.0123104430338205,-0.04,0.0100000000000002,-0.4760143997455078,-0.5329074047443385,0.5784,-0.0119,False,,No Episode,0
2022-10-24,1648.699951171875,1.66,2.59,-0.0013940959691325,-0.03,0.0699999999999998,-0.4319155492965628,-0.5338751429744854,0.5835,0.0050999999999999,False,,No Episode,0
2022-10-25,1652.800048828125,1.59,2.51,0.002483779957048,-0.0699999999999998,-0.08,-0.3487212788591735,-0.547768009130273,0.538,-0.0454999999999999,False,,No Episode,0
2022-10-26,1664.0,1.6,2.44,0.0067534934731101,0.01,-0.0699999999999998,-0.2760495414054058,-0.5552657883138017,0.504,-0.034,False,,No Episode,0
2022-10-27,1660.699951171875,1.51,2.45,-0.001985171570582,-0.09,0.0100000000000002,-0.1995056356397865,-0.5512117165282038,0.4638,-0.0402,False,,No Episode,0
2022-10-28,1639.5999755859375,1.51,2.51,-0.0127868760706446,0.0,0.0599999999999996,-0.2126730455350494,-0.5319621410335439,0.4838,0.02,False,,No Episode,0
2022-10-31,1635.9000244140625,1.58,2.52,-0.0022591682158683,0.07,0.0100000000000002,-0.2132164712717978,-0.5400096230702047,0.5055,0.0216999999999999,False,,No Episode,0
2022-11-01,1645.0,1.56,2.51,0.0055472576754134,-0.02,-0.0100000000000002,-0.221856296400634,-0.5407791440666652,0.5052,-0.0002999999999999,False,,No Episode,0
2022-11-02,1645.699951171875,1.57,2.53,0.0004254117317392,0.01,0.02,-0.256348121157087,-0.5413136470313245,0.511,0.0058,False,,No Episode,0
2022-11-03,1627.300048828125,1.74,2.4,-0.0112435662590364,0.1699999999999999,-0.1299999999999999,-0.341746934507862,-0.5617613619262936,0.5325,0.0214999999999999,False,,No Episode,0
2022-11-04,1672.5,1.69,2.48,0.0273972833302087,-0.05,0.08,-0.3181170478464643,-0.5817976310922481,0.5394,0.0069,False,,No Episode,0
2022-11-07,1676.5,1.69,2.53,0.002388773903899,0.0,0.0499999999999998,-0.390657939110996,-0.595361508077816,0.5583,0.0189,False,,No Episode,0
2022-11-08,1712.0999755859375,1.64,2.5,0.021012386044771,-0.05,-0.0299999999999998,-0.3714895995165996,-0.5581653493666876,0.5282,-0.0301,False,,No Episode,0
2022-11-09,1710.0999755859375,1.7,2.42,-0.0011688389084403,0.06,-0.08,-0.2775742882600359,-0.5664556904702216,0.5127,-0.0154999999999999,False,,No Episode,0
2022-11-10,1750.300048828125,1.43,2.39,0.023235395651179,-0.27,-0.0299999999999998,-0.4441395677589702,-0.5820971330905487,0.3746,-0.1381,False,,No Episode,0
2022-11-15,1773.800048828125,1.45,2.35,0.0001127999329213,-0.06,-0.02,-0.5356020039196911,-0.5615029648032124,0.3227,-0.0366,False,,No Episode,0
2022-11-16,1773.0,1.38,2.29,-0.0004511383955572,-0.07,-0.06,-0.6176652734432959,-0.5011819194719694,0.2659,-0.0567999999999999,False,,No Episode,0
2022-11-17,1760.800048828125,1.49,2.28,-0.0069047481313084,0.1100000000000001,-0.0100000000000002,-0.6319117610732156,-0.5058292664515839,0.2864,0.0204999999999999,False,,No Episode,0
2022-11-18,1751.9000244140625,1.57,2.25,-0.0050673517653603,0.08,-0.0299999999999998,-0.6163645798896,-0.5087859246391399,0.3073,0.0209,False,,No Episode,0
2022-11-21,1737.4000244140625,1.52,2.31,-0.0083111702996507,-0.05,0.06,-0.6353125974002745,-0.4875281068241212,0.3176,0.0102999999999999,False,,No Episode,0
2022-11-22,1738.300048828125,1.44,2.32,0.0005178953391906,-0.08,0.0099999999999997,-0.660771058739159,-0.4797058702920566,0.2838,-0.0338,False,,No Episode,0
2022-11-23,1744.9000244140625,1.39,2.32,0.0037896091787743,-0.05,0.0,-0.6803985620211666,-0.4922818694110436,0.2493,-0.0345,False,,No Episode,0
2022-11-28,1740.0999755859375,1.43,2.26,-0.0075571855340834,0.0699999999999998,-0.06,-0.7087732602690598,-0.5084469001143639,0.2188,-0.0064,False,,No Episode,0
2022-11-29,1748.4000244140625,1.5,2.25,0.0047585291615508,0.07,-0.0099999999999997,-0.7157472911392296,-0.5505046387149918,0.2343,0.0155,False,,No Episode,0
2022-11-30,1746.0,1.34,2.34,-0.0013736405532718,-0.1599999999999999,0.0899999999999998,-0.7253841116427321,-0.500373845085891,0.1996,-0.0347,False,,No Episode,0
2022-12-01,1801.0999755859375,1.17,2.36,0.0310701183883796,-0.1700000000000001,0.02,-0.7582767943719705,-0.5644290147695155,0.1372,-0.0624,False,,No Episode,0
2022-12-02,1795.9000244140625,1.08,2.43,-0.0028912731689034,-0.0899999999999998,0.0700000000000002,-0.7567999947776096,-0.5052168191692255,0.119,-0.0181999999999999,False,,No Episode,0
2022-12-05,1767.4000244140625,1.21,2.39,-0.015996748721573,0.1299999999999999,-0.04,-0.7460549846635691,-0.5504227899929892,0.1541,0.0350999999999999,False,,No Episode,0
2022-12-06,1769.300048828125,1.2,2.31,0.0010744618189315,-0.01,-0.08,-0.7407220419471485,-0.550931266844542,0.1251,-0.0289999999999999,False,,No Episode,0
2022-12-07,1785.5,1.16,2.26,0.0091144723181209,-0.04,-0.0500000000000002,-0.7430877524695142,-0.5551367803500052,0.0796,-0.0454999999999999,False,,No Episode,0
2022-12-08,1788.699951171875,1.2,2.28,0.0017905836665894,0.04,0.02,-0.752997218208427,-0.556941345978375,0.1027,0.0230999999999999,False,,No Episode,0
2022-12-09,1798.0999755859375,1.31,2.26,0.0052414665587994,0.1100000000000001,-0.02,-0.7512550924193759,-0.5355327364732053,0.1316,0.0288999999999999,False,,No Episode,0
2022-12-12,1780.5,1.33,2.28,-0.009836314542059,0.02,0.02,-0.7624016147870517,-0.5543423789060082,0.1474,0.0158,False,,No Episode,0
2022-12-13,1813.9000244140625,1.27,2.24,0.0185850131055218,-0.06,-0.0399999999999995,-0.7902569656708404,-0.5739810864044845,0.0979,-0.0495,False,,No Episode,0
2022-12-14,1807.5,1.3,2.19,-0.0035345617904347,0.03,-0.0500000000000002,-0.8006939032411523,-0.5723283369419743,0.0833,-0.0146,False,,No Episode,0
2022-12-15,1777.199951171875,1.28,2.16,-0.0169056104459164,-0.02,-0.0299999999999998,-0.8173201162698609,-0.5379996073445693,0.0693,-0.0139999999999999,False,,No Episode,0
2022-12-16,1790.0,1.35,2.13,0.0071765552477973,0.07,-0.0300000000000002,-0.8345664985322947,-0.5195457327635163,0.0716,0.0022999999999999,False,,No Episode,0
2022-12-19,1787.699951171875,1.42,2.15,-0.0012857697271355,0.0699999999999998,0.02,-0.8083701288407278,-0.4881667447847011,0.1055,0.0339,False,,No Episode,0
2022-12-20,1815.9000244140625,1.45,2.24,0.015651375902693,0.03,0.0900000000000003,-0.7218343518184152,-0.4665623215576271,0.1552,0.0497,False,,No Episode,0
2022-12-21,1815.9000244140625,1.41,2.27,0.0,-0.04,0.0299999999999998,-0.6229296527552054,-0.4622783385771671,0.1712,0.0159999999999999,False,,No Episode,0
2022-12-22,1787.0,1.48,2.19,-0.0160429898509306,0.07,-0.08,-0.542110909234642,-0.4803139776004031,0.1782,0.007,False,,No Episode,0
2022-12-23,1795.9000244140625,1.55,2.2,0.0049680664595959,0.07,0.0100000000000002,-0.3631889617098354,-0.4641028736754782,0.2097,0.0315,False,,No Episode,0
2022-12-28,1807.9000244140625,1.6,2.28,-0.0038093315032527,0.02,0.02,-0.1539186255019822,-0.3799137187520085,0.2671,0.0189,False,,No Episode,0
2022-12-29,1819.5,1.56,2.27,0.0063957738601461,-0.04,-0.0099999999999997,-0.0721157428906301,-0.3927742329636223,0.2607,-0.0064,False,,No Episode,0
2022-12-30,1819.699951171875,1.58,2.3,0.0001098874339184,0.02,0.0299999999999998,-0.0010774759606285,-0.4041297404140582,0.2801,0.0194,False,,No Episode,0
2023-01-04,1852.800048828125,1.47,2.22,0.0070955464419846,-0.06,-0.0399999999999995,0.1759748920958762,-0.392484108065161,0.1936,-0.0511999999999999,False,,No Episode,0
2023-01-05,1834.800048828125,1.49,2.22,-0.0097625243971206,0.02,0.0,0.2756331828821789,-0.4269726536093345,0.1847,-0.0088999999999999,False,,No Episode,0
2023-01-06,1864.199951171875,1.34,2.21,0.0158964700992711,-0.1499999999999999,-0.0100000000000002,0.2704125775588454,-0.4865844693559206,0.1036,-0.0811,False,,No Episode,0
2023-01-09,1872.699951171875,1.31,2.22,0.0045492332582917,-0.03,0.0100000000000002,0.2255297658898862,-0.4881848086705299,0.0675,-0.0360999999999999,False,,No Episode,0
2023-01-10,1871.5999755859373,1.37,2.24,-0.0005875467452387,0.06,0.02,0.2090702919216068,-0.4881266185284462,0.0817,0.0141999999999999,False,,No Episode,0
2023-01-11,1874.5999755859373,1.31,2.23,0.0016016233411999,-0.06,-0.0100000000000002,0.2030710268589151,-0.4656046121294908,0.0591,-0.0225999999999999,False,,No Episode,0
2023-01-12,1895.5,1.22,2.21,0.011087365667616,-0.09,-0.02,0.1652968310790553,-0.4965732845500362,0.0107,-0.0484,False,,No Episode,0
2023-01-13,1918.4000244140625,1.31,2.18,0.0120088620431229,0.09,-0.0299999999999998,0.1116135555568017,-0.5062617485559562,0.0217,0.011,False,,No Episode,0
2023-01-18,1904.4000244140625,1.25,2.12,-0.0014691611288526,-0.1100000000000001,-0.0499999999999998,-0.0244558013887894,-0.3815973110201296,-0.0393,-0.0651,False,,No Episode,0
2023-01-19,1922.0999755859373,1.19,2.2,0.0092513144711379,-0.06,0.08,-0.1787161442802646,-0.3093313713484941,-0.0412,-0.0018999999999999,False,,No Episode,0
2023-01-20,1926.4000244140625,1.25,2.23,0.0022346631765941,0.06,0.0299999999999998,-0.3025591666532499,-0.308270129687022,-0.0137,0.0275,False,,No Episode,0
2023-01-23,1927.0999755859373,1.24,2.28,0.0003632807471509,-0.01,0.0499999999999998,-0.4319352324984253,-0.2945983981267639,0.0098,0.0235,False,,No Episode,0
2023-01-24,1933.9000244140625,1.19,2.27,0.0035224324574505,-0.05,-0.0099999999999997,-0.5582580633758678,-0.294323717046279,-0.0043,-0.0141,False,,No Episode,0
2023-01-25,1941.199951171875,1.17,2.29,0.0037676113849673,-0.02,0.02,-0.6266075202230023,-0.3316059449399734,-0.0108,-0.0065,False,,No Episode,0
2023-01-26,1929.0999755859373,1.16,2.33,-0.0062527531393143,-0.01,0.04,-0.688657773954385,-0.315050087112275,0.0027,0.0135,False,,No Episode,0
2023-01-27,1928.5999755859373,1.19,2.33,-0.0002592218208405,0.03,0.0,-0.7385612956672825,-0.2811620825549237,0.0167,0.0139999999999999,False,,No Episode,0
2023-01-30,1922.9000244140625,1.26,2.29,-0.0029598625643068,0.07,-0.04,-0.7744921448543672,-0.2887890573412313,0.0344,0.0177,False,,No Episode,0
2023-01-31,1929.5,1.28,2.24,0.0034264261246521,0.02,-0.0499999999999998,-0.8500899575125924,-0.3487060897708056,0.0255,-0.0089,False,,No Episode,0
2023-02-01,1927.800048828125,1.14,2.25,-0.0008814202993878,-0.1400000000000001,0.0099999999999997,-0.8924572890996504,-0.3201522805855334,-0.0305,-0.0559999999999999,False,,No Episode,0
2023-02-02,1916.300048828125,1.18,2.22,-0.0059832127234189,0.04,-0.0299999999999998,-0.9144009689705774,-0.3274888181770537,-0.0405,-0.01,False,,No Episode,0
2023-02-03,1862.9000244140625,1.31,2.22,-0.028261842553797,0.1300000000000001,0.0,-0.9114076958980776,-0.5148662590952683,0.0174,0.0579,False,,No Episode,0
2023-02-06,1866.199951171875,1.38,2.25,0.001769825234386,0.0699999999999998,0.0299999999999998,-0.92132388245966,-0.5058388236559975,0.0693,0.0519,False,,No Episode,0
2023-02-07,1871.699951171875,1.36,2.31,0.0029428310618131,-0.0199999999999997,0.06,-0.9354370892276764,-0.4774672996768526,0.0942,0.0249,False,,No Episode,0
2023-02-08,1877.4000244140625,1.29,2.34,0.0030407712098101,-0.07,0.0299999999999998,-0.9288945912528628,-0.503997967950602,0.0919,-0.0023,False,,No Episode,0
2023-02-09,1866.199951171875,1.34,2.33,-0.0059836022716233,0.05,-0.0099999999999997,-0.9177026602011656,-0.5524611849310314,0.105,0.0131,False,,No Episode,0
2023-02-10,1862.800048828125,1.41,2.33,-0.0018234933150136,0.0699999999999998,0.0,-0.9047955004133198,-0.5494261411842148,0.1324,0.0273999999999999,False,,No Episode,0
2023-02-13,1851.9000244140625,1.41,2.31,-0.0058686060692316,0.0,-0.02,-0.8928364776663573,-0.5404415219140329,0.128,-0.0043999999999999,False,,No Episode,0
2023-02-14,1854.0,1.46,2.31,0.0011333148745897,0.05,0.0,-0.8791760713493952,-0.5334489395648453,0.1512,0.0232,False,,No Episode,0
2023-02-15,1834.199951171875,1.46,2.35,-0.0107370746218951,0.0,0.04,-0.881131988910207,-0.5084601394641005,0.188,0.0368,False,,No Episode,0
2023-02-16,1842.0,1.49,2.37,0.0042435453113469,0.03,0.02,-0.8860662244703104,-0.4828204968311536,0.1943,0.0063,False,,No Episode,0
2023-02-17,1840.4000244140625,1.46,2.36,-0.0008689852683101,-0.03,-0.0100000000000002,-0.8834858804255306,-0.4803042541889711,0.1817,-0.0126,False,,No Episode,0
2023-02-22,1832.0,1.52,2.41,-0.0005457026056294,-0.01,-0.0099999999999997,-0.9094768889002244,-0.3858072480687287,0.2457,0.0204,False,,No Episode,0
2023-02-23,1818.0,1.49,2.39,-0.007671270496651,-0.03,-0.02,-0.9147048066876836,-0.3662122159003703,0.2362,-0.0095,False,,No Episode,0
2023-02-24,1808.800048828125,1.57,2.38,-0.0050733267789029,0.08,-0.0100000000000002,-0.9279670561415536,-0.3720877290388208,0.2691,0.0329,False,,No Episode,0
2023-02-27,1817.0,1.56,2.36,0.0045231204376499,-0.01,-0.02,-0.9392894996510316,-0.3149086199761999,0.261,-0.0080999999999999,False,,No Episode,0
2023-02-28,1828.9000244140625,1.49,2.43,0.0065279171634005,-0.07,0.0700000000000002,-0.9475137014621284,-0.47175809698736,0.258,-0.003,False,,No Episode,0
2023-03-01,1837.699951171875,1.57,2.44,0.0048000565715691,0.08,0.0099999999999997,-0.9518641202336344,-0.4086015613839619,0.2929,0.0348999999999999,False,,No Episode,0
2023-03-02,1833.5,1.6,2.48,-0.0022880546197603,0.03,0.04,-0.9458176744545862,-0.4406525422917435,0.3251,0.0322,False,,No Episode,0
2023-03-03,1847.699951171875,1.45,2.52,0.0077148874232912,-0.1500000000000001,0.04,-0.9440785873335984,-0.4599837784546826,0.3012,-0.0238999999999999,False,,No Episode,0
2023-03-06,1847.9000244140625,1.49,2.49,0.0001082764604953,0.04,-0.0299999999999998,-0.9442784348189212,-0.4762418532412055,0.2844,-0.0168,False,,No Episode,0
2023-03-07,1813.9000244140625,1.59,2.38,-0.0185706355718124,0.1,-0.1100000000000003,-0.9470139692671414,-0.5238076690500113,0.2848,0.0004,False,,No Episode,0
2023-03-08,1812.699951171875,1.66,2.32,-0.0006618172911645,0.0699999999999998,-0.06,-0.942736483615052,-0.499277362237972,0.2799,-0.0049,False,,No Episode,0
2023-03-09,1829.300048828125,1.63,2.3,0.0091159871573074,-0.03,-0.02,-0.9322138582121212,-0.5049114994327698,0.2372,-0.0426999999999999,False,,No Episode,0
2023-03-10,1862.0,1.44,2.26,0.017717772147515,-0.1899999999999999,-0.04,-0.9223355624420658,-0.6180079913830984,0.1327,-0.1044999999999999,False,,No Episode,0
2023-03-13,1911.699951171875,1.31,2.24,0.0263416941562297,-0.1299999999999999,-0.0199999999999995,-0.9102209569038556,-0.6680965941535545,0.0372,-0.0955,False,,No Episode,0
2023-03-14,1906.199951171875,1.33,2.31,-0.0028811671051434,0.02,0.0699999999999998,-0.9044791695908244,-0.6698827828116308,0.072,0.0348,False,,No Episode,0
2023-03-15,1926.5999755859373,1.22,2.29,0.0106450727633271,-0.1100000000000001,-0.02,-0.9189870747893956,-0.6910390363404073,0.0324,-0.0395999999999999,False,,No Episode,0
2023-03-16,1919.0,1.34,2.22,-0.0039525616437261,0.1200000000000001,-0.0699999999999998,-0.8886207973428546,-0.7257861819808371,0.072,0.0395999999999999,False,,No Episode,0
2023-03-17,1969.800048828125,1.29,2.1,0.0261278225162682,-0.05,-0.1200000000000001,-0.8429666894745045,-0.7020699067112119,0.0156,-0.0563999999999999,False,,No Episode,0
2023-03-20,1979.199951171875,1.33,2.14,0.0047606584436179,0.04,0.04,-0.8253647589960543,-0.6595115683458155,0.0386,0.023,False,,No Episode,0
2023-03-21,1938.0,1.36,2.23,-0.0210361845168742,0.03,0.0899999999999998,-0.8246349395431622,-0.6406547464743361,0.0934,0.0547999999999999,False,,No Episode,0
2023-03-22,1946.800048828125,1.2,2.28,0.0045305105898103,-0.1600000000000001,0.0499999999999998,-0.8473821814665612,-0.6172179514285107,0.0371,-0.0562999999999999,False,,No Episode,0
2023-03-23,1993.800048828125,1.19,2.19,0.0238553660380622,-0.01,-0.0899999999999998,-0.8819848844719871,-0.5821316846433672,-0.0229,-0.06,False,,No Episode,0
2023-03-24,1982.0999755859373,1.16,2.22,-0.005885513691906,-0.03,0.0300000000000002,-0.9074335838847356,-0.5613911083979081,-0.0271,-0.0041999999999999,False,,No Episode,0
2023-03-27,1952.4000244140625,1.29,2.24,-0.0150974788690447,0.1300000000000001,0.02,-0.9123831647982766,-0.5962547076537513,0.0321,0.0591999999999999,False,,No Episode,0
2023-03-28,1972.4000244140625,1.24,2.31,0.010191690210183,-0.05,0.0699999999999998,-0.9223075366624732,-0.6045991479585905,0.0575,0.0254,False,,No Episode,0
2023-03-29,1966.0999755859373,1.24,2.33,-0.0031992150318798,0.0,0.02,-0.9266485407072802,-0.6068050177079511,0.0723,0.0148,False,,No Episode,0
2023-03-30,1980.300048828125,1.21,2.34,0.0071965003238307,-0.03,0.0099999999999997,-0.9343390703088974,-0.6177892365717996,0.0593,-0.013,False,,No Episode,0
2023-03-31,1969.0,1.16,2.32,-0.005722573380642,-0.05,-0.02,-0.9355957559426294,-0.6035204746471831,0.0305,-0.0288,False,,No Episode,0
2023-04-03,1983.9000244140625,1.14,2.29,0.0075388170156962,-0.02,-0.0299999999999998,-0.940680985078875,-0.6066495582113347,-0.0103,-0.0408,False,,No Episode,0
2023-04-04,2022.199951171875,1.1,2.25,0.019121386856435,-0.0399999999999998,-0.04,-0.9447833303822616,-0.5954035356589613,-0.0603,-0.05,False,,No Episode,0
2023-04-05,2020.9000244140625,1.07,2.23,-0.0006430347062673,-0.03,-0.02,-0.9482345671014252,-0.5922277298714036,-0.087,-0.0266999999999999,False,,No Episode,0
2023-04-06,2011.9000244140625,1.06,2.24,-0.0044634074749696,-0.01,0.0100000000000002,-0.9537484454124244,-0.6043473251755183,-0.0988,-0.0118,False,,No Episode,0
2023-04-10,1989.0999755859373,1.14,2.27,-0.0113972984929286,0.0799999999999998,0.0299999999999998,-0.9530460761634552,-0.6149156261335663,-0.0614,0.0035999999999999,False,,No Episode,0
2023-04-11,2004.800048828125,1.14,2.29,0.007862066660321,0.0,0.02,-0.9520958961114504,-0.611039578413654,-0.0554,0.006,False,,No Episode,0
2023-04-12,2010.9000244140625,1.14,2.27,0.0030380656754731,0.0,-0.02,-0.9544351869579468,-0.6102289249155668,-0.0744,-0.0189999999999999,False,,No Episode,0
2023-04-13,2041.300048828125,1.16,2.29,0.015004488526765,0.02,0.02,-0.9438698182481596,-0.6043965268515804,-0.0647,0.0097,False,,No Episode,0
2023-04-14,2002.199951171875,1.22,2.3,-0.0193403321015042,0.06,0.0099999999999997,-0.9352618576719102,-0.6156985973295949,-0.0316,0.0330999999999999,False,,No Episode,0
2023-04-17,1994.199951171875,1.28,2.32,-0.0040036086885235,0.06,0.02,-0.9260741894527394,-0.633118628419804,-0.0001,0.0315,False,,No Episode,0
2023-04-18,2007.4000244140625,1.3,2.28,0.0065974216321089,0.02,-0.04,-0.9021333765115316,-0.6275214854526021,-0.0012,-0.0010999999999999,False,,No Episode,0
2023-04-19,1995.199951171875,1.32,2.28,-0.0060960930887574,0.02,0.0,-0.8639945823565656,-0.597679335912995,0.0082,0.0094,False,,No Episode,0
2023-04-20,2007.5999755859373,1.28,2.26,0.0061956951669843,-0.04,-0.02,-0.7925939167907998,-0.6003201982180865,-0.0156,-0.0238,False,,No Episode,0
2023-04-21,1979.5,1.29,2.28,-0.0140956790737734,0.01,0.02,-0.6802169794180888,-0.5935317684367074,-0.0079,0.0076999999999999,False,,No Episode,0
2023-04-24,1989.0999755859373,1.24,2.28,0.004837975290906,-0.05,0.0,-0.58975645640558,-0.5677237485306522,-0.0317,-0.0237999999999999,False,,No Episode,0
2023-04-25,1994.0,1.15,2.25,0.0024604086846924,-0.09,-0.0299999999999998,-0.57233837075442,-0.4884710056720842,-0.0912,-0.0595,False,,No Episode,0
2023-04-26,1985.699951171875,1.18,2.25,-0.0041711993186774,0.03,0.0,-0.5310755821870123,-0.4905804685056049,-0.0899,0.0013,False,,No Episode,0
2023-04-27,1989.9000244140625,1.26,2.27,0.0021129262655037,0.08,0.02,-0.5657783085483423,-0.4534318877219856,-0.0424,0.0474999999999999,False,,No Episode,0
2023-04-28,1990.0999755859373,1.26,2.18,0.0001004779759004,0.0,-0.0899999999999998,-0.5049575267424381,-0.456738047154866,-0.0635,-0.0211,False,,No Episode,0
2023-05-01,1983.4000244140625,1.36,2.23,-0.0033723203832884,0.1,0.0499999999999998,-0.4786119249538676,-0.4323587341830077,-0.0289,0.0346,False,,No Episode,0
2023-05-02,2014.300048828125,1.24,2.2,0.0154592086638976,-0.1200000000000001,-0.0299999999999998,-0.4509773170165229,-0.4962661345279729,-0.088,-0.0591,False,,No Episode,0
2023-05-03,2028.5999755859373,1.18,2.2,0.0070741231818445,-0.06,0.0,-0.3558140142988583,-0.5054200422440471,-0.1313,-0.0433,False,,No Episode,0
2023-05-04,2048.0,1.18,2.19,0.0095178192524345,0.0,-0.0100000000000002,-0.3856536922807843,-0.5356873176565183,-0.1615,-0.0302,False,,No Episode,0
2023-05-05,2017.4000244140625,1.23,2.21,-0.0150541414369174,0.05,0.02,-0.3714704890028334,-0.5895613748634617,-0.1285,0.033,False,,No Episode,0
2023-05-08,2026.300048828125,1.29,2.23,0.0044019282459863,0.06,0.02,-0.3316208939291145,-0.5850667229932649,-0.0927,0.0358,False,,No Episode,0
2023-05-09,2036.199951171875,1.3,2.23,0.0048738077246035,0.01,0.0,-0.1974858097593753,-0.5228026417479148,-0.0816,0.0110999999999999,False,,No Episode,0
2023-05-10,2030.5,1.26,2.17,-0.0028032335667189,-0.04,-0.06,-0.1524722874675545,-0.4872936721409432,-0.1165,-0.0349,False,,No Episode,0
2023-05-11,2014.699951171875,1.23,2.16,-0.0078117914404174,-0.03,-0.0099999999999997,-0.1337782718781182,-0.4593764209771849,-0.1353,-0.0187999999999999,False,,No Episode,0
2023-05-12,2014.5,1.28,2.18,-9.92510545323455e-05,0.05,0.02,-0.1250792789805034,-0.4472551676106395,-0.1103,0.025,False,,No Episode,0
2023-05-15,2018.0,1.31,2.19,0.0017358962821516,0.03,0.0099999999999997,-0.1608939786151849,-0.4811029562179857,-0.096,0.0142999999999999,False,,No Episode,0
2023-05-16,1988.4000244140625,1.35,2.19,-0.0147766144147913,0.04,0.0,-0.2659959969093821,-0.4859049968792442,-0.0738,0.0221999999999999,False,,No Episode,0
2023-05-17,1980.699951171875,1.35,2.22,-0.0038800145874979,0.0,0.0300000000000002,-0.2922758409070061,-0.4581182098224655,-0.0543,0.0195,False,,No Episode,0
2023-05-18,1956.5,1.42,2.23,-0.0122931302607973,0.0699999999999998,0.0099999999999997,-0.3940048028518544,-0.4899256397090117,-0.0172,0.0371,False,,No Episode,0
2023-05-19,1978.699951171875,1.46,2.24,0.0112828760710552,0.04,0.0100000000000002,-0.4566953636519923,-0.4571601917030881,0.0112,0.0284,False,,No Episode,0
2023-05-22,1974.800048828125,1.48,2.24,-0.0019728866112096,0.02,0.0,-0.5599323782643835,-0.4265404259085372,0.0144,0.0031999999999999,False,,No Episode,0
2023-05-23,1972.4000244140625,1.44,2.26,-0.0012160643824961,-0.04,0.0199999999999995,-0.6135274654104128,-0.4157958886746419,0.0106,-0.0037999999999999,False,,No Episode,0
2023-05-24,1962.800048828125,1.48,2.25,-0.0048790376352982,0.04,-0.0099999999999997,-0.6639755348053411,-0.4198078333711399,0.0168,0.0061999999999999,False,,No Episode,0
2023-05-25,1943.0999755859373,1.58,2.25,-0.0100874268000286,0.1,0.0,-0.7070866208499632,-0.4861385846734687,0.065,0.0482,False,,No Episode,0
2023-05-26,1944.0999755859373,1.57,2.23,0.0005145091760763,-0.01,-0.02,-0.7547765161824382,-0.4669160607336147,0.0776,0.0126,False,,No Episode,0
2023-05-31,1963.9000244140625,1.46,2.18,0.0030087604621398,-0.01,-0.04,-0.7810740633294668,-0.5089696686577094,-0.0186,-0.0422,False,,No Episode,0
2023-06-01,1978.0,1.45,2.16,0.0071539286300614,-0.01,-0.02,-0.7819977550668675,-0.5073085623212339,-0.0441,-0.0255,False,,No Episode,0
2023-06-02,1952.4000244140625,1.51,2.18,-0.0130268356650233,0.06,0.02,-0.7943972969594163,-0.517584579202792,-0.0067,0.0374,False,,No Episode,0
2023-06-05,1958.0,1.5,2.19,0.002864146572822,-0.01,0.0099999999999997,-0.8137658631536048,-0.5435916420639801,-0.0018,0.0049,False,,No Episode,0
2023-06-06,1965.5,1.5,2.2,0.0038231217714592,0.0,0.0100000000000002,-0.8295048983952353,-0.5332341535404983,0.0072,0.009,False,,No Episode,0
2023-06-07,1942.699951171875,1.58,2.21,-0.0116679329513367,0.08,0.0099999999999997,-0.8730755636493615,-0.5695194625239146,0.0486,0.0414,False,,No Episode,0
2023-06-08,1963.5999755859373,1.53,2.2,0.0107007778400012,-0.05,-0.0099999999999997,-0.9132601052244682,-0.590782366813654,0.0363,-0.0122999999999999,False,,No Episode,0
2023-06-09,1962.199951171875,1.55,2.2,-0.0007132429056664,0.02,0.0,-0.9242159336554784,-0.6226619590307447,0.0509,0.0146,False,,No Episode,0
2023-06-12,1955.300048828125,1.56,2.17,-0.0035226085404929,0.01,-0.0300000000000002,-0.9387349012228636,-0.6211935724207971,0.0448,-0.0061,False,,No Episode,0
2023-06-13,1944.5999755859373,1.64,2.2,-0.0054873714836629,0.0799999999999998,0.0300000000000002,-0.9406240996494142,-0.6386386324713652,0.0879,0.0431,False,,No Episode,0
2023-06-14,1955.300048828125,1.62,2.21,0.0054873714836629,-0.0199999999999997,0.0099999999999997,-0.9351695098693488,-0.5754268840216172,0.1029,0.015,False,,No Episode,0
2023-06-15,1957.800048828125,1.51,2.21,0.0012777594632122,-0.1100000000000001,0.0,-0.931626803851026,-0.5181858641852505,0.0598,-0.0431,False,,No Episode,0
2023-06-16,1958.4000244140625,1.55,2.22,0.0003064070167058,0.04,0.0100000000000002,-0.9202894831454544,-0.5183839114016894,0.0709,0.0111,False,,No Episode,0
2023-06-21,1933.300048828125,1.51,2.21,-0.0011372784228846,-0.01,-0.0100000000000002,-0.887253231400241,-0.4825621327444272,0.0411,-0.0137,False,,No Episode,0
2023-06-22,1912.699951171875,1.56,2.24,-0.0107125817267066,0.05,0.0300000000000002,-0.8690572815558048,-0.5085376249992384,0.0653,0.0242,False,,No Episode,0
2023-06-23,1919.0999755859373,1.53,2.21,0.0033404825344689,-0.03,-0.0300000000000002,-0.8244819050273329,-0.5306781700239929,0.054,-0.0112999999999999,False,,No Episode,0
2023-06-26,1923.699951171875,1.54,2.18,0.0023940761271532,0.01,-0.0299999999999998,-0.7799162013393331,-0.5639074992388414,0.0355,-0.0185,False,,No Episode,0
2023-06-27,1914.0,1.57,2.2,-0.0050550965168341,0.03,0.02,-0.7259532938129039,-0.5797646477710066,0.0485,0.013,False,,No Episode,0
2023-06-28,1912.300048828125,1.53,2.18,-0.0008885614102558,-0.04,-0.02,-0.6134572884100926,-0.585616406389556,0.0273,-0.0212,False,,No Episode,0
2023-06-29,1909.199951171875,1.65,2.2,-0.001622451046078,0.1199999999999998,0.02,-0.6131308687022162,-0.5394047695442087,0.096,0.0687,False,,No Episode,0
2023-06-30,1921.0999755859373,1.59,2.22,0.0062136453694545,-0.0599999999999998,0.02,-0.5902551645674333,-0.5647652390248471,0.1019,0.0059,False,,No Episode,0
2023-07-03,1921.699951171875,1.61,2.25,0.0003122596035431,0.02,0.0299999999999998,-0.6244940675394602,-0.5345448524776844,0.1221,0.0201999999999999,False,,No Episode,0
2023-07-06,1908.699951171875,1.78,2.27,-0.0056944618118119,0.09,0.0100000000000002,-0.6385900504914326,-0.6089042366431768,0.2043,0.0511999999999999,False,,No Episode,0
2023-07-07,1926.199951171875,1.79,2.27,0.0091267683233349,0.01,0.0,-0.5847555958598161,-0.5925538943350535,0.218,0.0136999999999999,False,,No Episode,0
2023-07-10,1925.0,1.76,2.25,-0.000623157055422,-0.03,-0.02,-0.5694875407966542,-0.5829830955115495,0.1862,-0.0317999999999999,False,,No Episode,0
2023-07-11,1931.300048828125,1.75,2.24,0.0032674088391857,-0.01,-0.0099999999999997,-0.5589276703447635,-0.5463288604593997,0.1741,-0.0121,False,,No Episode,0
2023-07-12,1956.199951171875,1.6,2.26,0.0128104143346199,-0.1499999999999999,0.0199999999999995,-0.5457615502834035,-0.6191580920899847,0.1097,-0.0644,False,,No Episode,0
2023-07-13,1959.199951171875,1.52,2.24,0.0015324108197862,-0.08,-0.0199999999999995,-0.5388531758333835,-0.589011194358732,0.0474,-0.0623,False,,No Episode,0
2023-07-14,1960.0999755859373,1.59,2.24,0.0004592781602346,0.07,0.0,-0.5012188121806692,-0.5729593404715255,0.0617,0.0143,False,,No Episode,0
2023-07-17,1952.4000244140625,1.56,2.25,-0.0039360823580771,-0.03,0.0099999999999997,-0.4495894119729122,-0.5600998642709532,0.054,-0.0076999999999999,False,,No Episode,0
2023-07-18,1977.199951171875,1.57,2.23,0.0126222802195776,0.01,-0.02,-0.4259797934141059,-0.4953524643382433,0.045,-0.009,False,,No Episode,0
2023-07-19,1977.5,1.53,2.22,0.000151742904598,-0.04,-0.0099999999999997,-0.4257044767604587,-0.4895645273171359,0.0259,-0.0191,False,,No Episode,0
2023-07-20,1968.300048828125,1.5,2.35,-0.0046631698156103,-0.03,0.1299999999999999,-0.4283150067650534,-0.4718747829927775,0.0598,0.0339,False,,No Episode,0
2023-07-21,1964.300048828125,1.49,2.35,-0.0020342782281952,-0.01,0.0,-0.4532772263534756,-0.4213926071270284,0.0685,0.0087,False,,No Episode,0
2023-07-24,1960.300048828125,1.48,2.38,-0.0020384249531293,-0.01,0.0299999999999998,-0.4608594859865905,-0.3956715989229998,0.0889,0.0204,False,,No Episode,0
2023-07-25,1962.0999755859373,1.52,2.39,0.0009177681383585,0.04,0.0100000000000002,-0.4690762754985812,-0.387506723856776,0.1136,0.0247,False,,No Episode,0
2023-07-26,1968.9000244140625,1.5,2.36,0.0034597077644029,-0.02,-0.0300000000000002,-0.4880874901284769,-0.3896273402226972,0.1016,-0.012,False,,No Episode,0
2023-07-27,1945.4000244140625,1.64,2.37,-0.0120073995626599,0.1399999999999999,0.0100000000000002,-0.4872281769767915,-0.4609208133752182,0.1536,0.0519999999999999,False,,No Episode,0
2023-07-28,1960.4000244140625,1.58,2.38,0.0076809225040292,-0.0599999999999998,0.0099999999999997,-0.4957701310432167,-0.4797141583862804,0.1433,-0.0102999999999999,False,,No Episode,0
2023-07-31,1970.5,1.6,2.37,0.0051387711460533,0.02,-0.0099999999999997,-0.4641454039258877,-0.4798715394045825,0.1462,0.0028999999999999,False,,No Episode,0
2023-08-01,1940.699951171875,1.68,2.37,-0.015238610077068,0.0799999999999998,0.0,-0.4516865754897075,-0.5242483611035078,0.1782,0.032,False,,No Episode,0
2023-08-02,1937.4000244140625,1.72,2.36,-0.0017018269642496,0.04,-0.0100000000000002,-0.4576133240338195,-0.5942217657469174,0.1871,0.0088999999999999,False,,No Episode,0
2023-08-03,1932.0,1.83,2.37,-0.0027911448212778,0.1100000000000001,0.0100000000000002,-0.465206660988847,-0.5931001473903509,0.2234,0.0363,False,,No Episode,0
2023-08-04,1939.5999755859373,1.67,2.38,0.0039260178715707,-0.1600000000000001,0.0099999999999997,-0.5030862907640822,-0.575202538016222,0.1767,-0.0466999999999999,False,,No Episode,0
2023-08-07,1933.5,1.68,2.41,-0.0031499215966821,0.01,0.0300000000000002,-0.5554837077745475,-0.5699707640047015,0.1763,-0.0003999999999999,False,,No Episode,0
2023-08-08,1924.0999755859373,1.66,2.36,-0.0048735188089432,-0.02,-0.0500000000000002,-0.5971679036499766,-0.5549953267347143,0.1501,-0.0262,False,,No Episode,0
2023-08-09,1915.4000244140625,1.66,2.34,-0.0045318224046946,0.0,-0.02,-0.6418190565322529,-0.5456588063545612,0.1469,-0.0032,False,,No Episode,0
2023-08-10,1914.4000244140625,1.76,2.33,-0.0005222204866965,0.1,-0.0099999999999997,-0.7449304665684103,-0.5405027775404573,0.1804,0.0335,False,,No Episode,0
2023-08-11,1912.9000244140625,1.8,2.36,-0.0007838424255561,0.04,0.0299999999999998,-0.7872122946203142,-0.5502671233379324,0.2238,0.0433999999999999,False,,No Episode,0
2023-08-14,1910.5999755859373,1.83,2.36,-0.0012031118637709,0.03,0.0,-0.8371495727456937,-0.5354305202586744,0.2442,0.0204,False,,No Episode,0
2023-08-15,1902.5,1.89,2.32,-0.0042485053218488,0.0599999999999998,-0.04,-0.8795871819689145,-0.5440354201796289,0.257,0.0128,False,,No Episode,0
2023-08-16,1896.0999755859373,1.96,2.32,-0.0033696785716195,0.07,0.0,-0.9004266602658946,-0.5552853069188601,0.2845,0.0274999999999999,False,,No Episode,0
2023-08-17,1884.0999755859373,1.97,2.33,-0.0063488918382113,0.01,0.0100000000000002,-0.9165511955781424,-0.5322992624753556,0.3002,0.0157,False,,No Episode,0
2023-08-18,1886.0999755859373,1.94,2.32,0.0010609517869113,-0.03,-0.0100000000000002,-0.9267409507119212,-0.5622531373859255,0.2909,-0.0093,False,,No Episode,0
2023-08-21,1893.300048828125,2.0,2.34,0.0038101719353385,0.06,0.02,-0.9308937642368178,-0.5331320048444346,0.319,0.0281,False,,No Episode,0
2023-08-22,1896.4000244140625,1.99,2.35,0.001636000853602,-0.01,0.0100000000000002,-0.9342302227729892,-0.5332097029896014,0.344,0.0249999999999999,False,,No Episode,0
2023-08-23,1918.5,1.84,2.35,0.0115862657851444,-0.1499999999999999,0.0,-0.933661021347021,-0.5247487886733463,0.2849,-0.0590999999999999,False,,No Episode,0
2023-08-24,1918.199951171875,1.91,2.32,-0.0001564098483353,0.0699999999999998,-0.0300000000000002,-0.9275493150320484,-0.514741927392374,0.281,-0.0038999999999999,False,,No Episode,0
2023-08-25,1911.0999755859373,1.92,2.33,-0.00370824111861,0.01,0.0100000000000002,-0.9257721467164624,-0.5256580760659113,0.287,0.0059999999999999,False,,No Episode,0
2023-08-28,1917.9000244140625,1.9,2.3,0.0035518704503099,-0.02,-0.0300000000000002,-0.9221677749948424,-0.5490654678853648,0.268,-0.0189999999999999,False,,No Episode,0
2023-08-29,1936.5,1.83,2.29,0.0096513697844358,-0.0699999999999998,-0.0099999999999997,-0.9156651978056476,-0.6308814339466875,0.2235,-0.0445,False,,No Episode,0
2023-08-30,1944.300048828125,1.86,2.26,0.0040198202604448,0.03,-0.0300000000000002,-0.8871692994766883,-0.616686061381031,0.2192,-0.0042999999999999,False,,No Episode,0
2023-08-31,1938.199951171875,1.85,2.24,-0.003142358107314,-0.01,-0.0199999999999995,-0.8622410677824608,-0.6337110947235366,0.2064,-0.0128,False,,No Episode,0
2023-09-01,1939.800048828125,1.92,2.26,0.0008252180232357,0.0699999999999998,0.0199999999999995,-0.8160278126959536,-0.623900670998044,0.2341,0.0277,False,,No Episode,0
2023-09-06,1918.0999755859373,2.0,2.3,-0.0042140247779176,0.02,0.0099999999999997,-0.7439432378480968,-0.6394331907670191,0.3118,0.0409,False,,No Episode,0
2023-09-07,1917.5,1.95,2.32,-0.0003128457579775,-0.05,0.02,-0.6942020705972847,-0.6276056923828092,0.2928,-0.019,False,,No Episode,0
2023-09-08,1918.4000244140625,1.93,2.33,0.0004692637581014,-0.02,0.0100000000000002,-0.6753599180997766,-0.5739030256618183,0.2894,-0.0034,False,,No Episode,0
2023-09-11,1923.300048828125,1.94,2.35,0.0025509680494888,0.01,0.02,-0.6138128586740993,-0.546140018081546,0.2943,0.0049,False,,No Episode,0
2023-09-12,1911.300048828125,1.93,2.34,-0.0062588217113743,-0.01,-0.0100000000000002,-0.5285255624821853,-0.5402958335473358,0.2912,-0.0030999999999999,False,,No Episode,0
2023-09-13,1909.0999755859373,1.9,2.35,-0.0011517503252713,-0.03,0.0100000000000002,-0.4924345692869076,-0.5111352322459073,0.2823,-0.0089,False,,No Episode,0
2023-09-14,1910.0,1.95,2.34,0.0004713280283201,0.05,-0.0100000000000002,-0.4646429681448126,-0.4993958303251896,0.2937,0.0114,False,,No Episode,0
2023-09-15,1923.699951171875,1.98,2.35,0.007147147489058,0.03,0.0100000000000002,-0.4330772344396305,-0.4466906616659643,0.3248,0.0310999999999999,False,,No Episode,0
2023-09-18,1931.5,1.96,2.36,0.0040465135766023,-0.02,0.0099999999999997,-0.3303506356509877,-0.4376297403679059,0.3342,0.0094,False,,No Episode,0
2023-09-19,1932.0,2.0,2.37,0.0002588326661268,0.04,0.0100000000000002,-0.2187072085605478,-0.4369397070526879,0.3539,0.0196999999999999,False,,No Episode,0
2023-09-20,1945.5999755859373,2.0,2.35,0.007014664451038,0.0,-0.02,-0.1087772591566776,-0.4660144494505767,0.3546,0.0007,False,,No Episode,0
2023-09-21,1919.199951171875,2.11,2.38,-0.0136619931399328,0.1099999999999998,0.0299999999999998,-0.1167102770167433,-0.5628897512353249,0.4021,0.0474999999999999,False,,No Episode,0
2023-09-22,1925.4000244140625,2.07,2.37,0.0032253439402927,-0.04,-0.0099999999999997,-0.0993481903219774,-0.5901755114269877,0.4001,-0.002,False,,No Episode,0
2023-09-25,1916.5999755859373,2.18,2.37,-0.0045809808524142,0.1100000000000003,0.0,-0.1110547620732518,-0.6037462590072551,0.4318,0.0317,False,,No Episode,0
2023-09-26,1900.4000244140625,2.23,2.33,-0.0084883670118784,0.0499999999999998,-0.04,-0.22165356330141,-0.6090317983138643,0.4471,0.0152999999999999,False,,No Episode,0
2023-09-27,1871.5999755859373,2.27,2.34,-0.0152707362119945,0.04,0.0099999999999997,-0.4351097240391375,-0.575679952242821,0.4779,0.0307999999999999,False,,No Episode,0
2023-09-28,1860.4000244140625,2.2,2.39,-0.0060021354746142,-0.0699999999999998,0.0500000000000002,-0.5450293504266474,-0.5008379788631926,0.472,-0.0059,False,,No Episode,0
2023-09-29,1848.0999755859373,2.24,2.35,-0.0066334603916065,0.04,-0.04,-0.6533743407219118,-0.5152356676822293,0.47,-0.002,False,,No Episode,0
2023-10-02,1830.0,2.34,2.35,-0.0098421042458864,0.0999999999999996,0.0,-0.7662645278848581,-0.5491739986485765,0.5083,0.0383,False,,No Episode,0
2023-10-03,1824.5999755859373,2.45,2.36,-0.0029551953045938,0.1100000000000003,0.0099999999999997,-0.8320803467677903,-0.5711366645623932,0.561,0.0527,False,,No Episode,0
2023-10-04,1818.5,2.4,2.33,-0.003348786103829,-0.0500000000000002,-0.0299999999999998,-0.865657160149768,-0.5446867679883626,0.5429,-0.0181,False,,No Episode,0
2023-10-05,1816.5999755859373,2.41,2.31,-0.0010453767983573,0.0100000000000002,-0.02,-0.8922261815178019,-0.4394146757591387,0.5338,-0.0090999999999999,False,,No Episode,0
2023-10-06,1830.199951171875,2.47,2.31,0.0074586151734719,0.06,0.0,-0.9049899186705104,-0.3927463920343116,0.5494,0.0155999999999999,False,,No Episode,0
2023-10-11,1872.800048828125,2.26,2.32,0.0063206856067079,-0.08,0.0,-0.9133964259994124,-0.5468104765071945,0.4753,-0.0328999999999999,False,,No Episode,0
2023-10-12,1869.300048828125,2.36,2.34,-0.0018706079095984,0.1,0.02,-0.908489244383904,-0.5001361734477356,0.5158,0.0405,False,,No Episode,0
2023-10-13,1927.4000244140625,2.29,2.34,0.0306079017446645,-0.0699999999999998,0.0,-0.8585322089406774,-0.5388605742640747,0.5009,-0.0149,False,,No Episode,0
2023-10-16,1921.0999755859373,2.33,2.38,-0.0032740311580043,0.04,0.04,-0.8084634694692056,-0.547811607253161,0.528,0.0271,False,,No Episode,0
2023-10-17,1922.699951171875,2.42,2.41,0.0008324968566677,0.0899999999999998,0.0300000000000002,-0.7298369191317553,-0.5404469229968221,0.5866,0.0585999999999999,False,,No Episode,0
2023-10-18,1955.300048828125,2.47,2.44,0.0168132365217319,0.0500000000000002,0.0299999999999998,-0.5868397430741866,-0.4660507585304156,0.6229,0.0363,False,,No Episode,0
2023-10-19,1968.4000244140625,2.49,2.49,0.0066773830904018,0.02,0.0500000000000002,-0.4405525656971981,-0.4626107797689408,0.6589,0.036,False,,No Episode,0
2023-10-20,1982.5,2.46,2.47,0.0071376321141807,-0.0300000000000002,-0.02,-0.3130985376160006,-0.4856895791203464,0.6484,-0.0105,False,,No Episode,0
2023-10-23,1976.300048828125,2.45,2.41,-0.003132240155776,-0.0099999999999997,-0.06,-0.2191071927110371,-0.4800520906145009,0.6222,-0.0262,False,,No Episode,0
2023-10-24,1975.0,2.43,2.4,-0.0006580360180041,-0.02,-0.0100000000000002,-0.1412420543306306,-0.4732671076895407,0.614,-0.0081999999999999,False,,No Episode,0
2023-10-25,1984.0999755859373,2.52,2.43,0.0045970001603468,0.0899999999999998,0.0300000000000002,-0.0531428107407641,-0.4654236118007661,0.6527,0.0386999999999999,False,,No Episode,0
2023-10-26,1987.199951171875,2.44,2.42,0.0015611896722713,-0.08,-0.0100000000000002,-0.001309905078637,-0.4603816542189876,0.6267,-0.0259999999999999,False,,No Episode,0
2023-10-27,1988.5999755859373,2.42,2.42,0.0007042731011219,-0.02,0.0,0.0383892908312273,-0.4570336479915293,0.6091,-0.0176,False,,No Episode,0
2023-10-30,1996.199951171875,2.44,2.44,0.0038144875229857,0.02,0.02,0.096970122248427,-0.4640617206438757,0.6183,0.0091999999999999,False,,No Episode,0
2023-10-31,1985.199951171875,2.46,2.42,-0.0055257086747362,0.02,-0.02,0.1684372264050029,-0.4586840076325674,0.6231,0.0048,False,,No Episode,0
2023-11-01,1978.800048828125,2.36,2.41,-0.0032290150880349,-0.1,-0.0099999999999997,0.2140748915502931,-0.4104935182584993,0.5727,-0.0504,False,,No Episode,0
2023-11-02,1985.5999755859373,2.27,2.4,0.0034304981256063,-0.0899999999999998,-0.0100000000000002,0.2617999709088691,-0.4095544107420635,0.5361,-0.0365999999999999,False,,No Episode,0
2023-11-03,1991.5,2.18,2.39,0.0029670004669153,-0.0899999999999998,-0.0099999999999997,0.2052972781446205,-0.3577705118044922,0.4743,-0.0618,False,,No Episode,0
2023-11-06,1981.5999755859373,2.25,2.42,-0.0049835367669279,0.0699999999999998,0.0299999999999998,0.1979342632127111,-0.3688402426217951,0.4988,0.0245,False,,No Episode,0
2023-11-07,1966.800048828125,2.19,2.39,-0.0074967054908094,-0.06,-0.0299999999999998,0.1518598162307006,-0.3141980280185252,0.4733,-0.0255,False,,No Episode,0
2023-11-08,1951.5,2.15,2.34,-0.0078095737432919,-0.04,-0.0500000000000002,0.1003323456124476,-0.2714531888405401,0.4517,-0.0216,False,,No Episode,0
2023-11-09,1964.199951171875,2.29,2.33,0.0064867052439643,0.1400000000000001,-0.0099999999999997,0.0633292485550795,-0.1925376240975346,0.5006,0.0489,False,,No Episode,0
2023-11-10,1932.5999755859373,2.29,2.32,-0.0162187789321812,0.0,-0.0100000000000002,0.0062860741879789,-0.2111838488417555,0.5113,0.0106999999999999,False,,No Episode,0
2023-11-13,1945.5,2.32,2.31,0.006652779492156,0.0299999999999998,-0.0099999999999997,-0.0552908431982132,-0.1899966510738353,0.5159,0.0046,False,,No Episode,0
2023-11-14,1961.800048828125,2.16,2.28,0.0083434305950573,-0.1599999999999997,-0.0300000000000002,-0.0972530959848382,-0.1749688780982072,0.4265,-0.0894,False,,No Episode,0
2023-11-15,1960.0999755859373,2.22,2.31,-0.0008669641439551,0.06,0.0300000000000002,-0.0547037384076302,-0.1590800698659813,0.4434,0.0169,False,,No Episode,0
2023-11-16,1983.9000244140625,2.18,2.27,0.012069136779111,-0.04,-0.04,-0.057592803753186,-0.1872494312567526,0.4159,-0.0275,False,,No Episode,0
2023-11-17,1981.5999755859373,2.16,2.28,-0.0011600298000509,-0.02,0.0099999999999997,-0.0378725258663811,-0.180979532447622,0.4088,-0.0070999999999999,False,,No Episode,0
2023-11-20,1977.699951171875,2.12,2.3,-0.0019700582161403,-0.04,0.02,0.0577086004676688,-0.1934471520311403,0.3965,-0.0122999999999999,False,,No Episode,0
2023-11-21,1999.300048828125,2.16,2.25,0.0108626150617663,0.04,-0.0499999999999998,0.0252348728541684,-0.0852374471241804,0.3857,-0.0108,False,,No Episode,0
2023-11-22,1991.4000244140625,2.16,2.26,-0.0039592224866646,0.0,0.0099999999999997,-0.0618177237677009,-0.0701889799717851,0.3873,0.0015999999999999,False,,No Episode,0
2023-11-27,2011.800048828125,2.18,2.21,0.004783316372956,-0.0299999999999998,-0.0499999999999998,-0.1315151891541104,0.0938557670750709,0.3827,-0.0335,False,,No Episode,0
2023-11-28,2039.699951171875,2.12,2.22,0.0137728462905455,-0.06,0.0100000000000002,-0.2366012456803201,0.0574398657162295,0.3486,-0.0340999999999999,False,,No Episode,0
2023-11-29,2047.0999755859373,2.06,2.21,0.0036214312587574,-0.06,-0.0100000000000002,-0.3071362083385559,0.0623036795898939,0.3149,-0.0337,False,,No Episode,0
2023-11-30,2038.0999755859373,2.14,2.23,-0.0044061562069064,0.08,0.02,-0.3175359912565783,-0.0541160443848964,0.3449,0.0299999999999999,False,,No Episode,0
2023-12-01,2071.0,2.0,2.22,0.0160135930820857,-0.1400000000000001,-0.0099999999999997,-0.4222664715033954,-0.1897334040851144,0.2922,-0.0526999999999999,False,,No Episode,0
2023-12-04,2024.0999755859373,2.07,2.21,-0.0229064371557834,0.0699999999999998,-0.0100000000000002,-0.4588144019761983,-0.2728171049420972,0.3084,0.0161999999999999,False,,No Episode,0
2023-12-05,2018.5,2.01,2.17,-0.0027704839468052,-0.06,-0.04,-0.4794348210436905,-0.2607657972685676,0.2737,-0.0347,False,,No Episode,0
2023-12-06,2030.5,1.98,2.14,0.0059274068333561,-0.0299999999999998,-0.0299999999999998,-0.508877333007803,-0.263989627654573,0.2458,-0.0279,False,,No Episode,0
2023-12-07,2029.9000244140625,1.97,2.17,-0.0002955253604053,-0.01,0.0299999999999998,-0.5624575544807165,-0.3005504826258154,0.2399,-0.0058999999999999,False,,No Episode,0
2023-12-08,1998.300048828125,2.02,2.21,-0.0156896992438717,0.05,0.04,-0.571701590375961,-0.3396081566188597,0.2801,0.0402,False,,No Episode,0
2023-12-11,1978.0,2.04,2.19,-0.0102106103394179,0.02,-0.02,-0.5624391589241385,-0.3494732892437261,0.2898,0.0096999999999999,False,,No Episode,0
2023-12-12,1977.800048828125,2.04,2.16,-0.0001010926586664,0.0,-0.0299999999999998,-0.5878116711970945,-0.3592836155038709,0.2781,-0.0116999999999999,False,,No Episode,0
2023-12-13,1982.300048828125,1.88,2.16,0.0022726708042304,-0.1600000000000001,0.0,-0.5540909943185873,-0.3460249355835604,0.2019,-0.0762,False,,No Episode,0
2023-12-14,2030.199951171875,1.7,2.22,0.0238764749712157,-0.1799999999999999,0.06,-0.5630627027079061,-0.4747238015658622,0.1418,-0.0600999999999999,False,,No Episode,0
2023-12-15,2021.0999755859373,1.69,2.22,-0.0044923807443044,-0.01,0.0,-0.5528488290190241,-0.4736342657424049,0.1259,-0.0158999999999999,False,,No Episode,0
2023-12-18,2026.300048828125,1.74,2.21,0.0025695884133352,0.05,-0.0100000000000002,-0.564969572487943,-0.4610259425590735,0.132,0.0060999999999999,False,,No Episode,0
2023-12-19,2038.4000244140625,1.74,2.19,0.0059537043864477,0.0,-0.02,-0.5878163815822404,-0.4448898630802235,0.1308,-0.0012,False,,No Episode,0
2023-12-20,2034.5,1.67,2.19,-0.0019151099131704,-0.07,0.0,-0.5939440237282954,-0.4584021027322528,0.1007,-0.0301,False,,No Episode,0
2023-12-21,2039.0999755859373,1.7,2.19,0.0022584336059976,0.03,0.0,-0.6114586484208697,-0.4711521864290857,0.1039,0.0032,False,,No Episode,0
2023-12-22,2057.10009765625,1.71,2.19,0.0087887493834619,0.01,0.0,-0.6212464034672154,-0.5371898596774032,0.1065,0.0025999999999999,False,,No Episode,0
2023-12-27,2081.89990234375,1.64,2.15,0.0114491006961667,-0.07,-0.0300000000000002,-0.6148724887585312,-0.5837397252987669,0.0681,-0.0414,False,,No Episode,0
2023-12-28,2073.89990234375,1.68,2.16,-0.0038500458433423,0.04,0.0100000000000002,-0.6300326874902714,-0.5912465304267734,0.0756,0.0075,False,,No Episode,0
2023-12-29,2062.39990234375,1.72,2.16,-0.0055605396969715,0.04,0.0,-0.6182674667251142,-0.6042818743612628,0.0917,0.0161,False,,No Episode,0
2024-01-03,2034.199951171875,1.71,2.2,-0.0147369827817698,-0.03,-0.0099999999999997,-0.5834992774889945,-0.560951997744784,0.12,-0.0052999999999999,False,,No Episode,0
2024-01-04,2042.300048828125,1.77,2.22,0.0039740504436167,0.06,0.02,-0.5631123697579592,-0.5427263730332511,0.1492,0.0292,False,,No Episode,0
2024-01-05,2042.4000244140625,1.83,2.22,4.895124937753792e-05,0.06,0.0,-0.541629541051953,-0.5790835334297952,0.1779,0.0287,False,,No Episode,0
2024-01-08,2026.5999755859373,1.79,2.22,-0.0077660989134802,-0.04,0.0,-0.4982508118019988,-0.5562839474756107,0.1683,-0.0095999999999999,False,,No Episode,0
2024-01-09,2026.4000244140625,1.8,2.22,-9.866823194570884e-05,0.01,0.0,-0.4571633735180479,-0.5842642813910885,0.1689,0.0005999999999999,False,,No Episode,0
2024-01-10,2021.699951171875,1.82,2.22,-0.0023221142671951,0.02,0.0,-0.4298227852111352,-0.5844166356983959,0.1764,0.0075,False,,No Episode,0
2024-01-11,2014.300048828125,1.76,2.22,-0.0036669527431483,-0.06,0.0,-0.4490718164103539,-0.5579866099778968,0.1524,-0.0239999999999999,False,,No Episode,0
2024-01-12,2046.699951171875,1.69,2.27,0.0159569514032824,-0.07,0.0499999999999998,-0.5064200549407866,-0.570090565920862,0.1305,-0.0219,False,,No Episode,0
2024-01-17,2002.5999755859373,1.8,2.3,-0.0116170817261087,0.03,0.0,-0.6708067060437752,-0.5458062333197529,0.2078,0.0334,False,,No Episode,0
2024-01-18,2018.5999755859373,1.8,2.34,0.007957865627687,0.0,0.04,-0.7053315509947082,-0.4945285392238239,0.2274,0.0195999999999999,False,,No Episode,0
2024-01-19,2026.5,1.81,2.34,0.0039059773581566,0.01,0.0,-0.7207466630583952,-0.5044728774820462,0.2423,0.0148999999999999,False,,No Episode,0
2024-01-22,2019.800048828125,1.8,2.31,-0.0033116463011744,-0.01,-0.0299999999999998,-0.7589223771235188,-0.498419930624897,0.2253,-0.0169999999999999,False,,No Episode,0
2024-01-23,2023.699951171875,1.85,2.29,0.0019289741822801,0.05,-0.02,-0.8000925155988406,-0.483359880497404,0.2338,0.0085,False,,No Episode,0
2024-01-24,2013.9000244140625,1.88,2.3,-0.0048543422138758,0.0299999999999998,0.0099999999999997,-0.8013587604390456,-0.4665659286580309,0.2518,0.018,False,,No Episode,0
2024-01-25,2016.9000244140625,1.85,2.29,0.0014885385122536,-0.0299999999999998,-0.0099999999999997,-0.7646752605591592,-0.4630258740419499,0.2376,-0.0142,False,,No Episode,0
2024-01-26,2016.800048828125,1.85,2.3,-4.957016344508958e-05,0.0,0.0099999999999997,-0.7082560260719833,-0.4630116887683303,0.2461,0.0085,False,,No Episode,0
2024-01-29,2025.199951171875,1.78,2.3,0.0041563159010786,-0.07,0.0,-0.6649099837157122,-0.5115077951492285,0.2142,-0.0319,False,,No Episode,0
2024-01-30,2031.5,1.8,2.26,0.003105999442301,0.02,-0.04,-0.6829257810477953,-0.251638425118921,0.2101,-0.0040999999999999,False,,No Episode,0
2024-01-31,2048.39990234375,1.73,2.26,0.0082845164862082,-0.07,0.0,-0.7406000412570689,-0.3098842319201432,0.1709,-0.0392,False,,No Episode,0
2024-02-01,2053.0,1.68,2.19,0.0022431851049438,-0.05,-0.0699999999999998,-0.7598040117666105,-0.3327942709239048,0.1127,-0.0582,False,,No Episode,0
2024-02-02,2036.0999755859373,1.82,2.21,-0.0082659366317123,0.1400000000000001,0.02,-0.7502400343450462,-0.39893022849282,0.1699,0.0572,False,,No Episode,0
2024-02-05,2025.699951171875,1.9,2.27,-0.0051209056717826,0.0799999999999998,0.06,-0.7650999567275657,-0.4457215266496276,0.2345,0.0645999999999999,False,,No Episode,0
2024-02-06,2034.5,1.85,2.24,0.0043347927263059,-0.0499999999999998,-0.0299999999999998,-0.7617446052538144,-0.4652162663403696,0.216,-0.0184999999999999,False,,No Episode,0
2024-02-07,2035.199951171875,1.86,2.23,0.000343981712251,0.01,-0.0100000000000002,-0.7324472259643804,-0.4834511751379328,0.219,0.003,False,,No Episode,0
2024-02-08,2032.199951171875,1.91,2.24,-0.0014751441294391,0.0499999999999998,0.0100000000000002,-0.6840742007072645,-0.4817834638328555,0.2472,0.0282,False,,No Episode,0
2024-02-09,2023.300048828125,1.92,2.25,-0.0043890601064937,0.01,0.0099999999999997,-0.6013905137965023,-0.4288233551983825,0.2606,0.0133999999999999,False,,No Episode,0
2024-02-12,2018.199951171875,1.93,2.24,-0.0025238650815326,0.01,-0.0099999999999997,-0.5461704644651847,-0.4231664874764421,0.2603,-0.0003,False,,No Episode,0
2024-02-13,1992.9000244140625,2.02,2.29,-0.0126151242467047,0.09,0.0499999999999998,-0.6166012686490304,-0.4682277856040054,0.3229,0.0626,False,,No Episode,0
2024-02-14,1990.300048828125,1.97,2.3,-0.0013054709316033,-0.05,0.0099999999999997,-0.6649918771509389,-0.4611931352422433,0.3169,-0.006,False,,No Episode,0
2024-02-15,2002.0999755859373,1.94,2.3,0.0059112118252047,-0.03,0.0,-0.6883441959130455,-0.569884810518791,0.3048,-0.0121,False,,No Episode,0
2024-02-16,2011.5,1.97,2.33,0.0046840949064161,0.03,0.0300000000000002,-0.6856133249814963,-0.5883825973505524,0.3265,0.0216999999999999,False,,No Episode,0
2024-02-21,2022.300048828125,1.98,2.34,-0.0025680053172179,0.03,0.02,-0.638650482303429,-0.665507870977895,0.3354,0.0174999999999999,False,,No Episode,0
2024-02-22,2019.699951171875,2.02,2.31,-0.0012865403339379,0.04,-0.0299999999999998,-0.6126971647034672,-0.6646125706588174,0.3464,0.011,False,,No Episode,0
2024-02-23,2038.5999755859373,1.96,2.3,0.0093143244200035,-0.06,-0.0100000000000002,-0.551091028592666,-0.6834514312337758,0.3216,-0.0247999999999999,False,,No Episode,0
2024-02-26,2028.5,1.97,2.31,-0.004966682111914,0.01,0.0100000000000002,-0.5642240107376587,-0.7270041322293266,0.324,0.0024,False,,No Episode,0
2024-02-27,2034.0,1.99,2.32,0.0027076939620034,0.02,0.0099999999999997,-0.4585057494850197,-0.6940553884500447,0.3332,0.0091999999999999,False,,No Episode,0
2024-02-28,2033.0,1.94,2.33,-0.0004917629801584,-0.05,0.0100000000000002,-0.440160959723635,-0.6470524194231755,0.3191,-0.0141,False,,No Episode,0
2024-02-29,2045.699951171875,1.92,2.33,0.0062274706977065,-0.02,0.0,-0.4786083862956345,-0.6697202577800796,0.3095,-0.0095999999999999,False,,No Episode,0
2024-03-01,2086.89990234375,1.87,2.32,0.019939659139843,-0.0499999999999998,-0.0100000000000002,-0.4244541249920157,-0.6662046657578827,0.2769,-0.0326,False,,No Episode,0
2024-03-04,2117.699951171875,1.88,2.34,0.0146509065464899,0.0099999999999997,0.02,-0.3396060795142563,-0.611254291426584,0.2855,0.0085999999999999,False,,No Episode,0
2024-03-05,2133.5,1.81,2.32,0.0074332526156677,-0.0699999999999998,-0.02,-0.4011380168430805,-0.6362809781671817,0.2527,-0.0327999999999999,False,,No Episode,0
2024-03-06,2150.300048828125,1.81,2.3,0.0078435663508757,0.0,-0.02,-0.4371988009042382,-0.6380173401219736,0.2334,-0.0192999999999999,False,,No Episode,0
2024-03-07,2158.0,1.81,2.28,0.0035744768391499,0.0,-0.02,-0.466725519442579,-0.630939458119213,0.2143,-0.0191,False,,No Episode,0
2024-03-08,2178.60009765625,1.81,2.28,0.0095006466554963,0.0,0.0,-0.4973938890579802,-0.6238413819547577,0.206,-0.0083,False,,No Episode,0
2024-03-11,2182.5,1.83,2.27,0.0017884952401807,0.02,-0.0099999999999997,-0.5121710892321887,-0.6249509174305612,0.2089,0.0029,False,,No Episode,0
2024-03-12,2160.39990234375,1.86,2.3,-0.0101776641978776,0.03,0.0299999999999998,-0.5436482077831934,-0.632193201853093,0.2352,0.0262999999999999,True,11,Fiscal Premia,5
2024-03-13,2175.39990234375,1.89,2.3,0.0069191662527003,0.0299999999999998,0.0,-0.5428120865877022,-0.6147109057511179,0.253,0.0178,True,11,Fiscal Premia,5
2024-03-14,2163.0,1.99,2.3,-0.0057163638155213,0.1,0.0,-0.5059006059177249,-0.6217521676306489,0.2993,0.0463,True,11,Fiscal Premia,5
2024-03-15,2157.300048828125,1.99,2.32,-0.0026386845425951,0.0,0.02,-0.5384623197162689,-0.6260035079407928,0.3209,0.0216,True,11,Fiscal Premia,5
2024-03-18,2160.699951171875,2.03,2.31,0.0015747582428708,0.0399999999999998,-0.0099999999999997,-0.4685345454363531,-0.5892624017531194,0.3378,0.0168999999999999,True,11,Fiscal Premia,5
2024-03-19,2156.300048828125,2.0,2.3,-0.0020384080923117,-0.0299999999999998,-0.0100000000000002,-0.4149056536255391,-0.5406447163034798,0.3261,-0.0116999999999999,True,11,Fiscal Premia,5
2024-03-20,2157.89990234375,1.96,2.31,0.0007416687251717,-0.04,0.0100000000000002,-0.4210351571464015,-0.5249165467100305,0.3088,-0.0172999999999999,True,11,Fiscal Premia,5
2024-03-21,2182.39990234375,1.93,2.34,0.0112896626157654,-0.03,0.0299999999999998,-0.4407778407029271,-0.5388592922042982,0.3083,-0.0005,True,11,Fiscal Premia,5
2024-03-22,2158.10009765625,1.87,2.35,-0.011196893703512,-0.0599999999999998,0.0100000000000002,-0.4692009021245857,-0.3963836672750155,0.2852,-0.0231,True,11,Fiscal Premia,5
2024-03-25,2174.800048828125,1.92,2.33,0.0077084785250951,0.0499999999999998,-0.02,-0.4749667654089507,-0.3511503937512042,0.2927,0.0075,True,11,Fiscal Premia,5
2024-03-26,2175.60009765625,1.92,2.32,0.0003678047123045,0.0,-0.0100000000000002,-0.4785992961120586,-0.3482764327665075,0.2909,-0.0018,True,11,Fiscal Premia,5
2024-03-27,2190.60009765625,1.88,2.32,0.0068709900334793,-0.04,0.0,-0.4495366162849263,-0.2431372983002459,0.2735,-0.0173999999999999,True,11,Fiscal Premia,5
2024-03-28,2217.39990234375,1.88,2.32,0.0121597708280427,0.0,0.0,-0.444251417005736,-0.2671062275118006,0.2732,-0.0003,True,11,Fiscal Premia,5
2024-04-02,2261.0,2.0,2.36,0.0108950494050672,0.02,0.0099999999999997,-0.2429294748682675,-0.1626628691129146,0.3425,0.0232,True,11,Fiscal Premia,5
2024-04-03,2294.39990234375,2.0,2.36,0.0146641355644598,0.0,0.0,-0.1248124048935052,-0.1507215525756605,0.3469,0.0043999999999999,True,11,Fiscal Premia,5
2024-04-04,2288.800048828125,1.97,2.34,-0.0024436447730247,-0.03,-0.02,-0.03097158209417,-0.1072429453649111,0.3344,-0.0125,True,11,Fiscal Premia,5
2024-04-05,2325.699951171875,2.02,2.37,0.0159933639117815,0.05,0.0300000000000002,0.1634882580899128,-0.0180635776708584,0.362,0.0276,True,11,Fiscal Premia,5
2024-04-08,2331.699951171875,2.04,2.38,0.0025765463327624,0.02,0.0099999999999997,0.2954048429000055,0.0087483895311775,0.383,0.021,True,11,Fiscal Premia,5
2024-04-09,2343.5,2.0,2.36,0.0050479440488118,-0.04,-0.02,0.3977024942592161,0.0156531390432445,0.3656,-0.0174,True,11,Fiscal Premia,5
2024-04-10,2329.60009765625,2.15,2.4,-0.0059489174406444,0.1499999999999999,0.04,0.5653429806334745,-0.1243540643887543,0.4428,0.0772,True,11,Fiscal Premia,5
2024-04-11,2354.800048828125,2.16,2.4,0.0107591979675616,0.0100000000000002,0.0,0.676804137929004,-0.1516081260864799,0.4587,0.0158999999999999,True,11,Fiscal Premia,5
2024-04-12,2356.199951171875,2.11,2.39,0.0005943121990892,-0.0500000000000002,-0.0099999999999997,0.7446306500368053,-0.1234103021009285,0.4395,-0.0191999999999999,True,11,Fiscal Premia,5
2024-04-15,2365.800048828125,2.2,2.43,0.0040661206620287,0.0900000000000003,0.04,0.7770041026938832,-0.0471855715188577,0.4788,0.0393,True,11,Fiscal Premia,5
2024-04-16,2390.800048828125,2.24,2.43,0.0105118066226443,0.04,0.0,0.8078077867026624,-0.028998268441702,0.5079,0.0291,True,11,Fiscal Premia,5
2024-04-17,2371.699951171875,2.2,2.39,-0.0080210813904084,-0.04,-0.04,0.8165797770556941,0.0587491845105171,0.4851,-0.0228,True,11,Fiscal Premia,5
2024-04-18,2382.300048828125,2.24,2.4,0.0044594510824547,0.04,0.0099999999999997,0.8271331335775366,0.0670418562482373,0.5035,0.0183999999999999,True,11,Fiscal Premia,5
2024-04-19,2398.39990234375,2.21,2.41,0.0067353795655966,-0.0300000000000002,0.0100000000000002,0.8373139636427944,0.0527572963157171,0.4994,-0.0040999999999999,True,11,Fiscal Premia,5
2024-04-22,2332.199951171875,2.21,2.41,-0.0279898004813592,0.0,0.0,0.8380462164669864,0.0788887053455437,0.4998,0.0004,True,11,Fiscal Premia,5
2024-04-23,2327.699951171875,2.2,2.41,-0.0019313725586949,-0.0099999999999997,0.0,0.8373061566361772,0.0855578220922029,0.4891,-0.0107,True,11,Fiscal Premia,5
2024-04-24,2324.5,2.24,2.41,-0.0013756724603899,0.04,0.0,0.8213947077225227,0.0967534310014465,0.5016,0.0125,True,11,Fiscal Premia,5
2024-04-25,2329.800048828125,2.28,2.42,0.0022774857931127,0.0399999999999995,0.0099999999999997,0.8026865196498167,0.0907984550588773,0.5289,0.0272999999999999,True,11,Fiscal Premia,5
2024-04-26,2334.800048828125,2.24,2.43,0.0021438073190775,-0.0399999999999995,0.0100000000000002,0.8052549124509091,0.1547167403393869,0.5243,-0.0046,True,11,Fiscal Premia,5
2024-04-29,2345.39990234375,2.22,2.41,0.0045296661467792,-0.02,-0.02,0.813604209338617,0.1472319961282369,0.5058,-0.0184999999999999,True,11,Fiscal Premia,5
2024-04-30,2291.39990234375,2.28,2.41,-0.02329297954868,0.0599999999999996,0.0,0.802129688858926,0.0370369205779772,0.5251,0.0192999999999999,True,11,Fiscal Premia,5
2024-05-01,2299.89990234375,2.25,2.38,0.0037026594091491,-0.0299999999999998,-0.0300000000000002,0.7974746853563944,0.02184173608932,0.4993,-0.0257999999999999,True,11,Fiscal Premia,5
2024-05-02,2299.199951171875,2.21,2.37,-0.0003043861623241,-0.04,-0.0099999999999997,0.7881852240063107,0.0253357595722542,0.4716,-0.0277,True,11,Fiscal Premia,5
2024-05-03,2299.0,2.15,2.35,-8.696932457219475e-05,-0.06,-0.02,0.772511748099311,0.0590140197471044,0.4325,-0.0391,True,11,Fiscal Premia,5
2024-05-06,2321.60009765625,2.14,2.35,0.009782399430942,-0.0099999999999997,0.0,0.740007836170748,-0.0137443191188809,0.4198,-0.0126999999999999,True,11,Fiscal Premia,5
2024-05-07,2315.199951171875,2.15,2.32,-0.0027605894071447,0.0099999999999997,-0.0300000000000002,0.7113397546591185,-0.0312316281266811,0.4076,-0.0121999999999999,True,11,Fiscal Premia,5
2024-05-08,2313.60009765625,2.17,2.31,-0.000691260612883,0.02,-0.0099999999999997,0.6701627796833854,-0.0346146876690728,0.4154,0.0077999999999999,True,11,Fiscal Premia,5
2024-05-09,2332.10009765625,2.13,2.32,0.0079643958983623,-0.04,0.0099999999999997,0.5864339370268192,-0.0384098416521255,0.4045,-0.0108999999999999,False,,No Episode,0
2024-05-10,2367.300048828125,2.16,2.34,0.0149808947487226,0.0300000000000002,0.02,0.459010075598369,-0.0118294330198353,0.4191,0.0145999999999999,False,,No Episode,0
2024-05-13,2336.10009765625,2.15,2.33,-0.01326717176702,-0.0100000000000002,-0.0099999999999997,0.3573425729028798,-0.0390844656370717,0.4164,-0.0026999999999999,False,,No Episode,0
2024-05-14,2353.39990234375,2.12,2.33,0.0073781354798523,-0.0299999999999998,0.0,0.2402665589170829,-0.065420526112632,0.4013,-0.0151,False,,No Episode,0
2024-05-15,2388.699951171875,2.05,2.31,0.0148882149106039,-0.0700000000000002,-0.02,0.0639444409733097,-0.1306238194413218,0.3575,-0.0438,False,,No Episode,0
2024-05-16,2380.0,2.07,2.31,-0.0036487767790971,0.02,0.0,-0.1453583658811533,-0.1461348176356254,0.3624,0.0049,False,,No Episode,0
2024-05-17,2412.199951171875,2.1,2.32,0.0134386862414679,0.0300000000000002,0.0099999999999997,-0.2519270411810735,-0.1762709829525279,0.3742,0.0117999999999999,False,,No Episode,0
2024-05-20,2433.89990234375,2.11,2.33,0.0089556950387788,0.0099999999999997,0.0100000000000002,-0.3381715918215739,-0.1722778847611399,0.3837,0.0095,False,,No Episode,0
2024-05-21,2421.699951171875,2.09,2.32,-0.0050251162420584,-0.02,-0.0100000000000002,-0.4508418840280256,-0.1509790231496051,0.3755,-0.0081999999999999,False,,No Episode,0
2024-05-22,2389.199951171875,2.1,2.33,-0.0135111912825758,0.0100000000000002,0.0100000000000002,-0.4831817082087843,-0.1024239154058282,0.3795,0.004,False,,No Episode,0
2024-05-23,2335.0,2.17,2.3,-0.0229466703181344,0.0699999999999998,-0.0300000000000002,-0.4807496786517371,-0.227683979418193,0.4075,0.0279999999999999,False,,No Episode,0
2024-05-24,2332.5,2.14,2.32,-0.0010712373814989,-0.0299999999999998,0.02,-0.4716485372621272,-0.2262335216813454,0.4142,0.0067,False,,No Episode,0
2024-05-29,2340.300048828125,2.25,2.36,-0.0063464816760836,0.0499999999999998,0.02,-0.5325286085108514,-0.2793916922589034,0.4745,0.0423999999999999,False,,No Episode,0
2024-05-30,2342.89990234375,2.19,2.36,0.0011102894643872,-0.06,0.0,-0.5469692544641639,-0.3075658398965584,0.4626,-0.0118999999999999,False,,No Episode,0
2024-05-31,2322.89990234375,2.16,2.35,-0.008573073570683,-0.0299999999999998,-0.0099999999999997,-0.5940819139867252,-0.3078489556497714,0.4418,-0.0207999999999999,False,,No Episode,0
2024-06-03,2346.60009765625,2.08,2.33,0.0101511505854574,-0.08,-0.02,-0.6341960592821487,-0.3372271931803,0.3898,-0.052,False,,No Episode,0
2024-06-04,2325.5,2.02,2.31,-0.0090324439414324,-0.06,-0.02,-0.5413346243559912,-0.3133944885110657,0.3464,-0.0433999999999999,False,,No Episode,0
2024-06-05,2354.10009765625,1.99,2.3,0.0122234606208602,-0.03,-0.0100000000000002,-0.5077978870807602,-0.3275542554646761,0.3195,-0.0268999999999999,False,,No Episode,0
2024-06-06,2370.300048828125,2.0,2.28,0.0068580197117622,0.01,-0.02,-0.5075603955255514,-0.3154872265017074,0.3051,-0.0144,False,,No Episode,0
2024-06-07,2305.199951171875,2.13,2.3,-0.0278491306159933,0.1299999999999999,0.02,-0.4924266236588636,-0.4911337134861953,0.3606,0.0554999999999999,False,,No Episode,0
2024-06-10,2307.699951171875,2.16,2.31,0.0010839169709688,0.0300000000000002,0.0100000000000002,-0.4971562689259997,-0.4831505279155943,0.393,0.0324,False,,No Episode,0
2024-06-11,2307.5,2.12,2.27,-8.664897474286448e-05,-0.04,-0.04,-0.4947808765384799,-0.4763606079894207,0.3683,-0.0247,False,,No Episode,0
2024-06-12,2336.0,2.09,2.22,0.012275377571111,-0.0300000000000002,-0.0499999999999998,-0.4340174408482338,-0.4350792001443531,0.3297,-0.0386,False,,No Episode,0
2024-06-13,2300.199951171875,2.03,2.21,-0.0154440105174105,-0.06,-0.0100000000000002,-0.2978373932881995,-0.3536730529182947,0.2893,-0.0403999999999999,False,,No Episode,0
2024-06-14,2331.39990234375,2.03,2.17,0.0134728491676385,0.0,-0.04,-0.2210610715829105,-0.3437414908700763,0.2714,-0.0179,False,,No Episode,0
2024-06-17,2312.39990234375,2.06,2.22,-0.0081829996215816,0.0300000000000002,0.0500000000000002,-0.1674085063672362,-0.3659352144338967,0.2908,0.0194,False,,No Episode,0
2024-06-18,2330.39990234375,2.01,2.21,0.0077539807631001,-0.0500000000000002,-0.0100000000000002,-0.1259883029237965,-0.3800583571537115,0.273,-0.0177999999999999,False,,No Episode,0
2024-06-21,2316.39990234375,2.02,2.23,-0.0160168499949397,0.02,-0.02,-0.0386112047994067,-0.3880293231700647,0.2839,0.0035999999999999,False,,No Episode,0
2024-06-24,2330.0,2.03,2.22,0.0058540533667423,0.0099999999999997,-0.0099999999999997,-0.0128569185898921,-0.3700234098214107,0.2849,0.001,False,,No Episode,0
2024-06-25,2316.60009765625,2.01,2.22,-0.0057676319065116,-0.02,0.0,0.0034747780190656,-0.4103437159535537,0.28,-0.0048999999999999,False,,No Episode,0
2024-06-26,2299.199951171875,2.06,2.26,-0.0075394205654806,0.0500000000000002,0.0399999999999995,0.0301228198411312,-0.4354334626752774,0.3123,0.0322999999999999,False,,No Episode,0
2024-06-27,2324.5,2.03,2.26,0.0109437470428854,-0.0300000000000002,0.0,0.0408409366965717,-0.4375973551258275,0.3089,-0.0034,False,,No Episode,0
2024-06-28,2327.699951171875,2.08,2.28,0.0013756724603899,0.0500000000000002,0.02,0.0651640910840167,-0.3821019779526963,0.3312,0.0222999999999999,False,,No Episode,0
2024-07-01,2327.60009765625,2.16,2.32,-4.2898852745665295e-05,0.08,0.04,0.0594947925711168,-0.3592863400672731,0.3852,0.0539999999999999,False,,No Episode,0
2024-07-02,2323.0,2.13,2.3,-0.0019782819678741,-0.0300000000000002,-0.02,0.0398911580354875,-0.3934525891754294,0.3806,-0.0045999999999999,False,,No Episode,0
2024-07-03,2359.800048828125,2.09,2.27,0.015717436587046,-0.04,-0.0299999999999998,0.0086772717706675,-0.4277365431515366,0.354,-0.0266,False,,No Episode,0
2024-07-08,2355.199951171875,2.01,2.27,-0.01403992502751,0.0099999999999997,-0.0099999999999997,-0.1587371099028287,-0.4688213046290254,0.3012,-0.0097999999999999,False,,No Episode,0
2024-07-09,2360.10009765625,2.04,2.26,0.002078403578813,0.0300000000000002,-0.0100000000000002,-0.1857114963765179,-0.4061241322771803,0.3072,0.0059999999999999,False,,No Episode,0
2024-07-10,2372.199951171875,2.01,2.27,0.005113741630379,-0.0300000000000002,0.0100000000000002,-0.2269810020797088,-0.4151040911746086,0.3041,-0.0030999999999999,False,,No Episode,0
2024-07-11,2415.0,1.95,2.25,0.0178815130749745,-0.0599999999999998,-0.02,-0.4121421879217876,-0.5016345519975023,0.267,-0.0370999999999999,False,,No Episode,0
2024-07-12,2414.0,1.94,2.24,-0.0004141644291957,-0.01,-0.0099999999999997,-0.5636730539654645,-0.4900018602741363,0.2534,-0.0136,False,,No Episode,0
2024-07-15,2422.89990234375,1.96,2.27,0.0036800068503834,0.02,0.0299999999999998,-0.6567278197779597,-0.4908108498495374,0.2683,0.0148999999999999,False,,No Episode,0
2024-07-16,2462.39990234375,1.91,2.26,0.0161713149177824,-0.05,-0.0100000000000002,-0.7250688931353685,-0.5320281207638625,0.2525,-0.0157999999999999,False,,No Episode,0
2024-07-17,2454.800048828125,1.9,2.26,-0.0030911330198239,-0.01,0.0,-0.7731124552695909,-0.5155382432434714,0.2433,-0.0092,False,,No Episode,0
2024-07-18,2451.800048828125,1.89,2.31,-0.0012228428297103,-0.01,0.0500000000000002,-0.8114504300309554,-0.5760454262155769,0.2586,0.0153,False,,No Episode,0
2024-07-19,2395.5,1.93,2.32,-0.0232304912529315,0.04,0.0099999999999997,-0.8189746155644394,-0.5837383309421809,0.2807,0.0221,False,,No Episode,0
2024-07-22,2392.0,1.96,2.3,-0.0014621412526549,0.03,-0.02,-0.8220719487478474,-0.5912156471546179,0.2932,0.0125,False,,No Episode,0
2024-07-23,2404.60009765625,1.96,2.29,0.0052537740825497,0.0,-0.0099999999999997,-0.8192236753074329,-0.4560518543425236,0.2906,-0.0025999999999999,False,,No Episode,0
2024-07-24,2413.300048828125,2.0,2.28,0.0036115155414231,0.04,-0.0100000000000002,-0.8094892627699891,-0.4421498378361207,0.2998,0.0091999999999999,False,,No Episode,0
2024-07-25,2351.89990234375,1.99,2.28,-0.0257716551089348,-0.01,0.0,-0.7943738482332184,-0.395512164233263,0.3036,0.0037999999999999,False,,No Episode,0
2024-07-26,2380.0,1.93,2.27,0.0118770170799598,-0.06,-0.0099999999999997,-0.7867528378476106,-0.4103664943992154,0.2767,-0.0268999999999999,False,,No Episode,0
2024-07-29,2377.300048828125,1.92,2.25,-0.0011350772219733,-0.01,-0.02,-0.7830859194480833,-0.5126358866380172,0.2624,-0.0142999999999999,False,,No Episode,0
2024-07-30,2405.0,1.9,2.25,0.0115844930963149,-0.02,0.0,-0.7836041796622442,-0.53215873129756,0.2501,-0.0123,False,,No Episode,0
2024-07-31,2426.5,1.85,2.24,0.0088999863054093,-0.0499999999999998,-0.0099999999999997,-0.7834773043424631,-0.5302834806312448,0.2197,-0.0303999999999999,False,,No Episode,0
2024-08-01,2435.0,1.79,2.2,0.0034968666714192,-0.06,-0.04,-0.7889882829705264,-0.5142274839502567,0.1693,-0.0504,False,,No Episode,0
2024-08-02,2425.699951171875,1.76,2.04,-0.0038266341350139,-0.03,-0.1600000000000001,-0.7753584919198347,-0.5045698829728498,0.0817,-0.0876,False,,No Episode,0
2024-08-05,2401.699951171875,1.71,2.07,-0.0099433227926102,-0.05,0.0299999999999998,-0.7221647759414235,-0.4352647640733116,0.0646,-0.0170999999999999,False,,No Episode,0
2024-08-06,2389.10009765625,1.78,2.12,-0.005260032745344,0.07,0.0500000000000002,-0.686800068087386,-0.4547706765466394,0.107,0.0423999999999999,False,,No Episode,0
2024-08-07,2390.5,1.85,2.11,0.0005857822224362,0.07,-0.0100000000000002,-0.6831873533813159,-0.4434970837759425,0.1439,0.0369,False,,No Episode,0
2024-08-08,2422.199951171875,1.87,2.12,0.0131736488622067,0.02,0.0100000000000002,-0.679657598591749,-0.3887787380423986,0.1695,0.0256,False,,No Episode,0
2024-08-09,2432.10009765625,1.84,2.1,0.0040789238864622,-0.03,-0.02,-0.6843435669199199,-0.3814776040514766,0.1631,-0.0064,False,,No Episode,0
2024-08-12,2462.39990234375,1.79,2.11,0.0123813226108158,-0.05,0.0099999999999997,-0.6820051030459181,-0.4126876860906345,0.1425,-0.0206,False,,No Episode,0
2024-08-13,2466.699951171875,1.76,2.09,0.0017447607257965,-0.03,-0.02,-0.6592297159240262,-0.4324870968027959,0.1108,-0.0316999999999999,False,,No Episode,0
2024-08-14,2439.39990234375,1.77,2.06,-0.0111291377751996,0.01,-0.0299999999999998,-0.6044796053562198,-0.4502005524455403,0.0962,-0.0146,False,,No Episode,0
2024-08-15,2453.10009765625,1.8,2.12,0.0056005032691235,0.03,0.06,-0.5810978944007456,-0.4115097838889505,0.1357,0.0394999999999999,False,,No Episode,0
2024-08-16,2498.60009765625,1.81,2.08,0.0183780434367522,0.01,-0.04,-0.5769246687768144,-0.3300916577192389,0.1321,-0.0035999999999999,False,,No Episode,0
2024-08-19,2501.800048828125,1.79,2.07,0.0012798782157226,-0.02,-0.0100000000000002,-0.561353641333127,-0.3193607251798379,0.1237,-0.0083999999999999,False,,No Episode,0
2024-08-20,2511.300048828125,1.75,2.07,0.0037900744796477,-0.04,0.0,-0.5568734754309317,-0.3261825822013669,0.1034,-0.0203,False,,No Episode,0
2024-08-21,2508.39990234375,1.72,2.07,-0.0011555060403107,-0.03,0.0,-0.5721309310104434,-0.3148139228215933,0.0852,-0.0182,False,,No Episode,0
2024-08-22,2478.89990234375,1.76,2.1,-0.0118301867569217,0.04,0.0300000000000002,-0.5896881142189204,-0.3009714391187663,0.1121,0.0269,False,,No Episode,0
2024-08-23,2508.39990234375,1.68,2.13,0.0118301867569217,-0.08,0.0299999999999998,-0.6316447814216026,-0.3436667287254877,0.0954,-0.0167,False,,No Episode,0
2024-08-26,2517.699951171875,1.67,2.15,0.0037007061988525,-0.01,0.02,-0.6781757362129605,-0.3530614761779247,0.1009,0.0055,False,,No Episode,0
2024-08-27,2516.0,1.68,2.15,-0.0006754281156968,0.01,0.0,-0.7306422581711333,-0.3190149292784999,0.1081,0.0071999999999999,False,,No Episode,0
2024-08-28,2501.0,1.69,2.15,-0.0059796869427115,0.01,0.0,-0.7621098024408669,-0.3274234089112136,0.1158,0.0076999999999999,False,,No Episode,0
2024-08-29,2525.699951171875,1.71,2.16,0.0098275808015966,0.02,0.0100000000000002,-0.7843978394011665,-0.3004678766459936,0.1294,0.0135999999999999,False,,No Episode,0
2024-08-30,2493.800048828125,1.76,2.15,-0.012710561536922,0.05,-0.0100000000000002,-0.7776201487654247,-0.2874354444909985,0.148,0.0186,False,,No Episode,0
2024-09-04,2493.39990234375,1.7,2.07,0.0014046919562069,-0.03,-0.04,-0.774120707526062,-0.2769684226968132,0.0898,-0.0366999999999999,False,,No Episode,0
2024-09-05,2511.39990234375,1.7,2.03,0.0071931259247026,0.0,-0.04,-0.8043020013086581,-0.2886856475535965,0.0748,-0.015,False,,No Episode,0
2024-09-06,2493.5,1.69,2.03,-0.007152981683502,-0.01,0.0,-0.7676278014469889,-0.3349328654186224,0.0613,-0.0135,False,,No Episode,0
2024-09-09,2501.800048828125,1.66,2.04,0.0033231463116614,-0.03,0.0100000000000002,-0.7399829813169697,-0.2973358533639558,0.0574,-0.0039,False,,No Episode,0
2024-09-10,2512.300048828125,1.63,2.02,0.0041881953466633,-0.03,-0.02,-0.7032135062244051,-0.3020024483342979,0.0379,-0.0194999999999999,False,,No Episode,0
2024-09-11,2512.10009765625,1.61,2.04,-7.95920572214115e-05,-0.0199999999999997,0.02,-0.6760337215601837,-0.2958392807854845,0.0355,-0.0024,False,,No Episode,0
2024-09-12,2551.199951171875,1.63,2.05,0.0154447219692901,0.0199999999999997,0.0099999999999997,-0.6894353964835253,-0.2070433629325452,0.0478,0.0123,False,,No Episode,0
2024-09-13,2581.300048828125,1.58,2.08,0.0117293493413139,-0.0499999999999998,0.0300000000000002,-0.7312239415311292,-0.2428235436629647,0.0435,-0.0043,False,,No Episode,0
2024-09-16,2580.39990234375,1.54,2.09,-0.0003487790851908,-0.04,0.0099999999999997,-0.7744494585193062,-0.2492231357511731,0.0425,-0.0009999999999999,False,,No Episode,0
2024-09-17,2564.300048828125,1.53,2.12,-0.0062588318949572,-0.01,0.0300000000000002,-0.8459742556044401,-0.3195105158891859,0.0565,0.0139999999999999,False,,No Episode,0
2024-09-18,2570.699951171875,1.58,2.12,0.0024926604313497,0.05,0.0,-0.885598359088933,-0.262707641337703,0.0886,0.0321,False,,No Episode,0
2024-09-19,2588.0,1.56,2.17,0.0067071602717048,-0.02,0.0499999999999998,-0.8934529109854344,-0.27338483170708,0.1128,0.0242,False,,No Episode,0
2024-09-20,2619.89990234375,1.58,2.15,0.0122507351922047,0.02,-0.02,-0.8682392184510672,-0.2785699123154571,0.1241,0.0113,False,,No Episode,0
2024-09-23,2626.5,1.58,2.17,0.002516049581021,0.0,0.02,-0.8462363787604602,-0.2762237737612763,0.1437,0.0195999999999999,True,12,Fiscal Premia,5
2024-09-24,2651.199951171875,1.55,2.19,0.0093601878609144,-0.03,0.02,-0.841142178759143,-0.2486161464652631,0.147,0.0032999999999999,True,12,Fiscal Premia,5
2024-09-25,2659.199951171875,1.61,2.18,0.0030129580442377,0.06,-0.0099999999999997,-0.8026285970244392,-0.2301588327741718,0.171,0.024,True,12,Fiscal Premia,5
2024-09-26,2669.89990234375,1.63,2.16,0.0040156746334725,0.0199999999999997,-0.02,-0.7468697697167842,-0.2084211236455901,0.1874,0.0163999999999999,True,12,Fiscal Premia,5
2024-09-27,2644.300048828125,1.6,2.15,-0.009634583484436,-0.0299999999999998,-0.0100000000000002,-0.7226598600189331,-0.1740698771100201,0.1709,-0.0165,True,12,Fiscal Premia,5
2024-09-30,2636.10009765625,1.63,2.18,-0.0031058092325686,0.0299999999999998,0.0300000000000002,-0.7129548566601973,-0.2507144350010035,0.1945,0.0236,True,12,Fiscal Premia,5
2024-10-01,2667.300048828125,1.55,2.19,0.0117661538857651,-0.0799999999999998,0.0099999999999997,-0.7355906274015556,-0.3203073897816509,0.1739,-0.0206,True,12,Fiscal Premia,5
2024-10-02,2647.10009765625,1.58,2.21,-0.0076020050788052,0.03,0.02,-0.7422144007800339,-0.3476004875439709,0.1859,0.012,True,12,Fiscal Premia,5
2024-10-03,2657.10009765625,1.64,2.21,0.0037706012139944,0.0599999999999998,0.0,-0.7055487483741079,-0.3273330757694637,0.2171,0.0311999999999999,True,12,Fiscal Premia,5
2024-10-04,2645.800048828125,1.75,2.23,-0.0042618437533548,0.1100000000000001,0.02,-0.5545306751590433,-0.320027173329994,0.2854,0.0683,True,12,Fiscal Premia,5
2024-10-07,2644.800048828125,1.76,2.27,-0.0003780289545414,0.01,0.04,-0.4341666443433948,-0.2555507872757929,0.3202,0.0348,True,12,Fiscal Premia,5
2024-10-08,2615.0,1.77,2.27,-0.0113313690296719,0.01,0.0,-0.3639542688095844,-0.2498780753548948,0.3255,0.0053,True,12,Fiscal Premia,5
2024-10-09,2606.0,1.77,2.29,-0.0034476188142322,0.0,0.02,-0.3117076363340934,-0.2452694248651249,0.3424,0.0168999999999999,True,12,Fiscal Premia,5
2024-10-10,2620.60009765625,1.76,2.33,0.0055868577505373,-0.01,0.04,-0.2527555997082937,-0.2477513468154446,0.3499,0.0075,True,12,Fiscal Premia,5
2024-10-11,2657.60009765625,1.75,2.33,0.014020160169732,-0.01,0.0,-0.1704793489876829,-0.276202651347477,0.3485,-0.0014,True,12,Fiscal Premia,5
2024-10-16,2674.0,1.75,2.27,0.0047232152458107,0.0,-0.0099999999999997,0.0736239494987893,-0.2293960064344042,0.3249,-0.0083999999999999,True,12,Fiscal Premia,5
2024-10-17,2691.0,1.79,2.3,0.0063373930650172,0.04,0.0299999999999998,0.1982130831737747,-0.2122747057547314,0.3495,0.0245999999999999,True,12,Fiscal Premia,5
2024-10-18,2713.699951171875,1.77,2.31,0.0084001276135836,-0.02,0.0100000000000002,0.3088307770768609,-0.2254226575015994,0.349,-0.0005,True,12,Fiscal Premia,5
2024-10-21,2723.10009765625,1.88,2.31,0.0034579737223614,0.1099999999999998,0.0,0.4615079613585922,-0.2160016107251119,0.3916,0.0426,True,12,Fiscal Premia,5
2024-10-22,2744.199951171875,1.87,2.33,0.007718602631014,-0.0099999999999997,0.02,0.5756400068409899,-0.2243660271670042,0.4123,0.0206999999999999,True,12,Fiscal Premia,5
2024-10-23,2714.39990234375,1.93,2.31,-0.0109186772009488,0.0599999999999998,-0.02,0.6381608278264967,-0.2801180094495892,0.4356,0.0232999999999999,True,12,Fiscal Premia,5
2024-10-24,2734.89990234375,1.91,2.3,0.007523937915991,-0.02,-0.0100000000000002,0.7012925742085648,-0.3036465845101867,0.433,-0.0025999999999999,True,12,Fiscal Premia,5
2024-10-25,2740.89990234375,1.96,2.29,0.0021914615637026,0.05,-0.0099999999999997,0.7535778060571263,-0.332264002467687,0.4467,0.0136999999999999,True,12,Fiscal Premia,5
2024-10-28,2742.89990234375,1.99,2.29,0.0007294212625952,0.03,0.0,0.7743816813298415,-0.2859952592671057,0.4666,0.0199,True,12,Fiscal Premia,5
2024-10-29,2768.39990234375,1.98,2.3,0.0092537814571631,-0.01,0.0099999999999997,0.7892172153850389,-0.3258364265237297,0.472,0.0053999999999999,True,12,Fiscal Premia,5
2024-10-30,2788.5,1.95,2.34,0.0072343161372403,-0.03,0.04,0.7904757373064928,-0.3801614338964897,0.4842,0.0122,True,12,Fiscal Premia,5
2024-10-31,2738.300048828125,1.95,2.33,-0.0181665091234277,0.0,-0.0099999999999997,0.7947422862573252,-0.3050662454031062,0.489,0.0047999999999999,True,12,Fiscal Premia,5
2024-11-01,2738.60009765625,2.04,2.33,0.0001095688511387,0.09,0.0,0.7881869379065568,-0.291414781300975,0.5269,0.0379,True,12,Fiscal Premia,5
2024-11-04,2736.10009765625,2.03,2.28,-0.0009132920834318,-0.0100000000000002,-0.0500000000000002,0.7836635798101751,-0.2970917706389836,0.5158,-0.0110999999999999,True,12,Fiscal Premia,5
2024-11-05,2740.300048828125,1.99,2.27,0.0015338367843664,-0.0399999999999998,-0.0099999999999997,0.7811204944769481,-0.288899627153866,0.5071,-0.0087,True,12,Fiscal Premia,5
2024-11-06,2667.60009765625,2.04,2.38,-0.0268881928918229,0.05,0.1099999999999998,0.7239963581811675,-0.2946523338137659,0.5564,0.0493,True,12,Fiscal Premia,5
2024-11-07,2698.39990234375,1.98,2.33,0.0114797401905804,-0.06,-0.0499999999999998,0.7142239543764184,-0.3580850009000008,0.5284,-0.028,True,12,Fiscal Premia,5
2024-11-08,2687.5,1.95,2.35,-0.0040475751210937,-0.03,0.02,0.708606312601772,-0.3403595760013065,0.5171,-0.0112999999999999,True,12,Fiscal Premia,5
2024-11-13,2580.800048828125,2.09,2.35,-0.007411997718866,0.0099999999999997,0.0,0.3405320124021211,-0.5246260363102464,0.5745,0.0137,False,,No Episode,0
2024-11-14,2568.199951171875,2.1,2.33,-0.0048942019061204,0.0100000000000002,-0.02,0.192768340951503,-0.4872457849929937,0.5777,0.0031999999999999,False,,No Episode,0
2024-11-15,2565.699951171875,2.1,2.33,-0.0009739185590538,0.0,0.0,0.0410997617374986,-0.4844543023183283,0.5757,-0.002,False,,No Episode,0
2024-11-18,2610.60009765625,2.08,2.34,0.0173487905367437,-0.02,0.0099999999999997,-0.0381581843750043,-0.5224256361926259,0.5689,-0.0068,False,,No Episode,0
2024-11-19,2627.10009765625,2.05,2.34,0.0063004960066539,-0.0300000000000002,0.0,-0.0939203917774418,-0.5490417204908088,0.5548,-0.0141,False,,No Episode,0
2024-11-20,2648.199951171875,2.06,2.35,0.007999532098494,0.0100000000000002,0.0100000000000002,-0.140327723563201,-0.5441333735681567,0.5547,-9.9999999999989e-05,False,,No Episode,0
2024-11-21,2672.10009765625,2.09,2.34,0.0089845711851381,0.0299999999999998,-0.0100000000000002,-0.2022246062119655,-0.5352947772703104,0.5642,0.0095,False,,No Episode,0
2024-11-22,2709.89990234375,2.07,2.34,0.0140469811344976,-0.02,0.0,-0.2654873258576791,-0.5510212774405222,0.5626,-0.0016,False,,No Episode,0
2024-11-25,2616.800048828125,1.98,2.29,-0.0349594819034075,-0.0899999999999998,-0.0499999999999998,-0.3509068355987671,-0.2438590499789075,0.5048,-0.0577999999999999,False,,No Episode,0
2024-11-26,2620.300048828125,2.02,2.28,0.0013366177677767,0.04,-0.0100000000000002,-0.4178530615570643,-0.2302747140406724,0.5022,-0.0026,False,,No Episode,0
2024-11-27,2639.89990234375,1.99,2.26,0.0074521669912277,-0.03,-0.02,-0.4856905093852694,-0.242243000262239,0.4783,-0.0238999999999999,False,,No Episode,0
2024-12-02,2634.89990234375,1.93,2.26,-0.008352473231235,0.01,0.0,-0.5550654134726932,-0.2735251893286808,0.4453,-0.0036,False,,No Episode,0
2024-12-03,2644.699951171875,1.95,2.28,0.0037124253183833,0.02,0.02,-0.5742427598466656,-0.260163037952616,0.4605,0.0152,False,,No Episode,0
2024-12-04,2653.800048828125,1.9,2.29,0.0034349746546977,-0.05,0.0100000000000002,-0.5236995922115393,-0.3163958537547641,0.4537,-0.0068,False,,No Episode,0
2024-12-05,2626.60009765625,1.92,2.25,-0.0103023221708822,0.02,-0.04,-0.4404380019287377,-0.3198258709113658,0.4479,-0.0057999999999999,False,,No Episode,0
2024-12-06,2638.60009765625,1.91,2.24,0.0045582391295289,-0.01,-0.0099999999999997,-0.3843874733376522,-0.3004113596135198,0.439,-0.0089,False,,No Episode,0
2024-12-09,2664.89990234375,1.93,2.27,0.0099179863380864,0.02,0.0299999999999998,-0.3416536932448199,-0.2764185239939146,0.454,0.015,False,,No Episode,0
2024-12-10,2697.60009765625,1.93,2.29,0.0121960282103028,0.0,0.02,-0.3368840865722501,-0.2862635401400419,0.4686,0.0146,False,,No Episode,0
2024-12-11,2733.800048828125,1.96,2.3,0.0133300755707557,0.03,0.0099999999999997,-0.3545362290107076,-0.2584999787563222,0.4941,0.0254999999999999,False,,No Episode,0
2024-12-12,2687.5,2.0,2.32,-0.0170812071435335,0.04,0.02,-0.3554651793563474,-0.2827707008818834,0.5276,0.0334999999999999,False,,No Episode,0
2024-12-13,2656.0,2.07,2.33,-0.0117901618395936,0.0699999999999998,0.0100000000000002,-0.3242846431907161,-0.297317113551064,0.5706,0.043,False,,No Episode,0
2024-12-16,2651.39990234375,2.07,2.32,-0.0017334660635324,0.0,-0.0100000000000002,-0.2933753244489854,-0.3091156333466666,0.5798,0.0091999999999999,False,,No Episode,0
2024-12-17,2644.39990234375,2.09,2.31,-0.0026436060028238,0.02,-0.0099999999999997,-0.3418665931505633,-0.3366796105268089,0.5854,0.0056,False,,No Episode,0
2024-12-18,2636.5,2.18,2.32,-0.0029918795594436,0.0900000000000003,0.0099999999999997,-0.3732483314738079,-0.3248079600351878,0.6412,0.0557999999999999,False,,No Episode,0
2024-12-19,2592.199951171875,2.28,2.29,-0.0169453628178075,0.0999999999999996,-0.0299999999999998,-0.4419657843597153,-0.3695643859108209,0.6778,0.0365999999999999,False,,No Episode,0
2024-12-20,2628.699951171875,2.23,2.29,0.013982491661312,-0.0499999999999998,0.0,-0.4379722391884533,-0.3703315166833275,0.6682,-0.0095999999999999,False,,No Episode,0
2024-12-23,2612.300048828125,2.27,2.32,-0.0062583308037487,0.04,0.0299999999999998,-0.4423488560247344,-0.3481294970514242,0.6941,0.0259,False,,No Episode,0
2024-12-24,2620.0,2.24,2.35,0.0029432397448623,-0.0299999999999998,0.0300000000000002,-0.4261087401008271,-0.3633728195040758,0.7009,0.0067999999999999,False,,No Episode,0
2024-12-27,2617.199951171875,2.28,2.34,-0.0082192615136724,0.0499999999999998,-0.0100000000000002,-0.4220905098029271,-0.2065991623804114,0.7141,0.0172999999999999,False,,No Episode,0
2024-12-30,2606.10009765625,2.24,2.31,-0.0042501369327911,-0.0399999999999995,-0.0299999999999998,-0.4593654943586767,-0.1865882881260656,0.6861,-0.0279999999999999,False,,No Episode,0
2024-12-31,2629.199951171875,2.24,2.34,0.0088247104117797,0.0,0.0299999999999998,-0.4869821139459305,-0.1881260816663419,0.6872,0.0010999999999999,False,,No Episode,0
2025-01-03,2645.0,2.26,2.34,-0.0052414013919968,0.0299999999999998,0.0,-0.4570877704875919,-0.1709563711179933,0.7016,0.0164999999999999,False,,No Episode,0
2025-01-06,2638.39990234375,2.28,2.34,-0.0024984295005019,0.02,0.0,-0.4529548628308029,-0.1759583930096792,0.7121,0.0104999999999999,False,,No Episode,0
2025-01-07,2656.699951171875,2.29,2.38,0.0069120969177429,0.0100000000000002,0.04,-0.4255899656520144,-0.191108644667469,0.7356,0.0235,False,,No Episode,0
2025-01-08,2664.5,2.27,2.4,0.0029316900271956,-0.02,0.02,-0.4060092495668608,-0.1748596807339643,0.7392,0.0035999999999999,False,,No Episode,0
2025-01-09,2683.800048828125,2.29,2.39,0.0072172961236738,0.02,-0.0099999999999997,-0.3671709508331872,-0.5771028592284269,0.7465,0.0073,False,,No Episode,0
2025-01-10,2708.5,2.34,2.43,0.0091612572374435,0.0499999999999998,0.04,-0.2577494870580835,-0.5335709073790231,0.7964,0.0498999999999999,False,,No Episode,0
2025-01-13,2673.5,2.34,2.45,-0.0130065007091673,0.0,0.02,-0.2248842771264482,-0.4847655697243774,0.8131,0.0167,False,,No Episode,0
2025-01-14,2677.5,2.34,2.44,0.0014950479331172,0.0,-0.0100000000000002,-0.1757221851175134,-0.4778699559536027,0.8122,-0.0009,False,,No Episode,0
2025-01-15,2712.5,2.24,2.42,0.0129871955268114,-0.0999999999999996,-0.02,-0.1624111411270944,-0.5347709506734968,0.7574,-0.0548,False,,No Episode,0
2025-01-16,2746.39990234375,2.19,2.42,0.0124202087368541,-0.0500000000000002,0.0,-0.1486263782795964,-0.5646954374633089,0.7249,-0.0324999999999999,False,,No Episode,0
2025-01-17,2744.300048828125,2.2,2.41,-0.0007648764771968,0.0100000000000002,-0.0099999999999997,-0.13836398976816,-0.5724978964623647,0.7198,-0.0050999999999999,False,,No Episode,0
2025-01-22,2767.60009765625,2.2,2.4,0.0045631113231774,0.0100000000000002,0.02,-0.2346468233370279,-0.5761950519077028,0.7071,0.0037999999999999,False,,No Episode,0
2025-01-23,2763.10009765625,2.23,2.42,-0.0016272807543717,0.0299999999999998,0.02,-0.2350300413505246,-0.5956227259317584,0.7212,0.0141,False,,No Episode,0
2025-01-24,2777.300048828125,2.2,2.43,0.0051259771457505,-0.0299999999999998,0.0100000000000002,-0.2120743007902351,-0.6059039801254673,0.7192,-0.002,False,,No Episode,0
2025-01-27,2737.5,2.13,2.4,-0.0144341551768141,-0.0700000000000002,-0.0300000000000002,-0.1646890806112484,-0.4940930162654438,0.6816,-0.0375999999999999,False,,No Episode,0
2025-01-28,2766.800048828125,2.13,2.42,0.0106463402495426,0.0,0.02,-0.2264074787307646,-0.4713827893467733,0.6771,-0.0044999999999999,False,,No Episode,0
2025-01-29,2769.10009765625,2.15,2.4,0.0008309575316065,0.02,-0.02,-0.3230041255658922,-0.4254040922084874,0.6807,0.0035999999999999,False,,No Episode,0
2025-01-30,2823.0,2.14,2.38,0.0192777563475834,-0.0099999999999997,-0.02,-0.4673591299377114,-0.416798347158789,0.6646,-0.0161,False,,No Episode,0
2025-01-31,2812.5,2.16,2.42,-0.0037263817408135,0.02,0.04,-0.6053806351693205,-0.4175050840086005,0.6836,0.019,False,,No Episode,0
2025-02-03,2833.89990234375,2.09,2.45,0.007580052840268,-0.0700000000000002,0.0300000000000002,-0.6995121113644255,-0.4217899405200515,0.6733,-0.0102999999999999,False,,No Episode,0
2025-02-04,2853.300048828125,2.08,2.44,0.0068224159163658,-0.0099999999999997,-0.0100000000000002,-0.7383529562510902,-0.2816494404439134,0.6598,-0.0134999999999999,False,,No Episode,0
2025-02-05,2871.60009765625,2.01,2.42,0.0063931634406264,-0.0700000000000002,-0.02,-0.7909252564367957,-0.251526943435928,0.6215,-0.0383,False,,No Episode,0
2025-02-06,2856.0,2.03,2.42,-0.0054473552504612,0.02,0.0,-0.8134934191373926,-0.2323063707051891,0.62,-0.0015,False,,No Episode,0
2025-02-07,2867.300048828125,2.07,2.42,0.0039487929743868,0.04,0.0,-0.8385879321729992,-0.2222142650474377,0.6365,0.0164999999999999,False,,No Episode,0
2025-02-10,2914.300048828125,2.07,2.44,0.0162588330465691,0.0,0.02,-0.8556535012285853,-0.2026790421404938,0.6387,0.0022,False,,No Episode,0
2025-02-11,2912.5,2.08,2.46,-0.0006178516064752,0.0100000000000002,0.02,-0.8578855356474314,-0.1454402804587151,0.6508,0.0121,False,,No Episode,0
2025-02-12,2909.0,2.16,2.46,-0.0012024393787539,0.08,0.0,-0.8454951829604453,-0.2153040416689582,0.6974,0.0465999999999999,False,,No Episode,0
2025-02-13,2925.89990234375,2.08,2.44,0.0057927127743946,-0.08,-0.02,-0.8577519082874464,-0.2238201402767876,0.6705,-0.0269,False,,No Episode,0
2025-02-14,2883.60009765625,2.04,2.43,-0.0145625448730859,-0.04,-0.0099999999999997,-0.8707553812737137,-0.1428958752367351,0.6417,-0.0287999999999999,False,,No Episode,0
2025-02-19,2919.39990234375,2.08,2.45,-0.0041703001175994,-0.02,0.0,-0.861541627340869,0.0016422329911199,0.657,-0.005,False,,No Episode,0
2025-02-20,2940.0,2.05,2.45,0.007031499087045,-0.0300000000000002,0.0,-0.8580825861333368,-0.0119797231942569,0.6477,-0.0092999999999999,False,,No Episode,0
2025-02-21,2937.60009765625,2.0,2.42,-0.0008166266630071,-0.0499999999999998,-0.0300000000000002,-0.8617861740744309,0.0037297262049325,0.6161,-0.0316,False,,No Episode,0
2025-02-24,2947.89990234375,1.98,2.42,0.003500064634192,-0.02,0.0,-0.8615411270480118,-0.0077251467632347,0.6017,-0.0143999999999999,False,,No Episode,0
2025-02-25,2904.5,1.92,2.38,-0.014831760871325,-0.06,-0.04,-0.8413444634767668,0.0320573969685667,0.557,-0.0446999999999999,False,,No Episode,0
2025-02-26,2916.800048828125,1.89,2.36,0.0042258832321175,-0.03,-0.02,-0.80456874560049,0.0528645512292395,0.5249,-0.0321,False,,No Episode,0
2025-02-27,2883.199951171875,1.92,2.37,-0.0115863701860794,0.03,0.0100000000000002,-0.7475936913607736,-0.0052061560785483,0.5274,0.0024999999999999,False,,No Episode,0
2025-02-28,2836.800048828125,1.86,2.38,-0.0162240979462859,-0.0599999999999998,0.0099999999999997,-0.6358660653958323,0.1564310776546031,0.5063,-0.0211,False,,No Episode,0
2025-03-03,2890.199951171875,1.8,2.36,0.018649013437515,-0.06,-0.02,-0.5867586195004669,0.1154952604522746,0.4751,-0.0311999999999999,False,,No Episode,0
2025-03-04,2909.60009765625,1.87,2.35,0.0066899612663871,0.07,-0.0099999999999997,-0.568089173256051,0.1453574536842007,0.488,0.0128999999999999,False,,No Episode,0
2025-03-05,2915.300048828125,1.94,2.34,0.0019570989537598,0.0699999999999998,-0.0100000000000002,-0.5504391144223548,0.1381348604301731,0.5178,0.0298,False,,No Episode,0
2025-03-06,2916.60009765625,1.95,2.34,0.0004458405723708,0.01,0.0,-0.5244773366547232,0.1324875479131221,0.5284,0.0105999999999999,False,,No Episode,0
2025-03-07,2904.699951171875,1.99,2.33,-0.0040884898428901,0.04,-0.0099999999999997,-0.4688729142647447,0.1195153665829605,0.5439,0.0155,False,,No Episode,0
2025-03-10,2891.0,1.91,2.31,-0.0047276349031362,-0.08,-0.02,-0.40857877264308,0.1527457008149186,0.5083,-0.0356,False,,No Episode,0
2025-03-11,2912.89990234375,1.97,2.31,0.0075466519578206,0.06,0.0,-0.3679732892135072,0.112113478359194,0.5213,0.013,False,,No Episode,0
2025-03-12,2939.10009765625,1.99,2.33,0.0089543302711225,0.02,0.02,-0.3105762300478565,0.1220360025519512,0.5432,0.0219,False,,No Episode,0
2025-03-13,2984.300048828125,1.98,2.29,0.0152617845796347,-0.01,-0.04,-0.2078910523140699,0.116721779643705,0.5271,-0.0161,False,,No Episode,0
2025-03-14,2994.5,2.01,2.3,0.003412042879594,0.0299999999999998,0.0099999999999997,-0.1053257949829931,0.1322606265732328,0.5449,0.0178,False,,No Episode,0
2025-03-17,3000.0,2.02,2.29,0.0018350159457281,0.0100000000000002,-0.0099999999999997,0.0589254956984351,0.1443794047708535,0.5498,0.0048999999999999,False,,No Episode,0
2025-03-18,3035.10009765625,1.99,2.3,0.0116321164053356,-0.03,0.0099999999999997,0.1192749745088495,0.1551908993670702,0.5379,-0.0118999999999999,False,,No Episode,0
2025-03-19,3035.89990234375,1.94,2.31,0.0002634836739012,-0.05,0.0100000000000002,0.1101250826728823,0.1624261718755972,0.5183,-0.0196,False,,No Episode,0
2025-03-20,3040.0,1.93,2.31,0.0013496266707839,-0.01,0.0,0.0557371673417145,0.192709870787179,0.506,-0.0122999999999999,False,,No Episode,0
2025-03-21,3018.199951171875,1.92,2.33,-0.0071969043937123,-0.01,0.02,0.0356086022626898,0.2110952901089152,0.5056,-0.0003999999999999,False,,No Episode,0
2025-03-24,3013.10009765625,1.98,2.36,-0.0016911295043424,0.06,0.0299999999999998,0.0847089734635731,0.1823439029369029,0.5424,0.0367999999999999,False,,No Episode,0
2025-03-25,3023.699951171875,1.96,2.35,0.0035117493782603,-0.02,-0.0099999999999997,0.0901346545247856,0.1836211502851672,0.5406,-0.0018,False,,No Episode,0
2025-03-26,3020.89990234375,1.98,2.37,-0.0009264629905239,0.02,0.02,0.1204634592966772,0.1809199083931723,0.5522,0.0116,False,,No Episode,0
2025-03-27,3060.199951171875,1.99,2.39,0.012925489441903,0.01,0.02,0.2115900290411136,0.2195551193619087,0.5627,0.0104999999999999,False,,No Episode,0
2025-03-28,3086.5,1.9,2.37,0.0085575055020985,-0.09,-0.02,0.1578725004317478,0.1923742173225079,0.5214,-0.0413,False,,No Episode,0
2025-03-31,3122.800048828125,1.85,2.38,0.0116922880481933,-0.0499999999999998,0.0099999999999997,0.0567722709049222,0.1140386846267475,0.4988,-0.0225999999999999,False,,No Episode,0
2025-04-01,3118.89990234375,1.84,2.33,-0.0012497066576351,-0.01,-0.0499999999999998,-0.0287521555990977,0.0346965102856471,0.4715,-0.0273,False,,No Episode,0
2025-04-02,3139.89990234375,1.88,2.32,0.0067105769351947,0.0399999999999998,-0.0100000000000002,-0.0506689224589708,0.0467009418953134,0.4775,0.006,False,,No Episode,0
2025-04-03,3097.0,1.78,2.28,-0.0137570201864996,-0.0999999999999998,-0.04,-0.1364963629059783,0.1713662430555213,0.4094,-0.0681,False,,No Episode,0
2025-04-04,3012.0,1.83,2.18,-0.02782959105342,0.05,-0.0999999999999996,-0.1301428163159516,0.0217031571613532,0.3821,-0.0272999999999999,False,,No Episode,0
2025-04-07,2951.300048828125,1.96,2.19,-0.0203585421452183,0.1299999999999999,0.0099999999999997,-0.1254267241683195,-0.1399036101722208,0.4271,0.0449999999999999,False,,No Episode,0
2025-04-08,2968.39990234375,2.04,2.22,0.0057772864227976,0.08,0.0300000000000002,-0.1382010498950674,-0.1727329645338257,0.4769,0.0498,False,,No Episode,0
2025-04-09,3056.5,2.07,2.27,0.0292474162714171,0.0299999999999998,0.0499999999999998,-0.0938390644773111,-0.1124931955639931,0.5436,0.0666999999999999,False,,No Episode,0
2025-04-10,3155.199951171875,2.21,2.19,0.0317813994640907,0.1400000000000001,-0.08,0.118546290725481,0.0945512907754655,0.5682,0.0246,False,,No Episode,0
2025-04-11,3222.199951171875,2.28,2.2,0.0210124709703549,0.0699999999999998,0.0100000000000002,0.3024621983528976,0.0772573568602783,0.6161,0.0478999999999999,False,,No Episode,0
2025-04-14,3204.800048828125,2.15,2.23,-0.0054146397557364,-0.1299999999999999,0.0299999999999998,0.3347414930852935,0.1777024250021361,0.5794,-0.0366999999999999,False,,No Episode,0
2025-04-15,3218.699951171875,2.16,2.19,0.0043278349931821,0.0100000000000002,-0.04,0.3841586557877015,0.1719745803496061,0.558,-0.0213999999999999,False,,No Episode,0
2025-04-16,3326.60009765625,2.12,2.17,0.032973254571937,-0.04,-0.02,0.4328568278643361,0.1068918178878409,0.523,-0.035,False,,No Episode,0
2025-04-17,3308.699951171875,2.11,2.23,-0.0053954424898936,-0.0100000000000002,0.06,0.4663659784432752,0.1128362654182587,0.5337,0.0106999999999999,False,,No Episode,0
2025-04-22,3400.800048828125,2.14,2.27,-0.0015865736672466,-0.06,0.0499999999999998,0.5682263403532346,0.1809256799227352,0.5668,0.0102999999999999,False,,No Episode,0
2025-04-23,3276.300048828125,2.11,2.29,-0.0372959606271887,-0.0300000000000002,0.02,0.5876847391638705,0.2061499729938182,0.5721,0.0053,False,,No Episode,0
2025-04-24,3332.0,2.02,2.3,0.0168579725115058,-0.0899999999999998,0.0099999999999997,0.574753690437255,0.1558173820237554,0.5396,-0.0325,False,,No Episode,0
2025-04-25,3282.39990234375,2.02,2.27,-0.0149978919102338,0.0,-0.0299999999999998,0.5659463359510535,0.1586310116867754,0.5131,-0.0264999999999999,False,,No Episode,0
2025-04-28,3332.5,1.98,2.25,0.0151479406763641,-0.04,-0.02,0.5419796459020775,0.1417629804979131,0.4805,-0.0326,False,,No Episode,0
2025-04-29,3318.800048828125,1.96,2.23,-0.0041194865501488,-0.02,-0.02,0.5217246070282799,0.14618734365376,0.4541,-0.0263999999999999,False,,No Episode,0
2025-04-30,3305.0,1.94,2.23,-0.0041668132169281,-0.02,0.0,0.490819225443497,0.1584335568578943,0.435,-0.0191,False,,No Episode,0
2025-05-01,3210.0,2.0,2.25,-0.0291655361617255,0.06,0.02,0.4809276864386532,0.0896996807324537,0.4655,0.0305,False,,No Episode,0
2025-05-02,3231.89990234375,2.06,2.27,0.006799232227836,0.06,0.02,0.4731135294053917,0.0963628350783408,0.5073,0.0417999999999999,False,,No Episode,0
2025-05-05,3311.300048828125,2.08,2.28,0.0242707069040353,0.02,0.0099999999999997,0.4644476648163872,0.0997497045893202,0.526,0.0187,False,,No Episode,0
2025-05-06,3411.39990234375,2.04,2.26,0.0297818593243963,-0.04,-0.02,0.4512163737141157,0.0733501919055791,0.5164,-0.0096,False,,No Episode,0
2025-05-07,3381.39990234375,2.01,2.25,-0.0088329395578821,-0.0300000000000002,-0.0099999999999997,0.4251089685823714,0.0836215310755976,0.4996,-0.0167999999999999,False,,No Episode,0
2025-05-08,3296.60009765625,2.08,2.29,-0.0253981321018663,0.0700000000000002,0.04,0.4281256670796555,0.0302833309493531,0.5413,0.0417,False,,No Episode,0
2025-05-09,3335.39990234375,2.08,2.29,0.0117009189881756,0.0,0.0,0.432461193640318,0.0277837297919775,0.5503,0.009,False,,No Episode,0
2025-05-12,3220.0,2.16,2.29,-0.0352112233703021,0.08,0.0,0.3974583830678082,-0.0276450883759953,0.5831,0.0327999999999999,False,,No Episode,0
2025-05-13,3240.300048828125,2.17,2.32,0.0062845736230983,0.0099999999999997,0.0299999999999998,0.3655090514355226,-0.0122395171260858,0.6037,0.0206,False,,No Episode,0
2025-05-14,3181.39990234375,2.16,2.37,-0.0183446123932906,-0.0099999999999997,0.0500000000000002,0.3107558416066144,-0.0031413884640931,0.6244,0.0206999999999999,False,,No Episode,0
2025-05-15,3220.699951171875,2.11,2.34,0.0122773912877569,-0.0500000000000002,-0.0300000000000002,0.279032900610084,-0.0246451314624235,0.5938,-0.0305999999999999,False,,No Episode,0
2025-05-16,3182.0,2.09,2.34,-0.0120887821582851,-0.02,0.0,0.1965952815544863,-0.0576913297093022,0.5836,-0.0101999999999999,False,,No Episode,0
2025-05-19,3228.89990234375,2.1,2.36,0.0146315617961949,0.0100000000000002,0.02,0.0183565028398162,-0.0275132761351693,0.5841,0.0004999999999999,False,,No Episode,0
2025-05-20,3280.300048828125,2.13,2.35,0.0157934048016343,0.0299999999999998,-0.0099999999999997,-0.1531187418152058,0.0627310580961533,0.5899,0.0058,False,,No Episode,0
2025-05-21,3309.300048828125,2.23,2.35,0.0088018049027027,0.1,0.0,-0.2361631846887767,0.071124433279603,0.6288,0.0389,False,,No Episode,0
2025-05-22,3292.300048828125,2.2,2.34,-0.0051502779102339,-0.0299999999999998,-0.0100000000000002,-0.2996928906309107,0.0622822764104622,0.6269,-0.0019,False,,No Episode,0
2025-05-23,3363.60009765625,2.18,2.33,0.0214254345039641,-0.02,-0.0099999999999997,-0.1900710356799446,-0.0801421491762744,0.6166,-0.0102999999999999,False,,No Episode,0
2025-05-28,3293.60009765625,2.15,2.32,-0.0016685124798723,0.04,0.0,-0.0960838657983358,-0.123806920789587,0.5896,0.0055,False,,No Episode,0
2025-05-29,3317.10009765625,2.11,2.32,0.0071097155507136,-0.04,0.0,-0.0604660787631726,-0.1325573258274676,0.567,-0.0226,False,,No Episode,0
2025-05-30,3288.89990234375,2.07,2.34,-0.0085378040007899,-0.04,0.02,-0.0654278379113021,-0.0779324104455038,0.5515,-0.0154999999999999,False,,No Episode,0
2025-06-02,3370.60009765625,2.13,2.33,0.0245376663589524,0.06,-0.0099999999999997,-0.0453662065524563,-0.0219193695132493,0.5658,0.0142999999999999,False,,No Episode,0
2025-06-03,3350.199951171875,2.14,2.32,-0.0060707680599811,0.0100000000000002,-0.0100000000000002,-0.1213462763265989,-0.1327831817759489,0.5748,0.009,False,,No Episode,0
2025-06-04,3373.5,2.06,2.31,0.0069307501125841,-0.08,-0.0099999999999997,-0.1867572426918899,-0.1548578506702478,0.5365,-0.0383,False,,No Episode,0
2025-06-05,3350.699951171875,2.11,2.29,-0.0067815164251037,0.0499999999999998,-0.02,-0.1720959645769725,-0.2253329537208421,0.5455,0.009,False,,No Episode,0
2025-06-06,3322.699951171875,2.2,2.31,-0.0083915739261595,0.0900000000000003,0.02,-0.1271340340779091,-0.1965620803637399,0.5974,0.0519,False,,No Episode,0
2025-06-09,3332.10009765625,2.18,2.31,0.0028250744326854,-0.02,0.0,-0.1134031428718046,-0.2051143391088531,0.5971,-0.0003,False,,No Episode,0
2025-06-10,3320.89990234375,2.18,2.29,-0.0033669640443001,0.0,-0.02,-0.0690789916080162,-0.1796048344861087,0.5905,-0.0065999999999999,False,,No Episode,0
2025-06-11,3321.300048828125,2.14,2.27,0.000120486130438,-0.04,-0.02,-0.041453900223878,-0.1829529624639394,0.5636,-0.0269,False,,No Episode,0
2025-06-12,3380.89990234375,2.11,2.25,0.0177856301025354,-0.0300000000000002,-0.02,-0.0416199638977098,-0.2107341266000646,0.5341,-0.0294999999999999,False,,No Episode,0
2025-06-13,3431.199951171875,2.13,2.28,0.014768122634468,0.02,0.0299999999999998,-0.1509440313702215,-0.1392261963830564,0.5497,0.0155999999999999,False,,No Episode,0
2025-06-16,3396.39990234375,2.16,2.3,-0.0101940215997071,0.0300000000000002,0.02,-0.1756131280557598,-0.1682848613497991,0.5672,0.0175,False,,No Episode,0
2025-06-17,3386.60009765625,2.08,2.31,-0.0028895213050219,-0.08,0.0100000000000002,-0.2082285746645535,-0.170739156483225,0.5474,-0.0198,False,,No Episode,0
2025-06-18,3389.800048828125,2.07,2.31,0.0009444399210654,-0.0100000000000002,0.0,-0.1734063724395225,-0.1255031086702543,0.5408,-0.0066,False,,No Episode,0
2025-06-23,3377.699951171875,2.04,2.3,0.0028461738938609,-0.0099999999999997,-0.0300000000000002,-0.2043916702608608,-0.0479056770176447,0.5165,-0.0191,False,,No Episode,0
2025-06-24,3317.39990234375,2.01,2.29,-0.0180136758868112,-0.0300000000000002,-0.0099999999999997,-0.1810932716047259,-0.0197605781982847,0.4965,-0.0199999999999999,False,,No Episode,0
2025-06-25,3327.10009765625,2.01,2.28,0.0029197688926849,0.0,-0.0100000000000002,-0.1496935561244496,0.1735245685276318,0.4883,-0.0081999999999999,False,,No Episode,0
2025-06-26,3333.5,1.98,2.28,0.0019217200310741,-0.0299999999999998,0.0,-0.1165009959212856,0.1666842391267886,0.4708,-0.0175,False,,No Episode,0
2025-06-27,3273.699951171875,2.0,2.29,-0.0181019742730619,0.02,0.0100000000000002,0.002538007604168,0.128313422505397,0.4816,0.0107999999999999,False,,No Episode,0
2025-06-30,3294.39990234375,1.95,2.29,0.0063031988453658,-0.05,0.0,0.0561087247873495,0.147733882975466,0.4603,-0.0212999999999999,False,,No Episode,0
2025-07-01,3336.699951171875,1.97,2.29,0.0127582523371714,0.02,0.0,0.0377329087345038,0.1535656874331898,0.4684,0.0080999999999999,False,,No Episode,0
2025-07-02,3348.0,2.0,2.3,0.0033808726417756,0.03,0.0099999999999997,0.0307248583713163,0.1481327667019658,0.4842,0.0158,False,,No Episode,0
2025-07-03,3331.60009765625,2.02,2.33,-0.0049104542360627,0.02,0.0300000000000002,0.0631060672423914,0.1084257877934373,0.5108,0.0266,False,,No Episode,0
2025-07-08,3307.0,2.07,2.35,-0.0075912978597543,0.02,0.0,0.2169104663213123,0.0256288806731404,0.5427,0.0143999999999999,False,,No Episode,0
2025-07-09,3311.60009765625,2.01,2.33,0.0013900517720006,-0.06,-0.02,0.2155317909891683,0.0459128128150374,0.5174,-0.0252999999999999,False,,No Episode,0
2025-07-10,3317.39990234375,2.01,2.34,0.0017498283805608,0.0,0.0099999999999997,0.2559739972754686,-0.0607809603342496,0.516,-0.0013999999999999,False,,No Episode,0
2025-07-11,3356.0,2.06,2.37,0.0115684744527424,0.0500000000000002,0.0300000000000002,0.3202675751979078,0.0004418274998607,0.5452,0.0292,False,,No Episode,0
2025-07-14,3351.5,2.04,2.39,-0.001341781789085,-0.02,0.02,0.3356220574234456,0.0251232979747313,0.551,0.0058,False,,No Episode,0
2025-07-15,3329.800048828125,2.09,2.41,-0.00649575002328,0.0499999999999998,0.02,0.3460256950294423,-0.0364805782817044,0.5801,0.0290999999999999,False,,No Episode,0
2025-07-16,3352.5,2.05,2.41,0.0067940793811018,-0.04,0.0,0.3265376684831787,-0.219028381162235,0.5693,-0.0107999999999999,False,,No Episode,0
2025-07-17,3340.10009765625,2.04,2.43,-0.0037055602760016,-0.0099999999999997,0.02,0.3273810737930808,-0.2100958535454435,0.5747,0.0053999999999999,False,,No Episode,0
2025-07-18,3353.0,2.03,2.41,0.0038546915863957,-0.0100000000000002,-0.02,0.326218640705119,-0.1698315590814966,0.561,-0.0136999999999999,False,,No Episode,0
2025-07-21,3401.89990234375,1.98,2.4,0.0144786028773289,-0.0499999999999998,-0.0100000000000002,0.2318526448143928,-0.1981968195156212,0.5355,-0.0255,False,,No Episode,0
2025-07-22,3439.199951171875,1.96,2.39,0.01090480164099,-0.02,-0.0099999999999997,0.1483265806373559,-0.1342488073024507,0.5143,-0.0211999999999999,False,,No Episode,0
2025-07-23,3394.10009765625,2.03,2.37,-0.0132002130924941,0.0699999999999998,-0.02,0.182692196605969,-0.230389186342154,0.5293,0.015,False,,No Episode,0
2025-07-24,3371.0,1.98,2.45,-0.0068292226579931,-0.0499999999999998,0.08,0.2525270483883256,-0.1867418495564307,0.544,0.0147,False,,No Episode,0
2025-07-25,3334.0,1.96,2.44,-0.0110366519233213,-0.02,-0.0100000000000002,0.3455373734236889,-0.1691946971347401,0.5362,-0.0078,False,,No Episode,0
2025-07-28,3309.10009765625,1.98,2.44,-0.0074965057238802,0.02,0.0,0.3465823492984726,-0.150115899781055,0.5445,0.0082999999999999,False,,No Episode,0
2025-07-29,3323.39990234375,1.91,2.43,0.004312047295814,-0.07,-0.0099999999999997,0.2571380238700923,-0.2308479725073049,0.5153,-0.0292,False,,No Episode,0
2025-07-30,3295.800048828125,1.96,2.42,-0.0083393804907849,0.05,-0.0100000000000002,0.1956965277368327,-0.2356338522969897,0.527,0.0117,False,,No Episode,0
2025-07-31,3293.199951171875,1.98,2.39,-0.0007892237945714,0.02,-0.0299999999999998,0.1670229841587103,-0.2668785656610469,0.5262,-0.0008,False,,No Episode,0
2025-08-01,3347.699951171875,1.9,2.33,0.0164138066768746,-0.08,-0.06,0.0741417652482443,-0.3599995612937214,0.4649,-0.0613,False,,No Episode,0
2025-08-04,3374.39990234375,1.85,2.37,0.0079439735099882,-0.0499999999999998,0.04,-0.0621677117473043,-0.3937768268207097,0.4505,-0.0143999999999999,False,,No Episode,0
2025-08-05,3381.89990234375,1.86,2.36,0.0022201510582657,0.01,-0.0100000000000002,-0.1831277386161606,-0.3885271734758789,0.4544,0.0039,False,,No Episode,0
2025-08-06,3380.0,1.88,2.34,-0.0005619433653798,0.0199999999999997,-0.02,-0.2312796612670316,-0.4690419618478659,0.46,0.0055999999999999,False,,No Episode,0
2025-08-07,3400.300048828125,1.88,2.35,0.0059879678887462,0.0,0.0100000000000002,-0.2941357959508039,-0.4650161521191029,0.4718,0.0117999999999999,False,,No Episode,0
2025-08-08,3439.10009765625,1.88,2.39,0.0113461602599791,0.0,0.04,-0.3755823847261635,-0.4497815067669932,0.4913,0.0195,False,,No Episode,0
2025-08-11,3353.10009765625,1.87,2.4,-0.0253245174419465,-0.0099999999999997,0.0099999999999997,-0.3669097749619471,-0.3631425060830882,0.494,0.0026999999999999,False,,No Episode,0
2025-08-12,3348.89990234375,1.91,2.38,-0.0012534156557428,0.0399999999999998,-0.02,-0.3927093802522117,-0.3491976392233859,0.4995,0.0055,False,,No Episode,0
2025-08-13,3358.699951171875,1.87,2.37,0.0029220752624805,-0.0399999999999998,-0.0099999999999997,-0.3888798046097675,-0.3928949148053667,0.4832,-0.0162999999999999,False,,No Episode,0
2025-08-14,3335.199951171875,1.9,2.39,-0.0070213468642332,0.0299999999999998,0.02,-0.3664202148014959,-0.4234329069929113,0.5004,0.0171999999999999,False,,No Episode,0
2025-08-15,3336.0,1.95,2.38,0.0002398515522887,0.05,-0.0100000000000002,-0.3529333896431795,-0.4031098428997993,0.5191,0.0187,False,,No Episode,0
2025-08-18,3331.699951171875,1.96,2.38,-0.0012898149154132,0.01,0.0,-0.3383151947935088,-0.4090184515357369,0.526,0.0069,False,,No Episode,0
2025-08-19,3313.39990234375,1.95,2.35,-0.0055078465319109,-0.01,-0.0299999999999998,-0.2820223213965712,-0.3927572828171395,0.5161,-0.0099,False,,No Episode,0
2025-08-20,3343.39990234375,1.94,2.35,0.009013401028552,-0.01,0.0,-0.257295433095923,-0.399901349555644,0.507,-0.0090999999999999,False,,No Episode,0
2025-08-21,3336.89990234375,1.94,2.39,-0.0019460210593322,0.0,0.04,-0.2309159937649909,-0.4005392159909547,0.5225,0.0154999999999999,False,,No Episode,0
2025-08-22,3374.39990234375,1.85,2.41,0.0111752987836464,-0.0899999999999998,0.02,-0.2629897390399675,-0.5304348002823097,0.4939,-0.0285999999999999,False,,No Episode,0
2025-08-25,3373.800048828125,1.87,2.41,-0.0001777817852293,0.02,0.0,-0.2809290655569474,-0.5307615329969737,0.5008,0.0069,False,,No Episode,0
2025-08-26,3388.60009765625,1.84,2.42,0.0043771655441116,-0.03,0.0099999999999997,-0.2819660480192391,-0.5208962046512219,0.4893,-0.0115,False,,No Episode,0
2025-08-27,3404.60009765625,1.81,2.43,0.0047106015210278,-0.03,0.0100000000000002,-0.3479631395142741,-0.5158210676220377,0.4805,-0.0088,False,,No Episode,0
2025-08-28,3431.800048828125,1.81,2.41,0.0079574320155693,0.0,-0.02,-0.4111276206737579,-0.5072180475653434,0.4717,-0.0087999999999999,False,,No Episode,0
2025-08-29,3473.699951171875,1.82,2.41,0.0121353751501604,0.01,0.0,-0.4926013181163228,-0.4745036000030164,0.4727,0.001,False,,No Episode,0
2025-09-03,3593.199951171875,1.82,2.4,0.0122646091790041,-0.05,-0.0100000000000002,-0.5951890146885506,-0.316762315327521,0.4794,-0.0154,False,,No Episode,0
2025-09-04,3565.800048828125,1.79,2.38,-0.0076547104718898,-0.03,-0.02,-0.7235219409576809,-0.2158348784607774,0.4594,-0.02,False,,No Episode,0
2025-09-05,3613.199951171875,1.73,2.37,0.0132053464677461,-0.06,-0.0099999999999997,-0.8059695269910325,-0.3006976396083973,0.436,-0.0233999999999999,False,,No Episode,0
2025-09-08,3638.10009765625,1.7,2.35,0.0068678014116354,-0.03,-0.02,-0.8488019202340675,-0.3335241084925668,0.4207,-0.0152999999999999,False,,No Episode,0
2025-09-09,3643.300048828125,1.72,2.36,0.001428283558452,0.02,0.0099999999999997,-0.870972858676058,-0.3157998319526561,0.4275,0.0067999999999999,False,,No Episode,0
2025-09-10,3643.60009765625,1.69,2.35,8.235294082759026e-05,-0.03,-0.0099999999999997,-0.8888935304836059,-0.3139288322197348,0.4205,-0.007,False,,No Episode,0
2025-09-11,3636.89990234375,1.67,2.34,-0.001840587103647,-0.02,-0.0100000000000002,-0.8959103013076357,-0.2551751826489582,0.4121,-0.0083999999999999,False,,No Episode,0
2025-09-12,3649.39990234375,1.7,2.36,0.0034311001737599,0.03,0.02,-0.901950206075344,-0.2400832130477593,0.4291,0.0169999999999999,False,,No Episode,0
2025-09-15,3682.199951171875,1.68,2.37,0.0089476426196224,-0.02,0.0100000000000002,-0.911309854292612,-0.1605992053131349,0.4273,-0.0017999999999999,False,,No Episode,0
2025-09-16,3688.89990234375,1.67,2.37,0.0018178977764957,-0.01,0.0,-0.9233358493568602,-0.1393346464467352,0.4237,-0.0035999999999999,False,,No Episode,0
2025-09-17,3681.800048828125,1.68,2.38,-0.00192650786453,0.01,0.0099999999999997,-0.9302006061441056,-0.1468595678882338,0.4369,0.0131999999999999,False,,No Episode,0
2025-09-18,3643.699951171875,1.73,2.38,-0.0104021407974617,0.05,0.0,-0.9308014791148754,-0.2106746583799877,0.4597,0.0227999999999999,False,,No Episode,0
2025-09-19,3671.5,1.75,2.39,0.0076006624146387,0.02,0.0100000000000002,-0.9254434502979672,-0.1957269956039306,0.4748,0.0151,False,,No Episode,0
2025-09-22,3740.699951171875,1.78,2.37,0.0186724487257805,0.03,-0.02,-0.898728973838353,-0.1303241766734881,0.4869,0.0121,False,,No Episode,0
2025-09-23,3780.60009765625,1.75,2.37,0.0106100063895056,-0.03,0.0,-0.8806598457116803,-0.203830773389244,0.4797,-0.0071999999999999,False,,No Episode,0
2025-09-24,3732.10009765625,1.78,2.38,-0.0129116489481049,0.03,0.0099999999999997,-0.8579326003893711,-0.2347378044402543,0.4926,0.0128999999999999,False,,No Episode,0
2025-09-25,3736.89990234375,1.8,2.38,0.0012852605029394,0.02,0.0,-0.8313389155719463,-0.2468393105945279,0.5069,0.0143,False,,No Episode,0
2025-09-26,3775.300048828125,1.82,2.38,0.0102234980960016,0.02,0.0,-0.7798392377490969,-0.1909108675572759,0.5162,0.0092999999999999,False,,No Episode,0
2025-09-29,3820.89990234375,1.8,2.35,0.0120061087288174,-0.02,-0.0299999999999998,-0.7195998005226789,-0.1842793426177385,0.5047,-0.0114999999999999,False,,No Episode,0
2025-09-30,3840.800048828125,1.8,2.36,0.0051947195431356,0.0,0.0099999999999997,-0.6455597786564192,-0.1743059853377292,0.5031,-0.0016,False,,No Episode,0
2025-10-01,3867.5,1.77,2.35,0.0069276125174813,-0.03,-0.0099999999999997,-0.5711792674080393,-0.1903302772952565,0.4872,-0.0158999999999999,False,,No Episode,0
2025-10-02,3839.699951171875,1.76,2.34,-0.0072140776340159,-0.01,-0.0100000000000002,-0.4992935106200024,-0.1753174764825371,0.4777,-0.0095,False,,No Episode,0
2025-10-03,3880.800048828125,1.8,2.33,0.0106471046997764,0.04,-0.0099999999999997,-0.3522086472848873,-0.1323002556313608,0.49,0.0122999999999999,False,,No Episode,0
2025-10-06,3948.5,1.84,2.34,0.0172944294246537,0.04,0.0099999999999997,-0.1837877275742151,0.0001911403940468,0.5103,0.0202999999999999,False,,No Episode,0
2025-10-07,3976.60009765625,1.79,2.35,0.0070914474440701,-0.05,0.0100000000000002,-0.0395823144618969,0.0048134040322796,0.5005,-0.0098,False,,No Episode,0
2025-10-08,4043.300048828125,1.78,2.35,0.0166339949075204,-0.01,0.0,0.0765235020227805,-0.0108946230603238,0.5018,0.0013,False,,No Episode,0
2025-10-09,3946.300048828125,1.8,2.34,-0.024282758867578,0.02,-0.0100000000000002,0.1767598149957563,-0.0805351354143771,0.5048,0.003,False,,No Episode,0
2025-10-10,3975.89990234375,1.75,2.3,0.0074726695710456,-0.05,-0.04,0.2340685045957317,-0.0908856927748645,0.4694,-0.0354,False,,No Episode,0
2025-10-15,4176.89990234375,1.76,2.29,0.0091875451653535,0.03,-0.0099999999999997,0.366259564214787,-0.2166147118188349,0.4496,0.0030999999999999,False,,No Episode,0
2025-10-16,4280.2001953125,1.71,2.28,0.024430461884398,-0.05,-0.0100000000000002,0.3073442920371312,-0.2599565233116712,0.4205,-0.0291,False,,No Episode,0
2025-10-17,4189.89990234375,1.75,2.27,-0.0213229391122773,0.04,-0.0099999999999997,0.3378838974395668,-0.3673453963069661,0.4311,0.0105999999999999,False,,No Episode,0
2025-10-20,4336.39990234375,1.74,2.26,0.034367644291624,-0.01,-0.0100000000000002,0.2781014977518573,-0.3484477391340431,0.4307,-0.0003999999999999,False,,No Episode,0
2025-10-21,4087.699951171875,1.7,2.28,-0.0590620355400499,-0.04,0.02,0.1987639485573287,-0.0968209789577441,0.4221,-0.0086,False,,No Episode,0
2025-10-22,4044.39990234375,1.68,2.29,-0.0106492686557633,-0.02,0.0100000000000002,0.1309718801826755,-0.0759563778404333,0.4189,-0.0031999999999999,False,,No Episode,0
2025-10-23,4125.5,1.71,2.3,0.019854040473195,0.03,0.0099999999999997,0.0498564864038795,-0.0520784071444946,0.4366,0.0176999999999999,False,,No Episode,0
2025-10-24,4118.39990234375,1.73,2.29,-0.0017225098547726,0.02,-0.0099999999999997,-0.0437225789093032,-0.0666550810188205,0.4441,0.0075,False,,No Episode,0
2025-10-27,4001.89990234375,1.73,2.28,-0.0286954907668572,0.0,-0.0100000000000002,-0.1075832173171199,-0.061275693579728,0.4504,0.0063,False,,No Episode,0
2025-10-28,3966.199951171875,1.71,2.28,-0.0089607787820984,-0.02,0.0,-0.1952167951665217,-0.038918227542325,0.4483,-0.0021,False,,No Episode,0
2025-10-29,3983.699951171875,1.78,2.3,0.0044025782667436,0.07,0.02,-0.3067940620715891,-0.0295147224418609,0.4795,0.0312,False,,No Episode,0
2025-10-30,4001.300048828125,1.82,2.29,0.0044082970966208,0.04,-0.0099999999999997,-0.4153296251339561,-0.0242033126910593,0.4947,0.0151999999999999,False,,No Episode,0
2025-10-31,3982.199951171875,1.81,2.3,-0.004784902385694,-0.01,0.0099999999999997,-0.4828415586723481,0.0146151632726484,0.4975,0.0028,False,,No Episode,0
2025-11-03,4000.300048828125,1.82,2.31,0.004534952377444,0.01,0.0100000000000002,-0.5137495466921016,0.0108092033082827,0.4979,0.0004,False,,No Episode,0
2025-11-04,3947.699951171875,1.81,2.29,-0.0132362520403308,-0.01,-0.02,-0.5173002517237102,-0.0048840132677301,0.4889,-0.009,False,,No Episode,0
2025-11-05,3980.300048828125,1.87,2.3,0.0082240871342058,0.06,0.0099999999999997,-0.5151875372639892,0.0310672641839401,0.5144,0.0254999999999999,False,,No Episode,0
2025-11-06,3979.89990234375,1.83,2.28,-0.000100536792333,-0.04,-0.02,-0.5262426422962607,0.0572175466058155,0.4951,-0.0192999999999999,False,,No Episode,0
2025-11-07,3999.39990234375,1.83,2.28,0.0048876566358515,0.0,0.0,-0.5155048973836514,0.058245974382175,0.4901,-0.005,False,,No Episode,0
2025-11-10,4111.7998046875,1.84,2.29,0.0277165158861691,0.01,0.0100000000000002,-0.4356015169200904,0.0614407737614263,0.4993,0.0092,False,,No Episode,0
2025-11-13,4186.89990234375,1.83,2.28,-0.0041709927611215,0.02,0.0099999999999997,-0.3015824424501077,0.0318807191438609,0.4928,0.0094,False,,No Episode,0
2025-11-14,4087.60009765625,1.86,2.28,-0.0240025553320162,0.03,0.0,-0.2891024389482239,0.0013758475255852,0.5069,0.0141,False,,No Episode,0
2025-11-17,4068.300048828125,1.85,2.28,-0.0047327908648018,-0.01,0.0,-0.3210942191307589,-0.0002449564479043,0.5034,-0.0035,False,,No Episode,0
2025-11-18,4061.300048828125,1.85,2.27,-0.0017221023533426,0.0,-0.0099999999999997,-0.3112580152962636,-0.0171858703490671,0.4972,-0.0061999999999999,False,,No Episode,0
2025-11-19,4077.699951171875,1.86,2.27,0.0040299605698681,0.01,0.0,-0.2684682021559849,-0.0496704662692576,0.4991,0.0019,False,,No Episode,0
2025-11-20,4056.5,1.86,2.24,-0.0052125591455087,0.0,-0.0299999999999998,-0.268533058949503,-0.0336352325461329,0.4897,-0.0093999999999999,False,,No Episode,0
2025-11-21,4076.699951171875,1.82,2.24,0.0049672927820747,-0.04,0.0,-0.2680992831950569,-0.0328216341308649,0.4718,-0.0179,False,,No Episode,0
2025-11-24,4091.89990234375,1.81,2.23,0.0037215603622993,-0.01,-0.0100000000000002,-0.2643026677132798,-0.0085114170813293,0.4614,-0.0104,True,13,Fiscal Premia,5
2025-11-25,4139.2001953125,1.79,2.22,0.0114931936383193,-0.02,-0.0099999999999997,-0.296100751162032,-0.0028224377220684,0.4468,-0.0146,True,13,Fiscal Premia,5
2025-11-26,4165.2001953125,1.77,2.23,0.0062617609294317,-0.02,0.0099999999999997,-0.2887233558690189,0.0426769299318732,0.4406,-0.0061999999999999,True,13,Fiscal Premia,5
2025-12-01,4239.2998046875,1.85,2.24,0.004965958221291,0.06,0.0100000000000002,-0.1156269395469778,0.1445293995540818,0.4841,0.0333999999999999,True,13,Fiscal Premia,5
2025-12-02,4186.60009765625,1.85,2.24,-0.0125091431986064,0.0,0.0,-0.0465813239537043,0.2056053486148903,0.4933,0.0092,True,13,Fiscal Premia,5
2025-12-03,4199.2998046875,1.82,2.24,0.003028826217303,-0.03,0.0,0.0818543649370238,0.2410886176197468,0.4893,-0.004,True,13,Fiscal Premia,5
2025-12-04,4211.7998046875,1.85,2.26,0.0029722651693546,0.03,0.0199999999999995,0.1328834172590254,0.0854067285907774,0.5137,0.0244,True,13,Fiscal Premia,5
2025-12-05,4212.89990234375,1.88,2.26,0.0002611600889661,0.0299999999999998,0.0,0.166988371402464,0.0539648699064179,0.5327,0.0189999999999999,True,13,Fiscal Premia,5
2025-12-08,4187.2001953125,1.91,2.26,-0.0061189240409387,0.03,0.0,0.2736585582226377,-0.0074012901489928,0.5518,0.0191,True,13,Fiscal Premia,5
2025-12-09,4206.7001953125,1.92,2.26,0.0046462393338657,0.01,0.0,0.3737336912663144,-0.0026348391714969,0.5632,0.0114,True,13,Fiscal Premia,5
2025-12-10,4196.39990234375,1.88,2.25,-0.0024515471689845,-0.04,-0.0099999999999997,0.3594961017838653,-0.0034442096832564,0.555,-0.0081999999999999,True,13,Fiscal Premia,5
2025-12-11,4285.5,1.89,2.25,0.0210102397530427,0.01,0.0,0.3290137717774213,-0.0253389106009763,0.5531,-0.0019,True,13,Fiscal Premia,5
2025-12-12,4300.10009765625,1.93,2.26,0.0034010695964852,0.04,0.0099999999999997,0.3771099008920049,-0.0376739082458536,0.577,0.0238999999999999,True,13,Fiscal Premia,5
2025-12-15,4306.7001953125,1.93,2.25,0.0015336939920356,0.0,-0.0099999999999997,0.4392822936794715,-0.0466354185545579,0.5784,0.0014,True,13,Fiscal Premia,5
2025-12-16,4304.5,1.92,2.23,-0.0005110078294485,-0.01,-0.02,0.4668432100471245,-0.054186783753484,0.566,-0.0124,True,13,Fiscal Premia,5
2025-12-17,4347.5,1.92,2.24,0.0099399801304276,0.0,0.0100000000000002,0.5029123688658381,-0.0583933582702179,0.5679,0.0019,True,13,Fiscal Premia,5
2025-12-18,4339.5,1.88,2.24,-0.0018418331441374,-0.04,0.0,0.4798757678647369,-0.058723780270423,0.5556,-0.0122999999999999,True,13,Fiscal Premia,5
2025-12-19,4361.39990234375,1.92,2.24,0.0050339502433125,0.04,0.0,0.5708443666593842,-0.0904530924161352,0.5644,0.0088,True,13,Fiscal Premia,5
2025-12-22,4444.60009765625,1.94,2.23,0.0188968137916418,0.02,-0.0100000000000002,0.6244562800144028,-0.0747817077563157,0.5722,0.0078,True,13,Fiscal Premia,5
2025-12-23,4482.7998046875,1.94,2.24,0.0085579094893084,0.0,0.0100000000000002,0.662787081972901,-0.0762494908079166,0.5774,0.0051999999999999,True,13,Fiscal Premia,5
2025-12-24,4480.60009765625,1.91,2.24,-0.0004908198003832,-0.03,0.0,0.6605443472046468,-0.0884206239721528,0.5685,-0.0089,True,13,Fiscal Premia,5
2025-12-29,4325.10009765625,1.9,2.22,-0.0460879817388288,-0.01,-0.0099999999999997,0.6692591030302664,0.0753418709905332,0.5495,-0.0108,True,13,Fiscal Premia,5
2025-12-30,4370.10009765625,1.9,2.24,0.0103506304045417,0.0,0.02,0.6779624588362361,0.1658617019504759,0.5517,0.0021999999999999,True,13,Fiscal Premia,5
2025-12-31,4325.60009765625,1.93,2.25,-0.0102350328253244,0.03,0.0099999999999997,0.6814789706281479,0.111806570110224,0.571,0.0192999999999999,True,13,Fiscal Premia,5
2026-01-05,4436.89990234375,1.91,2.26,0.0279976699761164,-0.03,0.0099999999999997,0.6900873526004866,0.0096720649641232,0.5787,-0.0057,True,13,Fiscal Premia,5
2026-01-06,4482.2001953125,1.91,2.27,0.0101581285124492,0.0,0.0100000000000002,0.7000731820507229,0.0070391811650668,0.5833,0.0046,True,13,Fiscal Premia,5
2026-01-07,4449.2998046875,1.88,2.27,-0.0073673043579578,-0.03,0.0,0.6527755841085541,0.0499678937238953,0.5727,-0.0106,True,13,Fiscal Premia,5
2026-01-08,4449.7001953125,1.92,2.27,8.998553214389915e-05,0.04,0.0,0.6217224329048261,0.0391651530978387,0.5875,0.0148,True,13,Fiscal Premia,5
2026-01-09,4490.2998046875,1.9,2.28,0.0090827491016813,-0.02,0.0099999999999997,0.5601098165212549,0.0451031210120539,0.591,0.0034999999999999,False,,No Episode,0
2026-01-12,4604.2998046875,1.9,2.29,0.0250711358766224,0.0,0.0100000000000002,0.466926463420784,0.0425627476224992,0.5926,0.0016,False,,No Episode,0
2026-01-13,4589.2001953125,1.88,2.3,-0.00328484754497,-0.02,0.0099999999999997,0.3594644046630937,0.0418601924745892,0.5855,-0.0070999999999999,False,,No Episode,0
2026-01-14,4626.2998046875,1.86,2.29,0.0080516108297086,-0.0199999999999997,-0.0099999999999997,0.1932200347946008,0.0203283896325083,0.5703,-0.0151999999999999,False,,No Episode,0
2026-01-15,4616.2998046875,1.88,2.29,-0.0021638942125949,0.0199999999999997,0.0,0.0615889936934158,0.0086072633690312,0.5804,0.0100999999999999,False,,No Episode,0
2026-01-16,4588.39990234375,1.91,2.33,-0.0060621179774393,0.03,0.04,-0.0852618418496958,-0.0190156296666369,0.6042,0.0237999999999999,False,,No Episode,0
2026-01-21,4831.7998046875,1.92,2.34,0.0150553770085046,-0.05,0.0099999999999997,0.013915844000217,0.1069738467595414,0.6263,-0.0051999999999999,False,,No Episode,0
2026-01-22,4908.7998046875,1.95,2.31,0.0158104443373972,0.03,-0.0299999999999998,0.1554326952031106,0.1607032787394366,0.6276,0.0013,False,,No Episode,0
2026-01-23,4976.2001953125,1.92,2.32,0.0136371138420283,-0.03,0.0099999999999997,0.1883509367094476,0.1365309866432856,0.6224,-0.0052,False,,No Episode,0
2026-01-26,5079.7001953125,1.9,2.32,0.0205856563735356,-0.02,0.0,0.0613448300368878,0.0847833643574629,0.6133,-0.0090999999999999,False,,No Episode,0
2026-01-27,5079.89990234375,1.9,2.34,3.931395514733538e-05,0.0,0.02,-0.0207501878241375,0.0742173790835124,0.6155,0.0022,False,,No Episode,0
2026-01-28,5301.60009765625,1.9,2.36,0.042717123078809,0.0,0.02,-0.042956985401462,0.0807694983161198,0.6251,0.0095999999999999,False,,No Episode,0
2026-01-29,5318.39990234375,1.89,2.35,0.0031638076649489,-0.01,-0.0099999999999997,-0.0881638455327442,0.0839776534181571,0.6158,-0.0092999999999999,False,,No Episode,0
2026-01-30,4713.89990234375,1.9,2.36,-0.1206569177115746,0.01,0.0099999999999997,-0.0790890423112968,-0.0185614935015695,0.6148,-0.001,False,,No Episode,0
2026-02-02,4622.5,1.94,2.35,-0.0195798858862588,0.04,-0.0099999999999997,-0.0649099456256808,-0.0567533760153527,0.6289,0.0141,False,,No Episode,0
2026-02-03,4903.7001953125,1.92,2.36,0.0590543777617593,-0.02,0.0099999999999997,-0.1028542798470466,-0.1138459545957945,0.6313,0.0023999999999999,False,,No Episode,0
2026-02-04,4920.39990234375,1.94,2.35,0.0033997461243728,0.02,-0.0099999999999997,-0.0514865832624079,-0.1194745712534101,0.635,0.0037,False,,No Episode,0
2026-02-05,4861.39990234375,1.89,2.32,-0.0120633659803424,-0.05,-0.0300000000000002,-0.0391715335538743,-0.0945510533215228,0.6022,-0.0328,False,,No Episode,0
2026-02-06,4951.2001953125,1.88,2.34,0.0183035687055888,-0.01,0.02,-0.0468161139434918,-0.0996281497172958,0.599,-0.0031999999999999,False,,No Episode,0
2026-02-09,5050.89990234375,1.87,2.35,0.0199364150051941,-0.0099999999999997,0.0100000000000002,-0.1057386144066902,-0.1116103202098333,0.5951,-0.0039,False,,No Episode,0
2026-02-10,5003.7998046875,1.84,2.32,-0.0093688411482091,-0.03,-0.0300000000000002,-0.1708269455563884,-0.0946636676735557,0.5729,-0.0221999999999999,False,,No Episode,0
2026-02-11,5071.60009765625,1.86,2.32,0.0134587841796598,0.02,0.0,-0.234833626643732,-0.1073603331033138,0.5823,0.0094,False,,No Episode,0
2026-02-12,4923.7001953125,1.8,2.29,-0.0295960488695588,-0.06,-0.0299999999999998,-0.263133789659732,-0.0211729339915352,0.5514,-0.0309,False,,No Episode,0
2026-02-13,5022.0,1.77,2.27,0.0197679406777862,-0.03,-0.02,-0.2746344307293537,-0.0169454929287065,0.5194,-0.032,False,,No Episode,0
2026-02-18,4986.5,1.8,2.29,0.0209949752032052,0.01,0.0300000000000002,-0.2337860592765955,-0.0110391581796304,0.5238,0.0095,False,,No Episode,0
2026-02-19,4975.89990234375,1.79,2.29,-0.0021280217137142,-0.01,0.0,-0.2373930206427358,-0.010604601982224,0.5218,-0.002,False,,No Episode,0
2026-02-20,5059.2998046875,1.8,2.28,0.0166218560578546,0.01,-0.0100000000000002,-0.2856511256351044,-0.0158379855790314,0.5228,0.001,False,,No Episode,0
2026-02-23,5204.7001953125,1.77,2.26,0.0283340058405059,-0.03,-0.02,-0.323060361895519,-0.0326178512780426,0.4986,-0.0242,False,,No Episode,0
2026-02-24,5155.7998046875,1.78,2.26,-0.0094398443614327,0.01,0.0,-0.3565157439770179,-0.0382576279329925,0.4971,-0.0015,False,,No Episode,0
2026-02-25,5206.39990234375,1.77,2.28,0.0097663626026189,-0.01,0.02,-0.3929255756122121,-0.0432626073047301,0.5005,0.0033999999999999,False,,No Episode,0
2026-02-26,5176.5,1.74,2.28,-0.0057594670615888,-0.03,0.0,-0.4402055633986519,-0.0374111872306335,0.4866,-0.0138999999999999,False,,No Episode,0
2026-02-27,5230.5,1.72,2.25,0.0103777235776476,-0.02,-0.0299999999999998,-0.5101601339080621,-0.0388137219745184,0.4627,-0.0238999999999999,False,,No Episode,0
2026-03-02,5294.39990234375,1.76,2.29,0.0121427639383355,0.04,0.04,-0.5562744325036089,-0.0182082894972826,0.4906,0.0278999999999999,False,,No Episode,0
2026-03-03,5107.39990234375,1.77,2.29,-0.0359591903930027,0.01,0.0,-0.5543836522411999,-0.026762593289553,0.5019,0.0113,False,,No Episode,0
2026-03-04,5120.2001953125,1.8,2.29,0.0025030895869679,0.03,0.0,-0.5165034566648317,-0.1218852540701434,0.5168,0.0149,False,,No Episode,0
2026-03-05,5065.2998046875,1.82,2.31,-0.0107802115364084,0.02,0.02,-0.4931002943399683,-0.1142953740437011,0.5378,0.0209999999999999,False,,No Episode,0
2026-03-06,5146.10009765625,1.8,2.35,0.0158258378189071,-0.02,0.04,-0.4808679810772147,-0.1489171540921668,0.5487,0.0109,False,,No Episode,0
2026-03-09,5091.5,1.78,2.34,-0.0106666825868941,-0.02,-0.0100000000000002,-0.4781824972997677,-0.1283773430874507,0.542,-0.0066999999999999,False,,No Episode,0
2026-03-10,5229.7001953125,1.82,2.33,0.0267814697721373,0.04,-0.0099999999999997,-0.4907391145378826,-0.0597483099167949,0.5496,0.0075999999999999,False,,No Episode,0
2026-03-11,5167.39990234375,1.85,2.36,-0.0119843106311741,0.03,0.0299999999999998,-0.4949368081894715,-0.075113613694374,0.5772,0.0276,False,,No Episode,0
2026-03-12,5115.7998046875,1.89,2.38,-0.0100358900378321,0.0399999999999998,0.02,-0.5686504951452459,-0.0928789945027142,0.6185,0.0413,False,,No Episode,0
2026-03-13,5052.5,1.92,2.36,-0.0124505814370756,0.03,-0.02,-0.6481660441404835,-0.1024546122257168,0.6286,0.0100999999999999,False,,No Episode,0
2026-03-16,4994.0,1.87,2.36,-0.0116459784380573,-0.0499999999999998,0.0,-0.6279326675195707,-0.0416004814442997,0.6034,-0.0252,False,,No Episode,0
2026-03-17,5001.0,1.83,2.37,0.001400700579186,-0.04,0.0100000000000002,-0.551934704221025,0.0137840917937369,0.5887,-0.0147,False,,No Episode,0
2026-03-18,4889.89990234375,1.86,2.4,-0.0224660590278507,0.03,0.0299999999999998,-0.5239771269087115,0.0297800493551624,0.6139,0.0252,False,,No Episode,0
2026-03-19,4600.7001953125,1.88,2.37,-0.0609633251253214,0.0199999999999997,-0.0299999999999998,-0.5137056870657066,-0.0545451549423763,0.621,0.0070999999999999,False,,No Episode,0
2026-03-20,4570.39990234375,2.01,2.38,-0.0066078012225911,0.1299999999999999,0.0099999999999997,-0.6470834861134879,-0.0930487916979499,0.678,0.057,False,,No Episode,0
2026-03-23,4404.10009765625,2.01,2.33,-0.0370647596540862,0.0,-0.0499999999999998,-0.7457963365184264,-0.0710598605849193,0.6691,-0.0089,False,,No Episode,0
2026-03-24,4399.2998046875,2.06,2.33,-0.001090554444362,0.0500000000000002,0.0,-0.8189318820061009,-0.0484573853970457,0.6921,0.023,False,,No Episode,0
2026-03-25,4549.7998046875,2.02,2.31,0.033637840062541,-0.04,-0.02,-0.84184466169356,-0.1257717466528879,0.6717,-0.0204,False,,No Episode,0
2026-03-26,4375.5,2.08,2.34,-0.0390624340313472,0.06,0.0299999999999998,-0.875446987790377,-0.200080296924184,0.714,0.0423,False,,No Episode,0
2026-03-27,4492.0,2.13,2.31,0.0262772378824482,0.0499999999999998,-0.0299999999999998,-0.8856165529095319,-0.2270741589434817,0.7183,0.0043,False,,No Episode,0
2026-03-30,4526.0,2.04,2.31,0.0075405103351489,-0.0899999999999998,0.0,-0.8975991699746011,-0.2159894588978611,0.6813,-0.037,False,,No Episode,0
2026-03-31,4647.60009765625,2.0,2.3,0.0265124311274114,-0.04,-0.0100000000000002,-0.9124065826219676,-0.2493840774811933,0.654,-0.0272999999999999,False,,No Episode,0
2026-04-01,4783.2001953125,2.02,2.31,0.0287588410788188,0.02,0.0100000000000002,-0.9078760508306576,-0.234066151340936,0.664,0.01,False,,No Episode,0
2026-04-02,4651.5,1.97,2.34,-0.0279200711911009,-0.05,0.0299999999999998,-0.914452711235947,-0.1729331495225717,0.6555,-0.0085,False,,No Episode,0
2026-04-06,4656.7998046875,1.98,2.36,0.0011387268075573,0.01,0.02,-0.916031949570184,-0.1770163468185009,0.6694,-0.0026,False,,No Episode,0
2026-04-07,4657.10009765625,1.96,2.37,6.448275631143474e-05,-0.02,0.0100000000000002,-0.913327595059566,-0.1464531181322382,0.661,-0.0083999999999999,False,,No Episode,0
2026-04-08,4749.5,1.96,2.33,0.0196463915577549,0.0,-0.04,-0.910936439763898,-0.1481274452381657,0.6457,-0.0152999999999999,False,,No Episode,0
2026-04-09,4792.2001953125,1.95,2.34,0.0089502875774947,-0.01,0.0099999999999997,-0.9063239645971228,-0.147768491871927,0.6421,-0.0036,False,,No Episode,0
2026-04-10,4761.89990234375,1.95,2.36,-0.006342909169259,0.0,0.02,-0.9034212891365404,-0.1525615575923982,0.6518,0.0097,False,,No Episode,0
2026-04-13,4742.39990234375,1.92,2.38,-0.0041034116689164,-0.03,0.02,-0.8960260760025802,-0.1384290186345521,0.6432,-0.0086,False,,No Episode,0
2026-04-14,4825.0,1.89,2.37,0.0172674187035308,-0.03,-0.0099999999999997,-0.883213310978335,-0.1816237375202322,0.6215,-0.0216999999999999,False,,No Episode,0
2026-04-15,4800.0,1.9,2.39,-0.0051948168771041,0.01,0.02,-0.877120303731528,-0.1823867204735944,0.6264,0.0048999999999999,False,,No Episode,0
2026-04-16,4785.39990234375,1.93,2.39,-0.003046322343529,0.03,0.0,-0.8688264547489024,-0.1877373556458225,0.6384,0.012,False,,No Episode,0
2026-04-17,4857.60009765625,1.9,2.36,0.0149749133126082,-0.03,-0.0300000000000002,-0.8624154282633681,-0.1998913051082449,0.6158,-0.0225999999999999,False,,No Episode,0
2026-04-20,4806.60009765625,1.91,2.35,-0.0105545150988195,0.01,-0.0099999999999997,-0.8487632729446258,-0.1897366753133534,0.612,-0.0038,False,,No Episode,0
2026-04-21,4698.39990234375,1.92,2.38,-0.0227679893429346,0.01,0.0299999999999998,-0.832022156975257,-0.1998230160134913,0.6311,0.0191,False,,No Episode,0
2026-04-22,4732.5,1.92,2.38,0.0072315996601712,0.0,0.0,-0.8085169122061427,-0.2501146752962772,0.6402,0.0090999999999999,False,,No Episode,0
2026-04-23,4705.10009765625,1.92,2.42,-0.0058065565493361,0.0,0.04,-0.7906031906218746,-0.243184542404125,0.6596,0.0193999999999999,False,,No Episode,0
2026-04-24,4722.2998046875,1.89,2.42,0.0036488801351293,-0.03,0.0,-0.7909575241935481,-0.2417173183438507,0.6481,-0.0114999999999999,False,,No Episode,0
2026-04-27,4675.39990234375,1.91,2.44,-0.0099812279965849,0.02,0.02,-0.8135263662200081,-0.2375888085108386,0.6603,0.0121999999999999,False,,No Episode,0
2026-04-28,4591.5,1.92,2.44,-0.0181079316191095,0.01,0.0,-0.7861913333150347,-0.2656493673758095,0.6747,0.0143999999999999,False,,No Episode,0
2026-04-29,4545.2001953125,1.96,2.46,-0.0101349940385677,0.04,0.02,-0.7437397986108427,-0.2696319343066846,0.7075,0.0328,False,,No Episode,0
2026-04-30,4614.7001953125,1.94,2.46,0.0151751287158656,-0.02,0.0,-0.7119733597557679,-0.26648953969041,0.7038,-0.0037,False,,No Episode,0
2026-05-01,4629.89990234375,1.91,2.48,0.0032883457515016,-0.03,0.02,-0.7409795570427404,-0.2654871693273683,0.7036,-0.0001999999999999,False,,No Episode,0
