Date,acm_tp_level,acm_tp_change
1990-01-03,1.8279,0.021500000000000075
1990-01-04,1.8294,0.0014999999999998348
1990-01-05,1.8392,0.009800000000000031
1990-01-08,1.8517,0.012499999999999956
1990-01-09,1.8577,0.006000000000000005
1990-01-10,1.8666,0.00890000000000013
1990-01-11,1.8677,0.0010999999999998789
1990-01-12,1.8932,0.025500000000000078
1990-01-17,1.9274,-0.005300000000000082
1990-01-18,1.9679,0.04049999999999998
1990-01-19,1.9484,-0.019500000000000073
1990-01-22,1.9469,-0.0014999999999998348
1990-01-23,1.9415,-0.005400000000000071
1990-01-24,1.987,0.045500000000000096
1990-01-25,2.0154,0.02839999999999998
1990-01-26,2.0526,0.0371999999999999
1990-01-29,2.055,0.0024000000000001798
1990-01-30,2.0608,0.005799999999999805
1990-01-31,2.0312,-0.02959999999999985
1990-02-01,2.0127,-0.01849999999999996
1990-02-02,2.0304,0.01770000000000005
1990-02-05,2.0407,0.010299999999999976
1990-02-06,2.0604,0.01969999999999983
1990-02-07,2.0657,0.005300000000000082
1990-02-08,2.0479,-0.01780000000000026
1990-02-09,1.9918,-0.05609999999999982
1990-02-12,2.0117,0.019899999999999807
1990-02-13,2.0079,-0.0038000000000000256
1990-02-14,2.0191,0.011200000000000099
1990-02-15,2.0402,0.02110000000000012
1990-02-16,2.0426,0.0024000000000001798
1990-02-21,2.1273,0.01629999999999976
1990-02-22,2.1041,-0.02320000000000011
1990-02-23,2.0986,-0.00550000000000006
1990-02-26,2.0713,-0.02729999999999988
1990-02-27,2.0416,-0.02970000000000006
1990-02-28,2.0701,0.028500000000000192
1990-03-01,2.1016,0.03149999999999986
1990-03-02,2.0932,-0.008399999999999963
1990-03-05,2.1246,0.031400000000000095
1990-03-06,2.1107,-0.013900000000000023
1990-03-07,2.0979,-0.012799999999999923
1990-03-08,2.0886,-0.009300000000000086
1990-03-09,2.1128,0.0242
1990-03-12,2.1135,0.000700000000000145
1990-03-13,2.1395,0.0259999999999998
1990-03-14,2.1174,-0.02210000000000001
1990-03-15,2.115,-0.0023999999999997357
1990-03-16,2.0909,-0.024100000000000232
1990-03-19,2.0879,-0.0030000000000001137
1990-03-20,2.0639,-0.02400000000000002
1990-03-21,2.0535,-0.010399999999999743
1990-03-22,2.0505,-0.0030000000000001137
1990-03-23,2.0487,-0.0017999999999998018
1990-03-26,2.0445,-0.0041999999999999815
1990-03-27,2.0442,-0.000300000000000189
1990-03-28,2.0491,0.0049000000000001265
1990-03-29,2.0724,0.023299999999999876
1990-03-30,2.1089,0.0365000000000002
1990-04-02,2.1198,0.01089999999999991
1990-04-03,2.1197,-0.00010000000000021103
1990-04-04,2.0954,-0.024299999999999766
1990-04-05,2.0947,-0.000700000000000145
1990-04-06,2.0874,-0.007299999999999862
1990-04-09,2.0969,0.009500000000000064
1990-04-10,2.1015,0.0045999999999999375
1990-04-11,2.1119,0.010399999999999743
1990-04-12,2.1184,0.00649999999999995
1990-04-17,2.1782,0.03949999999999987
1990-04-18,2.2207,0.04249999999999998
1990-04-19,2.2365,0.015800000000000036
1990-04-20,2.2654,0.028900000000000148
1990-04-23,2.2868,0.021399999999999864
1990-04-24,2.2996,0.012799999999999923
1990-04-25,2.3035,0.0039000000000002366
1990-04-26,2.3235,0.020000000000000018
1990-04-27,2.328,0.0044999999999997264
1990-04-30,2.3162,-0.011800000000000033
1990-05-01,2.3158,-0.00039999999999995595
1990-05-02,2.3189,0.0031000000000003247
1990-05-03,2.2977,-0.02120000000000033
1990-05-04,2.2224,-0.07529999999999992
1990-05-07,2.2225,0.00010000000000021103
1990-05-08,2.2131,-0.009400000000000297
1990-05-09,2.2522,0.03910000000000036
1990-05-10,2.2434,-0.008800000000000363
1990-05-11,2.1851,-0.05830000000000002
1990-05-14,2.1568,-0.02829999999999977
1990-05-15,2.1648,0.008000000000000007
1990-05-16,2.1668,0.0019999999999997797
1990-05-17,2.1733,0.00649999999999995
1990-05-18,2.1918,0.018500000000000405
1990-05-21,2.1913,-0.000500000000000167
1990-05-22,2.1578,-0.033500000000000085
1990-05-23,2.1392,-0.018599999999999728
1990-05-24,2.1364,-0.0028000000000001357
1990-05-25,2.1474,0.01100000000000012
1990-05-30,2.1309,-0.010699999999999932
1990-05-31,2.124,-0.006899999999999906
1990-06-01,2.0602,-0.06380000000000008
1990-06-04,2.0509,-0.009300000000000086
1990-06-05,2.0633,0.012399999999999967
1990-06-06,2.0676,0.0043000000000001926
1990-06-07,2.0635,-0.004100000000000215
1990-06-08,2.066,0.0024999999999999467
1990-06-11,2.0694,0.0034000000000000696
1990-06-12,2.069,-0.00039999999999995595
1990-06-13,2.0421,-0.026899999999999924
1990-06-14,2.0284,-0.013700000000000045
1990-06-15,2.054,0.025599999999999845
1990-06-18,2.0772,0.02320000000000011
1990-06-19,2.0837,0.00649999999999995
1990-06-20,2.0996,0.015900000000000247
1990-06-21,2.0918,-0.007800000000000029
1990-06-22,2.0842,-0.007600000000000051
1990-06-25,2.1059,0.021700000000000053
1990-06-26,2.1016,-0.0043000000000001926
1990-06-27,2.0873,-0.01429999999999998
1990-06-28,2.0675,-0.01980000000000004
1990-06-29,2.0452,-0.022299999999999986
1990-07-02,2.0416,-0.0036000000000000476
1990-07-03,2.0367,-0.004899999999999682
1990-07-06,2.0757,0.03370000000000006
1990-07-09,2.097,0.021300000000000097
1990-07-10,2.0998,0.0028000000000001357
1990-07-11,2.0966,-0.0032000000000000917
1990-07-12,2.0723,-0.02430000000000021
1990-07-13,2.0633,-0.008999999999999897
1990-07-16,2.0647,0.00140000000000029
1990-07-17,2.0652,0.0004999999999997229
1990-07-18,2.0893,0.024100000000000232
1990-07-19,2.1035,0.014199999999999768
1990-07-20,2.0924,-0.011099999999999888
1990-07-23,2.0977,0.005300000000000082
1990-07-24,2.1183,0.02059999999999995
1990-07-25,2.1053,-0.0129999999999999
1990-07-26,2.095,-0.010299999999999976
1990-07-27,2.0719,-0.023100000000000342
1990-07-30,2.0334,-0.03849999999999998
1990-07-31,2.0285,-0.004899999999999682
1990-08-01,2.0042,-0.02430000000000021
1990-08-02,2.0363,0.03210000000000024
1990-08-03,2.0645,0.02819999999999956
1990-08-06,2.1791,0.11460000000000026
1990-08-07,2.2402,0.061100000000000154
1990-08-08,2.2596,0.01939999999999964
1990-08-09,2.2215,-0.03810000000000002
1990-08-10,2.2226,0.001100000000000101
1990-08-13,2.2341,0.011500000000000288
1990-08-14,2.2181,-0.016000000000000014
1990-08-15,2.1986,-0.019500000000000295
1990-08-16,2.2325,0.03390000000000004
1990-08-17,2.2544,0.02190000000000003
1990-08-20,2.2601,0.005700000000000038
1990-08-21,2.2674,0.007299999999999862
1990-08-22,2.2909,0.0235000000000003
1990-08-23,2.3338,0.04289999999999994
1990-08-24,2.3714,0.037599999999999856
1990-08-27,2.3256,-0.04579999999999984
1990-08-28,2.3327,0.007099999999999884
1990-08-29,2.299,-0.03370000000000006
1990-08-30,2.3001,0.001100000000000101
1990-08-31,2.3062,0.006099999999999994
1990-09-05,2.3178,-0.009999999999999787
1990-09-06,2.3171,-0.000700000000000145
1990-09-07,2.3047,-0.012399999999999967
1990-09-10,2.3132,0.008500000000000174
1990-09-11,2.3055,-0.007700000000000262
1990-09-12,2.3014,-0.0040999999999997705
1990-09-13,2.3038,0.0023999999999997357
1990-09-14,2.3241,0.020300000000000207
1990-09-17,2.3422,0.018100000000000005
1990-09-18,2.3446,0.0023999999999997357
1990-09-19,2.3434,-0.0011999999999998678
1990-09-20,2.3516,0.008199999999999985
1990-09-21,2.3794,0.027800000000000047
1990-09-24,2.4049,0.025500000000000078
1990-09-25,2.4073,0.0024000000000001798
1990-09-26,2.4014,-0.005900000000000016
1990-09-27,2.3743,-0.027100000000000346
1990-09-28,2.3464,-0.027899999999999814
1990-10-01,2.3072,-0.039200000000000124
1990-10-02,2.2857,-0.021500000000000075
1990-10-03,2.284,-0.0017000000000000348
1990-10-04,2.2679,-0.01609999999999978
1990-10-05,2.2597,-0.008199999999999985
1990-10-10,2.3523,0.033199999999999896
1990-10-11,2.3856,0.03330000000000011
1990-10-12,2.3646,-0.02100000000000035
1990-10-15,2.3421,-0.022499999999999964
1990-10-16,2.3274,-0.014699999999999935
1990-10-17,2.3063,-0.02110000000000012
1990-10-18,2.2728,-0.03349999999999964
1990-10-19,2.2283,-0.044500000000000206
1990-10-22,2.2154,-0.012900000000000134
1990-10-23,2.2161,0.000700000000000145
1990-10-24,2.2196,0.0034999999999998366
1990-10-25,2.2032,-0.01639999999999997
1990-10-26,2.2161,0.012900000000000134
1990-10-29,2.2458,0.02970000000000006
1990-10-30,2.2578,0.01200000000000001
1990-10-31,2.2453,-0.012500000000000178
1990-11-01,2.2147,-0.03059999999999974
1990-11-02,2.211,-0.0037000000000002586
1990-11-05,2.1855,-0.025499999999999634
1990-11-06,2.182,-0.0035000000000002807
1990-11-07,2.2061,0.024100000000000232
1990-11-08,2.2135,0.007399999999999629
1990-11-09,2.183,-0.03049999999999997
1990-11-14,2.1146,-0.02210000000000001
1990-11-15,2.1124,-0.0021999999999997577
1990-11-16,2.0883,-0.024100000000000232
1990-11-19,2.0983,0.010000000000000231
1990-11-20,2.0883,-0.010000000000000231
1990-11-21,2.0628,-0.025499999999999634
1990-11-26,2.0648,9.999999999976694e-05
1990-11-27,2.0714,0.006600000000000161
1990-11-28,2.0851,0.013700000000000045
1990-11-29,2.0929,0.007800000000000029
1990-11-30,2.0769,-0.016000000000000014
1990-12-03,2.051,-0.025900000000000034
1990-12-04,2.0377,-0.01330000000000009
1990-12-05,2.0265,-0.011200000000000099
1990-12-06,2.0312,0.0047000000000001485
1990-12-07,1.9779,-0.053300000000000125
1990-12-10,1.956,-0.02190000000000003
1990-12-11,1.9383,-0.01770000000000005
1990-12-12,1.9252,-0.01309999999999989
1990-12-13,1.9619,0.036699999999999955
1990-12-14,2.0001,0.038200000000000234
1990-12-17,2.0025,0.0023999999999997357
1990-12-18,1.9942,-0.008299999999999974
1990-12-19,2.0035,0.009299999999999864
1990-12-20,2.0447,0.04120000000000035
1990-12-21,2.0926,0.04789999999999983
1990-12-24,2.1513,0.058699999999999974
1990-12-27,2.1309,-0.015099999999999891
1990-12-28,2.15,0.019099999999999895
1990-12-31,2.135,-0.015000000000000124
1991-01-03,2.0676,-0.02389999999999981
1991-01-04,2.0892,0.02159999999999984
1991-01-07,2.1347,0.045500000000000096
1991-01-08,2.1572,0.022499999999999964
1991-01-09,2.2206,0.06340000000000012
1991-01-10,2.2168,-0.0038000000000000256
1991-01-11,2.2349,0.018100000000000005
1991-01-14,2.2644,0.02950000000000008
1991-01-15,2.2695,0.00509999999999966
1991-01-16,2.286,0.01650000000000018
1991-01-17,2.2109,-0.07509999999999994
1991-01-18,2.1853,-0.02560000000000029
1991-01-23,2.1775,-0.011799999999999589
1991-01-24,2.1602,-0.017300000000000093
1991-01-25,2.1733,0.013099999999999667
1991-01-28,2.1665,-0.006799999999999695
1991-01-29,2.1535,-0.0129999999999999
1991-01-30,2.1535,0.0
1991-01-31,2.1499,-0.0036000000000000476
1991-02-01,2.1163,-0.033600000000000296
1991-02-04,2.1084,-0.007899999999999796
1991-02-05,2.1008,-0.007600000000000051
1991-02-06,2.1081,0.007299999999999862
1991-02-07,2.1196,0.011500000000000288
1991-02-08,2.128,0.008399999999999963
1991-02-11,2.1193,-0.008700000000000152
1991-02-12,2.1142,-0.0051000000000001044
1991-02-13,2.1116,-0.0025999999999997137
1991-02-14,2.1158,0.0041999999999999815
1991-02-15,2.1139,-0.0019000000000000128
1991-02-20,2.1271,0.007400000000000073
1991-02-21,2.1445,0.01739999999999986
1991-02-22,2.1646,0.02010000000000023
1991-02-25,2.1596,-0.004999999999999893
1991-02-26,2.1756,0.016000000000000014
1991-02-27,2.1844,0.008799999999999919
1991-02-28,2.1936,0.009199999999999875
1991-03-01,2.2368,0.04320000000000013
1991-03-04,2.2443,0.00749999999999984
1991-03-05,2.2358,-0.008500000000000174
1991-03-06,2.2446,0.008800000000000363
1991-03-07,2.2333,-0.01130000000000031
1991-03-08,2.2555,0.02220000000000022
1991-03-11,2.2524,-0.0030999999999998806
1991-03-12,2.269,0.016599999999999948
1991-03-13,2.2532,-0.015800000000000036
1991-03-14,2.2577,0.0044999999999997264
1991-03-15,2.2928,0.03510000000000035
1991-03-18,2.3232,0.03039999999999976
1991-03-19,2.3634,0.040200000000000014
1991-03-20,2.3513,-0.012099999999999778
1991-03-21,2.3288,-0.022499999999999964
1991-03-22,2.3181,-0.010700000000000376
1991-03-25,2.3136,-0.0044999999999997264
1991-03-26,2.3151,0.0015000000000000568
1991-03-27,2.3001,-0.015000000000000124
1991-03-28,2.293,-0.007099999999999884
1991-04-02,2.278,-0.016900000000000137
1991-04-03,2.2817,0.0036999999999998145
1991-04-04,2.2711,-0.01059999999999972
1991-04-05,2.2651,-0.006000000000000227
1991-04-08,2.2656,0.000500000000000167
1991-04-09,2.2876,0.021999999999999797
1991-04-10,2.3287,0.041100000000000136
1991-04-11,2.3394,0.010699999999999932
1991-04-12,2.3129,-0.026499999999999968
1991-04-15,2.2914,-0.021500000000000075
1991-04-16,2.2835,-0.007899999999999796
1991-04-17,2.2778,-0.005700000000000038
1991-04-18,2.3026,0.024799999999999933
1991-04-19,2.3247,0.02210000000000001
1991-04-22,2.3478,0.0230999999999999
1991-04-23,2.3374,-0.010399999999999743
1991-04-24,2.3118,-0.02560000000000029
1991-04-25,2.3151,0.0033000000000003027
1991-04-26,2.3168,0.0017000000000000348
1991-04-29,2.3222,0.005399999999999849
1991-04-30,2.314,-0.008199999999999985
1991-05-01,2.3094,-0.0045999999999999375
1991-05-02,2.2994,-0.010000000000000231
1991-05-03,2.3264,0.027000000000000135
1991-05-06,2.3415,0.015099999999999891
1991-05-07,2.3464,0.0049000000000001265
1991-05-08,2.3462,-0.00019999999999997797
1991-05-09,2.3455,-0.000700000000000145
1991-05-10,2.3777,0.032200000000000006
1991-05-13,2.3776,-9.999999999976694e-05
1991-05-14,2.3971,0.01949999999999985
1991-05-15,2.4031,0.005999999999999783
1991-05-16,2.4058,0.0027000000000003688
1991-05-17,2.3991,-0.006700000000000372
1991-05-20,2.3991,0.0
1991-05-21,2.3787,-0.020399999999999974
1991-05-22,2.3736,-0.00509999999999966
1991-05-23,2.3837,0.010099999999999998
1991-05-24,2.3903,0.006599999999999717
1991-05-29,2.3729,-0.005199999999999871
1991-05-30,2.3526,-0.020300000000000207
1991-05-31,2.3536,0.001000000000000334
1991-06-03,2.3777,0.024099999999999788
1991-06-04,2.379,0.0013000000000000789
1991-06-05,2.3947,0.015699999999999825
1991-06-06,2.4158,0.02110000000000012
1991-06-07,2.4499,0.03410000000000002
1991-06-10,2.4553,0.005399999999999849
1991-06-11,2.4553,0.0
1991-06-12,2.478,0.022700000000000387
1991-06-13,2.4754,-0.0026000000000001577
1991-06-14,2.4511,-0.02430000000000021
1991-06-17,2.4486,-0.0024999999999999467
1991-06-18,2.4522,0.0036000000000000476
1991-06-19,2.4631,0.01089999999999991
1991-06-20,2.4543,-0.008799999999999919
1991-06-21,2.4624,0.008100000000000218
1991-06-24,2.4694,0.006999999999999673
1991-06-25,2.4714,0.002000000000000224
1991-06-26,2.4756,0.0041999999999999815
1991-06-27,2.4714,-0.0041999999999999815
1991-06-28,2.4551,-0.016300000000000203
1991-07-01,2.449,-0.006099999999999994
1991-07-02,2.4521,0.0031000000000003247
1991-07-03,2.4475,-0.0046000000000003816
1991-07-08,2.483,0.010200000000000209
1991-07-09,2.4899,0.006899999999999906
1991-07-10,2.488,-0.0019000000000000128
1991-07-11,2.4646,-0.023400000000000087
1991-07-12,2.4377,-0.026899999999999924
1991-07-15,2.4323,-0.005399999999999849
1991-07-16,2.4266,-0.005700000000000038
1991-07-17,2.4405,0.013900000000000023
1991-07-18,2.4463,0.005799999999999805
1991-07-19,2.4392,-0.007099999999999884
1991-07-22,2.438,-0.0011999999999998678
1991-07-23,2.4458,0.007800000000000029
1991-07-24,2.421,-0.024800000000000377
1991-07-25,2.3984,-0.02259999999999973
1991-07-26,2.392,-0.006400000000000183
1991-07-29,2.3893,-0.0026999999999999247
1991-07-30,2.3907,0.0013999999999998458
1991-07-31,2.3828,-0.007899999999999796
1991-08-01,2.3881,0.005300000000000082
1991-08-02,2.3409,-0.04720000000000013
1991-08-05,2.3244,-0.01650000000000018
1991-08-06,2.3023,-0.02210000000000001
1991-08-07,2.2978,-0.0044999999999997264
1991-08-08,2.3224,0.024599999999999955
1991-08-09,2.3328,0.010400000000000187
1991-08-12,2.333,0.00019999999999997797
1991-08-13,2.3206,-0.012399999999999967
1991-08-14,2.2852,-0.0354000000000001
1991-08-15,2.2836,-0.0016000000000002679
1991-08-16,2.2824,-0.0011999999999998678
1991-08-19,2.2943,0.0118999999999998
1991-08-20,2.2943,0.0
1991-08-21,2.2896,-0.004699999999999704
1991-08-22,2.2693,-0.020300000000000207
1991-08-23,2.2841,0.014800000000000146
1991-08-26,2.2995,0.01540000000000008
1991-08-27,2.2954,-0.004100000000000215
1991-08-28,2.2726,-0.02279999999999971
1991-08-29,2.2476,-0.025000000000000355
1991-08-30,2.2691,0.021500000000000075
1991-09-04,2.2664,0.000500000000000167
1991-09-05,2.2739,0.00749999999999984
1991-09-06,2.252,-0.02190000000000003
1991-09-09,2.2337,-0.018299999999999983
1991-09-10,2.2338,0.00010000000000021103
1991-09-11,2.237,0.0032000000000000917
1991-09-12,2.2171,-0.01990000000000025
1991-09-13,2.2069,-0.010199999999999765
1991-09-16,2.1965,-0.010400000000000187
1991-09-17,2.185,-0.011499999999999844
1991-09-18,2.1815,-0.0034999999999998366
1991-09-19,2.1783,-0.0032000000000000917
1991-09-20,2.165,-0.01330000000000009
1991-09-23,2.1564,-0.008599999999999941
1991-09-24,2.158,0.0015999999999998238
1991-09-25,2.1668,0.008799999999999919
1991-09-26,2.1696,0.0028000000000001357
1991-09-27,2.1438,-0.025799999999999823
1991-09-30,2.1287,-0.015100000000000335
1991-10-01,2.1171,-0.01159999999999961
1991-10-02,2.1144,-0.0027000000000003688
1991-10-03,2.1133,-0.0010999999999996568
1991-10-04,2.0897,-0.023600000000000065
1991-10-07,2.0808,-0.00890000000000013
1991-10-08,2.0884,0.007600000000000051
1991-10-09,2.1241,0.03569999999999984
1991-10-10,2.1577,0.033600000000000296
1991-10-11,2.1352,-0.022499999999999964
1991-10-16,2.1099,-0.008199999999999985
1991-10-17,2.1421,0.032200000000000006
1991-10-18,2.1431,0.0009999999999998899
1991-10-21,2.1722,0.029100000000000126
1991-10-22,2.197,0.024799999999999933
1991-10-25,2.222,0.02059999999999995
1991-10-28,2.2227,0.000700000000000145
1991-10-29,2.1838,-0.038899999999999935
1991-10-30,2.1737,-0.010099999999999998
1991-10-31,2.1692,-0.0045000000000001705
1991-11-01,2.1797,0.010499999999999954
1991-11-04,2.2023,0.022600000000000176
1991-11-05,2.2278,0.025499999999999634
1991-11-06,2.2272,-0.0005999999999999339
1991-11-07,2.2044,-0.02279999999999971
1991-11-08,2.2003,-0.004100000000000215
1991-11-13,2.1849,0.006599999999999717
1991-11-14,2.1638,-0.021099999999999675
1991-11-15,2.1571,-0.006700000000000372
1991-11-18,2.1566,-0.0004999999999997229
1991-11-19,2.1687,0.012099999999999778
1991-11-20,2.1865,0.01780000000000026
1991-11-21,2.1995,0.0129999999999999
1991-11-22,2.2231,0.023600000000000065
1991-11-25,2.2458,0.022699999999999942
1991-11-26,2.2434,-0.0024000000000001798
1991-11-27,2.2457,0.0022999999999999687
1991-12-02,2.2106,-0.027900000000000258
1991-12-03,2.1896,-0.020999999999999908
1991-12-04,2.1427,-0.04689999999999994
1991-12-05,2.1424,-0.000300000000000189
1991-12-06,2.1573,0.014900000000000357
1991-12-09,2.1512,-0.006100000000000438
1991-12-10,2.1572,0.006000000000000227
1991-12-11,2.1688,0.011600000000000055
1991-12-12,2.1648,-0.0040000000000000036
1991-12-13,2.1843,0.01949999999999985
1991-12-16,2.1855,0.001200000000000312
1991-12-17,2.1751,-0.010400000000000187
1991-12-18,2.1888,0.013700000000000045
1991-12-19,2.1682,-0.02059999999999995
1991-12-20,2.1403,-0.027900000000000258
1991-12-23,2.1206,-0.01969999999999983
1991-12-24,2.1181,-0.0024999999999999467
1991-12-27,2.0981,-0.013199999999999878
1991-12-30,2.0724,-0.025700000000000056
1991-12-31,2.0433,-0.029100000000000126
1992-01-03,2.1013,0.035900000000000265
1992-01-06,2.1054,0.0040999999999997705
1992-01-07,2.0872,-0.018199999999999772
1992-01-08,2.1,0.012799999999999923
1992-01-09,2.1203,0.020299999999999763
1992-01-10,2.1521,0.03180000000000005
1992-01-13,2.1874,0.03529999999999989
1992-01-14,2.2371,0.04970000000000008
1992-01-15,2.259,0.02190000000000003
1992-01-16,2.2896,0.030600000000000183
1992-01-17,2.2868,-0.0028000000000001357
1992-01-22,2.2612,0.0047999999999999154
1992-01-23,2.2962,0.0349999999999997
1992-01-24,2.3153,0.01910000000000034
1992-01-27,2.3123,-0.0030000000000001137
1992-01-28,2.2739,-0.03840000000000021
1992-01-29,2.2994,0.025500000000000078
1992-01-30,2.3246,0.025200000000000333
1992-01-31,2.3294,0.0047999999999999154
1992-02-03,2.358,0.02859999999999996
1992-02-04,2.3407,-0.017300000000000093
1992-02-05,2.3145,-0.026200000000000223
1992-02-06,2.3044,-0.010099999999999998
1992-02-07,2.3128,0.008400000000000407
1992-02-10,2.3288,0.016000000000000014
1992-02-11,2.3391,0.010299999999999976
1992-02-12,2.3598,0.02069999999999972
1992-02-13,2.4072,0.04740000000000011
1992-02-14,2.4186,0.011400000000000077
1992-02-19,2.4272,-0.013199999999999878
1992-02-20,2.4098,-0.01739999999999986
1992-02-21,2.417,0.007199999999999651
1992-02-24,2.4258,0.008800000000000363
1992-02-25,2.4101,-0.01570000000000027
1992-02-26,2.3684,-0.04170000000000007
1992-02-27,2.3623,-0.006099999999999994
1992-02-28,2.3343,-0.028000000000000025
1992-03-02,2.366,0.031700000000000284
1992-03-03,2.3763,0.010299999999999976
1992-03-04,2.3746,-0.0017000000000000348
1992-03-05,2.4069,0.03229999999999977
1992-03-06,2.3972,-0.009699999999999598
1992-03-09,2.3693,-0.027900000000000258
1992-03-10,2.362,-0.007299999999999862
1992-03-11,2.3969,0.03489999999999993
1992-03-12,2.4476,0.05069999999999997
1992-03-13,2.4877,0.0400999999999998
1992-03-16,2.4927,0.0050000000000003375
1992-03-17,2.466,-0.026699999999999946
1992-03-18,2.456,-0.010000000000000231
1992-03-19,2.4359,-0.020099999999999785
1992-03-20,2.4553,0.01939999999999964
1992-03-23,2.4563,0.001000000000000334
1992-03-24,2.4155,-0.04079999999999995
1992-03-25,2.4053,-0.010200000000000209
1992-03-26,2.4238,0.01849999999999996
1992-03-27,2.4223,-0.0015000000000000568
1992-03-30,2.4179,-0.0043999999999999595
1992-03-31,2.4182,0.000300000000000189
1992-04-01,2.3853,-0.03290000000000015
1992-04-02,2.3867,0.0013999999999998458
1992-04-03,2.3758,-0.01089999999999991
1992-04-06,2.3755,-0.0002999999999997449
1992-04-07,2.3882,0.012699999999999712
1992-04-08,2.4112,0.02300000000000013
1992-04-09,2.3962,-0.015000000000000124
1992-04-10,2.409,0.012799999999999923
1992-04-13,2.402,-0.006999999999999673
1992-04-14,2.4065,0.0044999999999997264
1992-04-15,2.4226,0.016100000000000225
1992-04-16,2.4503,0.027699999999999836
1992-04-21,2.5103,0.006099999999999994
1992-04-22,2.5079,-0.0024000000000001798
1992-04-23,2.5157,0.007800000000000029
1992-04-24,2.5023,-0.013399999999999856
1992-04-27,2.511,0.008700000000000152
1992-04-28,2.5023,-0.008700000000000152
1992-04-29,2.5065,0.0041999999999999815
1992-04-30,2.5127,0.006200000000000205
1992-05-01,2.5,-0.012700000000000156
1992-05-04,2.5046,0.0045999999999999375
1992-05-05,2.4973,-0.007299999999999862
1992-05-06,2.4817,-0.015600000000000058
1992-05-07,2.4823,0.0005999999999999339
1992-05-08,2.4519,-0.03039999999999976
1992-05-11,2.4385,-0.0134000000000003
1992-05-12,2.4233,-0.015200000000000102
1992-05-13,2.4188,-0.0044999999999997264
1992-05-14,2.4166,-0.002200000000000202
1992-05-15,2.397,-0.019600000000000062
1992-05-18,2.3858,-0.011199999999999655
1992-05-19,2.3528,-0.03300000000000036
1992-05-20,2.3625,0.009700000000000042
1992-05-21,2.4161,0.053600000000000314
1992-05-22,2.4003,-0.015800000000000036
1992-05-27,2.4255,-0.0028000000000001357
1992-05-28,2.3988,-0.026699999999999946
1992-05-29,2.3726,-0.026200000000000223
1992-06-01,2.3805,0.00790000000000024
1992-06-02,2.3638,-0.01670000000000016
1992-06-03,2.3569,-0.006899999999999906
1992-06-04,2.3564,-0.000500000000000167
1992-06-05,2.3429,-0.013499999999999623
1992-06-08,2.3448,0.0019000000000000128
1992-06-09,2.3631,0.018299999999999983
1992-06-10,2.3716,0.00849999999999973
1992-06-11,2.3662,-0.005399999999999849
1992-06-12,2.3478,-0.018400000000000194
1992-06-15,2.3423,-0.00550000000000006
1992-06-16,2.3282,-0.014100000000000001
1992-06-17,2.3178,-0.010399999999999743
1992-06-18,2.3052,-0.012599999999999945
1992-06-19,2.316,0.010799999999999699
1992-06-22,2.3151,-0.0008999999999996788
1992-06-23,2.3209,0.005799999999999805
1992-06-24,2.3131,-0.007800000000000029
1992-06-25,2.2851,-0.028000000000000025
1992-06-26,2.2884,0.0033000000000003027
1992-06-29,2.2873,-0.001100000000000101
1992-06-30,2.2968,0.009500000000000064
1992-07-01,2.2919,-0.0049000000000001265
1992-07-02,2.2421,-0.049799999999999844
1992-07-07,2.2305,-0.0042999999999997485
1992-07-08,2.2446,0.014100000000000001
1992-07-09,2.2514,0.006799999999999695
1992-07-10,2.2538,0.0024000000000001798
1992-07-13,2.2702,0.01639999999999997
1992-07-14,2.2689,-0.0013000000000000789
1992-07-15,2.2409,-0.028000000000000025
1992-07-16,2.2305,-0.010399999999999743
1992-07-17,2.2437,0.013199999999999878
1992-07-20,2.2438,9.999999999976694e-05
1992-07-21,2.2373,-0.00649999999999995
1992-07-22,2.2149,-0.022399999999999753
1992-07-23,2.1524,-0.0625
1992-07-24,2.1444,-0.008000000000000007
1992-07-27,2.1244,-0.020000000000000018
1992-07-28,2.0961,-0.028300000000000214
1992-07-29,2.0817,-0.014399999999999746
1992-07-30,2.1234,0.04170000000000007
1992-07-31,2.1499,0.026499999999999968
1992-08-03,2.1609,0.010999999999999677
1992-08-04,2.1348,-0.026100000000000012
1992-08-05,2.1191,-0.015699999999999825
1992-08-06,2.1178,-0.0013000000000000789
1992-08-07,2.0845,-0.03330000000000011
1992-08-10,2.0572,-0.02729999999999988
1992-08-11,2.0404,-0.016799999999999926
1992-08-12,2.0451,0.0047000000000001485
1992-08-13,2.0828,0.03770000000000007
1992-08-14,2.0826,-0.00020000000000042206
1992-08-17,2.0967,0.014100000000000001
1992-08-18,2.0658,-0.030899999999999928
1992-08-19,2.0549,-0.01089999999999991
1992-08-20,2.0462,-0.008700000000000152
1992-08-21,2.0796,0.03340000000000032
1992-08-24,2.1471,0.0674999999999999
1992-08-25,2.173,0.025900000000000034
1992-08-26,2.1633,-0.009700000000000042
1992-08-27,2.1423,-0.020999999999999908
1992-08-28,2.1306,-0.011700000000000266
1992-08-31,2.1254,-0.005199999999999871
1992-09-01,2.0989,-0.026499999999999968
1992-09-02,2.078,-0.02090000000000014
1992-09-03,2.0716,-0.006399999999999739
1992-09-04,2.022,-0.04960000000000031
1992-09-09,1.9889,0.0032999999999998586
1992-09-10,1.9952,0.006300000000000194
1992-09-11,2.0227,0.027499999999999858
1992-09-14,2.0165,-0.006199999999999761
1992-09-15,2.0464,0.029900000000000038
1992-09-16,2.0637,0.01729999999999965
1992-09-17,2.0713,0.007600000000000051
1992-09-18,2.0795,0.008199999999999985
1992-09-21,2.0909,0.011400000000000077
1992-09-22,2.1162,0.0253000000000001
1992-09-23,2.1416,0.025399999999999867
1992-09-24,2.128,-0.013599999999999834
1992-09-25,2.092,-0.03600000000000003
1992-09-28,2.0697,-0.022299999999999986
1992-09-29,2.0784,0.008699999999999708
1992-09-30,2.0865,0.008100000000000218
1992-10-01,2.0442,-0.042300000000000004
1992-10-02,2.048,0.0038000000000000256
1992-10-05,2.0393,-0.008700000000000152
1992-10-06,2.058,0.01869999999999994
1992-10-07,2.1198,0.0618000000000003
1992-10-08,2.1124,-0.007400000000000073
1992-10-09,2.1452,0.03279999999999994
1992-10-14,2.1398,-0.006699999999999928
1992-10-15,2.1378,-0.002000000000000224
1992-10-16,2.1578,0.020000000000000018
1992-10-19,2.1899,0.03210000000000024
1992-10-20,2.2559,0.06599999999999984
1992-10-21,2.246,-0.00990000000000002
1992-10-22,2.2232,-0.022800000000000153
1992-10-23,2.2509,0.02770000000000028
1992-10-26,2.2572,0.006299999999999972
1992-10-27,2.2284,-0.028799999999999937
1992-10-28,2.222,-0.006400000000000183
1992-10-29,2.2037,-0.018299999999999983
1992-10-30,2.236,0.03230000000000022
1992-11-02,2.2667,0.03069999999999995
1992-11-03,2.2631,-0.0036000000000000476
1992-11-04,2.2693,0.006199999999999761
1992-11-05,2.2722,0.0029000000000003467
1992-11-06,2.3035,0.031299999999999883
1992-11-09,2.324,0.02049999999999974
1992-11-10,2.2956,-0.02839999999999998
1992-11-13,2.2483,0.007000000000000117
1992-11-16,2.2733,0.02499999999999991
1992-11-17,2.2583,-0.01499999999999968
1992-11-18,2.2204,-0.037900000000000045
1992-11-19,2.2212,0.0007999999999999119
1992-11-20,2.2354,0.014199999999999768
1992-11-23,2.2426,0.007200000000000095
1992-11-24,2.2251,-0.01750000000000007
1992-11-25,2.2378,0.012700000000000156
1992-11-30,2.283,0.005700000000000038
1992-12-01,2.279,-0.0040000000000000036
1992-12-02,2.2723,-0.006699999999999928
1992-12-03,2.2651,-0.007200000000000095
1992-12-04,2.2332,-0.03189999999999982
1992-12-07,2.2055,-0.02770000000000028
1992-12-08,2.181,-0.024499999999999744
1992-12-09,2.1823,0.0013000000000000789
1992-12-10,2.1889,0.006599999999999717
1992-12-11,2.1965,0.007600000000000051
1992-12-14,2.2135,0.016999999999999904
1992-12-15,2.2105,-0.0029999999999996696
1992-12-16,2.196,-0.014499999999999957
1992-12-22,2.1606,-0.023299999999999876
1992-12-23,2.1661,0.00550000000000006
1992-12-24,2.1723,0.006199999999999761
1992-12-29,2.1844,-0.004999999999999893
1992-12-30,2.1793,-0.0051000000000001044
1993-01-05,2.1547,-0.0044999999999997264
1993-01-06,2.1636,0.00890000000000013
1993-01-07,2.2089,0.045299999999999674
1993-01-08,2.2088,-9.999999999976694e-05
1993-01-11,2.201,-0.007800000000000029
1993-01-12,2.2118,0.010800000000000143
1993-01-13,2.2015,-0.01030000000000042
1993-01-14,2.1886,-0.01289999999999969
1993-01-15,2.1623,-0.02629999999999999
1993-01-22,2.1303,-0.015000000000000124
1993-01-25,2.0997,-0.030600000000000183
1993-01-26,2.1016,0.0019000000000000128
1993-01-27,2.0903,-0.011299999999999866
1993-01-28,2.0674,-0.02289999999999992
1993-01-29,2.0471,-0.020300000000000207
1993-02-01,2.03,-0.017100000000000115
1993-02-02,2.0466,0.016600000000000392
1993-02-03,2.0468,0.00019999999999997797
1993-02-04,2.0185,-0.028300000000000214
1993-02-05,1.9773,-0.0411999999999999
1993-02-08,1.9859,0.008599999999999941
1993-02-09,2.006,0.020099999999999785
1993-02-10,2.0373,0.03130000000000033
1993-02-11,2.0278,-0.009500000000000064
1993-02-12,2.0221,-0.005700000000000038
1993-02-17,1.9804,-0.02959999999999985
1993-02-18,1.9236,-0.05679999999999996
1993-02-19,1.9099,-0.013700000000000045
1993-02-22,1.8826,-0.02729999999999988
1993-02-23,1.8101,-0.07250000000000001
1993-02-24,1.8252,0.015099999999999891
1993-02-25,1.8381,0.012900000000000134
1993-02-26,1.8398,0.0017000000000000348
1993-03-01,1.8076,-0.032200000000000006
1993-03-02,1.7969,-0.010700000000000154
1993-03-03,1.765,-0.03190000000000004
1993-03-04,1.7376,-0.02739999999999987
1993-03-05,1.7629,0.025299999999999878
1993-03-08,1.7558,-0.007099999999999884
1993-03-09,1.7756,0.01980000000000004
1993-03-10,1.7943,0.01869999999999994
1993-03-11,1.8006,0.006299999999999972
1993-03-12,1.8561,0.055500000000000105
1993-03-15,1.8968,0.04069999999999996
1993-03-16,1.8715,-0.0253000000000001
1993-03-17,1.8513,-0.020199999999999996
1993-03-18,1.8117,-0.03959999999999986
1993-03-19,1.8166,0.004899999999999904
1993-03-22,1.8216,0.0050000000000001155
1993-03-23,1.8053,-0.016300000000000203
1993-03-24,1.8198,0.01450000000000018
1993-03-25,1.8312,0.011399999999999855
1993-03-26,1.883,0.05180000000000007
1993-03-29,1.8754,-0.007600000000000051
1993-03-30,1.8626,-0.012799999999999923
1993-03-31,1.8688,0.006199999999999983
1993-04-01,1.8742,0.005400000000000071
1993-04-02,1.9125,0.0383
1993-04-05,1.9066,-0.005900000000000016
1993-04-06,1.8854,-0.021200000000000108
1993-04-07,1.8716,-0.013800000000000034
1993-04-08,1.8287,-0.04289999999999994
1993-04-13,1.7973,0.0010999999999998789
1993-04-14,1.7852,-0.0121
1993-04-15,1.7736,-0.011599999999999833
1993-04-16,1.7773,0.0037000000000000366
1993-04-21,1.7714,-0.004899999999999904
1993-04-22,1.7637,-0.00770000000000004
1993-04-23,1.7703,0.006599999999999939
1993-04-26,1.7857,0.01540000000000008
1993-04-27,1.8203,0.034599999999999964
1993-04-28,1.8296,0.009299999999999864
1993-04-29,1.8144,-0.01519999999999988
1993-05-04,1.7793,-0.01849999999999996
1993-05-05,1.7763,-0.0030000000000001137
1993-05-06,1.7676,-0.00869999999999993
1993-05-07,1.7722,0.0045999999999999375
1993-05-10,1.7633,-0.008899999999999908
1993-05-11,1.7555,-0.007800000000000029
1993-05-12,1.7684,0.012899999999999912
1993-05-13,1.7992,0.03079999999999994
1993-05-14,1.8107,0.011500000000000066
1993-05-17,1.8296,0.018899999999999917
1993-05-18,1.8472,0.01760000000000006
1993-05-19,1.8367,-0.010499999999999954
1993-05-20,1.8303,-0.006399999999999961
1993-05-21,1.8508,0.020499999999999963
1993-05-24,1.8513,0.0004999999999999449
1993-05-25,1.8454,-0.005900000000000016
1993-05-26,1.8216,-0.02379999999999982
1993-05-27,1.8104,-0.011200000000000099
1993-05-28,1.8189,0.008499999999999952
1993-06-02,1.7671,-0.018300000000000205
1993-06-03,1.747,-0.020099999999999785
1993-06-04,1.7763,0.02929999999999988
1993-06-07,1.7642,-0.0121
1993-06-08,1.7631,-0.001100000000000101
1993-06-09,1.7573,-0.005799999999999805
1993-06-10,1.7551,-0.0021999999999999797
1993-06-11,1.7187,-0.03640000000000021
1993-06-14,1.7122,-0.00649999999999995
1993-06-15,1.7078,-0.0043999999999999595
1993-06-16,1.7081,0.00029999999999996696
1993-06-17,1.7038,-0.0042999999999999705
1993-06-18,1.7115,0.00770000000000004
1993-06-21,1.6972,-0.01429999999999998
1993-06-22,1.6872,-0.010000000000000009
1993-06-23,1.681,-0.006199999999999983
1993-06-24,1.6629,-0.018100000000000005
1993-06-25,1.6443,-0.01859999999999995
1993-06-28,1.6252,-0.019100000000000117
1993-06-29,1.6191,-0.006099999999999994
1993-06-30,1.6232,0.0040999999999999925
1993-07-01,1.6295,0.006299999999999972
1993-07-02,1.6208,-0.00869999999999993
1993-07-07,1.6367,0.0028000000000001357
1993-07-08,1.6222,-0.014499999999999957
1993-07-09,1.6117,-0.010500000000000176
1993-07-12,1.6035,-0.008199999999999985
1993-07-13,1.6051,0.0016000000000000458
1993-07-14,1.5822,-0.02289999999999992
1993-07-15,1.5757,-0.00649999999999995
1993-07-16,1.5703,-0.005400000000000071
1993-07-19,1.5689,-0.0014000000000000679
1993-07-20,1.5846,0.015700000000000047
1993-07-21,1.6198,0.0351999999999999
1993-07-22,1.6556,0.035800000000000054
1993-07-23,1.6812,0.025600000000000067
1993-07-26,1.6798,-0.0014000000000000679
1993-07-27,1.6805,0.000700000000000145
1993-07-28,1.67,-0.010500000000000176
1993-07-29,1.6345,-0.035499999999999865
1993-07-30,1.6369,0.0023999999999999577
1993-08-02,1.6481,0.011199999999999877
1993-08-03,1.6406,-0.00749999999999984
1993-08-04,1.648,0.007399999999999851
1993-08-05,1.6517,0.0037000000000000366
1993-08-06,1.6534,0.0017000000000000348
1993-08-09,1.6413,-0.0121
1993-08-10,1.6417,0.00039999999999995595
1993-08-11,1.6371,-0.0045999999999999375
1993-08-12,1.6368,-0.00029999999999996696
1993-08-13,1.6238,-0.013000000000000123
1993-08-16,1.6044,-0.019399999999999862
1993-08-17,1.6079,0.0035000000000000586
1993-08-18,1.5987,-0.009200000000000097
1993-08-19,1.5756,-0.02310000000000012
1993-08-20,1.5633,-0.012299999999999978
1993-08-23,1.5991,0.035800000000000054
1993-08-24,1.5368,-0.06230000000000002
1993-08-25,1.5094,-0.02739999999999987
1993-08-26,1.4703,-0.039100000000000135
1993-08-31,1.4554,-0.006799999999999917
1993-09-01,1.4553,-9.999999999998899e-05
1993-09-02,1.4379,-0.017400000000000082
1993-09-03,1.3994,-0.03849999999999998
1993-09-08,1.3618,-0.008800000000000141
1993-09-09,1.4002,0.03839999999999999
1993-09-10,1.3832,-0.016999999999999904
1993-09-13,1.373,-0.010199999999999987
1993-09-14,1.4142,0.0411999999999999
1993-09-15,1.431,0.016800000000000148
1993-09-16,1.4319,0.0008999999999999009
1993-09-17,1.438,0.006099999999999994
1993-09-20,1.4503,0.012299999999999978
1993-09-21,1.4725,0.022199999999999998
1993-09-22,1.4727,0.00019999999999997797
1993-09-23,1.4693,-0.0033999999999998476
1993-09-24,1.4667,-0.0026000000000001577
1993-09-27,1.4241,-0.04259999999999997
1993-09-28,1.4049,-0.019199999999999884
1993-09-29,1.4189,0.014000000000000012
1993-09-30,1.4421,0.023199999999999887
1993-10-01,1.4234,-0.01869999999999994
1993-10-04,1.4149,-0.008499999999999952
1993-10-05,1.4112,-0.0037000000000000366
1993-10-06,1.4059,-0.005300000000000082
1993-10-07,1.4024,-0.0034999999999998366
1993-10-08,1.3695,-0.03290000000000015
1993-10-13,1.3601,-0.0032999999999998586
1993-10-14,1.3395,-0.020600000000000174
1993-10-15,1.318,-0.021499999999999853
1993-10-18,1.3449,0.026899999999999924
1993-10-19,1.3457,0.0007999999999999119
1993-10-20,1.3372,-0.008499999999999952
1993-10-21,1.373,0.035800000000000054
1993-10-22,1.4059,0.03289999999999993
1993-10-25,1.4409,0.03500000000000014
1993-10-26,1.4332,-0.00770000000000004
1993-10-27,1.4358,0.0025999999999999357
1993-11-01,1.4885,0.04709999999999992
1993-11-02,1.5247,0.03620000000000001
1993-11-03,1.5333,0.008600000000000163
1993-11-04,1.5507,0.01739999999999986
1993-11-05,1.5894,0.03869999999999996
1993-11-08,1.5766,-0.012799999999999923
1993-11-09,1.5565,-0.020100000000000007
1993-11-10,1.5737,0.017200000000000104
1993-11-15,1.5523,-9.999999999998899e-05
1993-11-16,1.5379,-0.014399999999999968
1993-11-17,1.5364,-0.0015000000000000568
1993-11-18,1.5602,0.023800000000000043
1993-11-19,1.6087,0.04849999999999999
1993-11-22,1.64,0.031299999999999883
1993-11-23,1.6216,-0.018399999999999972
1993-11-24,1.6228,0.0012000000000000899
1993-11-29,1.5926,-0.011700000000000044
1993-11-30,1.6109,0.018299999999999983
1993-12-01,1.6112,0.00029999999999996696
1993-12-02,1.6104,-0.0007999999999999119
1993-12-03,1.6114,0.0009999999999998899
1993-12-06,1.5807,-0.03069999999999995
1993-12-07,1.5708,-0.00990000000000002
1993-12-08,1.5653,-0.00550000000000006
1993-12-09,1.5543,-0.010999999999999899
1993-12-10,1.5746,0.020299999999999985
1993-12-13,1.5987,0.02410000000000001
1993-12-14,1.6213,0.022599999999999953
1993-12-15,1.6314,0.010099999999999998
1993-12-16,1.6386,0.007200000000000095
1993-12-17,1.6299,-0.008700000000000152
1993-12-20,1.637,0.007100000000000106
1993-12-21,1.6433,0.006299999999999972
1993-12-22,1.608,-0.03529999999999989
1993-12-23,1.5901,-0.017900000000000027
1993-12-28,1.5796,-0.0024000000000001798
1993-12-29,1.5878,0.008200000000000207
1993-12-30,1.5924,0.0045999999999999375
1993-12-31,1.6307,0.0383
1994-01-03,1.6781,0.04739999999999989
1994-01-04,1.6688,-0.009299999999999864
1994-01-05,1.6735,0.0046999999999999265
1994-01-06,1.6511,-0.022399999999999975
1994-01-07,1.5867,-0.06440000000000001
1994-01-10,1.5686,-0.018100000000000005
1994-01-11,1.561,-0.007600000000000051
1994-01-12,1.5368,-0.0242
1994-01-13,1.5779,0.041100000000000136
1994-01-14,1.6068,0.028899999999999926
1994-01-21,1.5872,0.0034999999999998366
1994-01-24,1.5908,0.0036000000000000476
1994-01-25,1.6037,0.012899999999999912
1994-01-26,1.6026,-0.0010999999999998789
1994-01-27,1.5817,-0.02089999999999992
1994-01-28,1.5518,-0.029900000000000038
1994-01-31,1.5535,0.0017000000000000348
1994-02-01,1.5755,0.021999999999999797
1994-02-02,1.5767,0.0012000000000000899
1994-02-03,1.5894,0.012699999999999934
1994-02-04,1.6367,0.04730000000000012
1994-02-07,1.6527,0.016000000000000014
1994-02-08,1.671,0.018299999999999983
1994-02-09,1.6625,-0.008499999999999952
1994-02-10,1.662,-0.000500000000000167
1994-02-11,1.6504,-0.011599999999999833
1994-02-14,1.6564,0.006000000000000005
1994-02-15,1.6506,-0.005800000000000027
1994-02-16,1.651,0.00039999999999995595
1994-02-17,1.6906,0.03960000000000008
1994-02-18,1.7297,0.03909999999999991
1994-02-23,1.7503,0.02059999999999995
1994-02-24,1.7859,0.035600000000000076
1994-02-25,1.7908,0.004899999999999904
1994-02-28,1.7761,-0.014699999999999935
1994-03-01,1.8124,0.0363
1994-03-02,1.8219,0.009500000000000064
1994-03-03,1.8419,0.020000000000000018
1994-03-04,1.8518,0.009899999999999798
1994-03-07,1.833,-0.018799999999999928
1994-03-08,1.8438,0.010800000000000143
1994-03-09,1.847,0.0031999999999998696
1994-03-10,1.8869,0.03990000000000005
1994-03-11,1.8874,0.0004999999999999449
1994-03-14,1.901,0.013600000000000056
1994-03-15,1.8912,-0.009800000000000031
1994-03-16,1.8593,-0.03190000000000004
1994-03-17,1.8586,-0.0006999999999999229
1994-03-18,1.8971,0.03849999999999998
1994-03-21,1.9242,0.027099999999999902
1994-03-22,1.8857,-0.03849999999999998
1994-03-23,1.8776,-0.008099999999999996
1994-03-24,1.9402,0.06259999999999999
1994-03-25,1.9642,0.02400000000000002
1994-03-28,1.9763,0.0121
1994-03-29,2.0127,0.03640000000000021
1994-03-30,2.0494,0.03669999999999973
1994-03-31,2.0618,0.012399999999999967
1994-04-05,2.1599,-0.048900000000000166
1994-04-06,2.1329,-0.027000000000000135
1994-04-07,2.1146,-0.018299999999999983
1994-04-08,2.1381,0.0235000000000003
1994-04-11,2.1403,0.0021999999999997577
1994-04-12,2.1158,-0.024499999999999744
1994-04-13,2.1396,0.023800000000000043
1994-04-14,2.1589,0.019299999999999873
1994-04-15,2.1529,-0.006000000000000227
1994-04-18,2.2104,0.05750000000000011
1994-04-19,2.192,-0.01839999999999975
1994-04-20,2.165,-0.027000000000000135
1994-04-21,2.0943,-0.07069999999999999
1994-04-22,2.0842,-0.010099999999999998
1994-04-25,2.0485,-0.03569999999999984
1994-04-26,2.0238,-0.024700000000000166
1994-04-29,2.1036,0.025000000000000355
1994-05-02,2.1205,0.016899999999999693
1994-05-03,2.1236,0.0031000000000003247
1994-05-04,2.1195,-0.004100000000000215
1994-05-05,2.1052,-0.01429999999999998
1994-05-06,2.1818,0.0766
1994-05-09,2.2365,0.05469999999999997
1994-05-10,2.1762,-0.0602999999999998
1994-05-11,2.2018,0.025599999999999845
1994-05-12,2.1996,-0.0021999999999997577
1994-05-13,2.1828,-0.01680000000000037
1994-05-16,2.1602,-0.02259999999999973
1994-05-17,2.0725,-0.08770000000000033
1994-05-18,2.0342,-0.0383
1994-05-19,1.997,-0.03719999999999968
1994-05-20,2.0121,0.015100000000000113
1994-05-23,2.0788,0.06669999999999998
1994-05-24,2.0799,0.0010999999999996568
1994-05-25,2.0696,-0.010299999999999976
1994-05-26,2.0585,-0.011099999999999888
1994-05-27,2.0667,0.008199999999999985
1994-06-01,2.0752,-0.013299999999999645
1994-06-02,2.0543,-0.02090000000000014
1994-06-03,2.0124,-0.04190000000000005
1994-06-06,1.9681,-0.044300000000000006
1994-06-07,1.9737,0.005600000000000049
1994-06-08,1.977,0.0033000000000000806
1994-06-09,1.9849,0.007900000000000018
1994-06-10,2.0115,0.026599999999999735
1994-06-13,2.0325,0.02100000000000035
1994-06-14,2.0098,-0.022700000000000387
1994-06-15,2.046,0.03620000000000001
1994-06-16,2.0451,-0.0008999999999996788
1994-06-17,2.077,0.03189999999999982
1994-06-20,2.0933,0.016300000000000203
1994-06-21,2.1169,0.02359999999999962
1994-06-22,2.0841,-0.03279999999999994
1994-06-23,2.0688,-0.01529999999999987
1994-06-24,2.1129,0.044099999999999806
1994-06-27,2.1089,-0.0039999999999995595
1994-06-28,2.1432,0.0343
1994-06-29,2.152,0.008799999999999919
1994-06-30,2.1965,0.04449999999999976
1994-07-01,2.1993,0.0028000000000001357
1994-07-06,2.1734,-0.010299999999999976
1994-07-07,2.1583,-0.015099999999999891
1994-07-12,2.1931,-0.01910000000000034
1994-07-13,2.1835,-0.009599999999999831
1994-07-14,2.1191,-0.06440000000000001
1994-07-15,2.1139,-0.005199999999999871
1994-07-18,2.0959,-0.018000000000000238
1994-07-19,2.0721,-0.023800000000000043
1994-07-20,2.1017,0.029600000000000293
1994-07-21,2.1193,0.017599999999999838
1994-07-22,2.1245,0.005199999999999871
1994-07-25,2.1119,-0.012599999999999945
1994-07-26,2.1075,-0.0043999999999999595
1994-07-27,2.1232,0.01570000000000027
1994-07-28,2.1277,0.0044999999999997264
1994-07-29,2.0523,-0.07540000000000013
1994-08-01,2.0433,-0.008999999999999897
1994-08-02,2.0244,-0.018899999999999917
1994-08-03,2.0175,-0.006899999999999906
1994-08-04,2.0265,0.008999999999999897
1994-08-05,2.0813,0.05480000000000018
1994-08-08,2.0881,0.006799999999999695
1994-08-09,2.1036,0.015500000000000291
1994-08-10,2.1066,0.0029999999999996696
1994-08-11,2.1316,0.025000000000000355
1994-08-12,2.1439,0.012299999999999756
1994-08-15,2.1152,-0.028699999999999726
1994-08-16,2.0495,-0.06570000000000009
1994-08-17,2.0156,-0.03390000000000004
1994-08-18,2.0549,0.03929999999999989
1994-08-19,2.0605,0.005600000000000271
1994-08-22,2.0823,0.02179999999999982
1994-08-23,2.0784,-0.0039000000000002366
1994-08-24,2.0483,-0.030100000000000016
1994-08-25,2.0714,0.023100000000000342
1994-08-26,2.0565,-0.014899999999999913
1994-08-29,2.051,-0.00550000000000006
1994-08-30,2.0332,-0.01780000000000026
1994-08-31,2.022,-0.011200000000000099
1994-09-01,2.0222,0.00020000000000042206
1994-09-02,2.0299,0.007699999999999818
1994-09-07,2.0764,0.01770000000000005
1994-09-08,2.0815,0.0051000000000001044
1994-09-09,2.1401,0.05859999999999976
1994-09-12,2.156,0.015900000000000247
1994-09-13,2.1517,-0.0043000000000001926
1994-09-14,2.1397,-0.01200000000000001
1994-09-15,2.1198,-0.019899999999999807
1994-09-16,2.1737,0.05390000000000006
1994-09-19,2.176,0.0022999999999999687
1994-09-20,2.1896,0.013599999999999834
1994-09-21,2.1899,0.000300000000000189
1994-09-22,2.1811,-0.008800000000000363
1994-09-23,2.181,-9.999999999976694e-05
1994-09-26,2.179,-0.002000000000000224
1994-09-27,2.192,0.013000000000000345
1994-09-28,2.1991,0.007099999999999884
1994-09-29,2.2265,0.02740000000000009
1994-09-30,2.2211,-0.0054000000000002935
1994-10-03,2.2256,0.0045000000000001705
1994-10-04,2.2198,-0.005799999999999805
1994-10-05,2.2352,0.015399999999999636
1994-10-06,2.2356,0.00039999999999995595
1994-10-12,2.1893,0.00019999999999997797
1994-10-13,2.1753,-0.01399999999999979
1994-10-14,2.1656,-0.009700000000000042
1994-10-17,2.1726,0.007000000000000117
1994-10-18,2.174,0.0013999999999998458
1994-10-19,2.1924,0.018400000000000194
1994-10-20,2.2365,0.044099999999999806
1994-10-21,2.2399,0.0034000000000000696
1994-10-24,2.2567,0.016799999999999926
1994-10-25,2.262,0.005300000000000082
1994-10-26,2.2716,0.009599999999999831
1994-10-27,2.2759,0.0043000000000001926
1994-10-28,2.252,-0.023900000000000254
1994-10-31,2.2413,-0.010699999999999932
1994-11-01,2.2733,0.03200000000000003
1994-11-02,2.2927,0.019400000000000084
1994-11-03,2.2989,0.006200000000000205
1994-11-04,2.3219,0.022999999999999687
1994-11-07,2.3237,0.0018000000000002458
1994-11-08,2.3055,-0.018200000000000216
1994-11-09,2.2796,-0.025900000000000034
1994-11-10,2.2885,0.00890000000000013
1994-11-15,2.2498,-0.025500000000000078
1994-11-16,2.2608,0.01100000000000012
1994-11-17,2.2808,0.020000000000000018
1994-11-18,2.2826,0.0017999999999998018
1994-11-21,2.2897,0.007099999999999884
1994-11-22,2.279,-0.010699999999999932
1994-11-23,2.2101,-0.06889999999999974
1994-11-28,2.208,0.012500000000000178
1994-11-29,2.2283,0.020299999999999763
1994-11-30,2.2004,-0.027899999999999814
1994-12-01,2.1963,-0.004100000000000215
1994-12-02,2.1443,-0.052000000000000046
1994-12-05,2.1291,-0.015199999999999658
1994-12-06,2.0692,-0.059900000000000286
1994-12-07,2.088,0.01880000000000015
1994-12-08,2.1003,0.012299999999999756
1994-12-09,2.0937,-0.006599999999999717
1994-12-12,2.1143,0.02059999999999995
1994-12-13,2.1027,-0.011600000000000055
1994-12-14,2.0783,-0.024399999999999977
1994-12-15,2.0855,0.007200000000000095
1994-12-16,2.1001,0.014599999999999724
1994-12-19,2.1037,0.0036000000000000476
1994-12-20,2.1077,0.0040000000000000036
1994-12-21,2.1118,0.004100000000000215
1994-12-22,2.1245,0.012699999999999712
1994-12-23,2.1205,-0.0040000000000000036
1994-12-28,2.0971,0.012800000000000367
1994-12-29,2.1153,0.018199999999999772
1994-12-30,2.1267,0.011400000000000077
1995-01-04,2.1177,-0.03289999999999971
1995-01-05,2.1286,0.01089999999999991
1995-01-06,2.1228,-0.005800000000000249
1995-01-09,2.1315,0.008700000000000152
1995-01-10,2.1151,-0.01639999999999997
1995-01-11,2.1083,-0.006800000000000139
1995-01-12,2.1217,0.0134000000000003
1995-01-13,2.0662,-0.05550000000000033
1995-01-18,2.0771,0.0009000000000001229
1995-01-19,2.0862,0.009099999999999664
1995-01-20,2.0962,0.010000000000000231
1995-01-23,2.1147,0.01849999999999996
1995-01-24,2.1239,0.009199999999999875
1995-01-25,2.0914,-0.03249999999999975
1995-01-26,2.0655,-0.025900000000000034
1995-01-27,2.0231,-0.042400000000000215
1995-01-30,2.0061,-0.016999999999999904
1995-01-31,1.9862,-0.01990000000000003
1995-02-01,1.991,0.0048000000000001375
1995-02-02,2.003,0.01200000000000001
1995-02-03,1.9289,-0.07410000000000005
1995-02-06,1.9284,-0.000500000000000167
1995-02-07,1.9283,-9.999999999998899e-05
1995-02-08,1.932,0.0037000000000000366
1995-02-09,1.9528,0.02080000000000015
1995-02-10,1.9806,0.027799999999999825
1995-02-13,1.9813,0.000700000000000145
1995-02-14,1.9481,-0.03320000000000012
1995-02-17,1.904,0.0019000000000000128
1995-02-22,1.8728,-0.03649999999999998
1995-02-23,1.8663,-0.00649999999999995
1995-02-24,1.8637,-0.0026000000000001577
1995-02-27,1.8279,-0.03579999999999983
1995-02-28,1.8119,-0.016000000000000014
1995-03-01,1.8032,-0.008700000000000152
1995-03-02,1.8264,0.02320000000000011
1995-03-03,1.8596,0.033199999999999896
1995-03-06,1.8832,0.023600000000000065
1995-03-07,1.8943,0.01110000000000011
1995-03-08,1.8649,-0.029400000000000093
1995-03-09,1.8336,-0.031300000000000106
1995-03-10,1.7983,-0.03529999999999989
1995-03-13,1.7711,-0.027200000000000113
1995-03-14,1.7274,-0.04369999999999985
1995-03-15,1.7221,-0.005300000000000082
1995-03-16,1.709,-0.01309999999999989
1995-03-17,1.7334,0.024399999999999977
1995-03-22,1.7887,0.027599999999999847
1995-03-23,1.7978,0.009100000000000108
1995-03-24,1.7631,-0.034700000000000175
1995-03-27,1.739,-0.024099999999999788
1995-03-28,1.7689,0.029899999999999816
1995-03-29,1.7823,0.013400000000000079
1995-03-30,1.7971,0.014799999999999924
1995-03-31,1.8116,0.01450000000000018
1995-04-03,1.7851,-0.02650000000000019
1995-04-04,1.7551,-0.029999999999999805
1995-04-05,1.7514,-0.0037000000000000366
1995-04-06,1.7414,-0.010000000000000009
1995-04-07,1.7463,0.004899999999999904
1995-04-10,1.7545,0.008199999999999985
1995-04-11,1.7461,-0.008399999999999963
1995-04-12,1.7366,-0.009500000000000064
1995-04-13,1.717,-0.01959999999999984
1995-04-18,1.7144,0.0022999999999999687
1995-04-19,1.7222,0.007800000000000029
1995-04-20,1.708,-0.01419999999999999
1995-04-21,1.7034,-0.0045999999999999375
1995-04-24,1.697,-0.006399999999999961
1995-04-25,1.6953,-0.0017000000000000348
1995-04-26,1.6941,-0.0012000000000000899
1995-04-27,1.7014,0.007300000000000084
1995-04-28,1.7133,0.011900000000000022
1995-05-01,1.7183,0.004999999999999893
1995-05-02,1.7005,-0.017800000000000038
1995-05-03,1.6642,-0.0363
1995-05-04,1.6206,-0.04359999999999986
1995-05-05,1.5455,-0.07509999999999994
1995-05-08,1.5347,-0.010800000000000143
1995-05-09,1.4889,-0.04580000000000006
1995-05-10,1.4998,0.010900000000000132
1995-05-11,1.5134,0.013600000000000056
1995-05-12,1.5163,0.0028999999999999027
1995-05-15,1.4938,-0.022499999999999964
1995-05-16,1.463,-0.03079999999999994
1995-05-17,1.4505,-0.012500000000000178
1995-05-18,1.4766,0.026100000000000012
1995-05-19,1.4803,0.0037000000000000366
1995-05-22,1.4865,0.006199999999999983
1995-05-23,1.4598,-0.026699999999999946
1995-05-24,1.3993,-0.0605
1995-05-25,1.3777,-0.021600000000000064
1995-05-26,1.3765,-0.0011999999999998678
1995-05-31,1.3336,-0.006300000000000194
1995-06-01,1.2956,-0.03799999999999981
1995-06-02,1.2569,-0.03870000000000018
1995-06-05,1.2462,-0.010699999999999932
1995-06-06,1.2521,0.005900000000000016
1995-06-07,1.2873,0.03520000000000012
1995-06-08,1.3111,0.02379999999999982
1995-06-09,1.3754,0.06430000000000002
1995-06-12,1.3828,0.007400000000000073
1995-06-13,1.2987,-0.08410000000000006
1995-06-14,1.2895,-0.009199999999999875
1995-06-15,1.3016,0.0121
1995-06-16,1.316,0.014399999999999968
1995-06-19,1.2867,-0.029300000000000104
1995-06-20,1.2941,0.007400000000000073
1995-06-21,1.2868,-0.007300000000000084
1995-06-22,1.2546,-0.032200000000000006
1995-06-23,1.2606,0.006000000000000005
1995-06-26,1.2815,0.02090000000000014
1995-06-27,1.299,0.01749999999999985
1995-06-28,1.2893,-0.009700000000000042
1995-06-29,1.3468,0.05750000000000011
1995-06-30,1.3357,-0.011099999999999888
1995-07-03,1.3313,-0.0044000000000001815
1995-07-06,1.2613,-0.05369999999999986
1995-07-07,1.2463,-0.015000000000000124
1995-07-10,1.2452,-0.0010999999999998789
1995-07-11,1.2628,0.017599999999999838
1995-07-12,1.2685,0.005700000000000038
1995-07-13,1.2714,0.0029000000000001247
1995-07-14,1.2966,0.02519999999999989
1995-07-17,1.3295,0.03289999999999993
1995-07-18,1.354,0.02450000000000019
1995-07-19,1.4246,0.0706
1995-07-20,1.441,0.01639999999999997
1995-07-21,1.4833,0.042300000000000004
1995-07-24,1.4696,-0.013700000000000045
1995-07-25,1.4562,-0.013400000000000079
1995-07-26,1.4758,0.019600000000000062
1995-07-27,1.4628,-0.0129999999999999
1995-07-28,1.482,0.019199999999999884
1995-07-31,1.4682,-0.013800000000000034
1995-08-01,1.4839,0.015700000000000047
1995-08-02,1.4609,-0.02299999999999991
1995-08-03,1.4903,0.02939999999999987
1995-08-04,1.485,-0.00529999999999986
1995-08-07,1.478,-0.007000000000000117
1995-08-08,1.4749,-0.0030999999999998806
1995-08-09,1.484,0.009099999999999886
1995-08-10,1.502,0.018000000000000016
1995-08-11,1.5444,0.04239999999999999
1995-08-14,1.5494,0.0050000000000001155
1995-08-15,1.542,-0.007400000000000073
1995-08-16,1.524,-0.018000000000000016
1995-08-17,1.5317,0.00770000000000004
1995-08-18,1.5318,9.999999999998899e-05
1995-08-21,1.5132,-0.01859999999999995
1995-08-22,1.5249,0.011699999999999822
1995-08-23,1.5358,0.010900000000000132
1995-08-24,1.5066,-0.029200000000000115
1995-08-25,1.4507,-0.05589999999999984
1995-08-28,1.4336,-0.017100000000000115
1995-08-29,1.44,0.006399999999999961
1995-08-30,1.4279,-0.0121
1995-08-31,1.41,-0.017900000000000027
1995-09-01,1.379,-0.030999999999999917
1995-09-06,1.3458,-0.011999999999999789
1995-09-07,1.3568,0.010999999999999899
1995-09-08,1.3668,0.010000000000000009
1995-09-11,1.3726,0.005800000000000027
1995-09-12,1.346,-0.026599999999999957
1995-09-13,1.3549,0.008899999999999908
1995-09-14,1.3186,-0.0363
1995-09-15,1.3243,0.005700000000000038
1995-09-18,1.3565,0.032200000000000006
1995-09-19,1.3545,-0.0020000000000000018
1995-09-20,1.3464,-0.008099999999999996
1995-09-21,1.3791,0.03269999999999995
1995-09-22,1.4007,0.021600000000000064
1995-09-25,1.4078,0.007099999999999884
1995-09-26,1.4095,0.0017000000000000348
1995-09-27,1.4252,0.015700000000000047
1995-09-28,1.4118,-0.013400000000000079
1995-09-29,1.3642,-0.047599999999999865
1995-10-02,1.3487,-0.01550000000000007
1995-10-03,1.3252,-0.023500000000000076
1995-10-04,1.307,-0.018199999999999994
1995-10-05,1.2935,-0.013499999999999845
1995-10-06,1.2847,-0.008800000000000141
1995-10-11,1.2897,0.0040999999999999925
1995-10-12,1.2784,-0.011300000000000088
1995-10-13,1.2348,-0.04360000000000008
1995-10-16,1.2257,-0.009099999999999886
1995-10-17,1.219,-0.006699999999999928
1995-10-18,1.231,0.01200000000000001
1995-10-19,1.2309,-9.999999999998899e-05
1995-10-20,1.2583,0.02739999999999987
1995-10-23,1.273,0.014699999999999935
1995-10-24,1.253,-0.020000000000000018
1995-10-25,1.2401,-0.012899999999999912
1995-10-26,1.2541,0.014000000000000012
1995-10-27,1.2557,0.0016000000000000458
1995-10-30,1.2528,-0.0029000000000001247
1995-10-31,1.2475,-0.00529999999999986
1995-11-01,1.2208,-0.026699999999999946
1995-11-02,1.195,-0.025800000000000045
1995-11-03,1.1945,-0.000500000000000167
1995-11-06,1.2025,0.008000000000000007
1995-11-07,1.2143,0.011800000000000033
1995-11-08,1.189,-0.025299999999999878
1995-11-09,1.1986,0.009600000000000053
1995-11-10,1.2154,0.016799999999999926
1995-11-13,1.2036,-0.011800000000000033
1995-11-14,1.1989,-0.0046999999999999265
1995-11-15,1.2118,0.012899999999999912
1995-11-16,1.1899,-0.02190000000000003
1995-11-17,1.1843,-0.005600000000000049
1995-11-20,1.1837,-0.0005999999999999339
1995-11-21,1.1978,0.014100000000000001
1995-11-22,1.2052,0.007400000000000073
1995-11-27,1.1902,-0.014800000000000146
1995-11-28,1.183,-0.007199999999999873
1995-11-29,1.1689,-0.014100000000000001
1995-11-30,1.1312,-0.03770000000000007
1995-12-01,1.1092,-0.02200000000000002
1995-12-04,1.0694,-0.03980000000000006
1995-12-05,1.0681,-0.0012999999999998568
1995-12-06,1.076,0.007900000000000018
1995-12-07,1.093,0.016999999999999904
1995-12-08,1.1075,0.014499999999999957
1995-12-11,1.0976,-0.00990000000000002
1995-12-12,1.1069,0.009300000000000086
1995-12-13,1.1131,0.006199999999999983
1995-12-14,1.1154,0.0022999999999999687
1995-12-15,1.1229,0.007500000000000062
1995-12-18,1.1709,0.04800000000000004
1995-12-19,1.1657,-0.0052000000000000934
1995-12-20,1.1601,-0.005600000000000049
1995-12-21,1.1725,0.012400000000000189
1995-12-22,1.1601,-0.012400000000000189
1995-12-27,1.1424,-0.013499999999999845
1995-12-28,1.1345,-0.007900000000000018
1995-12-29,1.11,-0.024499999999999966
1996-01-03,1.0854,-0.018600000000000172
1996-01-04,1.0992,0.013800000000000034
1996-01-05,1.1169,0.01770000000000005
1996-01-08,1.1173,0.00039999999999995595
1996-01-09,1.125,0.00770000000000004
1996-01-10,1.1669,0.04190000000000005
1996-01-11,1.1712,0.0042999999999999705
1996-01-12,1.1628,-0.008399999999999963
1996-01-17,1.1039,-0.034499999999999975
1996-01-18,1.0849,-0.019000000000000128
1996-01-19,1.0842,-0.0006999999999999229
1996-01-22,1.1064,0.022199999999999998
1996-01-23,1.1282,0.02180000000000004
1996-01-24,1.1145,-0.013700000000000045
1996-01-25,1.1457,0.031199999999999894
1996-01-26,1.1358,-0.00990000000000002
1996-01-29,1.1365,0.000700000000000145
1996-01-30,1.1207,-0.015800000000000036
1996-01-31,1.1084,-0.012299999999999978
1996-02-01,1.1104,0.0020000000000000018
1996-02-02,1.1296,0.019199999999999884
1996-02-05,1.1554,0.025800000000000045
1996-02-06,1.1523,-0.0030999999999998806
1996-02-07,1.1589,0.006599999999999939
1996-02-08,1.164,0.005099999999999882
1996-02-09,1.1605,-0.0034999999999998366
1996-02-12,1.136,-0.02450000000000019
1996-02-13,1.1189,-0.017099999999999893
1996-02-14,1.1284,0.009500000000000064
1996-02-15,1.1622,0.03379999999999983
1996-02-16,1.1934,0.031200000000000117
1996-02-21,1.3183,0.021500000000000075
1996-02-22,1.2976,-0.02069999999999994
1996-02-23,1.3155,0.017899999999999805
1996-02-26,1.3357,0.020200000000000218
1996-02-27,1.3587,0.02299999999999991
1996-02-28,1.3855,0.026799999999999935
1996-02-29,1.3983,0.012800000000000145
1996-03-01,1.3518,-0.04650000000000021
1996-03-04,1.3121,-0.039699999999999847
1996-03-05,1.3248,0.012699999999999934
1996-03-06,1.3564,0.03160000000000007
1996-03-07,1.3767,0.020299999999999985
1996-03-08,1.5071,0.13040000000000007
1996-03-11,1.5152,0.008099999999999996
1996-03-12,1.5289,0.013699999999999823
1996-03-13,1.5326,0.0037000000000000366
1996-03-14,1.5372,0.0045999999999999375
1996-03-15,1.571,0.03380000000000005
1996-03-18,1.5644,-0.006599999999999939
1996-03-19,1.5507,-0.013700000000000045
1996-03-20,1.5193,-0.03139999999999987
1996-03-21,1.5019,-0.017400000000000082
1996-03-22,1.5096,0.00770000000000004
1996-03-25,1.4875,-0.02210000000000001
1996-03-26,1.4774,-0.010099999999999998
1996-03-27,1.5121,0.03469999999999995
1996-03-28,1.5479,0.035800000000000054
1996-03-29,1.5295,-0.018399999999999972
1996-04-01,1.5148,-0.014700000000000157
1996-04-02,1.4865,-0.028299999999999992
1996-04-03,1.4888,0.0022999999999999687
1996-04-04,1.5169,0.028100000000000014
1996-04-05,1.6189,0.10200000000000009
1996-04-08,1.6575,0.03859999999999997
1996-04-09,1.6527,-0.0047999999999999154
1996-04-10,1.6783,0.025599999999999845
1996-04-11,1.7074,0.029100000000000126
1996-04-12,1.6577,-0.04970000000000008
1996-04-15,1.6301,-0.027599999999999847
1996-04-16,1.6287,-0.0014000000000000679
1996-04-17,1.6451,0.01639999999999997
1996-04-18,1.6671,0.02200000000000002
1996-04-19,1.6555,-0.011600000000000055
1996-04-22,1.6271,-0.02839999999999998
1996-04-23,1.6247,-0.0023999999999999577
1996-04-24,1.6362,0.011500000000000066
1996-04-25,1.6356,-0.000600000000000156
1996-04-26,1.6222,-0.013399999999999856
1996-04-29,1.6372,0.014999999999999902
1996-04-30,1.6633,0.026100000000000012
1996-05-01,1.6754,0.0121
1996-05-02,1.7421,0.06669999999999998
1996-05-03,1.7808,0.03869999999999996
1996-05-06,1.7781,-0.0026999999999999247
1996-05-07,1.7862,0.008099999999999996
1996-05-08,1.7693,-0.016899999999999915
1996-05-09,1.77,0.0006999999999999229
1996-05-10,1.7339,-0.03610000000000002
1996-05-13,1.7097,-0.0242
1996-05-14,1.6783,-0.031400000000000095
1996-05-15,1.6639,-0.014399999999999968
1996-05-16,1.6839,0.020000000000000018
1996-05-17,1.6709,-0.0129999999999999
1996-05-20,1.6515,-0.019400000000000084
1996-05-21,1.6564,0.0049000000000001265
1996-05-22,1.6462,-0.010199999999999987
1996-05-23,1.663,0.016799999999999926
1996-05-24,1.6566,-0.006399999999999961
1996-05-29,1.6956,0.03729999999999989
1996-05-30,1.7091,0.013500000000000068
1996-05-31,1.7456,0.03649999999999998
1996-06-03,1.7618,0.016199999999999992
1996-06-04,1.7535,-0.008299999999999974
1996-06-05,1.7375,-0.016000000000000014
1996-06-06,1.7047,-0.03279999999999994
1996-06-07,1.7658,0.06109999999999993
1996-06-10,1.7851,0.019299999999999873
1996-06-11,1.8015,0.016400000000000192
1996-06-12,1.8222,0.02069999999999994
1996-06-13,1.8239,0.0017000000000000348
1996-06-14,1.8009,-0.02300000000000013
1996-06-17,1.7792,-0.021700000000000053
1996-06-18,1.7835,0.0043000000000001926
1996-06-19,1.8003,0.016799999999999926
1996-06-20,1.8047,0.0043999999999999595
1996-06-21,1.7929,-0.011800000000000033
1996-06-24,1.7838,-0.009099999999999886
1996-06-25,1.7657,-0.018100000000000005
1996-06-26,1.759,-0.00670000000000015
1996-06-27,1.7287,-0.030299999999999994
1996-06-28,1.6812,-0.047499999999999876
1996-07-01,1.6681,-0.013100000000000112
1996-07-02,1.6762,0.008099999999999996
1996-07-03,1.6747,-0.0014999999999998348
1996-07-08,1.8044,0.0253000000000001
1996-07-09,1.7889,-0.01550000000000007
1996-07-10,1.7619,-0.026999999999999913
1996-07-11,1.7417,-0.020199999999999996
1996-07-12,1.7256,-0.016100000000000003
1996-07-15,1.7305,0.004899999999999904
1996-07-16,1.7133,-0.017199999999999882
1996-07-17,1.7049,-0.008399999999999963
1996-07-18,1.6582,-0.046700000000000186
1996-07-19,1.6707,0.012500000000000178
1996-07-22,1.6927,0.02200000000000002
1996-07-23,1.6865,-0.006199999999999983
1996-07-24,1.7023,0.015799999999999814
1996-07-25,1.7054,0.0031000000000001027
1996-07-26,1.702,-0.0034000000000000696
1996-07-29,1.7233,0.021300000000000097
1996-07-30,1.716,-0.007300000000000084
1996-07-31,1.6836,-0.032399999999999984
1996-08-01,1.6232,-0.06040000000000001
1996-08-02,1.5571,-0.06610000000000005
1996-08-05,1.5516,-0.005499999999999838
1996-08-06,1.5606,0.008999999999999897
1996-08-07,1.5645,0.0039000000000000146
1996-08-08,1.5698,0.005300000000000082
1996-08-09,1.5501,-0.01970000000000005
1996-08-12,1.543,-0.007100000000000106
1996-08-13,1.5718,0.02880000000000016
1996-08-14,1.5832,0.011399999999999855
1996-08-15,1.5999,0.01670000000000016
1996-08-16,1.5815,-0.018400000000000194
1996-08-19,1.5899,0.008400000000000185
1996-08-20,1.5918,0.0019000000000000128
1996-08-21,1.6037,0.0118999999999998
1996-08-22,1.6153,0.011600000000000055
1996-08-23,1.6579,0.04259999999999997
1996-08-28,1.7061,0.011299999999999866
1996-08-29,1.7278,0.021700000000000053
1996-08-30,1.7725,0.04469999999999996
1996-09-04,1.7647,0.00019999999999997797
1996-09-05,1.7751,0.010399999999999965
1996-09-06,1.7652,-0.009899999999999798
1996-09-09,1.7495,-0.015700000000000047
1996-09-10,1.7617,0.012199999999999989
1996-09-11,1.7675,0.005800000000000027
1996-09-12,1.7462,-0.021300000000000097
1996-09-13,1.6933,-0.05289999999999995
1996-09-16,1.6841,-0.009200000000000097
1996-09-17,1.7055,0.021400000000000086
1996-09-18,1.7169,0.011400000000000077
1996-09-19,1.7192,0.0022999999999999687
1996-09-20,1.7238,0.0045999999999999375
1996-09-23,1.7132,-0.010599999999999943
1996-09-24,1.6934,-0.01980000000000004
1996-09-25,1.6748,-0.01859999999999995
1996-09-26,1.6613,-0.013500000000000068
1996-09-27,1.6725,0.011200000000000099
1996-09-30,1.6923,0.019799999999999818
1996-10-01,1.6626,-0.029699999999999838
1996-10-02,1.6399,-0.022700000000000164
1996-10-03,1.6351,-0.0047999999999999154
1996-10-04,1.5823,-0.05279999999999996
1996-10-07,1.5849,0.0025999999999999357
1996-10-08,1.5861,0.0012000000000000899
1996-10-09,1.6023,0.016199999999999992
1996-10-10,1.627,0.024699999999999944
1996-10-11,1.6005,-0.026499999999999968
1996-10-16,1.5981,0.0035000000000000586
1996-10-17,1.5746,-0.023500000000000076
1996-10-18,1.5663,-0.008299999999999974
1996-10-21,1.5704,0.0040999999999999925
1996-10-22,1.5838,0.013400000000000079
1996-10-23,1.5836,-0.00020000000000020002
1996-10-24,1.5887,0.0051000000000001044
1996-10-25,1.5788,-0.00990000000000002
1996-10-28,1.5779,-0.0008999999999999009
1996-10-29,1.5174,-0.0605
1996-10-30,1.5047,-0.012700000000000156
1996-10-31,1.4889,-0.015800000000000036
1996-11-01,1.488,-0.0008999999999999009
1996-11-04,1.4797,-0.008299999999999974
1996-11-05,1.4481,-0.03160000000000007
1996-11-06,1.4444,-0.0037000000000000366
1996-11-07,1.4213,-0.0230999999999999
1996-11-08,1.4286,0.007300000000000084
1996-11-13,1.4,-0.0025000000000001688
1996-11-14,1.4656,0.0656000000000001
1996-11-15,1.4123,-0.0532999999999999
1996-11-18,1.4032,-0.009100000000000108
1996-11-19,1.3873,-0.015900000000000025
1996-11-20,1.3702,-0.017099999999999893
1996-11-21,1.3681,-0.0020999999999999908
1996-11-22,1.3691,0.0009999999999998899
1996-11-25,1.3619,-0.007199999999999873
1996-11-26,1.3596,-0.0023000000000001908
1996-11-27,1.3631,0.0035000000000000586
1996-12-02,1.3333,0.0018000000000000238
1996-12-03,1.3302,-0.0030999999999998806
1996-12-04,1.355,0.024799999999999933
1996-12-05,1.405,0.050000000000000044
1996-12-06,1.4333,0.028299999999999992
1996-12-09,1.4258,-0.007500000000000062
1996-12-10,1.4312,0.005400000000000071
1996-12-11,1.4953,0.06410000000000005
1996-12-12,1.5199,0.024599999999999955
1996-12-13,1.5011,-0.018799999999999928
1996-12-16,1.5157,0.014599999999999946
1996-12-17,1.528,0.012299999999999978
1996-12-18,1.5424,0.014399999999999968
1996-12-19,1.5048,-0.03760000000000008
1996-12-20,1.4935,-0.011299999999999866
1996-12-23,1.4822,-0.011300000000000088
1996-12-24,1.4799,-0.0022999999999999687
1996-12-27,1.4584,-0.01990000000000003
1996-12-30,1.4518,-0.006599999999999939
1996-12-31,1.4933,0.04150000000000009
1997-01-03,1.5502,0.0046999999999999265
1997-01-06,1.5613,0.011099999999999888
1997-01-07,1.5768,0.01550000000000007
1997-01-08,1.5923,0.01550000000000007
1997-01-09,1.5674,-0.024900000000000144
1997-01-10,1.6059,0.0385000000000002
1997-01-13,1.6129,0.006999999999999895
1997-01-14,1.5756,-0.03730000000000011
1997-01-15,1.5685,-0.007099999999999884
1997-01-16,1.5836,0.015099999999999891
1997-01-17,1.582,-0.0015999999999998238
1997-01-22,1.575,0.008499999999999952
1997-01-23,1.591,0.016000000000000014
1997-01-24,1.6102,0.019200000000000106
1997-01-27,1.6304,0.020199999999999996
1997-01-28,1.6212,-0.009200000000000097
1997-01-29,1.6171,-0.0040999999999999925
1997-01-30,1.6072,-0.00990000000000002
1997-01-31,1.5719,-0.03529999999999989
1997-02-03,1.5446,-0.027300000000000102
1997-02-04,1.5314,-0.013199999999999878
1997-02-05,1.5379,0.00649999999999995
1997-02-06,1.542,0.0040999999999999925
1997-02-07,1.5221,-0.01990000000000003
1997-02-10,1.5138,-0.008299999999999974
1997-02-11,1.512,-0.0018000000000000238
1997-02-14,1.4622,-0.023800000000000043
1997-02-19,1.4673,0.005700000000000038
1997-02-20,1.5001,0.03279999999999994
1997-02-21,1.5023,0.0021999999999999797
1997-02-24,1.513,0.010699999999999932
1997-02-25,1.5179,0.0049000000000001265
1997-02-26,1.5794,0.06149999999999989
1997-02-27,1.5971,0.01770000000000005
1997-02-28,1.5954,-0.0017000000000000348
1997-03-03,1.6017,0.006299999999999972
1997-03-04,1.6116,0.00990000000000002
1997-03-05,1.6143,0.0027000000000001467
1997-03-06,1.6252,0.01089999999999991
1997-03-07,1.6069,-0.018299999999999983
1997-03-10,1.6051,-0.0018000000000000238
1997-03-11,1.6084,0.0033000000000000806
1997-03-12,1.6211,0.012699999999999934
1997-03-13,1.6668,0.045700000000000074
1997-03-14,1.6685,0.0017000000000000348
1997-03-17,1.673,0.0044999999999999485
1997-03-18,1.6743,0.0012999999999998568
1997-03-19,1.6792,0.0049000000000001265
1997-03-20,1.6776,-0.0016000000000000458
1997-03-21,1.6699,-0.00770000000000004
1997-03-24,1.6559,-0.014000000000000012
1997-03-25,1.6569,0.001000000000000112
1997-03-26,1.6796,0.022699999999999942
1997-03-27,1.7285,0.048899999999999944
1997-04-01,1.7492,-0.00039999999999995595
1997-04-02,1.746,-0.0032000000000000917
1997-04-03,1.7447,-0.0013000000000000789
1997-04-04,1.7668,0.02210000000000001
1997-04-07,1.75,-0.016799999999999926
1997-04-08,1.7606,0.010599999999999943
1997-04-09,1.7638,0.0032000000000000917
1997-04-10,1.7628,-0.001000000000000112
1997-04-11,1.7876,0.024800000000000155
1997-04-14,1.7916,0.0040000000000000036
1997-04-15,1.7534,-0.03820000000000001
1997-04-16,1.7525,-0.0009000000000001229
1997-04-17,1.7345,-0.018000000000000016
1997-04-18,1.7227,-0.011800000000000033
1997-04-21,1.7348,0.0121
1997-04-22,1.7235,-0.011299999999999866
1997-04-23,1.737,0.013500000000000068
1997-04-24,1.7603,0.023299999999999876
1997-04-25,1.7714,0.01110000000000011
1997-04-28,1.7619,-0.009500000000000064
1997-04-29,1.7015,-0.06040000000000001
1997-04-30,1.6686,-0.03289999999999993
1997-05-01,1.6546,-0.014000000000000012
1997-05-02,1.6452,-0.009400000000000075
1997-05-05,1.6431,-0.0020999999999999908
1997-05-06,1.6397,-0.0034000000000000696
1997-05-07,1.672,0.032299999999999995
1997-05-08,1.6634,-0.008599999999999941
1997-05-09,1.6425,-0.02089999999999992
1997-05-12,1.6348,-0.00770000000000004
1997-05-13,1.6562,0.021399999999999864
1997-05-14,1.648,-0.008199999999999985
1997-05-15,1.6438,-0.0041999999999999815
1997-05-16,1.6515,0.00770000000000004
1997-05-19,1.6466,-0.004899999999999904
1997-05-20,1.6336,-0.013000000000000123
1997-05-21,1.6592,0.025600000000000067
1997-05-22,1.6805,0.021300000000000097
1997-05-23,1.667,-0.013500000000000068
1997-05-28,1.7101,0.01079999999999992
1997-05-29,1.7042,-0.005900000000000016
1997-05-30,1.6779,-0.02629999999999999
1997-06-02,1.6733,-0.0045999999999999375
1997-06-03,1.6581,-0.015200000000000102
1997-06-04,1.6461,-0.01200000000000001
1997-06-05,1.6397,-0.006399999999999961
1997-06-06,1.5962,-0.04349999999999987
1997-06-09,1.6062,0.010000000000000009
1997-06-10,1.6167,0.010499999999999954
1997-06-11,1.621,0.0042999999999999705
1997-06-12,1.5915,-0.02950000000000008
1997-06-13,1.567,-0.024499999999999966
1997-06-16,1.5523,-0.014699999999999935
1997-06-17,1.5567,0.0043999999999999595
1997-06-18,1.5481,-0.008599999999999941
1997-06-19,1.5435,-0.0045999999999999375
1997-06-20,1.5301,-0.013400000000000079
1997-06-23,1.5332,0.0030999999999998806
1997-06-24,1.5401,0.006900000000000128
1997-06-25,1.558,0.017900000000000027
1997-06-26,1.5787,0.02069999999999994
1997-06-27,1.5842,0.00550000000000006
1997-06-30,1.5918,0.007600000000000051
1997-07-01,1.5653,-0.02650000000000019
1997-07-02,1.5457,-0.01959999999999984
1997-07-03,1.4995,-0.04620000000000002
1997-07-08,1.4728,-0.0047999999999999154
1997-07-09,1.4597,-0.013100000000000112
1997-07-10,1.4562,-0.0035000000000000586
1997-07-11,1.446,-0.010199999999999987
1997-07-14,1.451,0.0050000000000001155
1997-07-15,1.4476,-0.0034000000000000696
1997-07-16,1.4235,-0.02410000000000001
1997-07-17,1.4173,-0.006199999999999983
1997-07-18,1.4295,0.012199999999999989
1997-07-21,1.4373,0.007800000000000029
1997-07-22,1.398,-0.03930000000000011
1997-07-23,1.3845,-0.013499999999999845
1997-07-24,1.3824,-0.0020999999999999908
1997-07-25,1.3899,0.00749999999999984
1997-07-28,1.3847,-0.005199999999999871
1997-07-29,1.3558,-0.028900000000000148
1997-07-30,1.3335,-0.022299999999999986
1997-07-31,1.3114,-0.02210000000000001
1997-08-01,1.3753,0.06390000000000007
1997-08-04,1.3993,0.02400000000000002
1997-08-05,1.407,0.00770000000000004
1997-08-06,1.4018,-0.0052000000000000934
1997-08-07,1.4005,-0.0012999999999998568
1997-08-08,1.466,0.06549999999999989
1997-08-11,1.4765,0.010499999999999954
1997-08-12,1.493,0.01650000000000018
1997-08-13,1.4853,-0.00770000000000004
1997-08-14,1.4532,-0.03210000000000002
1997-08-15,1.4465,-0.00670000000000015
1997-08-18,1.4264,-0.020100000000000007
1997-08-19,1.4273,0.0009000000000001229
1997-08-20,1.4376,0.010299999999999976
1997-08-21,1.4615,0.023900000000000032
1997-08-22,1.4955,0.03400000000000003
1997-08-25,1.5098,0.01429999999999998
1997-08-26,1.5099,9.999999999998899e-05
1997-08-27,1.5108,0.0008999999999999009
1997-08-28,1.4786,-0.032200000000000006
1997-08-29,1.4878,0.009200000000000097
1997-09-03,1.4901,0.011199999999999877
1997-09-04,1.4982,0.008099999999999996
1997-09-05,1.512,0.013800000000000034
1997-09-08,1.5047,-0.007300000000000084
1997-09-09,1.5067,0.0020000000000000018
1997-09-10,1.5211,0.014399999999999968
1997-09-11,1.5327,0.011600000000000055
1997-09-12,1.5,-0.03269999999999995
1997-09-15,1.4873,-0.012699999999999934
1997-09-16,1.4158,-0.07150000000000012
1997-09-17,1.3939,-0.02190000000000003
1997-09-18,1.3948,0.0009000000000001229
1997-09-19,1.3902,-0.0045999999999999375
1997-09-22,1.3795,-0.010700000000000154
1997-09-23,1.3941,0.014599999999999946
1997-09-24,1.3855,-0.008599999999999941
1997-09-25,1.4225,0.037000000000000144
1997-09-26,1.4123,-0.010199999999999987
1997-09-29,1.4127,0.00039999999999995595
1997-09-30,1.412,-0.000700000000000145
1997-10-01,1.3749,-0.03709999999999991
1997-10-02,1.3566,-0.018299999999999983
1997-10-03,1.352,-0.0045999999999999375
1997-10-06,1.3353,-0.01670000000000016
1997-10-07,1.3203,-0.014999999999999902
1997-10-08,1.3683,0.04800000000000004
1997-10-09,1.3806,0.012299999999999978
1997-10-10,1.4063,0.025700000000000056
1997-10-15,1.3934,0.009299999999999864
1997-10-16,1.3947,0.0013000000000000789
1997-10-17,1.426,0.031299999999999883
1997-10-20,1.4263,0.00029999999999996696
1997-10-21,1.4217,-0.0045999999999999375
1997-10-22,1.4067,-0.014999999999999902
1997-10-23,1.3648,-0.04190000000000005
1997-10-24,1.3433,-0.021500000000000075
1997-10-27,1.2993,-0.04400000000000004
1997-10-28,1.3108,0.011500000000000066
1997-10-29,1.2871,-0.023700000000000054
1997-10-30,1.259,-0.028100000000000014
1997-10-31,1.246,-0.0129999999999999
1997-11-03,1.263,0.016999999999999904
1997-11-04,1.2807,0.01770000000000005
1997-11-05,1.282,0.0013000000000000789
1997-11-06,1.2622,-0.01980000000000004
1997-11-07,1.2559,-0.006299999999999972
1997-11-10,1.2533,-0.0025999999999999357
1997-11-13,1.2372,-0.008399999999999963
1997-11-14,1.2345,-0.0027000000000001467
1997-11-17,1.2283,-0.006199999999999983
1997-11-18,1.2214,-0.006899999999999906
1997-11-19,1.2045,-0.016900000000000137
1997-11-20,1.21,0.00550000000000006
1997-11-21,1.2029,-0.007099999999999884
1997-11-24,1.2148,0.011900000000000022
1997-11-25,1.2112,-0.0036000000000000476
1997-11-26,1.2151,0.0039000000000000146
1997-12-01,1.2183,0.00039999999999995595
1997-12-02,1.2167,-0.0016000000000000458
1997-12-03,1.2052,-0.011499999999999844
1997-12-04,1.2022,-0.0030000000000001137
1997-12-05,1.2274,0.02520000000000011
1997-12-08,1.2456,0.018199999999999994
1997-12-09,1.2477,0.0020999999999999908
1997-12-10,1.2352,-0.012499999999999956
1997-12-11,1.2092,-0.026000000000000023
1997-12-12,1.1765,-0.03269999999999995
1997-12-15,1.1812,0.0046999999999999265
1997-12-16,1.176,-0.0052000000000000934
1997-12-17,1.1833,0.007300000000000084
1997-12-18,1.1644,-0.018899999999999917
1997-12-19,1.1419,-0.022500000000000187
1997-12-22,1.1204,-0.021499999999999853
1997-12-23,1.1123,-0.008099999999999996
1997-12-24,1.1193,0.006999999999999895
1997-12-29,1.1287,0.0040000000000000036
1997-12-30,1.1427,0.014000000000000012
1997-12-31,1.1325,-0.010199999999999987
1998-01-05,1.0469,-0.05500000000000016
1998-01-06,1.0281,-0.018799999999999928
1998-01-07,1.0473,0.019199999999999884
1998-01-08,1.0304,-0.016899999999999915
1998-01-09,1.0063,-0.02410000000000001
1998-01-12,1.0078,0.0015000000000000568
1998-01-13,1.0148,0.006999999999999895
1998-01-14,1.0294,0.014600000000000168
1998-01-15,1.0403,0.01089999999999991
1998-01-16,1.0664,0.026100000000000012
1998-01-21,1.0711,-0.009100000000000108
1998-01-22,1.0731,0.0020000000000000018
1998-01-23,1.1267,0.05360000000000009
1998-01-26,1.1185,-0.008199999999999985
1998-01-27,1.1352,0.016699999999999937
1998-01-28,1.1344,-0.0007999999999999119
1998-01-29,1.0866,-0.047800000000000065
1998-01-30,1.0636,-0.02299999999999991
1998-02-02,1.0723,0.00869999999999993
1998-02-03,1.0675,-0.0048000000000001375
1998-02-04,1.074,0.006500000000000172
1998-02-05,1.1039,0.029900000000000038
1998-02-06,1.1095,0.005599999999999827
1998-02-09,1.1246,0.015100000000000113
1998-02-10,1.1184,-0.006199999999999983
1998-02-11,1.0918,-0.026599999999999957
1998-02-12,1.0856,-0.006200000000000205
1998-02-13,1.0692,-0.01639999999999997
1998-02-18,1.0598,0.008400000000000185
1998-02-19,1.0675,0.007699999999999818
1998-02-20,1.0771,0.009600000000000053
1998-02-23,1.0926,0.01550000000000007
1998-02-24,1.1449,0.05230000000000001
1998-02-25,1.1262,-0.01869999999999994
1998-02-26,1.1279,0.0016999999999998128
1998-02-27,1.1171,-0.01079999999999992
1998-03-02,1.1492,0.03210000000000002
1998-03-03,1.1843,0.03509999999999991
1998-03-04,1.1932,0.00890000000000013
1998-03-05,1.2095,0.01629999999999998
1998-03-06,1.197,-0.012499999999999956
1998-03-09,1.1756,-0.021400000000000086
1998-03-10,1.1737,-0.0019000000000000128
1998-03-11,1.1596,-0.014100000000000001
1998-03-12,1.1322,-0.02739999999999987
1998-03-13,1.1303,-0.0019000000000000128
1998-03-16,1.1169,-0.013400000000000079
1998-03-17,1.1162,-0.0006999999999999229
1998-03-18,1.1195,0.0032999999999998586
1998-03-19,1.1195,0.0
1998-03-20,1.1139,-0.005600000000000049
1998-03-23,1.1122,-0.0016999999999998128
1998-03-24,1.114,0.0018000000000000238
1998-03-25,1.139,0.02499999999999991
1998-03-26,1.159,0.020000000000000018
1998-03-27,1.1671,0.008099999999999996
1998-03-30,1.1806,0.013500000000000068
1998-03-31,1.1632,-0.017400000000000082
1998-04-01,1.1432,-0.020000000000000018
1998-04-02,1.1222,-0.020999999999999908
1998-04-03,1.0831,-0.039100000000000135
1998-04-06,1.0885,0.005400000000000071
1998-04-07,1.0983,0.009800000000000031
1998-04-08,1.1202,0.02190000000000003
1998-04-09,1.1268,0.006599999999999939
1998-04-14,1.1364,-0.01200000000000001
1998-04-15,1.1307,-0.005700000000000038
1998-04-16,1.1273,-0.0034000000000000696
1998-04-17,1.13,0.0026999999999999247
1998-04-20,1.1514,0.021400000000000086
1998-04-21,1.1717,0.020299999999999985
1998-04-22,1.1766,0.0049000000000001265
1998-04-23,1.1809,0.0042999999999999705
1998-04-24,1.1732,-0.00770000000000004
1998-04-27,1.2237,0.05049999999999999
1998-04-28,1.2369,0.0132000000000001
1998-04-29,1.245,0.008099999999999996
1998-04-30,1.2027,-0.042300000000000004
1998-05-01,1.1873,-0.01540000000000008
1998-05-04,1.1817,-0.005600000000000049
1998-05-05,1.1863,0.0045999999999999375
1998-05-06,1.1676,-0.01869999999999994
1998-05-07,1.1657,-0.0019000000000000128
1998-05-08,1.1767,0.01100000000000012
1998-05-11,1.2063,0.02959999999999985
1998-05-12,1.1811,-0.02519999999999989
1998-05-13,1.1649,-0.016199999999999992
1998-05-14,1.1694,0.0044999999999999485
1998-05-15,1.1682,-0.0012000000000000899
1998-05-18,1.1476,-0.02059999999999995
1998-05-19,1.1483,0.000700000000000145
1998-05-20,1.131,-0.017300000000000093
1998-05-21,1.1403,0.009300000000000086
1998-05-22,1.1354,-0.0049000000000001265
1998-05-27,1.1132,-0.008099999999999996
1998-05-28,1.1199,0.006699999999999928
1998-05-29,1.1235,0.0036000000000000476
1998-06-01,1.1195,-0.0040000000000000036
1998-06-02,1.124,0.0045000000000001705
1998-06-03,1.1245,0.0004999999999999449
1998-06-04,1.1328,0.008299999999999974
1998-06-05,1.1293,-0.0035000000000000586
1998-06-08,1.1252,-0.0040999999999999925
1998-06-09,1.1205,-0.0046999999999999265
1998-06-10,1.0914,-0.029100000000000126
1998-06-11,1.054,-0.03739999999999988
1998-06-12,1.041,-0.013000000000000123
1998-06-15,1.0257,-0.01529999999999987
1998-06-16,1.0444,0.01869999999999994
1998-06-17,1.0794,0.03499999999999992
1998-06-18,1.0744,-0.004999999999999893
1998-06-19,1.0635,-0.010900000000000132
1998-06-22,1.0626,-0.0008999999999999009
1998-06-23,1.056,-0.006599999999999939
1998-06-24,1.0647,0.00869999999999993
1998-06-25,1.0742,0.009500000000000064
1998-06-26,1.0729,-0.0013000000000000789
1998-06-29,1.0797,0.006800000000000139
1998-06-30,1.0657,-0.014000000000000012
1998-07-01,1.0575,-0.008199999999999985
1998-07-02,1.0477,-0.009800000000000031
1998-07-07,1.0419,0.0035000000000000586
1998-07-08,1.0459,0.0040000000000000036
1998-07-09,1.0364,-0.009500000000000064
1998-07-10,1.0381,0.0017000000000000348
1998-07-13,1.0557,0.01760000000000006
1998-07-14,1.065,0.009299999999999864
1998-07-15,1.0658,0.0008000000000001339
1998-07-16,1.0732,0.007399999999999851
1998-07-17,1.0815,0.008299999999999974
1998-07-20,1.0709,-0.010599999999999943
1998-07-21,1.0598,-0.011099999999999888
1998-07-22,1.0629,0.0030999999999998806
1998-07-23,1.057,-0.005900000000000016
1998-07-24,1.0596,0.0026000000000001577
1998-07-27,1.066,0.006399999999999961
1998-07-28,1.0795,0.013499999999999845
1998-07-29,1.0932,0.013700000000000045
1998-07-30,1.0898,-0.0033999999999998476
1998-07-31,1.0868,-0.0030000000000001137
1998-08-03,1.0644,-0.022399999999999975
1998-08-04,1.0481,-0.01629999999999998
1998-08-05,1.0427,-0.005400000000000071
1998-08-06,1.048,0.005300000000000082
1998-08-07,1.0349,-0.013100000000000112
1998-08-10,1.0381,0.0032000000000000917
1998-08-11,1.0235,-0.014599999999999946
1998-08-12,1.0264,0.0028999999999999027
1998-08-13,1.0397,0.01330000000000009
1998-08-14,1.0283,-0.011400000000000077
1998-08-17,1.0207,-0.007600000000000051
1998-08-18,1.0211,0.00039999999999995595
1998-08-19,1.021,-9.999999999998899e-05
1998-08-20,1.0084,-0.012599999999999945
1998-08-21,0.9825,-0.025899999999999923
1998-08-24,0.9627,-0.01980000000000004
1998-08-25,0.9378,-0.024900000000000033
1998-08-26,0.9361,-0.0016999999999999238
1998-08-27,0.8965,-0.03960000000000008
1998-08-28,0.8897,-0.006799999999999917
1998-08-31,0.8773,-0.012400000000000078
1998-09-01,0.8798,0.0025000000000000577
1998-09-02,0.8965,0.016699999999999937
1998-09-03,0.8836,-0.012899999999999912
1998-09-04,0.873,-0.010600000000000054
1998-09-09,0.8371,-0.0403
1998-09-10,0.7658,-0.07129999999999992
1998-09-11,0.781,0.015199999999999991
1998-09-14,0.7861,0.005099999999999993
1998-09-15,0.8004,0.01429999999999998
1998-09-16,0.7993,-0.0010999999999999899
1998-09-17,0.7755,-0.023800000000000043
1998-09-18,0.7481,-0.02739999999999998
1998-09-21,0.7391,-0.009000000000000008
1998-09-22,0.744,0.0049000000000000155
1998-09-23,0.7318,-0.012199999999999989
1998-09-24,0.7269,-0.0049000000000000155
1998-09-25,0.7263,-0.0006000000000000449
1998-09-28,0.7355,0.009200000000000097
1998-09-29,0.7263,-0.009200000000000097
1998-09-30,0.6761,-0.05019999999999991
1998-10-01,0.634,-0.042100000000000026
1998-10-02,0.6287,-0.005299999999999971
1998-10-05,0.5835,-0.04520000000000002
1998-10-06,0.6077,0.0242
1998-10-07,0.6586,0.050899999999999945
1998-10-08,0.7761,0.11750000000000005
1998-10-09,0.9022,0.1261
1998-10-14,0.8745,-0.053199999999999914
1998-10-15,0.8549,-0.019600000000000062
1998-10-16,0.8166,-0.0383
1998-10-19,0.8173,0.0007000000000000339
1998-10-20,0.8455,0.028200000000000003
1998-10-21,0.8568,0.011299999999999977
1998-10-22,0.8688,0.01200000000000001
1998-10-23,0.9,0.031200000000000006
1998-10-26,0.889,-0.01100000000000001
1998-10-27,0.8459,-0.04310000000000003
1998-10-28,0.8027,-0.043200000000000016
1998-10-29,0.7616,-0.041099999999999914
1998-10-30,0.7828,0.021199999999999997
1998-11-02,0.8288,0.04599999999999993
1998-11-03,0.8234,-0.00539999999999996
1998-11-04,0.866,0.04259999999999997
1998-11-05,0.8669,0.0009000000000000119
1998-11-06,0.9071,0.040200000000000014
1998-11-09,0.8849,-0.022199999999999998
1998-11-10,0.8646,-0.020299999999999985
1998-11-13,0.862,0.010299999999999976
1998-11-16,0.8744,0.012399999999999967
1998-11-17,0.893,0.01860000000000006
1998-11-18,0.8895,-0.0035000000000000586
1998-11-19,0.9015,0.01200000000000001
1998-11-20,0.8881,-0.013399999999999967
1998-11-23,0.8836,-0.0044999999999999485
1998-11-24,0.8819,-0.0017000000000000348
1998-11-25,0.8768,-0.005099999999999993
1998-11-30,0.8203,-0.04479999999999995
1998-12-01,0.7879,-0.032399999999999984
1998-12-02,0.7471,-0.04080000000000006
1998-12-03,0.741,-0.006099999999999994
1998-12-04,0.7683,0.02729999999999999
1998-12-07,0.8035,0.03520000000000001
1998-12-08,0.781,-0.022499999999999964
1998-12-09,0.7608,-0.020199999999999996
1998-12-10,0.7349,-0.025900000000000034
1998-12-11,0.7594,0.024499999999999966
1998-12-14,0.7491,-0.010299999999999976
1998-12-15,0.77,0.02090000000000003
1998-12-16,0.7576,-0.012399999999999967
1998-12-17,0.7625,0.004899999999999904
1998-12-18,0.7676,0.005099999999999993
1998-12-21,0.7951,0.02750000000000008
1998-12-22,0.8221,0.027000000000000024
1998-12-23,0.8708,0.048699999999999966
1998-12-24,0.9088,0.038000000000000034
1998-12-29,0.8491,-0.03500000000000003
1998-12-30,0.8299,-0.019199999999999995
1998-12-31,0.8337,0.0038000000000000256
1999-01-05,0.8662,0.022499999999999964
1999-01-06,0.8577,-0.008499999999999952
1999-01-07,0.8803,0.022599999999999953
1999-01-08,0.9231,0.04280000000000006
1999-01-11,0.9476,0.024499999999999966
1999-01-12,0.9293,-0.018299999999999983
1999-01-13,0.9048,-0.024499999999999966
1999-01-14,0.8626,-0.042200000000000015
1999-01-15,0.8724,0.00979999999999992
1999-01-20,0.9161,0.020500000000000074
1999-01-21,0.9002,-0.015900000000000025
1999-01-22,0.8706,-0.02959999999999996
1999-01-25,0.8638,-0.006800000000000028
1999-01-26,0.8646,0.0008000000000000229
1999-01-27,0.8559,-0.008700000000000041
1999-01-28,0.8427,-0.01319999999999999
1999-01-29,0.833,-0.009700000000000042
1999-02-01,0.8671,0.03410000000000002
1999-02-02,0.8942,0.027100000000000013
1999-02-03,0.9182,0.02400000000000002
1999-02-04,0.9567,0.03849999999999998
1999-02-05,0.9827,0.026000000000000023
1999-02-08,0.982,-0.0007000000000000339
1999-02-09,0.9688,-0.01319999999999999
1999-02-10,0.9712,0.0023999999999999577
1999-02-11,0.9807,0.009500000000000064
1999-02-12,1.0441,0.06340000000000001
1999-02-17,1.0243,-0.021400000000000086
1999-02-18,1.0426,0.018299999999999983
1999-02-19,1.0526,0.010000000000000009
1999-02-22,1.0356,-0.016999999999999904
1999-02-23,1.0566,0.020999999999999908
1999-02-24,1.0902,0.033600000000000074
1999-02-25,1.145,0.05479999999999996
1999-02-26,1.1395,-0.00550000000000006
1999-03-01,1.173,0.033500000000000085
1999-03-02,1.1609,-0.0121
1999-03-03,1.1772,0.01629999999999998
1999-03-04,1.195,0.017800000000000038
1999-03-05,1.1747,-0.020299999999999985
1999-03-08,1.1589,-0.015800000000000036
1999-03-09,1.1246,-0.0343
1999-03-10,1.1275,0.0028999999999999027
1999-03-11,1.1303,0.0028000000000001357
1999-03-12,1.1152,-0.015100000000000113
1999-03-15,1.1037,-0.011500000000000066
1999-03-16,1.0848,-0.018899999999999917
1999-03-17,1.0948,0.010000000000000009
1999-03-18,1.0906,-0.0041999999999999815
1999-03-19,1.1157,0.0250999999999999
1999-03-22,1.1379,0.022199999999999998
1999-03-23,1.1435,0.005600000000000049
1999-03-24,1.1332,-0.010299999999999976
1999-03-25,1.152,0.018799999999999928
1999-03-26,1.1556,0.0036000000000000476
1999-03-29,1.1775,0.02190000000000003
1999-03-30,1.1608,-0.016699999999999937
1999-03-31,1.1684,0.007600000000000051
1999-04-01,1.1872,0.018799999999999928
1999-04-06,1.1226,-0.03529999999999989
1999-04-07,1.1167,-0.005900000000000016
1999-04-08,1.0724,-0.044300000000000006
1999-04-09,1.0661,-0.006299999999999972
1999-04-12,1.0683,0.0021999999999999797
1999-04-13,1.0909,0.022599999999999953
1999-04-14,1.1041,0.0132000000000001
1999-04-15,1.1211,0.016999999999999904
1999-04-16,1.1435,0.022399999999999975
1999-04-19,1.1282,-0.01529999999999987
1999-04-20,1.1118,-0.016400000000000192
1999-04-21,1.1129,0.001100000000000101
1999-04-22,1.1465,0.033600000000000074
1999-04-23,1.1459,-0.000600000000000156
1999-04-26,1.1312,-0.014699999999999935
1999-04-27,1.1295,-0.0017000000000000348
1999-04-28,1.1324,0.0029000000000001247
1999-04-29,1.1022,-0.030200000000000005
1999-04-30,1.1542,0.051999999999999824
1999-05-03,1.1675,0.01330000000000009
1999-05-04,1.1858,0.018299999999999983
1999-05-05,1.1799,-0.005900000000000016
1999-05-06,1.2247,0.04479999999999995
1999-05-07,1.2488,0.02410000000000001
1999-05-10,1.2466,-0.0021999999999999797
1999-05-11,1.2669,0.020299999999999985
1999-05-12,1.2656,-0.0012999999999998568
1999-05-13,1.2234,-0.042200000000000015
1999-05-14,1.2853,0.061900000000000066
1999-05-17,1.3112,0.025899999999999812
1999-05-18,1.3274,0.016199999999999992
1999-05-19,1.3103,-0.017099999999999893
1999-05-20,1.3156,0.005300000000000082
1999-05-21,1.2925,-0.02310000000000012
1999-05-24,1.2781,-0.014399999999999968
1999-05-25,1.2749,-0.0032000000000000917
1999-05-26,1.2943,0.019400000000000084
1999-05-27,1.3286,0.0343
1999-06-02,1.3982,0.007500000000000062
1999-06-03,1.399,0.0007999999999999119
1999-06-04,1.4098,0.01079999999999992
1999-06-07,1.413,0.0032000000000000917
1999-06-08,1.417,0.0040000000000000036
1999-06-09,1.4311,0.014100000000000001
1999-06-10,1.4498,0.01869999999999994
1999-06-11,1.4848,0.03499999999999992
1999-06-14,1.4752,-0.009599999999999831
1999-06-15,1.4672,-0.008000000000000007
1999-06-16,1.4561,-0.01110000000000011
1999-06-17,1.3993,-0.05679999999999996
1999-06-18,1.4051,0.005800000000000027
1999-06-21,1.4262,0.021099999999999897
1999-06-22,1.4452,0.019000000000000128
1999-06-23,1.474,0.028799999999999937
1999-06-24,1.4977,0.023700000000000054
1999-06-25,1.4898,-0.007900000000000018
1999-06-28,1.4585,-0.031300000000000106
1999-06-29,1.4353,-0.023199999999999887
1999-06-30,1.3809,-0.054400000000000004
1999-07-01,1.3921,0.011199999999999877
1999-07-02,1.3911,-0.0009999999999998899
1999-07-07,1.443,0.026499999999999968
1999-07-08,1.4256,-0.017400000000000082
1999-07-09,1.4224,-0.0031999999999998696
1999-07-14,1.372,0.0013000000000000789
1999-07-15,1.3689,-0.0031000000000001027
1999-07-16,1.3534,-0.01550000000000007
1999-07-19,1.3454,-0.008000000000000007
1999-07-20,1.3392,-0.006199999999999983
1999-07-23,1.4277,0.03469999999999995
1999-07-26,1.4378,0.010099999999999998
1999-07-27,1.422,-0.015800000000000036
1999-07-28,1.4161,-0.005900000000000016
1999-07-29,1.4452,0.029100000000000126
1999-07-30,1.4629,0.01770000000000005
1999-08-02,1.4664,0.0034999999999998366
1999-08-03,1.4666,0.00019999999999997797
1999-08-04,1.4646,-0.0020000000000000018
1999-08-05,1.4422,-0.022399999999999975
1999-08-06,1.4971,0.05490000000000017
1999-08-09,1.5382,0.041099999999999914
1999-08-10,1.5502,0.01200000000000001
1999-08-11,1.537,-0.0132000000000001
1999-08-12,1.5495,0.012500000000000178
1999-08-13,1.5116,-0.037900000000000045
1999-08-16,1.5016,-0.010000000000000009
1999-08-17,1.4566,-0.04500000000000015
1999-08-18,1.4431,-0.013499999999999845
1999-08-19,1.4505,0.007399999999999851
1999-08-20,1.4431,-0.007399999999999851
1999-08-23,1.4318,-0.011300000000000088
1999-08-24,1.4031,-0.028699999999999948
1999-08-25,1.3525,-0.05059999999999998
1999-08-26,1.3504,-0.0020999999999999908
1999-08-27,1.3825,0.03210000000000002
1999-08-30,1.4295,0.04699999999999993
1999-08-31,1.447,0.01750000000000007
1999-09-01,1.4531,0.006099999999999994
1999-09-02,1.4747,0.02159999999999984
1999-09-03,1.4339,-0.04079999999999995
1999-09-08,1.4552,-0.0011999999999998678
1999-09-09,1.4744,0.019199999999999884
1999-09-10,1.4541,-0.020299999999999985
1999-09-13,1.4593,0.0052000000000000934
1999-09-14,1.4807,0.021399999999999864
1999-09-15,1.4782,-0.0024999999999999467
1999-09-16,1.4642,-0.014000000000000012
1999-09-17,1.4515,-0.012699999999999934
1999-09-20,1.4657,0.01419999999999999
1999-09-21,1.4724,0.006699999999999928
1999-09-22,1.4647,-0.00770000000000004
1999-09-23,1.4347,-0.029999999999999805
1999-09-24,1.388,-0.046700000000000186
1999-09-27,1.4054,0.017400000000000082
1999-09-28,1.4347,0.029300000000000104
1999-09-29,1.4792,0.044499999999999984
1999-09-30,1.4546,-0.024600000000000177
1999-10-01,1.4947,0.040100000000000025
1999-10-04,1.4839,-0.01079999999999992
1999-10-05,1.5117,0.027800000000000047
1999-10-06,1.5271,0.015399999999999858
1999-10-07,1.531,0.0039000000000000146
1999-10-08,1.5301,-0.0008999999999999009
1999-10-13,1.5553,0.01739999999999986
1999-10-14,1.5774,0.02210000000000001
1999-10-15,1.5455,-0.03189999999999982
1999-10-18,1.5456,9.999999999998899e-05
1999-10-19,1.5609,0.01529999999999987
1999-10-20,1.5642,0.0033000000000000806
1999-10-21,1.5701,0.005900000000000016
1999-10-22,1.5763,0.006199999999999983
1999-10-25,1.583,0.006699999999999928
1999-10-26,1.5831,9.999999999998899e-05
1999-10-27,1.5559,-0.02719999999999989
1999-10-28,1.5167,-0.039200000000000124
1999-10-29,1.4613,-0.055399999999999894
1999-11-01,1.4599,-0.0014000000000000679
1999-11-02,1.4427,-0.017199999999999882
1999-11-03,1.4304,-0.0123000000000002
1999-11-04,1.4048,-0.025599999999999845
1999-11-05,1.3787,-0.026100000000000012
1999-11-08,1.3725,-0.006199999999999983
1999-11-09,1.3742,0.0017000000000000348
1999-11-10,1.3831,0.008899999999999908
1999-11-15,1.3435,-0.0121
1999-11-16,1.3467,0.0032000000000000917
1999-11-17,1.3799,0.033199999999999896
1999-11-18,1.4007,0.02080000000000015
1999-11-19,1.4098,0.009099999999999886
1999-11-22,1.4242,0.014399999999999968
1999-11-23,1.4238,-0.00039999999999995595
1999-11-24,1.4208,-0.0029999999999998916
1999-11-29,1.4606,0.02939999999999987
1999-11-30,1.4522,-0.008399999999999963
1999-12-01,1.4667,0.014499999999999957
1999-12-02,1.4813,0.014600000000000168
1999-12-03,1.4583,-0.02300000000000013
1999-12-06,1.445,-0.013299999999999867
1999-12-07,1.4239,-0.02110000000000012
1999-12-08,1.4326,0.008700000000000152
1999-12-09,1.4253,-0.007300000000000084
1999-12-10,1.3907,-0.034599999999999964
1999-12-13,1.3836,-0.007100000000000106
1999-12-14,1.4232,0.03960000000000008
1999-12-15,1.4475,0.02429999999999999
1999-12-16,1.478,0.03049999999999997
1999-12-17,1.483,0.0050000000000001155
1999-12-20,1.5017,0.01869999999999994
1999-12-21,1.508,0.006299999999999972
1999-12-22,1.5135,0.00550000000000006
1999-12-23,1.5306,0.017099999999999893
1999-12-28,1.5487,0.01739999999999986
1999-12-29,1.5546,0.005900000000000016
1999-12-30,1.5567,0.0020999999999999908
1999-12-31,1.5763,0.019600000000000062
2000-01-03,1.6145,0.03820000000000001
2000-01-04,1.5835,-0.03100000000000014
2000-01-05,1.6203,0.036800000000000166
2000-01-06,1.6068,-0.013500000000000068
2000-01-07,1.5914,-0.01540000000000008
2000-01-10,1.6065,0.015100000000000113
2000-01-11,1.6424,0.03590000000000004
2000-01-12,1.6662,0.02379999999999982
2000-01-13,1.6337,-0.03249999999999997
2000-01-14,1.6421,0.008399999999999963
2000-01-19,1.6629,-0.0035000000000000586
2000-01-20,1.6674,0.0044999999999999485
2000-01-21,1.6618,-0.005600000000000049
2000-01-24,1.6282,-0.03359999999999985
2000-01-25,1.6158,-0.012400000000000189
2000-01-26,1.6055,-0.010299999999999976
2000-01-27,1.6014,-0.0040999999999999925
2000-01-28,1.5854,-0.016000000000000014
2000-01-31,1.5888,0.0034000000000000696
2000-02-01,1.5709,-0.017900000000000027
2000-02-02,1.5641,-0.006799999999999917
2000-02-03,1.527,-0.03710000000000013
2000-02-04,1.5335,0.006500000000000172
2000-02-07,1.5752,0.04169999999999985
2000-02-08,1.5559,-0.019299999999999873
2000-02-09,1.5724,0.01649999999999996
2000-02-10,1.6013,0.028899999999999926
2000-02-11,1.5952,-0.006099999999999994
2000-02-14,1.565,-0.030200000000000005
2000-02-15,1.5639,-0.0010999999999998789
2000-02-16,1.5646,0.0006999999999999229
2000-02-17,1.5714,0.006799999999999917
2000-02-18,1.536,-0.035399999999999876
2000-02-23,1.4938,0.014599999999999946
2000-02-24,1.4656,-0.028200000000000003
2000-02-25,1.458,-0.007600000000000051
2000-02-28,1.4623,0.0042999999999999705
2000-02-29,1.4812,0.01890000000000014
2000-03-01,1.4776,-0.0036000000000000476
2000-03-02,1.476,-0.0016000000000000458
2000-03-03,1.4676,-0.008399999999999963
2000-03-06,1.4774,0.009800000000000031
2000-03-07,1.4672,-0.010199999999999987
2000-03-08,1.4652,-0.0020000000000000018
2000-03-09,1.4551,-0.010099999999999998
2000-03-10,1.4682,0.01309999999999989
2000-03-13,1.4565,-0.011700000000000044
2000-03-14,1.4298,-0.026699999999999946
2000-03-15,1.4125,-0.01729999999999987
2000-03-16,1.3935,-0.019000000000000128
2000-03-17,1.3685,-0.02499999999999991
2000-03-20,1.3564,-0.0121
2000-03-21,1.3356,-0.02080000000000015
2000-03-22,1.329,-0.006599999999999939
2000-03-23,1.3143,-0.014699999999999935
2000-03-24,1.3526,0.0383
2000-03-27,1.3628,0.010199999999999987
2000-03-28,1.3494,-0.013400000000000079
2000-03-29,1.3456,-0.0038000000000000256
2000-03-30,1.301,-0.04459999999999997
2000-03-31,1.2759,-0.0250999999999999
2000-04-03,1.2593,-0.016599999999999948
2000-04-04,1.2127,-0.0466000000000002
2000-04-05,1.2051,-0.007599999999999829
2000-04-06,1.2119,0.006799999999999917
2000-04-07,1.1918,-0.020100000000000007
2000-04-10,1.1692,-0.022599999999999953
2000-04-11,1.2018,0.03259999999999996
2000-04-12,1.2448,0.04299999999999993
2000-04-13,1.2433,-0.0014999999999998348
2000-04-14,1.2105,-0.03280000000000016
2000-04-17,1.2652,0.05470000000000019
2000-04-18,1.2881,0.02289999999999992
2000-04-19,1.2689,-0.019200000000000106
2000-04-20,1.2632,-0.005699999999999816
2000-04-25,1.3164,0.050999999999999934
2000-04-26,1.3335,0.017099999999999893
2000-04-27,1.3744,0.04090000000000016
2000-04-28,1.3783,0.0039000000000000146
2000-05-01,1.3867,0.008399999999999963
2000-05-02,1.3936,0.006899999999999906
2000-05-03,1.4231,0.02950000000000008
2000-05-04,1.4534,0.030299999999999994
2000-05-05,1.4764,0.02299999999999991
2000-05-08,1.4962,0.01980000000000004
2000-05-09,1.4754,-0.02079999999999993
2000-05-10,1.4382,-0.03720000000000012
2000-05-11,1.4163,-0.02190000000000003
2000-05-12,1.4432,0.026900000000000146
2000-05-15,1.4293,-0.013900000000000023
2000-05-16,1.4088,-0.020499999999999963
2000-05-17,1.4292,0.020399999999999974
2000-05-18,1.48,0.050799999999999956
2000-05-19,1.4778,-0.0021999999999999797
2000-05-22,1.4541,-0.023700000000000054
2000-05-23,1.4433,-0.01079999999999992
2000-05-24,1.4567,0.013400000000000079
2000-05-25,1.4292,-0.02750000000000008
2000-05-26,1.399,-0.030200000000000005
2000-05-31,1.3933,-0.02320000000000011
2000-06-01,1.3517,-0.04160000000000008
2000-06-02,1.3142,-0.03749999999999987
2000-06-05,1.2897,-0.024499999999999966
2000-06-06,1.2802,-0.009500000000000064
2000-06-07,1.2717,-0.008499999999999952
2000-06-08,1.2713,-0.00039999999999995595
2000-06-09,1.272,0.0006999999999999229
2000-06-12,1.2616,-0.010399999999999965
2000-06-13,1.2552,-0.006399999999999961
2000-06-14,1.2484,-0.006800000000000139
2000-06-15,1.2504,0.0020000000000000018
2000-06-16,1.229,-0.021399999999999864
2000-06-19,1.2334,0.0043999999999999595
2000-06-20,1.246,0.012599999999999945
2000-06-21,1.2823,0.0363
2000-06-22,1.2924,0.010099999999999998
2000-06-23,1.3174,0.02499999999999991
2000-06-26,1.2944,-0.02299999999999991
2000-06-27,1.2832,-0.011200000000000099
2000-06-28,1.2858,0.0026000000000001577
2000-06-29,1.2523,-0.033500000000000085
2000-06-30,1.2379,-0.014399999999999968
2000-07-03,1.2129,-0.02499999999999991
2000-07-06,1.2157,0.020100000000000007
2000-07-07,1.192,-0.023700000000000054
2000-07-10,1.1933,0.0013000000000000789
2000-07-11,1.1974,0.0040999999999999925
2000-07-12,1.2021,0.0046999999999999265
2000-07-13,1.169,-0.03309999999999991
2000-07-14,1.2007,0.03170000000000006
2000-07-17,1.2343,0.03359999999999985
2000-07-18,1.2379,0.0036000000000000476
2000-07-19,1.2409,0.0029999999999998916
2000-07-20,1.1793,-0.06159999999999988
2000-07-21,1.1623,-0.016999999999999904
2000-07-24,1.1679,0.005599999999999827
2000-07-25,1.1636,-0.0042999999999999705
2000-07-26,1.1609,-0.0026999999999999247
2000-07-27,1.1435,-0.017400000000000082
2000-07-28,1.1516,0.008099999999999996
2000-07-31,1.1502,-0.0014000000000000679
2000-08-01,1.1246,-0.025599999999999845
2000-08-02,1.1084,-0.016199999999999992
2000-08-03,1.096,-0.012399999999999967
2000-08-04,1.0758,-0.020199999999999996
2000-08-07,1.0907,0.014899999999999913
2000-08-08,1.0766,-0.014100000000000001
2000-08-09,1.0704,-0.006199999999999983
2000-08-10,1.0536,-0.016799999999999926
2000-08-11,1.0693,0.015699999999999825
2000-08-14,1.065,-0.0042999999999999705
2000-08-15,1.0722,0.007200000000000095
2000-08-16,1.0849,0.012699999999999934
2000-08-17,1.0829,-0.0020000000000000018
2000-08-18,1.0677,-0.01519999999999988
2000-08-21,1.0681,0.00039999999999995595
2000-08-22,1.0623,-0.005800000000000027
2000-08-23,1.0376,-0.024699999999999944
2000-08-24,1.0253,-0.012299999999999978
2000-08-25,1.0209,-0.0044000000000001815
2000-08-28,1.0348,0.013900000000000023
2000-08-29,1.0563,0.021500000000000075
2000-08-30,1.0586,0.0022999999999999687
2000-08-31,1.0274,-0.031199999999999894
2000-09-01,1.0005,-0.026900000000000146
2000-09-06,1.0209,0.020199999999999996
2000-09-07,1.0417,0.02080000000000015
2000-09-08,1.0412,-0.000500000000000167
2000-09-11,1.0597,0.018500000000000183
2000-09-12,1.0716,0.011900000000000022
2000-09-13,1.0612,-0.010400000000000187
2000-09-14,1.0752,0.014000000000000012
2000-09-15,1.0853,0.010099999999999998
2000-09-18,1.0947,0.009400000000000075
2000-09-19,1.0944,-0.00029999999999996696
2000-09-20,1.111,0.016599999999999948
2000-09-21,1.1041,-0.006899999999999906
2000-09-22,1.0903,-0.013800000000000034
2000-09-25,1.0854,-0.0049000000000001265
2000-09-26,1.0682,-0.017199999999999882
2000-09-27,1.0641,-0.0040999999999999925
2000-09-28,1.0558,-0.008299999999999974
2000-09-29,1.0438,-0.01200000000000001
2000-10-02,1.0506,0.006799999999999917
2000-10-03,1.0608,0.010199999999999987
2000-10-04,1.0718,0.01100000000000012
2000-10-05,1.0607,-0.01110000000000011
2000-10-06,1.0409,-0.01980000000000004
2000-10-11,1.0093,-0.017099999999999893
2000-10-12,0.9903,-0.019000000000000128
2000-10-13,0.9906,0.000300000000000078
2000-10-16,0.9961,0.005499999999999949
2000-10-17,0.9643,-0.03179999999999994
2000-10-18,0.9512,-0.0131
2000-10-19,0.9453,-0.005900000000000016
2000-10-20,0.9309,-0.01440000000000008
2000-10-23,0.9027,-0.028200000000000003
2000-10-24,0.9082,0.00550000000000006
2000-10-25,0.9232,0.015000000000000013
2000-10-26,0.9278,0.0045999999999999375
2000-10-27,0.9376,0.009800000000000031
2000-10-30,0.9481,0.010500000000000065
2000-10-31,0.961,0.012899999999999912
2000-11-01,0.9549,-0.006099999999999994
2000-11-02,0.9517,-0.0031999999999999806
2000-11-03,0.9876,0.03590000000000004
2000-11-06,1.0073,0.01970000000000005
2000-11-07,1.0128,0.005499999999999838
2000-11-08,1.0101,-0.0026999999999999247
2000-11-09,0.9898,-0.020299999999999985
2000-11-10,0.9862,-0.0036000000000000476
2000-11-13,0.9713,-0.014899999999999913
2000-11-14,0.9617,-0.009600000000000053
2000-11-15,0.9441,-0.01759999999999995
2000-11-16,0.9286,-0.01550000000000007
2000-11-17,0.9352,0.00660000000000005
2000-11-20,0.9278,-0.007400000000000073
2000-11-21,0.9192,-0.008599999999999941
2000-11-22,0.8959,-0.023299999999999987
2000-11-27,0.8976,0.006799999999999917
2000-11-28,0.88,-0.01759999999999995
2000-11-29,0.8657,-0.01429999999999998
2000-11-30,0.8355,-0.030200000000000005
2000-12-01,0.8479,0.012399999999999967
2000-12-04,0.8585,0.010600000000000054
2000-12-05,0.8362,-0.022299999999999986
2000-12-06,0.7975,-0.03870000000000007
2000-12-07,0.7893,-0.008199999999999985
2000-12-08,0.8069,0.01759999999999995
2000-12-11,0.8132,0.006300000000000083
2000-12-12,0.8123,-0.0009000000000000119
2000-12-13,0.7817,-0.03060000000000007
2000-12-14,0.7551,-0.026599999999999957
2000-12-15,0.7381,-0.017000000000000015
2000-12-18,0.7274,-0.010699999999999932
2000-12-19,0.7369,0.009499999999999953
2000-12-20,0.7154,-0.021499999999999964
2000-12-21,0.7278,0.012399999999999967
2000-12-22,0.7497,0.02190000000000003
2000-12-27,0.7626,0.020199999999999996
2000-12-28,0.7679,0.005300000000000082
2000-12-29,0.7575,-0.010400000000000076
2001-01-03,0.7622,0.08279999999999998
2001-01-04,0.7754,0.01319999999999999
2001-01-05,0.7717,-0.0036999999999999256
2001-01-08,0.7866,0.014899999999999913
2001-01-09,0.8133,0.026700000000000057
2001-01-10,0.8538,0.04049999999999998
2001-01-11,0.8748,0.02100000000000002
2001-01-12,0.9175,0.04269999999999996
2001-01-17,0.8825,-0.03170000000000006
2001-01-18,0.8472,-0.0353
2001-01-19,0.8811,0.03390000000000004
2001-01-22,0.908,0.026900000000000035
2001-01-23,0.9406,0.03259999999999996
2001-01-24,0.9591,0.01849999999999996
2001-01-25,0.9478,-0.011299999999999977
2001-01-26,0.9548,0.007000000000000006
2001-01-29,0.9729,0.018100000000000005
2001-01-30,0.9529,-0.020000000000000018
2001-01-31,0.9386,-0.01429999999999998
2001-02-01,0.9054,-0.03320000000000001
2001-02-02,0.922,0.01660000000000006
2001-02-05,0.9196,-0.0024000000000000687
2001-02-06,0.9326,0.013000000000000012
2001-02-07,0.9304,-0.0021999999999999797
2001-02-08,0.933,0.0026000000000000467
2001-02-09,0.903,-0.030000000000000027
2001-02-12,0.9091,0.006099999999999994
2001-02-13,0.9198,0.010699999999999932
2001-02-14,0.9378,0.018000000000000016
2001-02-15,0.9707,0.03290000000000004
2001-02-16,0.9489,-0.02180000000000004
2001-02-21,0.9546,0.012700000000000045
2001-02-22,0.961,0.006399999999999961
2001-02-23,0.9534,-0.00759999999999994
2001-02-26,0.9456,-0.007800000000000029
2001-02-27,0.9156,-0.030000000000000027
2001-02-28,0.8932,-0.022399999999999975
2001-03-01,0.8689,-0.02429999999999999
2001-03-02,0.9003,0.031399999999999983
2001-03-05,0.9154,0.015100000000000002
2001-03-06,0.925,0.009600000000000053
2001-03-07,0.9087,-0.016300000000000092
2001-03-08,0.901,-0.007699999999999929
2001-03-09,0.9168,0.015799999999999925
2001-03-12,0.9159,-0.0008999999999999009
2001-03-13,0.9272,0.011299999999999977
2001-03-14,0.8991,-0.028100000000000014
2001-03-15,0.8862,-0.012900000000000023
2001-03-16,0.8788,-0.007399999999999962
2001-03-19,0.8969,0.018100000000000005
2001-03-20,0.8861,-0.010800000000000032
2001-03-21,0.8907,0.0046000000000000485
2001-03-22,0.8809,-0.009800000000000031
2001-03-23,0.9086,0.027699999999999947
2001-03-26,0.9389,0.030299999999999994
2001-03-27,1.0036,0.06470000000000009
2001-03-28,1.0134,0.009800000000000031
2001-03-29,1.0206,0.007199999999999873
2001-03-30,1.0054,-0.01519999999999988
2001-04-02,1.0214,0.016000000000000014
2001-04-03,1.0156,-0.005800000000000027
2001-04-04,1.0185,0.0028999999999999027
2001-04-05,1.0403,0.02180000000000004
2001-04-06,1.0174,-0.02289999999999992
2001-04-09,1.0339,0.01649999999999996
2001-04-10,1.0968,0.06289999999999996
2001-04-11,1.114,0.017200000000000104
2001-04-12,1.1401,0.02609999999999979
2001-04-17,1.1577,-0.021700000000000053
2001-04-18,1.134,-0.023700000000000054
2001-04-19,1.1918,0.057800000000000074
2001-04-20,1.2282,0.03639999999999999
2001-04-23,1.212,-0.016199999999999992
2001-04-24,1.2177,0.005700000000000038
2001-04-25,1.2446,0.026899999999999924
2001-04-26,1.217,-0.027599999999999847
2001-04-27,1.2656,0.04859999999999998
2001-04-30,1.2719,0.006299999999999972
2001-05-01,1.2522,-0.01970000000000005
2001-05-02,1.247,-0.005199999999999871
2001-05-03,1.2158,-0.031200000000000117
2001-05-04,1.2082,-0.007600000000000051
2001-05-07,1.2126,0.0043999999999999595
2001-05-08,1.2265,0.013900000000000023
2001-05-09,1.2157,-0.01079999999999992
2001-05-10,1.2591,0.043400000000000105
2001-05-11,1.345,0.08589999999999987
2001-05-14,1.3495,0.0044999999999999485
2001-05-15,1.3727,0.02320000000000011
2001-05-16,1.3818,0.009099999999999886
2001-05-17,1.3881,0.006299999999999972
2001-05-18,1.3818,-0.006299999999999972
2001-05-21,1.3732,-0.008599999999999941
2001-05-22,1.3713,-0.0019000000000000128
2001-05-23,1.3683,-0.0029999999999998916
2001-05-24,1.4027,0.034399999999999986
2001-05-25,1.4123,0.009600000000000053
2001-05-30,1.4258,0.0024999999999999467
2001-05-31,1.387,-0.038799999999999946
2001-06-01,1.367,-0.020000000000000018
2001-06-04,1.3509,-0.016100000000000003
2001-06-05,1.3255,-0.02540000000000009
2001-06-06,1.3185,-0.006999999999999895
2001-06-07,1.3362,0.01770000000000005
2001-06-08,1.354,0.017800000000000038
2001-06-11,1.3379,-0.016100000000000003
2001-06-12,1.3192,-0.01870000000000016
2001-06-13,1.318,-0.0011999999999998678
2001-06-14,1.3036,-0.014399999999999968
2001-06-15,1.3047,0.0010999999999998789
2001-06-18,1.3068,0.0020999999999999908
2001-06-19,1.3042,-0.0025999999999999357
2001-06-20,1.3004,-0.0038000000000000256
2001-06-21,1.2936,-0.006799999999999917
2001-06-22,1.2683,-0.0253000000000001
2001-06-25,1.2699,0.0016000000000000458
2001-06-26,1.3018,0.03190000000000004
2001-06-27,1.3185,0.016699999999999937
2001-06-28,1.3487,0.030200000000000005
2001-06-29,1.3742,0.025500000000000078
2001-07-02,1.3517,-0.022500000000000187
2001-07-03,1.3599,0.008200000000000207
2001-07-06,1.3675,-0.009700000000000042
2001-07-09,1.351,-0.01649999999999996
2001-07-10,1.3285,-0.022499999999999964
2001-07-11,1.326,-0.0024999999999999467
2001-07-12,1.3153,-0.010700000000000154
2001-07-13,1.3124,-0.0028999999999999027
2001-07-16,1.2847,-0.027700000000000058
2001-07-17,1.2799,-0.0047999999999999154
2001-07-18,1.2408,-0.039100000000000135
2001-07-19,1.2394,-0.0013999999999998458
2001-07-20,1.2467,0.007299999999999862
2001-07-23,1.2381,-0.008599999999999941
2001-07-24,1.2283,-0.009800000000000031
2001-07-25,1.2532,0.024900000000000144
2001-07-26,1.251,-0.002200000000000202
2001-07-27,1.2264,-0.024599999999999955
2001-07-30,1.2125,-0.013900000000000023
2001-07-31,1.1931,-0.019399999999999862
2001-08-01,1.2058,0.012699999999999934
2001-08-02,1.2368,0.030999999999999917
2001-08-03,1.2552,0.018400000000000194
2001-08-06,1.257,0.0017999999999998018
2001-08-07,1.2613,0.0043000000000001926
2001-08-08,1.2192,-0.042100000000000026
2001-08-09,1.2305,0.011299999999999866
2001-08-10,1.2217,-0.008799999999999919
2001-08-13,1.2087,-0.0129999999999999
2001-08-14,1.2112,0.0024999999999999467
2001-08-15,1.2237,0.012499999999999956
2001-08-16,1.2104,-0.01330000000000009
2001-08-17,1.1732,-0.0371999999999999
2001-08-20,1.1851,0.011900000000000022
2001-08-21,1.1751,-0.010000000000000009
2001-08-22,1.1818,0.006699999999999928
2001-08-23,1.1735,-0.008299999999999974
2001-08-24,1.1853,0.011800000000000033
2001-08-27,1.191,0.005700000000000038
2001-08-28,1.1599,-0.031100000000000128
2001-08-29,1.1297,-0.030200000000000005
2001-08-30,1.1272,-0.0024999999999999467
2001-08-31,1.1432,0.016000000000000014
2001-09-05,1.2088,0.005300000000000082
2001-09-06,1.1708,-0.038000000000000034
2001-09-07,1.1445,-0.02629999999999999
2001-09-10,1.1573,0.012799999999999923
2001-09-14,1.0949,0.0028999999999999027
2001-09-17,1.1374,0.04249999999999998
2001-09-18,1.1955,0.05810000000000004
2001-09-19,1.2184,0.02289999999999992
2001-09-20,1.2703,0.05190000000000006
2001-09-21,1.2749,0.0045999999999999375
2001-09-24,1.2815,0.006600000000000161
2001-09-25,1.2721,-0.009400000000000075
2001-09-26,1.245,-0.027099999999999902
2001-09-27,1.215,-0.030000000000000027
2001-09-28,1.2208,0.005800000000000027
2001-10-01,1.2019,-0.01890000000000014
2001-10-02,1.1955,-0.006399999999999961
2001-10-03,1.1935,-0.0020000000000000018
2001-10-04,1.1986,0.0051000000000001044
2001-10-05,1.197,-0.0016000000000000458
2001-10-10,1.2361,0.0045999999999999375
2001-10-11,1.2676,0.031500000000000083
2001-10-12,1.269,0.0013999999999998458
2001-10-15,1.2469,-0.02210000000000001
2001-10-16,1.2327,-0.01419999999999999
2001-10-17,1.23,-0.0026999999999999247
2001-10-18,1.2293,-0.0006999999999999229
2001-10-19,1.2468,0.01749999999999985
2001-10-22,1.2549,0.008099999999999996
2001-10-23,1.2648,0.00990000000000002
2001-10-24,1.2447,-0.020100000000000007
2001-10-25,1.2234,-0.021299999999999875
2001-10-26,1.2144,-0.009000000000000119
2001-10-29,1.1984,-0.016000000000000014
2001-10-30,1.1759,-0.022499999999999964
2001-10-31,1.1313,-0.04459999999999997
2001-11-01,1.107,-0.02429999999999999
2001-11-02,1.1524,0.04540000000000011
2001-11-05,1.1415,-0.010900000000000132
2001-11-06,1.1373,-0.0041999999999999815
2001-11-07,1.1109,-0.02639999999999998
2001-11-08,1.1454,0.034499999999999975
2001-11-09,1.1699,0.024499999999999966
2001-11-14,1.2591,0.057600000000000096
2001-11-15,1.3714,0.11229999999999984
2001-11-16,1.4473,0.07590000000000008
2001-11-19,1.4171,-0.030200000000000005
2001-11-20,1.4415,0.024399999999999977
2001-11-21,1.5017,0.06020000000000003
2001-11-26,1.5602,0.014799999999999924
2001-11-27,1.5428,-0.017400000000000082
2001-11-28,1.5442,0.0014000000000000679
2001-11-29,1.4779,-0.06630000000000003
2001-11-30,1.4692,-0.00869999999999993
2001-12-03,1.4524,-0.016800000000000148
2001-12-04,1.4338,-0.01859999999999995
2001-12-05,1.521,0.08719999999999994
2001-12-06,1.5951,0.07410000000000005
2001-12-07,1.6812,0.08610000000000007
2001-12-10,1.6934,0.012199999999999989
2001-12-11,1.6848,-0.008599999999999941
2001-12-12,1.6454,-0.0394000000000001
2001-12-13,1.6777,0.032299999999999995
2001-12-14,1.7282,0.05049999999999999
2001-12-17,1.7429,0.014699999999999935
2001-12-18,1.7101,-0.03279999999999994
2001-12-19,1.6713,-0.038799999999999946
2001-12-20,1.6693,-0.0020000000000000018
2001-12-21,1.6785,0.009200000000000097
2001-12-24,1.7022,0.023699999999999832
2001-12-27,1.6917,-0.030899999999999928
2001-12-28,1.6964,0.0046999999999999265
2001-12-31,1.6605,-0.03589999999999982
2002-01-03,1.7027,-0.006799999999999917
2002-01-04,1.7151,0.012399999999999967
2002-01-07,1.6764,-0.03870000000000018
2002-01-08,1.6706,-0.005799999999999805
2002-01-09,1.6666,-0.0040000000000000036
2002-01-10,1.6171,-0.0495000000000001
2002-01-11,1.5786,-0.03849999999999998
2002-01-14,1.578,-0.0005999999999999339
2002-01-15,1.5621,-0.015900000000000025
2002-01-16,1.561,-0.001100000000000101
2002-01-17,1.5974,0.03639999999999999
2002-01-18,1.5812,-0.016199999999999992
2002-01-23,1.6191,0.03390000000000004
2002-01-24,1.6301,0.01100000000000012
2002-01-25,1.6447,0.014599999999999946
2002-01-28,1.6503,0.005600000000000049
2002-01-29,1.6015,-0.04880000000000018
2002-01-30,1.5912,-0.010299999999999976
2002-01-31,1.6086,0.017400000000000082
2002-02-01,1.5905,-0.018100000000000005
2002-02-04,1.5516,-0.038899999999999935
2002-02-05,1.5334,-0.018199999999999994
2002-02-06,1.5489,0.015499999999999847
2002-02-07,1.5645,0.015600000000000058
2002-02-08,1.5518,-0.012699999999999934
2002-02-11,1.5552,0.0033999999999998476
2002-02-12,1.5819,0.026700000000000168
2002-02-13,1.6041,0.022199999999999998
2002-02-14,1.5853,-0.01880000000000015
2002-02-15,1.5474,-0.03789999999999982
2002-02-20,1.5436,-0.0040000000000000036
2002-02-21,1.537,-0.006600000000000161
2002-02-22,1.5187,-0.018299999999999983
2002-02-25,1.5203,0.0016000000000000458
2002-02-26,1.5491,0.028799999999999937
2002-02-27,1.5174,-0.03169999999999984
2002-02-28,1.529,0.011599999999999833
2002-03-01,1.5755,0.046499999999999986
2002-03-04,1.5978,0.02230000000000021
2002-03-05,1.6007,0.0028999999999999027
2002-03-06,1.6167,0.016000000000000014
2002-03-07,1.692,0.07529999999999992
2002-03-08,1.7509,0.05889999999999995
2002-03-11,1.7617,0.010800000000000143
2002-03-12,1.757,-0.0047000000000001485
2002-03-13,1.7387,-0.018299999999999983
2002-03-14,1.7853,0.0466000000000002
2002-03-15,1.7738,-0.011500000000000066
2002-03-18,1.7592,-0.014599999999999946
2002-03-19,1.7556,-0.0036000000000000476
2002-03-20,1.7862,0.03059999999999996
2002-03-21,1.7932,0.006999999999999895
2002-03-22,1.8007,0.007500000000000062
2002-03-25,1.8027,0.0020000000000000018
2002-03-26,1.7752,-0.02750000000000008
2002-03-27,1.7683,-0.006899999999999906
2002-03-28,1.7972,0.028899999999999926
2002-04-02,1.775,-0.03320000000000012
2002-04-03,1.7413,-0.03369999999999984
2002-04-04,1.7301,-0.011200000000000099
2002-04-05,1.7002,-0.029900000000000038
2002-04-08,1.7103,0.010099999999999998
2002-04-09,1.6993,-0.010999999999999899
2002-04-10,1.7076,0.008299999999999974
2002-04-11,1.7005,-0.007100000000000106
2002-04-12,1.6805,-0.019999999999999796
2002-04-15,1.6653,-0.015200000000000102
2002-04-16,1.6774,0.0121
2002-04-17,1.6967,0.019300000000000095
2002-04-18,1.6996,0.0028999999999999027
2002-04-19,1.6956,-0.0040000000000000036
2002-04-22,1.6916,-0.0040000000000000036
2002-04-23,1.6889,-0.0026999999999999247
2002-04-24,1.655,-0.03390000000000004
2002-04-25,1.6398,-0.015200000000000102
2002-04-26,1.6227,-0.017099999999999893
2002-04-29,1.6353,0.012599999999999945
2002-04-30,1.6323,-0.0029999999999998916
2002-05-01,1.6128,-0.019500000000000073
2002-05-02,1.6265,0.013700000000000045
2002-05-03,1.6074,-0.019100000000000117
2002-05-06,1.6138,0.006399999999999961
2002-05-07,1.6079,-0.005899999999999794
2002-05-08,1.6672,0.05929999999999991
2002-05-09,1.6628,-0.0043999999999999595
2002-05-10,1.6365,-0.02629999999999999
2002-05-13,1.6669,0.030399999999999983
2002-05-14,1.7065,0.03959999999999986
2002-05-15,1.6989,-0.007599999999999829
2002-05-16,1.6729,-0.026000000000000023
2002-05-17,1.6958,0.02289999999999992
2002-05-20,1.6708,-0.02499999999999991
2002-05-21,1.6471,-0.023700000000000054
2002-05-22,1.6203,-0.026799999999999935
2002-05-23,1.6259,0.005599999999999827
2002-05-24,1.6271,0.0012000000000000899
2002-05-29,1.5981,-0.025799999999999823
2002-05-30,1.5701,-0.028000000000000025
2002-05-31,1.5736,0.0035000000000000586
2002-06-03,1.5666,-0.007000000000000117
2002-06-04,1.5514,-0.015200000000000102
2002-06-05,1.5651,0.013700000000000045
2002-06-06,1.5532,-0.011900000000000022
2002-06-07,1.5765,0.0233000000000001
2002-06-10,1.57,-0.00649999999999995
2002-06-11,1.5479,-0.02210000000000001
2002-06-12,1.5285,-0.019400000000000084
2002-06-13,1.5088,-0.01970000000000005
2002-06-14,1.4651,-0.04369999999999985
2002-06-17,1.4765,0.011399999999999855
2002-06-18,1.4732,-0.0032999999999998586
2002-06-19,1.4292,-0.04400000000000004
2002-06-20,1.4544,0.02519999999999989
2002-06-21,1.4364,-0.018000000000000016
2002-06-24,1.4593,0.022900000000000142
2002-06-25,1.4678,0.008499999999999952
2002-06-26,1.4206,-0.04719999999999991
2002-06-27,1.4533,0.03269999999999995
2002-06-28,1.4712,0.017900000000000027
2002-07-01,1.4682,-0.0030000000000001137
2002-07-02,1.4326,-0.035599999999999854
2002-07-03,1.4291,-0.0035000000000000586
2002-07-08,1.4652,-0.012399999999999967
2002-07-09,1.4331,-0.03210000000000002
2002-07-10,1.3754,-0.057700000000000085
2002-07-11,1.3626,-0.012799999999999923
2002-07-12,1.3441,-0.01849999999999996
2002-07-15,1.3509,0.006799999999999917
2002-07-16,1.3903,0.0394000000000001
2002-07-17,1.3784,-0.011900000000000022
2002-07-18,1.3525,-0.025900000000000034
2002-07-19,1.3246,-0.027900000000000036
2002-07-22,1.2761,-0.04849999999999999
2002-07-23,1.2465,-0.02960000000000007
2002-07-24,1.2498,0.0033000000000000806
2002-07-25,1.218,-0.03180000000000005
2002-07-26,1.2077,-0.010299999999999976
2002-07-29,1.282,0.07430000000000003
2002-07-30,1.3094,0.02739999999999987
2002-07-31,1.2541,-0.055299999999999905
2002-08-01,1.2256,-0.02849999999999997
2002-08-02,1.1609,-0.06469999999999998
2002-08-05,1.1265,-0.034399999999999986
2002-08-06,1.179,0.05249999999999999
2002-08-07,1.1583,-0.02069999999999994
2002-08-08,1.1846,0.02629999999999999
2002-08-09,1.1488,-0.035800000000000054
2002-08-12,1.1169,-0.03190000000000004
2002-08-13,1.072,-0.04489999999999994
2002-08-14,1.0621,-0.00990000000000002
2002-08-15,1.096,0.03390000000000004
2002-08-16,1.1583,0.06230000000000002
2002-08-19,1.1616,0.0032999999999998586
2002-08-20,1.1139,-0.047700000000000076
2002-08-21,1.1124,-0.0014999999999998348
2002-08-22,1.1432,0.03079999999999994
2002-08-23,1.1222,-0.020999999999999908
2002-08-26,1.1027,-0.019500000000000073
2002-08-27,1.1278,0.0250999999999999
2002-08-28,1.1069,-0.02089999999999992
2002-08-29,1.0757,-0.031199999999999894
2002-08-30,1.0562,-0.019500000000000073
2002-09-04,0.9602,-0.023299999999999987
2002-09-05,0.9333,-0.026900000000000035
2002-09-06,0.9798,0.046499999999999986
2002-09-09,0.9889,0.009099999999999997
2002-09-10,0.9765,-0.012399999999999967
2002-09-11,1.0012,0.024700000000000055
2002-09-12,0.9703,-0.03090000000000004
2002-09-13,0.9376,-0.03270000000000006
2002-09-16,0.9212,-0.01639999999999997
2002-09-17,0.9008,-0.020399999999999974
2002-09-18,0.8907,-0.010099999999999998
2002-09-19,0.8627,-0.028000000000000025
2002-09-20,0.8583,-0.0044000000000000705
2002-09-23,0.8205,-0.037799999999999945
2002-09-24,0.8064,-0.014100000000000001
2002-09-25,0.8403,0.03390000000000004
2002-09-26,0.8552,0.014899999999999913
2002-09-27,0.8236,-0.03159999999999996
2002-09-30,0.7929,-0.03069999999999995
2002-10-01,0.8267,0.03379999999999994
2002-10-02,0.8308,0.0040999999999999925
2002-10-03,0.8342,0.0034000000000000696
2002-10-04,0.827,-0.007200000000000095
2002-10-07,0.8035,-0.023499999999999965
2002-10-08,0.8036,9.999999999998899e-05
2002-10-09,0.7835,-0.020100000000000007
2002-10-10,0.8003,0.016800000000000037
2002-10-11,0.8646,0.06430000000000002
2002-10-16,0.9936,0.02190000000000003
2002-10-17,1.04,0.0464
2002-10-18,1.0418,0.0018000000000000238
2002-10-21,1.0817,0.03990000000000005
2002-10-22,1.1018,0.020099999999999785
2002-10-23,1.1003,-0.0014999999999998348
2002-10-24,1.0666,-0.03370000000000006
2002-10-25,1.0367,-0.029900000000000038
2002-10-28,1.0194,-0.01729999999999987
2002-10-29,0.974,-0.04540000000000011
2002-10-30,0.9704,-0.0035999999999999366
2002-10-31,0.9538,-0.01660000000000006
2002-11-01,0.9897,0.03590000000000004
2002-11-04,1.0235,0.03380000000000005
2002-11-05,1.0435,0.020000000000000018
2002-11-06,1.0657,0.022199999999999998
2002-11-07,1.0126,-0.05310000000000015
2002-11-08,0.9925,-0.020099999999999896
2002-11-13,0.9657,-0.010499999999999954
2002-11-14,1.0363,0.0706
2002-11-15,1.065,0.028699999999999948
2002-11-18,1.0609,-0.0040999999999999925
2002-11-19,1.0499,-0.010999999999999899
2002-11-20,1.0927,0.04279999999999995
2002-11-21,1.1306,0.037900000000000045
2002-11-22,1.1596,0.028999999999999915
2002-11-25,1.167,0.007400000000000073
2002-11-26,1.1226,-0.044399999999999995
2002-11-27,1.1977,0.07509999999999994
2002-12-02,1.1995,0.005600000000000049
2002-12-03,1.2077,0.008199999999999985
2002-12-04,1.1854,-0.022299999999999986
2002-12-05,1.1578,-0.02760000000000007
2002-12-06,1.1341,-0.023699999999999832
2002-12-09,1.1082,-0.025900000000000034
2002-12-10,1.0983,-0.00990000000000002
2002-12-11,1.0731,-0.02520000000000011
2002-12-12,1.0674,-0.005700000000000038
2002-12-13,1.0864,0.019000000000000128
2002-12-16,1.1185,0.03210000000000002
2002-12-17,1.1166,-0.0019000000000000128
2002-12-18,1.0879,-0.028699999999999948
2002-12-19,1.0371,-0.05080000000000018
2002-12-20,1.0302,-0.006899999999999906
2002-12-23,1.0348,0.0045999999999999375
2002-12-24,1.0224,-0.012399999999999967
2002-12-27,0.9648,-0.042199999999999904
2002-12-30,0.9431,-0.02169999999999994
2002-12-31,0.9418,-0.0013000000000000789
2003-01-03,1.0591,0.016799999999999926
2003-01-06,1.0827,0.023600000000000065
2003-01-07,1.0719,-0.01079999999999992
2003-01-08,1.0558,-0.016100000000000003
2003-01-09,1.1347,0.07889999999999997
2003-01-10,1.1429,0.008199999999999985
2003-01-13,1.1387,-0.0041999999999999815
2003-01-14,1.116,-0.022699999999999942
2003-01-15,1.1071,-0.00890000000000013
2003-01-16,1.1076,0.0004999999999999449
2003-01-17,1.0852,-0.022399999999999975
2003-01-22,1.0308,-0.02980000000000005
2003-01-23,1.0352,0.0043999999999999595
2003-01-24,1.0176,-0.017599999999999838
2003-01-27,1.0321,0.014499999999999957
2003-01-28,1.0403,0.008199999999999985
2003-01-29,1.07,0.02970000000000006
2003-01-30,1.058,-0.01200000000000001
2003-01-31,1.0506,-0.007400000000000073
2003-02-03,1.0561,0.00550000000000006
2003-02-04,1.0379,-0.018199999999999994
2003-02-05,1.0646,0.026699999999999946
2003-02-06,1.0481,-0.01649999999999996
2003-02-07,1.0329,-0.015200000000000102
2003-02-10,1.0489,0.016000000000000014
2003-02-11,1.0455,-0.0033999999999998476
2003-02-12,1.0197,-0.025800000000000045
2003-02-13,0.9879,-0.03180000000000005
2003-02-14,1.0074,0.019500000000000073
2003-02-19,0.9828,-0.02529999999999999
2003-02-20,0.9584,-0.024399999999999977
2003-02-21,0.9703,0.011900000000000022
2003-02-24,0.954,-0.016300000000000092
2003-02-25,0.9299,-0.02410000000000001
2003-02-26,0.9109,-0.018999999999999906
2003-02-27,0.8998,-0.011099999999999999
2003-02-28,0.8748,-0.025000000000000022
2003-03-03,0.8553,-0.019500000000000073
2003-03-04,0.8384,-0.016899999999999915
2003-03-05,0.8218,-0.01660000000000006
2003-03-06,0.8344,0.012600000000000056
2003-03-07,0.823,-0.011400000000000077
2003-03-10,0.8071,-0.015899999999999914
2003-03-11,0.8138,0.006699999999999928
2003-03-12,0.8233,0.009500000000000064
2003-03-13,0.8895,0.06619999999999993
2003-03-14,0.892,0.0025000000000000577
2003-03-17,0.9308,0.038799999999999946
2003-03-18,0.9788,0.04800000000000004
2003-03-19,1.0146,0.03579999999999994
2003-03-20,1.0399,0.0253000000000001
2003-03-21,1.0876,0.047699999999999854
2003-03-24,1.0494,-0.03819999999999979
2003-03-25,1.0379,-0.011500000000000066
2003-03-26,1.028,-0.00990000000000002
2003-03-27,1.0176,-0.010399999999999965
2003-03-28,1.0009,-0.01670000000000016
2003-03-31,0.9628,-0.03809999999999991
2003-04-01,0.955,-0.007800000000000029
2003-04-02,0.9991,0.04410000000000003
2003-04-03,1.0052,0.006100000000000105
2003-04-04,1.0183,0.01309999999999989
2003-04-07,1.0508,0.03249999999999997
2003-04-08,1.0225,-0.028299999999999992
2003-04-09,1.0044,-0.018100000000000005
2003-04-10,1.0066,0.0021999999999999797
2003-04-11,1.0236,0.017000000000000126
2003-04-14,1.0428,0.019199999999999884
2003-04-15,1.0219,-0.02089999999999992
2003-04-16,1.0118,-0.010099999999999998
2003-04-17,1.0201,0.008299999999999974
2003-04-22,1.0322,0.0027999999999999137
2003-04-23,1.0354,0.0032000000000000917
2003-04-24,0.9991,-0.03630000000000011
2003-04-25,0.9806,-0.01849999999999996
2003-04-28,0.9817,0.0010999999999999899
2003-04-29,0.996,0.01429999999999998
2003-04-30,0.9681,-0.027900000000000036
2003-05-01,0.9576,-0.010499999999999954
2003-05-02,0.9813,0.023699999999999943
2003-05-05,0.973,-0.008299999999999974
2003-05-06,0.9342,-0.038799999999999946
2003-05-07,0.881,-0.053200000000000025
2003-05-08,0.8593,-0.021700000000000053
2003-05-09,0.8437,-0.015599999999999947
2003-05-12,0.8208,-0.02290000000000003
2003-05-13,0.8113,-0.009499999999999953
2003-05-14,0.7678,-0.04349999999999998
2003-05-15,0.7678,0.0
2003-05-16,0.7395,-0.028299999999999992
2003-05-19,0.7245,-0.015000000000000013
2003-05-20,0.6913,-0.03320000000000001
2003-05-21,0.6891,-0.0021999999999999797
2003-05-22,0.6669,-0.022199999999999998
2003-05-23,0.6611,-0.005800000000000027
2003-05-28,0.683,0.0046000000000000485
2003-05-29,0.6489,-0.03410000000000002
2003-05-30,0.6507,0.0017999999999999128
2003-06-02,0.6712,0.020500000000000074
2003-06-03,0.6373,-0.03390000000000004
2003-06-04,0.6158,-0.021499999999999964
2003-06-05,0.6362,0.020399999999999974
2003-06-06,0.655,0.01880000000000004
2003-06-09,0.627,-0.028000000000000025
2003-06-10,0.5889,-0.03810000000000002
2003-06-11,0.5929,0.0040000000000000036
2003-06-12,0.5798,-0.0131
2003-06-13,0.5625,-0.017299999999999982
2003-06-16,0.5899,0.02739999999999998
2003-06-17,0.6342,0.044300000000000006
2003-06-18,0.6835,0.04930000000000001
2003-06-19,0.69,0.00649999999999995
2003-06-20,0.7148,0.024800000000000044
2003-06-23,0.6891,-0.025699999999999945
2003-06-24,0.6692,-0.01990000000000003
2003-06-25,0.7019,0.03269999999999995
2003-06-26,0.7673,0.06540000000000001
2003-06-27,0.7975,0.030200000000000005
2003-06-30,0.7836,-0.013900000000000023
2003-07-01,0.7886,0.0050000000000000044
2003-07-02,0.7903,0.0017000000000000348
2003-07-03,0.8323,0.04200000000000004
2003-07-08,0.8891,0.019299999999999984
2003-07-09,0.8859,-0.0031999999999999806
2003-07-10,0.8742,-0.011700000000000044
2003-07-11,0.8529,-0.021299999999999986
2003-07-14,0.8766,0.023700000000000054
2003-07-15,0.9644,0.08779999999999999
2003-07-16,1.0045,0.040099999999999913
2003-07-17,1.0231,0.01859999999999995
2003-07-18,1.0426,0.019500000000000073
2003-07-21,1.0832,0.04059999999999997
2003-07-22,1.1233,0.040100000000000025
2003-07-23,1.1164,-0.006899999999999906
2003-07-24,1.1421,0.025699999999999834
2003-07-25,1.1607,0.018600000000000172
2003-07-28,1.2039,0.043199999999999905
2003-07-29,1.2595,0.055600000000000094
2003-07-30,1.2528,-0.00670000000000015
2003-07-31,1.3074,0.05459999999999998
2003-08-01,1.3265,0.019100000000000117
2003-08-04,1.2857,-0.04079999999999995
2003-08-05,1.3277,0.04200000000000004
2003-08-06,1.2746,-0.05310000000000015
2003-08-07,1.2364,-0.03820000000000001
2003-08-08,1.2176,-0.018799999999999928
2003-08-11,1.2501,0.03249999999999997
2003-08-12,1.2519,0.0018000000000000238
2003-08-13,1.3372,0.08529999999999993
2003-08-14,1.3545,0.017300000000000093
2003-08-15,1.3628,0.008299999999999974
2003-08-18,1.3429,-0.01990000000000003
2003-08-19,1.2944,-0.04849999999999999
2003-08-20,1.3109,0.01649999999999996
2003-08-21,1.3592,0.04830000000000001
2003-08-22,1.3494,-0.009800000000000031
2003-08-25,1.365,0.015600000000000058
2003-08-26,1.3556,-0.009400000000000075
2003-08-27,1.3743,0.01870000000000016
2003-08-28,1.3265,-0.047800000000000065
2003-08-29,1.331,0.0044999999999999485
2003-09-03,1.4114,0.014899999999999913
2003-09-04,1.3733,-0.03810000000000002
2003-09-05,1.2858,-0.08749999999999991
2003-09-08,1.2835,-0.0022999999999999687
2003-09-09,1.2674,-0.016100000000000003
2003-09-10,1.2208,-0.046599999999999975
2003-09-11,1.2361,0.01529999999999987
2003-09-12,1.2104,-0.025700000000000056
2003-09-15,1.2,-0.010399999999999965
2003-09-16,1.2003,0.00029999999999996696
2003-09-17,1.1644,-0.03589999999999982
2003-09-18,1.1593,-0.0051000000000001044
2003-09-19,1.1577,-0.0016000000000000458
2003-09-22,1.1822,0.024499999999999966
2003-09-23,1.1771,-0.005099999999999882
2003-09-24,1.1477,-0.029400000000000093
2003-09-25,1.1259,-0.02180000000000004
2003-09-26,1.0828,-0.043099999999999916
2003-09-29,1.0869,0.0040999999999999925
2003-09-30,1.0319,-0.05499999999999994
2003-10-01,1.0172,-0.014699999999999935
2003-10-02,1.0426,0.025399999999999867
2003-10-03,1.1334,0.09079999999999999
2003-10-06,1.1365,0.0031000000000001027
2003-10-07,1.1795,0.04299999999999993
2003-10-08,1.1885,0.008999999999999897
2003-10-09,1.2127,0.0242
2003-10-10,1.2042,-0.008499999999999952
2003-10-15,1.2701,0.032200000000000006
2003-10-16,1.3137,0.04360000000000008
2003-10-17,1.2953,-0.018400000000000194
2003-10-20,1.2853,-0.009999999999999787
2003-10-21,1.2729,-0.012400000000000189
2003-10-22,1.2275,-0.045399999999999885
2003-10-23,1.2338,0.006299999999999972
2003-10-24,1.1891,-0.04469999999999996
2003-10-27,1.202,0.012899999999999912
2003-10-28,1.1695,-0.03249999999999997
2003-10-29,1.1976,0.028100000000000014
2003-10-30,1.2337,0.03610000000000002
2003-10-31,1.2303,-0.0034000000000000696
2003-11-03,1.2583,0.028000000000000025
2003-11-04,1.2409,-0.017400000000000082
2003-11-05,1.2592,0.018300000000000205
2003-11-06,1.2956,0.03639999999999999
2003-11-07,1.3179,0.022299999999999986
2003-11-10,1.3291,0.011199999999999877
2003-11-13,1.2479,-0.06420000000000003
2003-11-14,1.1961,-0.05180000000000007
2003-11-17,1.1635,-0.03259999999999996
2003-11-18,1.1488,-0.014699999999999935
2003-11-19,1.176,0.02719999999999989
2003-11-20,1.1523,-0.023699999999999832
2003-11-21,1.1457,-0.006600000000000161
2003-11-24,1.1763,0.03059999999999996
2003-11-25,1.1667,-0.009599999999999831
2003-11-26,1.1942,0.027499999999999858
2003-12-01,1.2815,0.041100000000000136
2003-12-02,1.2828,0.0012999999999998568
2003-12-03,1.2957,0.012900000000000134
2003-12-04,1.2848,-0.010900000000000132
2003-12-05,1.2142,-0.0706
2003-12-08,1.2196,0.005400000000000071
2003-12-09,1.2356,0.016000000000000014
2003-12-10,1.2286,-0.007000000000000117
2003-12-11,1.204,-0.024599999999999955
2003-12-12,1.2012,-0.0027999999999999137
2003-12-15,1.2115,0.010299999999999976
2003-12-16,1.1951,-0.01639999999999997
2003-12-17,1.1766,-0.01849999999999996
2003-12-18,1.1623,-0.01429999999999998
2003-12-19,1.157,-0.005300000000000082
2003-12-22,1.162,0.004999999999999893
2003-12-23,1.2047,0.04270000000000018
2003-12-24,1.1778,-0.026900000000000146
2003-12-29,1.1809,0.02180000000000004
2003-12-30,1.1989,0.018000000000000016
2003-12-31,1.1962,-0.0027000000000001467
2004-01-05,1.2676,0.022800000000000153
2004-01-06,1.2241,-0.043500000000000094
2004-01-07,1.2039,-0.020199999999999996
2004-01-08,1.202,-0.0019000000000000128
2004-01-09,1.1312,-0.07079999999999997
2004-01-12,1.1113,-0.01990000000000003
2004-01-13,1.0812,-0.030100000000000016
2004-01-14,1.0635,-0.01770000000000005
2004-01-15,1.0558,-0.007699999999999818
2004-01-16,1.0741,0.018299999999999983
2004-01-21,1.0833,-0.0039000000000000146
2004-01-22,1.0582,-0.0250999999999999
2004-01-23,1.0926,0.034399999999999986
2004-01-26,1.1255,0.03289999999999993
2004-01-27,1.1127,-0.012799999999999923
2004-01-28,1.1602,0.047499999999999876
2004-01-29,1.172,0.011800000000000033
2004-01-30,1.1553,-0.016699999999999937
2004-02-02,1.1554,9.999999999998899e-05
2004-02-03,1.1335,-0.02190000000000003
2004-02-04,1.1369,0.0034000000000000696
2004-02-05,1.1563,0.019400000000000084
2004-02-06,1.1283,-0.028000000000000025
2004-02-09,1.1091,-0.019200000000000106
2004-02-10,1.121,0.011900000000000022
2004-02-11,1.0871,-0.03390000000000004
2004-02-12,1.0928,0.005700000000000038
2004-02-13,1.0769,-0.015900000000000025
2004-02-18,1.0762,0.0040999999999999925
2004-02-19,1.0726,-0.0036000000000000476
2004-02-20,1.0966,0.02400000000000002
2004-02-23,1.0789,-0.01770000000000005
2004-02-24,1.0676,-0.011299999999999866
2004-02-25,1.0563,-0.011300000000000088
2004-02-26,1.0647,0.008399999999999963
2004-02-27,1.0519,-0.012799999999999923
2004-03-01,1.0461,-0.005800000000000027
2004-03-02,1.0664,0.020299999999999985
2004-03-03,1.0776,0.011199999999999877
2004-03-04,1.067,-0.010599999999999943
2004-03-05,0.9854,-0.0815999999999999
2004-03-08,0.9349,-0.0505000000000001
2004-03-09,0.9001,-0.03479999999999994
2004-03-10,0.8939,-0.006199999999999983
2004-03-11,0.8993,0.00539999999999996
2004-03-12,0.905,0.005700000000000038
2004-03-15,0.9072,0.0021999999999999797
2004-03-16,0.8753,-0.03190000000000004
2004-03-17,0.8714,-0.0039000000000000146
2004-03-18,0.8941,0.022700000000000053
2004-03-19,0.9139,0.01980000000000004
2004-03-22,0.8911,-0.022800000000000042
2004-03-23,0.8827,-0.008399999999999963
2004-03-24,0.8809,-0.0018000000000000238
2004-03-25,0.89,0.009099999999999997
2004-03-26,0.9356,0.045599999999999974
2004-03-29,0.9666,0.031000000000000028
2004-03-30,0.9785,0.011900000000000022
2004-03-31,0.9577,-0.02080000000000004
2004-04-01,0.9769,0.019199999999999995
2004-04-02,1.09,0.11310000000000009
2004-04-05,1.1521,0.06209999999999982
2004-04-06,1.1485,-0.0035999999999998256
2004-04-07,1.1494,0.0008999999999999009
2004-04-08,1.1647,0.015300000000000091
2004-04-13,1.2332,0.04960000000000009
2004-04-14,1.2682,0.03499999999999992
2004-04-15,1.2823,0.014100000000000001
2004-04-16,1.2679,-0.014399999999999968
2004-04-19,1.2755,0.007600000000000051
2004-04-20,1.2905,0.014999999999999902
2004-04-21,1.3116,0.02110000000000012
2004-04-22,1.2907,-0.02090000000000014
2004-04-23,1.3255,0.03479999999999994
2004-04-26,1.3253,-0.00019999999999997797
2004-04-27,1.3088,-0.01649999999999996
2004-04-28,1.3361,0.027300000000000102
2004-04-29,1.3684,0.032299999999999995
2004-04-30,1.3634,-0.0050000000000001155
2004-05-03,1.3602,-0.0031999999999998696
2004-05-04,1.3707,0.010499999999999954
2004-05-05,1.3929,0.022199999999999998
2004-05-06,1.4072,0.01429999999999998
2004-05-07,1.487,0.0798000000000001
2004-05-10,1.4984,0.011399999999999855
2004-05-11,1.4947,-0.0037000000000000366
2004-05-12,1.5047,0.010000000000000009
2004-05-13,1.529,0.02429999999999999
2004-05-14,1.5054,-0.023599999999999843
2004-05-17,1.4572,-0.04820000000000002
2004-05-18,1.4613,0.0040999999999999925
2004-05-19,1.4829,0.021600000000000064
2004-05-20,1.4624,-0.020500000000000185
2004-05-21,1.4747,0.012299999999999978
2004-05-24,1.4676,-0.007099999999999884
2004-05-25,1.4576,-0.010000000000000009
2004-05-26,1.4275,-0.030100000000000016
2004-05-27,1.3913,-0.03620000000000001
2004-05-28,1.4072,0.015900000000000025
2004-06-02,1.4382,0.014699999999999935
2004-06-03,1.4309,-0.007299999999999862
2004-06-04,1.4553,0.024399999999999977
2004-06-07,1.4487,-0.006599999999999939
2004-06-08,1.4449,-0.0038000000000000256
2004-06-09,1.4576,0.012699999999999934
2004-06-10,1.4512,-0.006399999999999961
2004-06-15,1.3937,-0.07850000000000001
2004-06-16,1.3978,0.0040999999999999925
2004-06-17,1.387,-0.01079999999999992
2004-06-18,1.3896,0.0025999999999999357
2004-06-21,1.377,-0.012599999999999945
2004-06-22,1.378,0.0009999999999998899
2004-06-23,1.3739,-0.0040999999999999925
2004-06-24,1.353,-0.02089999999999992
2004-06-25,1.3476,-0.005400000000000071
2004-06-28,1.3816,0.03400000000000003
2004-06-29,1.3656,-0.016000000000000014
2004-06-30,1.3252,-0.04039999999999999
2004-07-01,1.3031,-0.02210000000000001
2004-07-02,1.2556,-0.047499999999999876
2004-07-07,1.2474,-9.999999999998899e-05
2004-07-08,1.2436,-0.0038000000000000256
2004-07-09,1.243,-0.0005999999999999339
2004-07-12,1.2297,-0.01330000000000009
2004-07-13,1.2378,0.008099999999999996
2004-07-14,1.2429,0.005099999999999882
2004-07-15,1.2466,0.0037000000000000366
2004-07-16,1.1981,-0.04849999999999999
2004-07-19,1.1863,-0.011800000000000033
2004-07-20,1.2217,0.0354000000000001
2004-07-21,1.2432,0.021500000000000075
2004-07-22,1.2394,-0.0038000000000000256
2004-07-23,1.2284,-0.01100000000000012
2004-07-26,1.2351,0.00670000000000015
2004-07-27,1.2815,0.0464
2004-07-28,1.2849,0.0033999999999998476
2004-07-29,1.2819,-0.0029999999999998916
2004-07-30,1.2436,-0.0383
2004-08-02,1.2191,-0.024499999999999966
2004-08-03,1.2024,-0.01670000000000016
2004-08-04,1.1975,-0.004899999999999904
2004-08-05,1.1866,-0.01089999999999991
2004-08-06,1.1031,-0.08350000000000013
2004-08-09,1.0946,-0.008499999999999952
2004-08-10,1.1147,0.020100000000000007
2004-08-11,1.1144,-0.00029999999999996696
2004-08-12,1.1041,-0.010299999999999976
2004-08-13,1.0851,-0.019000000000000128
2004-08-16,1.0889,0.0038000000000000256
2004-08-17,1.0664,-0.022499999999999964
2004-08-18,1.0695,0.0030999999999998806
2004-08-19,1.0646,-0.004899999999999904
2004-08-20,1.0735,0.008899999999999908
2004-08-23,1.0872,0.013700000000000045
2004-08-24,1.0884,0.0012000000000000899
2004-08-25,1.0826,-0.005800000000000027
2004-08-26,1.0644,-0.018199999999999994
2004-08-27,1.061,-0.0034000000000000696
2004-08-30,1.0399,-0.021099999999999897
2004-08-31,1.0064,-0.033500000000000085
2004-09-01,0.9958,-0.010599999999999943
2004-09-02,1.0205,0.024699999999999944
2004-09-03,1.0659,0.04540000000000011
2004-09-08,1.0141,-0.03820000000000001
2004-09-09,1.015,0.0008999999999999009
2004-09-10,1.0074,-0.007599999999999829
2004-09-13,0.9927,-0.014700000000000046
2004-09-14,0.9805,-0.012199999999999989
2004-09-15,0.9906,0.010099999999999998
2004-09-16,0.9541,-0.03650000000000009
2004-09-17,0.9658,0.011700000000000044
2004-09-20,0.9357,-0.030100000000000016
2004-09-21,0.9224,-0.013299999999999979
2004-09-22,0.8998,-0.022599999999999953
2004-09-23,0.9059,0.006099999999999994
2004-09-24,0.9135,0.00759999999999994
2004-09-27,0.8939,-0.01959999999999995
2004-09-28,0.8913,-0.0026000000000000467
2004-09-29,0.9255,0.03420000000000001
2004-09-30,0.9459,0.020399999999999974
2004-10-01,0.9783,0.032399999999999984
2004-10-04,0.9798,0.0015000000000000568
2004-10-05,0.9809,0.0010999999999999899
2004-10-06,1.003,0.022099999999999898
2004-10-07,1.0213,0.018300000000000205
2004-10-08,0.9786,-0.04270000000000007
2004-10-13,0.9354,-0.017699999999999938
2004-10-14,0.9065,-0.028900000000000037
2004-10-15,0.9155,0.009000000000000008
2004-10-18,0.9117,-0.0038000000000000256
2004-10-19,0.9104,-0.0012999999999999678
2004-10-20,0.8819,-0.02849999999999997
2004-10-21,0.8775,-0.0044000000000000705
2004-10-22,0.8673,-0.010199999999999987
2004-10-25,0.8518,-0.015499999999999958
2004-10-26,0.8506,-0.0011999999999999789
2004-10-27,0.8905,0.039899999999999936
2004-10-28,0.891,0.000500000000000056
2004-10-29,0.8747,-0.01629999999999998
2004-11-01,0.8874,0.012699999999999934
2004-11-02,0.882,-0.00539999999999996
2004-11-03,0.8779,-0.0040999999999999925
2004-11-04,0.881,0.0030999999999999917
2004-11-05,0.9269,0.04589999999999994
2004-11-08,0.9348,0.007900000000000018
2004-11-09,0.9337,-0.0010999999999999899
2004-11-10,0.9429,0.009199999999999986
2004-11-15,0.9252,-0.007699999999999929
2004-11-16,0.9312,0.006000000000000005
2004-11-17,0.9007,-0.030500000000000083
2004-11-18,0.8812,-0.019499999999999962
2004-11-19,0.9107,0.02949999999999997
2004-11-22,0.901,-0.009699999999999931
2004-11-23,0.9021,0.0010999999999999899
2004-11-24,0.908,0.005900000000000016
2004-11-29,0.959,0.0353
2004-11-30,0.9718,0.012800000000000034
2004-12-01,0.983,0.011199999999999988
2004-12-02,0.9983,0.01529999999999998
2004-12-03,0.9503,-0.04799999999999993
2004-12-06,0.9242,-0.026100000000000012
2004-12-07,0.9158,-0.008400000000000074
2004-12-08,0.8755,-0.0403
2004-12-09,0.8744,-0.0010999999999999899
2004-12-10,0.8669,-0.007499999999999951
2004-12-13,0.862,-0.0049000000000000155
2004-12-14,0.8537,-0.008299999999999974
2004-12-15,0.8312,-0.022499999999999964
2004-12-16,0.8674,0.0361999999999999
2004-12-17,0.8854,0.018000000000000016
2004-12-20,0.8846,-0.0007999999999999119
2004-12-21,0.8739,-0.010700000000000043
2004-12-22,0.8794,0.005499999999999949
2004-12-23,0.8847,0.005300000000000082
2004-12-28,0.9158,0.006199999999999983
2004-12-29,0.9327,0.016900000000000026
2004-12-30,0.9168,-0.015900000000000025
2004-12-31,0.9007,-0.016100000000000003
2005-01-03,0.8899,-0.01079999999999992
2005-01-04,0.9127,0.02279999999999993
2005-01-05,0.9145,0.0018000000000000238
2005-01-06,0.9111,-0.0033999999999999586
2005-01-07,0.9167,0.005599999999999938
2005-01-10,0.9134,-0.0032999999999999696
2005-01-11,0.8993,-0.014100000000000001
2005-01-12,0.8909,-0.008399999999999963
2005-01-13,0.8688,-0.02210000000000001
2005-01-14,0.874,0.005199999999999982
2005-01-19,0.8623,-0.0039000000000000146
2005-01-20,0.8494,-0.012899999999999912
2005-01-21,0.8366,-0.012800000000000034
2005-01-24,0.827,-0.009600000000000053
2005-01-25,0.8471,0.020100000000000007
2005-01-26,0.8532,0.006099999999999994
2005-01-27,0.8589,0.005700000000000038
2005-01-28,0.8335,-0.025399999999999978
2005-01-31,0.8181,-0.01539999999999997
2005-02-01,0.8133,-0.0048000000000000265
2005-02-02,0.8149,0.0015999999999999348
2005-02-03,0.8272,0.012300000000000089
2005-02-04,0.7955,-0.03170000000000006
2005-02-07,0.7769,-0.01859999999999995
2005-02-08,0.7645,-0.012400000000000078
2005-02-09,0.7325,-0.03199999999999992
2005-02-10,0.7542,0.02169999999999994
2005-02-11,0.7719,0.01770000000000005
2005-02-14,0.7676,-0.0043000000000000815
2005-02-15,0.7703,0.0027000000000000357
2005-02-16,0.7957,0.025399999999999978
2005-02-17,0.8091,0.013400000000000079
2005-02-18,0.843,0.03389999999999993
2005-02-23,0.85,-0.0032999999999999696
2005-02-24,0.8576,0.007600000000000051
2005-02-25,0.8516,-0.006000000000000005
2005-02-28,0.88,0.02839999999999998
2005-03-01,0.8923,0.012299999999999978
2005-03-02,0.8971,0.0048000000000000265
2005-03-03,0.9028,0.005700000000000038
2005-03-04,0.8799,-0.02290000000000003
2005-03-07,0.8712,-0.008700000000000041
2005-03-08,0.8926,0.021399999999999975
2005-03-09,0.9507,0.05810000000000004
2005-03-10,0.9482,-0.0024999999999999467
2005-03-11,0.9823,0.03409999999999991
2005-03-14,0.9774,-0.004899999999999904
2005-03-15,0.9849,0.007499999999999951
2005-03-16,0.974,-0.01090000000000002
2005-03-17,0.9544,-0.01959999999999995
2005-03-18,0.9632,0.008799999999999919
2005-03-21,0.9657,0.0025000000000000577
2005-03-22,1.0041,0.03839999999999999
2005-03-23,1.0109,0.006799999999999917
2005-03-24,1.0106,-0.00029999999999996696
2005-03-29,1.0094,-0.013199999999999878
2005-03-30,0.9926,-0.016800000000000037
2005-03-31,0.9607,-0.03190000000000004
2005-04-01,0.9344,-0.02629999999999999
2005-04-04,0.9307,-0.0037000000000000366
2005-04-05,0.9356,0.0049000000000000155
2005-04-06,0.9226,-0.013000000000000012
2005-04-07,0.9378,0.015199999999999991
2005-04-08,0.9466,0.00880000000000003
2005-04-11,0.9318,-0.014800000000000035
2005-04-12,0.8969,-0.03489999999999993
2005-04-13,0.8836,-0.013299999999999979
2005-04-14,0.8681,-0.01550000000000007
2005-04-15,0.8316,-0.03649999999999998
2005-04-18,0.8108,-0.02080000000000004
2005-04-19,0.7815,-0.029299999999999993
2005-04-20,0.7795,-0.0020000000000000018
2005-04-21,0.8175,0.038000000000000034
2005-04-22,0.8036,-0.013900000000000023
2005-04-25,0.7962,-0.007399999999999962
2005-04-26,0.8027,0.00649999999999995
2005-04-27,0.7899,-0.012799999999999923
2005-04-28,0.7609,-0.029000000000000026
2005-04-29,0.7671,0.006199999999999983
2005-05-02,0.759,-0.008099999999999996
2005-05-03,0.7617,0.0027000000000000357
2005-05-04,0.7573,-0.0044000000000000705
2005-05-05,0.7491,-0.008199999999999985
2005-05-06,0.7896,0.04049999999999998
2005-05-09,0.8015,0.011900000000000022
2005-05-10,0.7789,-0.022599999999999953
2005-05-11,0.7678,-0.011099999999999999
2005-05-12,0.7538,-0.014000000000000012
2005-05-13,0.7398,-0.014000000000000012
2005-05-16,0.7346,-0.005199999999999982
2005-05-17,0.7277,-0.006900000000000017
2005-05-18,0.7079,-0.01980000000000004
2005-05-19,0.7239,0.016000000000000014
2005-05-20,0.7341,0.010199999999999987
2005-05-23,0.7068,-0.02729999999999999
2005-05-24,0.6824,-0.024399999999999977
2005-05-25,0.6896,0.007199999999999984
2005-05-26,0.6955,0.005900000000000016
2005-05-27,0.6962,0.0007000000000000339
2005-06-01,0.6124,-0.0502999999999999
2005-06-02,0.5995,-0.012900000000000023
2005-06-03,0.628,0.02849999999999997
2005-06-06,0.6274,-0.0006000000000000449
2005-06-07,0.6083,-0.019100000000000006
2005-06-08,0.6161,0.007800000000000029
2005-06-09,0.6293,0.01319999999999999
2005-06-10,0.6642,0.03490000000000004
2005-06-13,0.6835,0.019299999999999984
2005-06-14,0.6999,0.01639999999999997
2005-06-15,0.706,0.006099999999999994
2005-06-16,0.6962,-0.00979999999999992
2005-06-17,0.6958,-0.00040000000000006697
2005-06-20,0.6985,0.0027000000000000357
2005-06-21,0.6757,-0.022800000000000042
2005-06-22,0.6249,-0.050799999999999956
2005-06-23,0.615,-0.00990000000000002
2005-06-24,0.5921,-0.02290000000000003
2005-06-27,0.5732,-0.018899999999999917
2005-06-28,0.5932,0.019999999999999907
2005-06-29,0.6045,0.011300000000000088
2005-06-30,0.5871,-0.017400000000000082
2005-07-01,0.6251,0.038000000000000034
2005-07-06,0.6475,-0.006099999999999994
2005-07-07,0.6354,-0.0121
2005-07-08,0.6572,0.02180000000000004
2005-07-11,0.6602,0.0030000000000000027
2005-07-12,0.6739,0.013700000000000045
2005-07-13,0.6839,0.009999999999999898
2005-07-14,0.6933,0.009400000000000075
2005-07-15,0.6929,-0.00040000000000006697
2005-07-18,0.7023,0.009400000000000075
2005-07-19,0.6912,-0.011099999999999999
2005-07-20,0.681,-0.010199999999999987
2005-07-21,0.7147,0.03369999999999995
2005-07-22,0.6988,-0.015900000000000025
2005-07-25,0.6953,-0.0034999999999999476
2005-07-26,0.691,-0.0043000000000000815
2005-07-27,0.7012,0.010200000000000098
2005-07-28,0.6777,-0.023500000000000076
2005-07-29,0.7044,0.026700000000000057
2005-08-01,0.7182,0.013799999999999923
2005-08-02,0.7253,0.007099999999999995
2005-08-03,0.7129,-0.012399999999999967
2005-08-04,0.7189,0.006000000000000005
2005-08-05,0.7477,0.028800000000000048
2005-08-08,0.763,0.01529999999999998
2005-08-09,0.7581,-0.0049000000000000155
2005-08-10,0.7528,-0.005299999999999971
2005-08-11,0.7288,-0.02400000000000002
2005-08-12,0.6918,-0.03700000000000003
2005-08-15,0.6924,0.0006000000000000449
2005-08-16,0.6713,-0.021100000000000008
2005-08-17,0.6865,0.015199999999999991
2005-08-18,0.6642,-0.022299999999999986
2005-08-19,0.6574,-0.006800000000000028
2005-08-22,0.6548,-0.0025999999999999357
2005-08-23,0.647,-0.007800000000000029
2005-08-24,0.6433,-0.0037000000000000366
2005-08-25,0.6381,-0.005199999999999982
2005-08-26,0.6441,0.006000000000000005
2005-08-29,0.6426,-0.0015000000000000568
2005-08-30,0.6256,-0.016999999999999904
2005-08-31,0.5631,-0.0625
2005-09-01,0.5531,-0.010000000000000009
2005-09-02,0.5581,0.0050000000000000044
2005-09-07,0.6058,0.027000000000000024
2005-09-08,0.6134,0.00759999999999994
2005-09-09,0.6093,-0.0040999999999999925
2005-09-12,0.6248,0.01550000000000007
2005-09-13,0.6119,-0.012900000000000023
2005-09-14,0.6253,0.013399999999999967
2005-09-15,0.6454,0.020100000000000007
2005-09-16,0.67,0.024600000000000066
2005-09-19,0.661,-0.009000000000000008
2005-09-20,0.6606,-0.00040000000000006697
2005-09-21,0.645,-0.015599999999999947
2005-09-22,0.6363,-0.008700000000000041
2005-09-23,0.664,0.027700000000000058
2005-09-26,0.6848,0.02079999999999993
2005-09-27,0.6937,0.008900000000000019
2005-09-28,0.685,-0.00869999999999993
2005-09-29,0.6929,0.007899999999999907
2005-09-30,0.7118,0.018900000000000028
2005-10-03,0.7259,0.014100000000000001
2005-10-04,0.7204,-0.005499999999999949
2005-10-05,0.7146,-0.005800000000000027
2005-10-06,0.7152,0.0005999999999999339
2005-10-07,0.7092,-0.005999999999999894
2005-10-12,0.7289,0.016699999999999937
2005-10-13,0.7405,0.011600000000000055
2005-10-14,0.7476,0.007099999999999995
2005-10-17,0.7475,-9.999999999998899e-05
2005-10-18,0.7406,-0.006900000000000017
2005-10-19,0.7299,-0.010700000000000043
2005-10-20,0.7274,-0.0024999999999999467
2005-10-21,0.6968,-0.03060000000000007
2005-10-24,0.7072,0.010400000000000076
2005-10-25,0.7419,0.03469999999999995
2005-10-26,0.776,0.03410000000000002
2005-10-27,0.7731,-0.0029000000000000137
2005-10-28,0.7771,0.0040000000000000036
2005-10-31,0.7687,-0.008399999999999963
2005-11-01,0.7709,0.0021999999999999797
2005-11-02,0.7847,0.013799999999999923
2005-11-03,0.8062,0.021500000000000075
2005-11-04,0.8181,0.011900000000000022
2005-11-07,0.8197,0.0015999999999999348
2005-11-08,0.7901,-0.02959999999999996
2005-11-09,0.8079,0.017799999999999927
2005-11-10,0.7822,-0.025699999999999945
2005-11-15,0.7771,-0.017000000000000015
2005-11-16,0.7429,-0.03420000000000001
2005-11-17,0.7212,-0.021700000000000053
2005-11-18,0.724,0.0028000000000000247
2005-11-21,0.7121,-0.011900000000000022
2005-11-22,0.6996,-0.012499999999999956
2005-11-23,0.7147,0.015100000000000002
2005-11-28,0.6845,-0.01539999999999997
2005-11-29,0.7102,0.025700000000000056
2005-11-30,0.7245,0.01429999999999998
2005-12-01,0.7378,0.013299999999999979
2005-12-02,0.7401,0.0022999999999999687
2005-12-05,0.754,0.013900000000000023
2005-12-06,0.724,-0.030000000000000027
2005-12-07,0.7289,0.0049000000000000155
2005-12-08,0.7106,-0.018299999999999983
2005-12-09,0.7397,0.029100000000000015
2005-12-12,0.754,0.01429999999999998
2005-12-13,0.7499,-0.0040999999999999925
2005-12-14,0.7162,-0.03370000000000006
2005-12-15,0.7149,-0.0012999999999999678
2005-12-16,0.7046,-0.010299999999999976
2005-12-19,0.6961,-0.008499999999999952
2005-12-20,0.7005,0.0043999999999999595
2005-12-21,0.7089,0.008399999999999963
2005-12-22,0.6887,-0.020199999999999996
2005-12-23,0.6584,-0.030299999999999994
2005-12-28,0.6462,0.009700000000000042
2005-12-29,0.6426,-0.0036000000000000476
2005-12-30,0.6442,0.0016000000000000458
2006-01-04,0.6074,-0.01629999999999998
2006-01-05,0.6044,-0.0030000000000000027
2006-01-06,0.6115,0.007099999999999995
2006-01-09,0.6119,0.00039999999999995595
2006-01-10,0.627,0.015100000000000002
2006-01-11,0.6408,0.013800000000000034
2006-01-12,0.6254,-0.01540000000000008
2006-01-13,0.595,-0.030399999999999983
2006-01-18,0.5722,-0.0024999999999999467
2006-01-19,0.5863,0.014100000000000001
2006-01-20,0.585,-0.0013000000000000789
2006-01-23,0.5788,-0.006199999999999983
2006-01-24,0.5866,0.007800000000000029
2006-01-25,0.6228,0.03620000000000001
2006-01-26,0.6442,0.021399999999999975
2006-01-27,0.6493,0.005099999999999993
2006-01-30,0.6534,0.0040999999999999925
2006-01-31,0.6515,-0.0019000000000000128
2006-02-01,0.6657,0.01419999999999999
2006-02-02,0.6687,0.0030000000000000027
2006-02-03,0.6585,-0.010199999999999987
2006-02-06,0.6558,-0.0026999999999999247
2006-02-07,0.6595,0.0036999999999999256
2006-02-08,0.6697,0.010199999999999987
2006-02-09,0.6668,-0.0029000000000000137
2006-02-10,0.6816,0.014800000000000035
2006-02-13,0.6768,-0.0048000000000000265
2006-02-14,0.6863,0.009500000000000064
2006-02-15,0.6868,0.0004999999999999449
2006-02-16,0.684,-0.0027999999999999137
2006-02-17,0.6622,-0.02180000000000004
2006-02-22,0.652,-0.014599999999999946
2006-02-23,0.6618,0.009800000000000031
2006-02-24,0.6689,0.007099999999999995
2006-02-27,0.6752,0.006299999999999972
2006-02-28,0.6567,-0.018500000000000072
2006-03-01,0.6643,0.007600000000000051
2006-03-02,0.6884,0.02410000000000001
2006-03-03,0.7115,0.02310000000000001
2006-03-06,0.7378,0.02629999999999999
2006-03-07,0.7465,0.008700000000000041
2006-03-08,0.7469,0.00039999999999995595
2006-03-09,0.7464,-0.000500000000000056
2006-03-10,0.7541,0.00770000000000004
2006-03-13,0.7586,0.0045000000000000595
2006-03-14,0.7283,-0.030300000000000105
2006-03-15,0.7259,-0.0023999999999999577
2006-03-16,0.6921,-0.03379999999999994
2006-03-17,0.6945,0.0023999999999999577
2006-03-20,0.6865,-0.008000000000000007
2006-03-21,0.706,0.019499999999999962
2006-03-22,0.7079,0.0019000000000000128
2006-03-23,0.722,0.014100000000000001
2006-03-24,0.7004,-0.021599999999999953
2006-03-27,0.7082,0.007800000000000029
2006-03-28,0.7429,0.03469999999999995
2006-03-29,0.7611,0.018199999999999994
2006-03-30,0.7842,0.02310000000000001
2006-03-31,0.7891,0.0049000000000000155
2006-04-03,0.7964,0.007299999999999973
2006-04-04,0.7912,-0.005199999999999982
2006-04-05,0.7785,-0.012700000000000045
2006-04-06,0.7926,0.014100000000000001
2006-04-07,0.8214,0.028800000000000048
2006-04-10,0.8268,0.00539999999999996
2006-04-11,0.8149,-0.011900000000000022
2006-04-12,0.8266,0.011700000000000044
2006-04-13,0.8545,0.027900000000000036
2006-04-18,0.8262,-0.017799999999999927
2006-04-19,0.84,0.013799999999999923
2006-04-20,0.8481,0.008099999999999996
2006-04-21,0.8406,-0.007499999999999951
2006-04-24,0.8273,-0.013299999999999979
2006-04-25,0.8519,0.024599999999999955
2006-04-26,0.8715,0.019600000000000062
2006-04-27,0.8605,-0.01100000000000001
2006-04-28,0.8508,-0.009700000000000042
2006-05-01,0.8731,0.022299999999999986
2006-05-02,0.8714,-0.0017000000000000348
2006-05-03,0.8838,0.012400000000000078
2006-05-04,0.8907,0.006900000000000017
2006-05-05,0.8753,-0.01540000000000008
2006-05-08,0.8711,-0.0041999999999999815
2006-05-09,0.8688,-0.0022999999999999687
2006-05-10,0.8675,-0.0012999999999999678
2006-05-11,0.8811,0.013599999999999945
2006-05-12,0.9019,0.02080000000000004
2006-05-15,0.893,-0.008900000000000019
2006-05-16,0.8731,-0.01990000000000003
2006-05-17,0.8909,0.017800000000000038
2006-05-18,0.8609,-0.030000000000000027
2006-05-19,0.8482,-0.012700000000000045
2006-05-22,0.8361,-0.0121
2006-05-23,0.8423,0.006200000000000094
2006-05-24,0.8301,-0.0122000000000001
2006-05-25,0.8447,0.014600000000000057
2006-05-26,0.8398,-0.0049000000000000155
2006-05-31,0.8681,0.015699999999999936
2006-06-01,0.8686,0.000500000000000056
2006-06-02,0.8224,-0.04620000000000002
2006-06-05,0.822,-0.00040000000000006697
2006-06-06,0.8139,-0.008099999999999996
2006-06-07,0.8186,0.0047000000000000375
2006-06-08,0.8074,-0.011199999999999988
2006-06-09,0.7968,-0.010600000000000054
2006-06-12,0.7913,-0.005499999999999949
2006-06-13,0.7796,-0.011700000000000044
2006-06-14,0.8109,0.031299999999999994
2006-06-15,0.838,0.027100000000000013
2006-06-16,0.855,0.017000000000000015
2006-06-19,0.8596,0.0046000000000000485
2006-06-20,0.8622,0.0025999999999999357
2006-06-21,0.864,0.0018000000000000238
2006-06-22,0.8814,0.01739999999999997
2006-06-23,0.8947,0.01330000000000009
2006-06-26,0.8976,0.0028999999999999027
2006-06-27,0.8805,-0.017100000000000004
2006-06-28,0.8922,0.011700000000000044
2006-06-29,0.8785,-0.013700000000000045
2006-06-30,0.8508,-0.027699999999999947
2006-07-03,0.8408,-0.010000000000000009
2006-07-06,0.8631,-0.007299999999999973
2006-07-07,0.8406,-0.022499999999999964
2006-07-10,0.8294,-0.011199999999999988
2006-07-11,0.8157,-0.013700000000000045
2006-07-12,0.8125,-0.0031999999999999806
2006-07-13,0.7995,-0.013000000000000012
2006-07-14,0.791,-0.008499999999999952
2006-07-17,0.7892,-0.0018000000000000238
2006-07-18,0.8108,0.021599999999999953
2006-07-19,0.7849,-0.025899999999999923
2006-07-20,0.7675,-0.017400000000000082
2006-07-21,0.7718,0.0043000000000000815
2006-07-24,0.772,0.00019999999999997797
2006-07-25,0.7793,0.007299999999999973
2006-07-26,0.7697,-0.009599999999999942
2006-07-27,0.7714,0.0016999999999999238
2006-07-28,0.7525,-0.018900000000000028
2006-07-31,0.7454,-0.007099999999999995
2006-08-01,0.7395,-0.005899999999999905
2006-08-02,0.7299,-0.009600000000000053
2006-08-03,0.7272,-0.0027000000000000357
2006-08-04,0.7037,-0.023499999999999965
2006-08-07,0.7037,0.0
2006-08-08,0.7042,0.000500000000000056
2006-08-09,0.7119,0.007699999999999929
2006-08-10,0.7169,0.0050000000000000044
2006-08-11,0.7345,0.01760000000000006
2006-08-14,0.7476,0.0131
2006-08-15,0.7243,-0.023299999999999987
2006-08-16,0.6947,-0.02960000000000007
2006-08-17,0.6881,-0.006599999999999939
2006-08-18,0.6711,-0.017000000000000015
2006-08-21,0.6602,-0.01090000000000002
2006-08-22,0.6567,-0.0035000000000000586
2006-08-23,0.6578,0.001100000000000101
2006-08-24,0.6554,-0.0024000000000000687
2006-08-25,0.6485,-0.006900000000000017
2006-08-28,0.6502,0.0017000000000000348
2006-08-29,0.6504,0.00019999999999997797
2006-08-30,0.6436,-0.006800000000000028
2006-08-31,0.6325,-0.011099999999999999
2006-09-01,0.6299,-0.0025999999999999357
2006-09-06,0.6664,0.01539999999999997
2006-09-07,0.668,0.0016000000000000458
2006-09-08,0.6643,-0.0037000000000000366
2006-09-11,0.6738,0.009499999999999953
2006-09-12,0.6664,-0.007399999999999962
2006-09-13,0.6606,-0.005800000000000027
2006-09-14,0.6695,0.008900000000000019
2006-09-15,0.6754,0.005900000000000016
2006-09-18,0.6814,0.006000000000000005
2006-09-19,0.6505,-0.03090000000000004
2006-09-20,0.6442,-0.006299999999999972
2006-09-21,0.6086,-0.035599999999999965
2006-09-22,0.5839,-0.024700000000000055
2006-09-25,0.5625,-0.021399999999999975
2006-09-26,0.5714,0.008900000000000019
2006-09-27,0.5768,0.00539999999999996
2006-09-28,0.5879,0.011099999999999999
2006-09-29,0.5975,0.009600000000000053
2006-10-02,0.5903,-0.007199999999999984
2006-10-03,0.5876,-0.0027000000000000357
2006-10-04,0.565,-0.022600000000000064
2006-10-05,0.5764,0.011400000000000077
2006-10-06,0.6147,0.0383
2006-10-11,0.6566,0.014799999999999924
2006-10-12,0.6544,-0.0021999999999999797
2006-10-13,0.6633,0.008900000000000019
2006-10-16,0.6553,-0.008000000000000007
2006-10-17,0.6444,-0.01090000000000002
2006-10-18,0.6383,-0.006099999999999994
2006-10-19,0.6443,0.006000000000000005
2006-10-20,0.6473,0.0030000000000000027
2006-10-23,0.6621,0.014800000000000035
2006-10-24,0.6643,0.0021999999999999797
2006-10-25,0.6429,-0.021399999999999975
2006-10-26,0.6164,-0.02650000000000008
2006-10-27,0.5913,-0.0250999999999999
2006-10-30,0.5862,-0.005099999999999993
2006-10-31,0.5596,-0.026600000000000068
2006-11-01,0.535,-0.024599999999999955
2006-11-02,0.5442,0.009199999999999986
2006-11-03,0.5942,0.04999999999999993
2006-11-06,0.6004,0.006200000000000094
2006-11-07,0.5813,-0.019100000000000006
2006-11-08,0.5658,-0.01550000000000007
2006-11-09,0.5605,-0.005299999999999971
2006-11-10,0.5432,-0.017299999999999982
2006-11-13,0.5473,0.0040999999999999925
2006-11-14,0.5326,-0.014700000000000046
2006-11-15,0.5486,0.016000000000000014
2006-11-16,0.5706,0.02200000000000002
2006-11-17,0.5514,-0.019199999999999995
2006-11-20,0.5447,-0.006700000000000039
2006-11-21,0.5364,-0.008299999999999974
2006-11-22,0.5312,-0.005199999999999982
2006-11-27,0.5169,-0.007099999999999995
2006-11-28,0.5041,-0.012800000000000034
2006-11-29,0.5076,0.0035000000000000586
2006-11-30,0.4861,-0.021500000000000075
2006-12-01,0.466,-0.02009999999999995
2006-12-04,0.4656,-0.00040000000000001146
2006-12-05,0.4735,0.007899999999999963
2006-12-06,0.4934,0.01990000000000003
2006-12-07,0.5001,0.006699999999999984
2006-12-08,0.5326,0.03249999999999997
2006-12-11,0.5271,-0.005499999999999949
2006-12-12,0.5094,-0.01770000000000005
2006-12-13,0.5415,0.03210000000000002
2006-12-14,0.5571,0.015600000000000058
2006-12-15,0.5629,0.005799999999999916
2006-12-18,0.56,-0.0028999999999999027
2006-12-19,0.5589,-0.001100000000000101
2006-12-20,0.5591,0.000200000000000089
2006-12-21,0.5413,-0.017800000000000038
2006-12-22,0.5655,0.0242
2006-12-27,0.5842,0.02100000000000002
2006-12-28,0.6067,0.022499999999999964
2006-12-29,0.6177,0.01100000000000001
2007-01-03,0.5968,-0.01090000000000002
2007-01-04,0.5771,-0.01970000000000005
2007-01-05,0.5854,0.008300000000000085
2007-01-08,0.5877,0.0022999999999999687
2007-01-09,0.5851,-0.0026000000000000467
2007-01-10,0.5946,0.009500000000000064
2007-01-11,0.6155,0.02090000000000003
2007-01-12,0.6332,0.017699999999999938
2007-01-17,0.6433,0.014599999999999946
2007-01-18,0.6325,-0.010800000000000032
2007-01-19,0.6398,0.007300000000000084
2007-01-22,0.6323,-0.007500000000000062
2007-01-23,0.649,0.016700000000000048
2007-01-24,0.6538,0.0048000000000000265
2007-01-25,0.677,0.0232
2007-01-26,0.6896,0.012599999999999945
2007-01-29,0.6978,0.008199999999999985
2007-01-30,0.694,-0.0038000000000000256
2007-01-31,0.6744,-0.01959999999999995
2007-02-01,0.6757,0.0012999999999999678
2007-02-02,0.671,-0.0046999999999999265
2007-02-05,0.6606,-0.010400000000000076
2007-02-06,0.6405,-0.020100000000000007
2007-02-07,0.6254,-0.015100000000000002
2007-02-08,0.6179,-0.007499999999999951
2007-02-09,0.6375,0.01959999999999995
2007-02-12,0.6478,0.010300000000000087
2007-02-13,0.6557,0.007899999999999907
2007-02-14,0.6234,-0.032299999999999995
2007-02-15,0.604,-0.019399999999999973
2007-02-16,0.595,-0.009000000000000008
2007-02-21,0.5889,0.0024999999999999467
2007-02-22,0.6048,0.015900000000000025
2007-02-23,0.5868,-0.018000000000000016
2007-02-26,0.5613,-0.025499999999999967
2007-02-27,0.5037,-0.057599999999999985
2007-02-28,0.5149,0.011199999999999988
2007-03-01,0.5172,0.0022999999999999687
2007-03-02,0.5054,-0.011800000000000033
2007-03-05,0.5048,-0.0005999999999999339
2007-03-06,0.5131,0.008299999999999974
2007-03-07,0.501,-0.0121
2007-03-08,0.5024,0.0013999999999999568
2007-03-09,0.5346,0.032200000000000006
2007-03-12,0.5262,-0.008399999999999963
2007-03-13,0.4992,-0.027000000000000024
2007-03-14,0.5053,0.006099999999999994
2007-03-15,0.5134,0.008099999999999996
2007-03-16,0.5186,0.005199999999999982
2007-03-19,0.5288,0.010200000000000098
2007-03-20,0.5224,-0.006400000000000072
2007-03-21,0.5099,-0.012499999999999956
2007-03-22,0.5331,0.0232
2007-03-23,0.5479,0.014800000000000035
2007-03-26,0.5436,-0.0043000000000000815
2007-03-27,0.5502,0.00660000000000005
2007-03-28,0.5546,0.0043999999999999595
2007-03-29,0.5667,0.0121
2007-03-30,0.5768,0.010099999999999998
2007-04-02,0.5781,0.0012999999999999678
2007-04-03,0.5868,0.008700000000000041
2007-04-04,0.5814,-0.00539999999999996
2007-04-05,0.5914,0.010000000000000009
2007-04-06,0.6275,0.03609999999999991
2007-04-09,0.6323,0.0048000000000000265
2007-04-10,0.6244,-0.007900000000000018
2007-04-11,0.6271,0.0027000000000000357
2007-04-12,0.6277,0.0006000000000000449
2007-04-13,0.6391,0.011399999999999966
2007-04-16,0.6327,-0.006399999999999961
2007-04-17,0.6106,-0.02210000000000001
2007-04-18,0.5922,-0.018400000000000083
2007-04-19,0.5945,0.0023000000000000798
2007-04-20,0.5973,0.0028000000000000247
2007-04-23,0.5878,-0.009500000000000064
2007-04-24,0.5738,-0.014000000000000012
2007-04-25,0.5832,0.009400000000000075
2007-04-26,0.6022,0.018999999999999906
2007-04-27,0.6104,0.008200000000000096
2007-04-30,0.5847,-0.025700000000000056
2007-05-01,0.5852,0.000500000000000056
2007-05-02,0.5889,0.0036999999999999256
2007-05-03,0.6033,0.014399999999999968
2007-05-04,0.5912,-0.0121
2007-05-07,0.5865,-0.0046999999999999265
2007-05-08,0.5832,-0.0032999999999999696
2007-05-09,0.6013,0.018099999999999894
2007-05-10,0.5991,-0.0021999999999999797
2007-05-11,0.6132,0.014100000000000001
2007-05-14,0.6266,0.013400000000000079
2007-05-15,0.6408,0.01419999999999999
2007-05-16,0.6502,0.009399999999999964
2007-05-17,0.6732,0.02300000000000002
2007-05-18,0.6949,0.02169999999999994
2007-05-21,0.6875,-0.007399999999999962
2007-05-22,0.6978,0.010299999999999976
2007-05-23,0.7116,0.013800000000000034
2007-05-24,0.7139,0.0022999999999999687
2007-05-25,0.7216,0.00770000000000004
2007-05-30,0.7375,0.00770000000000004
2007-05-31,0.7563,0.018799999999999928
2007-06-01,0.784,0.027700000000000058
2007-06-04,0.7807,-0.0033000000000000806
2007-06-05,0.7972,0.01650000000000007
2007-06-06,0.7985,0.0012999999999999678
2007-06-07,0.8512,0.05269999999999997
2007-06-08,0.8736,0.022400000000000087
2007-06-11,0.8898,0.016199999999999992
2007-06-12,0.944,0.054199999999999915
2007-06-13,0.9429,-0.0010999999999999899
2007-06-14,0.9571,0.01419999999999999
2007-06-15,0.9449,-0.012199999999999989
2007-06-18,0.9307,-0.01419999999999999
2007-06-19,0.8999,-0.03079999999999994
2007-06-20,0.9039,0.0040000000000000036
2007-06-21,0.9119,0.008000000000000007
2007-06-22,0.9031,-0.00880000000000003
2007-06-25,0.87,-0.03310000000000002
2007-06-26,0.8667,-0.0032999999999999696
2007-06-27,0.8616,-0.005099999999999993
2007-06-28,0.8771,0.015499999999999958
2007-06-29,0.8435,-0.03359999999999996
2007-07-02,0.8105,-0.03300000000000003
2007-07-03,0.818,0.007499999999999951
2007-07-06,0.8847,0.026700000000000057
2007-07-09,0.8777,-0.007000000000000006
2007-07-10,0.8256,-0.052100000000000035
2007-07-11,0.833,0.007399999999999962
2007-07-12,0.8515,0.018500000000000072
2007-07-13,0.8486,-0.0029000000000000137
2007-07-16,0.8232,-0.025399999999999978
2007-07-17,0.8302,0.007000000000000006
2007-07-18,0.8045,-0.025700000000000056
2007-07-19,0.8078,0.0032999999999999696
2007-07-20,0.7757,-0.03210000000000002
2007-07-23,0.7674,-0.008299999999999974
2007-07-24,0.7502,-0.017199999999999993
2007-07-25,0.7387,-0.011499999999999955
2007-07-26,0.6835,-0.05520000000000003
2007-07-27,0.6818,-0.0017000000000000348
2007-07-30,0.6889,0.007099999999999995
2007-07-31,0.6747,-0.01419999999999999
2007-08-01,0.6724,-0.0022999999999999687
2007-08-02,0.6782,0.005800000000000027
2007-08-03,0.6551,-0.02310000000000001
2007-08-06,0.6518,-0.0032999999999999696
2007-08-07,0.6718,0.019999999999999907
2007-08-08,0.7119,0.040100000000000025
2007-08-09,0.7059,-0.006000000000000005
2007-08-10,0.73,0.02410000000000001
2007-08-13,0.725,-0.0050000000000000044
2007-08-14,0.7101,-0.014900000000000024
2007-08-15,0.7225,0.012400000000000078
2007-08-16,0.7253,0.0027999999999999137
2007-08-17,0.7885,0.06320000000000003
2007-08-20,0.8317,0.043200000000000016
2007-08-21,0.8184,-0.013299999999999979
2007-08-22,0.8317,0.013299999999999979
2007-08-23,0.8181,-0.013599999999999945
2007-08-24,0.7927,-0.02540000000000009
2007-08-27,0.7235,-0.06919999999999993
2007-08-28,0.6667,-0.05680000000000007
2007-08-29,0.6962,0.02950000000000008
2007-08-30,0.7002,0.0040000000000000036
2007-08-31,0.7131,0.012899999999999912
2007-09-05,0.6382,-0.048699999999999966
2007-09-06,0.6405,0.0022999999999999687
2007-09-07,0.6006,-0.039899999999999936
2007-09-10,0.5887,-0.011900000000000022
2007-09-11,0.6028,0.014100000000000001
2007-09-12,0.6241,0.021299999999999986
2007-09-13,0.6625,0.03839999999999999
2007-09-14,0.6657,0.0031999999999999806
2007-09-17,0.6625,-0.0031999999999999806
2007-09-18,0.672,0.009500000000000064
2007-09-19,0.6962,0.0242
2007-09-20,0.775,0.07879999999999998
2007-09-21,0.7888,0.013799999999999923
2007-09-24,0.7884,-0.00039999999999995595
2007-09-25,0.7837,-0.0047000000000000375
2007-09-26,0.7918,0.008099999999999996
2007-09-27,0.7783,-0.013499999999999956
2007-09-28,0.773,-0.005299999999999971
2007-10-01,0.7555,-0.01750000000000007
2007-10-02,0.7302,-0.02529999999999999
2007-10-03,0.7309,0.0007000000000000339
2007-10-04,0.7208,-0.010099999999999998
2007-10-05,0.7628,0.04200000000000004
2007-10-10,0.7701,-0.0030000000000000027
2007-10-11,0.763,-0.007099999999999995
2007-10-12,0.7735,0.010499999999999954
2007-10-15,0.7569,-0.016599999999999948
2007-10-16,0.7365,-0.020399999999999974
2007-10-17,0.7091,-0.02740000000000009
2007-10-18,0.7079,-0.0011999999999999789
2007-10-19,0.6667,-0.041200000000000014
2007-10-22,0.6571,-0.009599999999999942
2007-10-23,0.6507,-0.006400000000000072
2007-10-24,0.636,-0.014699999999999935
2007-10-25,0.6347,-0.0012999999999999678
2007-10-26,0.6485,0.013799999999999923
2007-10-29,0.6433,-0.005199999999999982
2007-10-30,0.6473,0.0040000000000000036
2007-10-31,0.6847,0.03739999999999999
2007-11-01,0.654,-0.03069999999999995
2007-11-02,0.6432,-0.010800000000000032
2007-11-05,0.6542,0.01100000000000001
2007-11-06,0.6692,0.015000000000000013
2007-11-07,0.6742,0.0050000000000000044
2007-11-08,0.6674,-0.006800000000000028
2007-11-09,0.6644,-0.0030000000000000027
2007-11-14,0.6835,0.010599999999999943
2007-11-15,0.6465,-0.03700000000000003
2007-11-16,0.6342,-0.012299999999999978
2007-11-19,0.5964,-0.037799999999999945
2007-11-20,0.5978,0.0013999999999999568
2007-11-21,0.5932,-0.0046000000000000485
2007-11-26,0.5329,-0.0673999999999999
2007-11-27,0.5655,0.03259999999999996
2007-11-28,0.6147,0.04920000000000002
2007-11-29,0.596,-0.01870000000000005
2007-11-30,0.5911,-0.0049000000000000155
2007-12-03,0.5551,-0.03599999999999992
2007-12-04,0.55,-0.005099999999999993
2007-12-05,0.5593,0.009299999999999975
2007-12-06,0.6002,0.040899999999999936
2007-12-07,0.6533,0.053100000000000036
2007-12-10,0.6792,0.025900000000000034
2007-12-11,0.626,-0.053200000000000025
2007-12-12,0.652,0.026000000000000023
2007-12-13,0.708,0.05599999999999994
2007-12-14,0.7492,0.041200000000000014
2007-12-17,0.7201,-0.029100000000000015
2007-12-18,0.6854,-0.03469999999999995
2007-12-19,0.6527,-0.03270000000000006
2007-12-20,0.64,-0.012699999999999934
2007-12-21,0.6861,0.04610000000000003
2007-12-24,0.6913,0.005199999999999982
2007-12-27,0.6878,-0.022800000000000042
2007-12-28,0.6442,-0.04359999999999997
2007-12-31,0.5981,-0.04610000000000003
2008-01-03,0.5226,-0.013900000000000023
2008-01-04,0.503,-0.01959999999999995
2008-01-07,0.4882,-0.01479999999999998
2008-01-08,0.4849,-0.003300000000000025
2008-01-09,0.4667,-0.018199999999999994
2008-01-10,0.4989,0.032200000000000006
2008-01-11,0.4809,-0.018000000000000016
2008-01-14,0.4807,-0.00019999999999997797
2008-01-15,0.4499,-0.030799999999999994
2008-01-16,0.452,0.0020999999999999908
2008-01-17,0.4253,-0.0267
2008-01-18,0.4314,0.006099999999999994
2008-01-23,0.4552,0.03849999999999998
2008-01-24,0.5383,0.08310000000000001
2008-01-25,0.5426,0.0042999999999999705
2008-01-28,0.5455,0.0029000000000000137
2008-01-29,0.5829,0.03739999999999999
2008-01-30,0.6343,0.0514
2008-01-31,0.6225,-0.011799999999999922
2008-02-01,0.6026,-0.01990000000000003
2008-02-04,0.6044,0.0018000000000000238
2008-02-05,0.5746,-0.02980000000000005
2008-02-06,0.5891,0.014499999999999957
2008-02-07,0.6425,0.0534
2008-02-08,0.6143,-0.028200000000000003
2008-02-11,0.5947,-0.01959999999999995
2008-02-12,0.6055,0.010800000000000032
2008-02-13,0.6205,0.015000000000000013
2008-02-14,0.6737,0.053199999999999914
2008-02-15,0.6713,-0.0023999999999999577
2008-02-20,0.7559,0.03410000000000002
2008-02-21,0.6966,-0.05930000000000002
2008-02-22,0.6884,-0.008199999999999985
2008-02-25,0.7421,0.05369999999999997
2008-02-26,0.7405,-0.0015999999999999348
2008-02-27,0.7426,0.0020999999999999908
2008-02-28,0.6961,-0.046499999999999986
2008-02-29,0.6181,-0.07800000000000007
2008-03-03,0.6162,-0.0019000000000000128
2008-03-04,0.6549,0.03870000000000007
2008-03-05,0.7055,0.05059999999999998
2008-03-06,0.6999,-0.005600000000000049
2008-03-07,0.6848,-0.015100000000000002
2008-03-10,0.6522,-0.03259999999999996
2008-03-11,0.7095,0.05730000000000002
2008-03-12,0.6677,-0.04180000000000006
2008-03-13,0.6864,0.01870000000000005
2008-03-14,0.6456,-0.04080000000000006
2008-03-17,0.6059,-0.03969999999999996
2008-03-18,0.6714,0.0655
2008-03-19,0.6782,0.006800000000000028
2008-03-20,0.6784,0.00019999999999997797
2008-03-25,0.7111,-0.021199999999999997
2008-03-26,0.6914,-0.01969999999999994
2008-03-27,0.7041,0.012699999999999934
2008-03-28,0.6738,-0.030299999999999994
2008-03-31,0.6515,-0.022299999999999986
2008-04-01,0.7011,0.04959999999999998
2008-04-02,0.7312,0.030100000000000016
2008-04-03,0.7407,0.009500000000000064
2008-04-04,0.699,-0.04170000000000007
2008-04-07,0.718,0.019000000000000017
2008-04-08,0.7209,0.0029000000000000137
2008-04-09,0.6879,-0.03300000000000003
2008-04-10,0.7133,0.02540000000000009
2008-04-11,0.7038,-0.009500000000000064
2008-04-14,0.7257,0.02190000000000003
2008-04-15,0.7622,0.03649999999999998
2008-04-16,0.8213,0.05910000000000004
2008-04-17,0.8454,0.02410000000000001
2008-04-18,0.8481,0.0026999999999999247
2008-04-21,0.8378,-0.010299999999999976
2008-04-22,0.8387,0.0009000000000000119
2008-04-23,0.8514,0.012700000000000045
2008-04-24,0.9048,0.0534
2008-04-25,0.9318,0.026999999999999913
2008-04-28,0.8997,-0.032099999999999906
2008-04-29,0.8815,-0.018200000000000105
2008-04-30,0.8545,-0.026999999999999913
2008-05-01,0.8552,0.0006999999999999229
2008-05-02,0.8965,0.0413
2008-05-05,0.8904,-0.006099999999999994
2008-05-06,0.8952,0.0048000000000000265
2008-05-07,0.8728,-0.022399999999999975
2008-05-08,0.8347,-0.03810000000000002
2008-05-09,0.8193,-0.01539999999999997
2008-05-12,0.8105,-0.00880000000000003
2008-05-13,0.8546,0.04410000000000003
2008-05-14,0.8772,0.022599999999999953
2008-05-15,0.8373,-0.039899999999999936
2008-05-16,0.8358,-0.0015000000000000568
2008-05-19,0.823,-0.012800000000000034
2008-05-20,0.7945,-0.02849999999999997
2008-05-21,0.8083,0.013800000000000034
2008-05-22,0.8616,0.053300000000000014
2008-05-23,0.8399,-0.021700000000000053
2008-05-28,0.9201,0.048900000000000055
2008-05-29,0.9544,0.0343
2008-05-30,0.9559,0.0014999999999999458
2008-06-02,0.9114,-0.044499999999999984
2008-06-03,0.8743,-0.03710000000000002
2008-06-04,0.8905,0.016199999999999992
2008-06-05,0.9251,0.034600000000000075
2008-06-06,0.8844,-0.04070000000000007
2008-06-09,0.9253,0.04090000000000005
2008-06-10,0.9625,0.03720000000000001
2008-06-11,0.9547,-0.007800000000000029
2008-06-12,1.0065,0.05179999999999996
2008-06-13,1.0326,0.026100000000000012
2008-06-16,1.0225,-0.010099999999999998
2008-06-17,1.0059,-0.016599999999999948
2008-06-18,0.9779,-0.028000000000000025
2008-06-19,1.0086,0.03069999999999995
2008-06-20,0.9871,-0.021499999999999964
2008-06-23,1.0011,0.014000000000000123
2008-06-24,0.9604,-0.04070000000000007
2008-06-25,0.9619,0.0014999999999999458
2008-06-26,0.9338,-0.028100000000000014
2008-06-27,0.9089,-0.024899999999999922
2008-06-30,0.8904,-0.018500000000000072
2008-07-01,0.8854,-0.0050000000000000044
2008-07-02,0.8772,-0.008199999999999985
2008-07-03,0.8721,-0.005099999999999993
2008-07-08,0.8318,-0.01870000000000005
2008-07-09,0.802,-0.029799999999999938
2008-07-10,0.8025,0.0004999999999999449
2008-07-11,0.8687,0.06620000000000004
2008-07-14,0.8639,-0.0048000000000000265
2008-07-15,0.8559,-0.008000000000000007
2008-07-16,0.9033,0.0474
2008-07-17,0.9644,0.06110000000000004
2008-07-18,0.9985,0.03410000000000002
2008-07-21,0.9953,-0.0032000000000000917
2008-07-22,1.0137,0.018400000000000083
2008-07-23,1.0281,0.014399999999999968
2008-07-24,0.9684,-0.059699999999999975
2008-07-25,0.9883,0.019899999999999918
2008-07-28,0.9525,-0.03579999999999994
2008-07-29,0.959,0.00649999999999995
2008-07-30,0.953,-0.006000000000000005
2008-07-31,0.9109,-0.042099999999999915
2008-08-01,0.897,-0.013900000000000023
2008-08-04,0.8896,-0.007400000000000073
2008-08-05,0.9028,0.0132000000000001
2008-08-06,0.9242,0.021399999999999975
2008-08-07,0.875,-0.04920000000000002
2008-08-08,0.877,0.0020000000000000018
2008-08-11,0.8842,0.007199999999999984
2008-08-12,0.8403,-0.04389999999999994
2008-08-13,0.8471,0.006799999999999917
2008-08-14,0.8244,-0.022699999999999942
2008-08-15,0.8005,-0.023900000000000032
2008-08-18,0.7814,-0.019100000000000006
2008-08-19,0.7845,0.0030999999999999917
2008-08-20,0.7721,-0.012399999999999967
2008-08-21,0.7951,0.02300000000000002
2008-08-22,0.8216,0.026499999999999968
2008-08-25,0.7849,-0.036699999999999955
2008-08-26,0.7798,-0.005099999999999993
2008-08-27,0.7683,-0.011500000000000066
2008-08-28,0.7719,0.0036000000000000476
2008-08-29,0.7875,0.015599999999999947
2008-09-03,0.7336,-0.02059999999999995
2008-09-04,0.7022,-0.031399999999999983
2008-09-05,0.7075,0.005299999999999971
2008-09-08,0.7138,0.006299999999999972
2008-09-09,0.6976,-0.016199999999999992
2008-09-10,0.7061,0.008499999999999952
2008-09-11,0.7011,-0.0050000000000000044
2008-09-12,0.7542,0.053100000000000036
2008-09-15,0.6755,-0.07869999999999999
2008-09-16,0.7038,0.028299999999999992
2008-09-17,0.7454,0.04159999999999997
2008-09-18,0.8467,0.10130000000000006
2008-09-19,0.9366,0.08989999999999998
2008-09-22,0.9233,-0.013299999999999979
2008-09-23,0.931,0.00770000000000004
2008-09-24,0.9355,0.0044999999999999485
2008-09-25,0.9765,0.041000000000000036
2008-09-26,0.9647,-0.011800000000000033
2008-09-29,0.8399,-0.12480000000000002
2008-09-30,0.9242,0.08430000000000004
2008-10-01,0.9109,-0.013299999999999979
2008-10-02,0.8807,-0.030200000000000005
2008-10-03,0.8885,0.007799999999999918
2008-10-06,0.8352,-0.0532999999999999
2008-10-07,0.8197,-0.01550000000000007
2008-10-08,0.931,0.11130000000000007
2008-10-09,1.0171,0.08609999999999984
2008-10-10,1.0786,0.06150000000000011
2008-10-15,1.2172,0.025600000000000067
2008-10-16,1.1986,-0.01859999999999995
2008-10-17,1.1726,-0.026000000000000023
2008-10-20,1.0934,-0.07920000000000016
2008-10-21,0.9935,-0.09989999999999988
2008-10-22,0.9328,-0.06070000000000009
2008-10-23,0.9226,-0.010199999999999987
2008-10-24,0.9684,0.04580000000000006
2008-10-27,1.0029,0.034499999999999864
2008-10-28,1.0658,0.06290000000000018
2008-10-29,1.1171,0.0512999999999999
2008-10-30,1.1854,0.06830000000000003
2008-10-31,1.2185,0.03309999999999991
2008-11-03,1.2038,-0.014699999999999935
2008-11-04,1.1379,-0.06590000000000007
2008-11-05,1.1011,-0.036799999999999944
2008-11-06,1.0986,-0.0024999999999999467
2008-11-07,1.1395,0.040899999999999936
2008-11-10,1.1368,-0.0026999999999999247
2008-11-13,1.1138,0.01869999999999994
2008-11-14,1.0725,-0.04129999999999989
2008-11-17,1.0417,-0.03079999999999994
2008-11-18,0.9798,-0.061900000000000066
2008-11-19,0.9159,-0.06389999999999996
2008-11-20,0.8203,-0.09560000000000002
2008-11-21,0.839,0.01869999999999994
2008-11-24,0.9063,0.06730000000000003
2008-11-25,0.8317,-0.0746
2008-11-26,0.7822,-0.04949999999999999
2008-12-01,0.6515,-0.09600000000000009
2008-12-02,0.6115,-0.039999999999999925
2008-12-03,0.5914,-0.020100000000000007
2008-12-04,0.5526,-0.03880000000000006
2008-12-05,0.6129,0.06030000000000002
2008-12-08,0.6589,0.04600000000000004
2008-12-09,0.621,-0.037900000000000045
2008-12-10,0.6261,0.005099999999999993
2008-12-11,0.6004,-0.025699999999999945
2008-12-12,0.5885,-0.011900000000000022
2008-12-15,0.5588,-0.02970000000000006
2008-12-16,0.4826,-0.07619999999999999
2008-12-17,0.4242,-0.05839999999999995
2008-12-18,0.3576,-0.06660000000000005
2008-12-19,0.3652,0.007600000000000051
2008-12-22,0.3749,0.009699999999999986
2008-12-23,0.3805,0.005599999999999994
2008-12-24,0.3915,0.01100000000000001
2008-12-29,0.3518,-0.022699999999999998
2008-12-30,0.3423,-0.009500000000000008
2008-12-31,0.393,0.05070000000000002
2009-01-05,0.5094,0.020299999999999985
2009-01-06,0.5204,0.01100000000000001
2009-01-07,0.5267,0.006299999999999972
2009-01-08,0.5135,-0.01319999999999999
2009-01-09,0.4887,-0.024799999999999933
2009-01-12,0.4533,-0.03540000000000004
2009-01-13,0.4378,-0.015499999999999958
2009-01-14,0.3974,-0.04040000000000005
2009-01-15,0.3871,-0.010299999999999976
2009-01-16,0.4314,0.044300000000000006
2009-01-21,0.5389,0.07880000000000004
2009-01-22,0.5834,0.044499999999999984
2009-01-23,0.6153,0.03189999999999993
2009-01-26,0.6429,0.02760000000000007
2009-01-27,0.6104,-0.03249999999999997
2009-01-28,0.6413,0.030899999999999928
2009-01-29,0.706,0.06469999999999998
2009-01-30,0.719,0.013000000000000012
2009-02-02,0.6746,-0.044399999999999995
2009-02-03,0.7091,0.034499999999999975
2009-02-04,0.7332,0.02410000000000001
2009-02-05,0.7367,0.0035000000000000586
2009-02-06,0.7713,0.034599999999999964
2009-02-09,0.7842,0.012900000000000023
2009-02-10,0.7105,-0.07369999999999999
2009-02-11,0.6661,-0.044399999999999995
2009-02-12,0.6379,-0.028200000000000003
2009-02-13,0.69,0.052099999999999924
2009-02-18,0.6227,0.02400000000000002
2009-02-19,0.6711,0.0484
2009-02-20,0.6541,-0.017000000000000015
2009-02-23,0.654,-9.999999999998899e-05
2009-02-24,0.6653,0.011299999999999977
2009-02-25,0.7232,0.05789999999999995
2009-02-26,0.7537,0.030500000000000083
2009-02-27,0.7636,0.009899999999999909
2009-03-02,0.7178,-0.04579999999999995
2009-03-03,0.7192,0.0013999999999999568
2009-03-04,0.7599,0.04070000000000007
2009-03-05,0.7063,-0.05359999999999998
2009-03-06,0.6979,-0.008400000000000074
2009-03-09,0.713,0.015100000000000002
2009-03-10,0.7533,0.0403
2009-03-11,0.7425,-0.01079999999999992
2009-03-12,0.7148,-0.027700000000000058
2009-03-13,0.6963,-0.01849999999999996
2009-03-16,0.7161,0.01979999999999993
2009-03-17,0.7496,0.033500000000000085
2009-03-18,0.5636,-0.18600000000000005
2009-03-19,0.531,-0.03259999999999996
2009-03-20,0.5262,-0.0048000000000000265
2009-03-23,0.5281,0.0019000000000000128
2009-03-24,0.5279,-0.00019999999999997797
2009-03-25,0.577,0.04909999999999992
2009-03-26,0.5721,-0.004899999999999904
2009-03-27,0.5782,0.006099999999999994
2009-03-30,0.5525,-0.025700000000000056
2009-03-31,0.5283,-0.0242
2009-04-01,0.5076,-0.02069999999999994
2009-04-02,0.5393,0.03169999999999995
2009-04-03,0.6051,0.06579999999999997
2009-04-06,0.6409,0.035800000000000054
2009-04-07,0.6456,0.0046999999999999265
2009-04-08,0.6305,-0.015100000000000002
2009-04-09,0.6593,0.028800000000000048
2009-04-14,0.5961,-0.036900000000000044
2009-04-15,0.5873,-0.008799999999999919
2009-04-16,0.6181,0.03079999999999994
2009-04-17,0.674,0.05590000000000006
2009-04-20,0.648,-0.026000000000000023
2009-04-21,0.6659,0.017900000000000027
2009-04-22,0.6924,0.026499999999999968
2009-04-23,0.6936,0.0011999999999999789
2009-04-24,0.7237,0.030100000000000016
2009-04-27,0.6957,-0.028000000000000025
2009-04-28,0.7272,0.03149999999999997
2009-04-29,0.7615,0.0343
2009-04-30,0.78,0.018500000000000072
2009-05-01,0.8004,0.020399999999999974
2009-05-04,0.7953,-0.005099999999999993
2009-05-05,0.7978,0.0024999999999999467
2009-05-06,0.7987,0.0009000000000000119
2009-05-07,0.8424,0.04370000000000007
2009-05-08,0.8547,0.012299999999999978
2009-05-11,0.8124,-0.042300000000000004
2009-05-12,0.7979,-0.014499999999999957
2009-05-13,0.7718,-0.026100000000000012
2009-05-14,0.764,-0.007800000000000029
2009-05-15,0.7735,0.009499999999999953
2009-05-18,0.8079,0.034399999999999986
2009-05-19,0.8281,0.020199999999999996
2009-05-20,0.8085,-0.01959999999999995
2009-05-21,0.8584,0.049900000000000055
2009-05-22,0.909,0.05059999999999998
2009-05-27,1.0329,0.08179999999999998
2009-05-28,1.0539,0.02100000000000013
2009-05-29,0.9989,-0.05500000000000005
2009-06-01,1.0744,0.07550000000000001
2009-06-02,1.0824,0.008000000000000007
2009-06-03,1.0523,-0.030100000000000016
2009-06-04,1.1039,0.05160000000000009
2009-06-05,1.1926,0.0887
2009-06-08,1.2372,0.04459999999999997
2009-06-09,1.2213,-0.015900000000000025
2009-06-10,1.2529,0.03159999999999985
2009-06-11,1.2303,-0.022599999999999953
2009-06-12,1.2041,-0.0262
2009-06-15,1.1701,-0.03400000000000003
2009-06-16,1.1347,-0.035399999999999876
2009-06-17,1.1241,-0.010599999999999943
2009-06-18,1.1904,0.0662999999999998
2009-06-19,1.1876,-0.0027999999999999137
2009-06-22,1.1513,-0.0363
2009-06-23,1.1211,-0.030200000000000005
2009-06-24,1.1361,0.015000000000000124
2009-06-25,1.0753,-0.06080000000000019
2009-06-26,1.0438,-0.03149999999999986
2009-06-29,1.0306,-0.0132000000000001
2009-06-30,1.0322,0.0016000000000000458
2009-07-01,1.0321,-9.999999999998899e-05
2009-07-02,1.0089,-0.02320000000000011
2009-07-07,0.9839,-0.01639999999999997
2009-07-08,0.9192,-0.06469999999999998
2009-07-09,0.9455,0.02629999999999999
2009-07-10,0.908,-0.03749999999999998
2009-07-13,0.9187,0.010699999999999932
2009-07-14,0.9683,0.04960000000000009
2009-07-15,1.0372,0.06889999999999985
2009-07-16,1.0366,-0.0005999999999999339
2009-07-17,1.0685,0.03190000000000004
2009-07-20,1.0521,-0.01639999999999997
2009-07-21,1.0048,-0.04730000000000012
2009-07-22,1.0199,0.015100000000000113
2009-07-23,1.0859,0.06600000000000006
2009-07-24,1.0948,0.008899999999999908
2009-07-27,1.1184,0.023600000000000065
2009-07-28,1.1197,0.0012999999999998568
2009-07-29,1.1203,0.000600000000000156
2009-07-30,1.1107,-0.009600000000000053
2009-07-31,1.049,-0.06170000000000009
2009-08-03,1.084,0.03500000000000014
2009-08-04,1.1027,0.01869999999999994
2009-08-05,1.1393,0.036599999999999966
2009-08-06,1.148,0.00869999999999993
2009-08-07,1.1936,0.045600000000000085
2009-08-10,1.1655,-0.028100000000000014
2009-08-11,1.1301,-0.035399999999999876
2009-08-12,1.134,0.0038999999999997925
2009-08-13,1.0847,-0.0492999999999999
2009-08-14,1.0525,-0.032200000000000006
2009-08-17,1.0102,-0.042300000000000004
2009-08-18,1.0113,0.001100000000000101
2009-08-19,0.9912,-0.020100000000000118
2009-08-20,0.9791,-0.0121
2009-08-21,1.0349,0.05579999999999996
2009-08-24,1.0152,-0.01969999999999983
2009-08-25,0.9989,-0.016300000000000092
2009-08-26,0.9927,-0.006199999999999983
2009-08-27,0.9994,0.006699999999999928
2009-08-28,0.994,-0.00539999999999996
2009-08-31,0.9688,-0.0252
2009-09-01,0.9472,-0.021599999999999953
2009-09-02,0.9113,-0.03590000000000004
2009-09-03,0.9148,0.0034999999999999476
2009-09-04,0.9553,0.04050000000000009
2009-09-09,0.98,0.008599999999999941
2009-09-10,0.9351,-0.04489999999999994
2009-09-11,0.9188,-0.016300000000000092
2009-09-14,0.9418,0.02300000000000002
2009-09-15,0.9678,0.026000000000000023
2009-09-16,0.9893,0.021499999999999964
2009-09-17,0.9699,-0.019399999999999973
2009-09-18,0.9988,0.028900000000000037
2009-09-21,1.0007,0.0018999999999999018
2009-09-22,0.9919,-0.008799999999999919
2009-09-23,0.9784,-0.013499999999999956
2009-09-24,0.9578,-0.020600000000000063
2009-09-25,0.9386,-0.019199999999999995
2009-09-28,0.9174,-0.021199999999999997
2009-09-29,0.9108,-0.006599999999999939
2009-09-30,0.9012,-0.009600000000000053
2009-10-01,0.8611,-0.040100000000000025
2009-10-02,0.86,-0.0010999999999999899
2009-10-05,0.8583,-0.0017000000000000348
2009-10-06,0.8707,0.012400000000000078
2009-10-07,0.8386,-0.03210000000000002
2009-10-08,0.859,0.020399999999999974
2009-10-09,0.922,0.06300000000000006
2009-10-14,0.9467,0.03810000000000002
2009-10-15,0.9735,0.026800000000000046
2009-10-16,0.9594,-0.014100000000000001
2009-10-19,0.9485,-0.01090000000000002
2009-10-20,0.9212,-0.02729999999999999
2009-10-21,0.9435,0.022299999999999986
2009-10-22,0.9563,0.012800000000000034
2009-10-23,0.9868,0.03049999999999997
2009-10-26,1.0232,0.0364000000000001
2009-10-27,0.989,-0.03420000000000012
2009-10-28,0.9631,-0.025900000000000034
2009-10-29,0.9922,0.029100000000000015
2009-10-30,0.9519,-0.0403
2009-11-02,0.9493,-0.0025999999999999357
2009-11-03,0.9671,0.017799999999999927
2009-11-04,0.9928,0.025700000000000056
2009-11-05,0.9946,0.0018000000000000238
2009-11-06,0.9823,-0.012300000000000089
2009-11-09,0.974,-0.008299999999999974
2009-11-10,0.9726,-0.0013999999999999568
2009-11-13,0.9489,-0.010099999999999998
2009-11-16,0.9046,-0.044300000000000006
2009-11-17,0.8911,-0.013499999999999956
2009-11-18,0.8989,0.007800000000000029
2009-11-19,0.8945,-0.0044000000000000705
2009-11-20,0.9011,0.00660000000000005
2009-11-23,0.9023,0.0011999999999999789
2009-11-24,0.8744,-0.027900000000000036
2009-11-25,0.8507,-0.023699999999999943
2009-11-30,0.7964,-0.01870000000000005
2009-12-01,0.8106,0.01419999999999999
2009-12-02,0.833,0.022399999999999975
2009-12-03,0.8643,0.031299999999999994
2009-12-04,0.9147,0.0504
2009-12-07,0.9091,-0.005599999999999938
2009-12-08,0.8883,-0.02080000000000004
2009-12-09,0.8971,0.00880000000000003
2009-12-10,0.9206,0.023499999999999965
2009-12-11,0.9518,0.031200000000000006
2009-12-14,0.9682,0.01639999999999997
2009-12-15,0.9875,0.019300000000000095
2009-12-16,0.9922,0.0046999999999999265
2009-12-17,0.9494,-0.04279999999999995
2009-12-18,0.9625,0.0131
2009-12-21,1.0166,0.054099999999999926
2009-12-22,1.0553,0.03869999999999996
2009-12-23,1.0744,0.019100000000000117
2009-12-24,1.1042,0.02980000000000005
2009-12-29,1.1174,-0.0051000000000001044
2009-12-30,1.1129,-0.0044999999999999485
2009-12-31,1.1347,0.02180000000000004
2010-01-05,1.1012,-0.031300000000000106
2010-01-06,1.1205,0.019300000000000095
2010-01-07,1.13,0.009499999999999842
2010-01-08,1.1216,-0.008399999999999963
2010-01-11,1.1267,0.0051000000000001044
2010-01-12,1.0869,-0.03980000000000006
2010-01-13,1.1029,0.016000000000000014
2010-01-14,1.0861,-0.016799999999999926
2010-01-15,1.0601,-0.026000000000000023
2010-01-20,1.0485,-0.017200000000000104
2010-01-21,1.0179,-0.03059999999999996
2010-01-22,1.0059,-0.01200000000000001
2010-01-25,1.0158,0.00990000000000002
2010-01-26,1.015,-0.0008000000000001339
2010-01-27,1.0234,0.008400000000000185
2010-01-28,1.026,0.0025999999999999357
2010-01-29,1.0065,-0.019500000000000073
2010-02-01,1.0161,0.009600000000000053
2010-02-02,1.0124,-0.0037000000000000366
2010-02-03,1.0309,0.01849999999999996
2010-02-04,0.9935,-0.03739999999999988
2010-02-05,0.9659,-0.02760000000000007
2010-02-08,0.968,0.0020999999999999908
2010-02-09,0.9893,0.021299999999999986
2010-02-10,1.0205,0.031200000000000006
2010-02-11,1.0323,0.011800000000000033
2010-02-12,1.0209,-0.011400000000000077
2010-02-17,1.0367,0.028999999999999915
2010-02-18,1.0678,0.031100000000000128
2010-02-19,1.0798,0.01200000000000001
2010-02-22,1.0825,0.0026999999999999247
2010-02-23,1.0419,-0.04059999999999997
2010-02-24,1.0334,-0.008499999999999952
2010-02-25,1.0071,-0.02629999999999999
2010-02-26,0.9873,-0.01980000000000015
2010-03-01,0.9774,-0.009899999999999909
2010-03-02,0.9726,-0.0048000000000000265
2010-03-03,0.9744,0.0018000000000000238
2010-03-04,0.9689,-0.00550000000000006
2010-03-05,0.9964,0.02749999999999997
2010-03-08,1.0088,0.012399999999999967
2010-03-09,1.0069,-0.0019000000000000128
2010-03-10,1.0182,0.011300000000000088
2010-03-11,1.0277,0.009500000000000064
2010-03-12,1.0214,-0.006299999999999972
2010-03-15,1.0181,-0.0033000000000000806
2010-03-16,0.9971,-0.02100000000000002
2010-03-17,0.9877,-0.009399999999999964
2010-03-18,0.9999,0.012199999999999989
2010-03-19,1.0119,0.01200000000000001
2010-03-22,1.0011,-0.01079999999999992
2010-03-23,1.0023,0.0011999999999998678
2010-03-24,1.0648,0.0625
2010-03-25,1.1061,0.041300000000000114
2010-03-26,1.0996,-0.006500000000000172
2010-03-29,1.1039,0.0043000000000001926
2010-03-30,1.1063,0.0023999999999999577
2010-03-31,1.0908,-0.01550000000000007
2010-04-01,1.103,0.012199999999999989
2010-04-02,1.1375,0.034499999999999975
2010-04-05,1.1683,0.03079999999999994
2010-04-06,1.1616,-0.006699999999999928
2010-04-07,1.1216,-0.040000000000000036
2010-04-08,1.1242,0.0026000000000001577
2010-04-09,1.1215,-0.0027000000000001467
2010-04-12,1.1024,-0.019099999999999895
2010-04-13,1.0877,-0.014700000000000157
2010-04-14,1.0975,0.009800000000000031
2010-04-15,1.0891,-0.008399999999999963
2010-04-16,1.0586,-0.03049999999999997
2010-04-19,1.0674,0.008799999999999919
2010-04-20,1.0707,0.0033000000000000806
2010-04-21,1.0515,-0.019199999999999884
2010-04-22,1.0632,0.011699999999999822
2010-04-23,1.0807,0.01750000000000007
2010-04-26,1.0793,-0.0014000000000000679
2010-04-27,1.0261,-0.053199999999999914
2010-04-28,1.0453,0.019199999999999884
2010-04-29,1.0331,-0.012199999999999989
2010-04-30,1.0051,-0.027999999999999803
2010-05-03,1.0107,0.005599999999999827
2010-05-04,0.9766,-0.03409999999999991
2010-05-05,0.9482,-0.02839999999999998
2010-05-06,0.8813,-0.06690000000000007
2010-05-07,0.881,-0.00029999999999996696
2010-05-10,0.9169,0.03590000000000004
2010-05-11,0.921,0.0040999999999999925
2010-05-12,0.9365,0.015499999999999958
2010-05-13,0.9306,-0.005900000000000016
2010-05-14,0.8854,-0.04520000000000002
2010-05-17,0.8875,0.0020999999999999908
2010-05-18,0.8501,-0.03739999999999999
2010-05-19,0.8396,-0.010499999999999954
2010-05-20,0.796,-0.04359999999999997
2010-05-21,0.7702,-0.025800000000000045
2010-05-24,0.7708,0.0006000000000000449
2010-05-25,0.7547,-0.016100000000000003
2010-05-26,0.7636,0.008899999999999908
2010-05-27,0.8148,0.05120000000000002
2010-05-28,0.807,-0.007799999999999918
2010-06-02,0.8247,0.02300000000000002
2010-06-03,0.844,0.019299999999999984
2010-06-04,0.7773,-0.06669999999999998
2010-06-07,0.7495,-0.027799999999999936
2010-06-08,0.7469,-0.0026000000000000467
2010-06-09,0.751,0.0040999999999999925
2010-06-10,0.8032,0.052200000000000024
2010-06-11,0.7819,-0.021299999999999986
2010-06-14,0.7957,0.013799999999999923
2010-06-15,0.8155,0.01980000000000004
2010-06-16,0.7995,-0.016000000000000014
2010-06-17,0.7725,-0.027000000000000024
2010-06-18,0.7769,0.0044000000000000705
2010-06-21,0.7832,0.006299999999999972
2010-06-22,0.7526,-0.03059999999999996
2010-06-23,0.7204,-0.032200000000000006
2010-06-24,0.7148,-0.005600000000000049
2010-06-25,0.7039,-0.01090000000000002
2010-06-28,0.6669,-0.03699999999999992
2010-06-29,0.6313,-0.035600000000000076
2010-06-30,0.6169,-0.014399999999999968
2010-07-01,0.6114,-0.005499999999999949
2010-07-02,0.6237,0.012299999999999978
2010-07-07,0.6185,0.013900000000000023
2010-07-08,0.6337,0.015199999999999991
2010-07-09,0.653,0.019299999999999984
2010-07-12,0.6582,0.005199999999999982
2010-07-13,0.682,0.023800000000000043
2010-07-14,0.6595,-0.022500000000000075
2010-07-15,0.6263,-0.03320000000000001
2010-07-16,0.5961,-0.030200000000000005
2010-07-19,0.5964,0.000300000000000078
2010-07-20,0.5916,-0.0048000000000000265
2010-07-21,0.5635,-0.028100000000000014
2010-07-22,0.5723,0.00880000000000003
2010-07-23,0.5978,0.025499999999999967
2010-07-26,0.6095,0.011700000000000044
2010-07-27,0.6349,0.025399999999999978
2010-07-28,0.6147,-0.020199999999999996
2010-07-29,0.6012,-0.013500000000000068
2010-07-30,0.5591,-0.042099999999999915
2010-08-02,0.5656,0.00649999999999995
2010-08-03,0.5364,-0.029200000000000004
2010-08-04,0.5505,0.014100000000000001
2010-08-05,0.5356,-0.014900000000000024
2010-08-06,0.5025,-0.03310000000000002
2010-08-09,0.4968,-0.005699999999999927
2010-08-10,0.4659,-0.03090000000000004
2010-08-11,0.4344,-0.03149999999999997
2010-08-12,0.4342,-0.00020000000000003348
2010-08-13,0.4178,-0.01639999999999997
2010-08-16,0.3739,-0.043899999999999995
2010-08-17,0.3834,0.009500000000000008
2010-08-18,0.3875,0.0040999999999999925
2010-08-19,0.3686,-0.018900000000000028
2010-08-20,0.3828,0.01419999999999999
2010-08-23,0.375,-0.007799999999999974
2010-08-24,0.3387,-0.0363
2010-08-25,0.3477,0.009000000000000008
2010-08-26,0.3337,-0.014000000000000012
2010-08-27,0.3859,0.052200000000000024
2010-08-30,0.3552,-0.030700000000000005
2010-08-31,0.323,-0.032200000000000006
2010-09-01,0.3542,0.031200000000000006
2010-09-02,0.3777,0.023499999999999965
2010-09-03,0.4229,0.04520000000000002
2010-09-08,0.4043,0.013299999999999979
2010-09-09,0.4499,0.04560000000000003
2010-09-10,0.4793,0.02939999999999998
2010-09-13,0.4559,-0.023399999999999976
2010-09-14,0.4254,-0.030500000000000027
2010-09-15,0.4339,0.008500000000000008
2010-09-16,0.45,0.016100000000000003
2010-09-17,0.4474,-0.002599999999999991
2010-09-20,0.4322,-0.015200000000000047
2010-09-21,0.388,-0.04419999999999996
2010-09-22,0.3608,-0.027200000000000002
2010-09-23,0.353,-0.007800000000000029
2010-09-24,0.371,0.018000000000000016
2010-09-27,0.3413,-0.029700000000000004
2010-09-28,0.3083,-0.032999999999999974
2010-09-29,0.3123,0.0040000000000000036
2010-09-30,0.3129,0.0005999999999999894
2010-10-01,0.3139,0.0010000000000000009
2010-10-04,0.3012,-0.012699999999999989
2010-10-05,0.2928,-0.008400000000000019
2010-10-06,0.2631,-0.029700000000000004
2010-10-07,0.2517,-0.011400000000000021
2010-10-08,0.2452,-0.006499999999999978
2010-10-13,0.2568,0.0019999999999999463
2010-10-14,0.2805,0.023700000000000054
2010-10-15,0.3084,0.02789999999999998
2010-10-18,0.2892,-0.019199999999999995
2010-10-19,0.2734,-0.015800000000000036
2010-10-20,0.2709,-0.0025000000000000022
2010-10-21,0.2927,0.02180000000000004
2010-10-22,0.3066,0.013899999999999968
2010-10-25,0.3139,0.007300000000000029
2010-10-26,0.3508,0.03689999999999999
2010-10-27,0.3906,0.0398
2010-10-28,0.3718,-0.018799999999999983
2010-10-29,0.3436,-0.028200000000000003
2010-11-01,0.3412,-0.0024000000000000132
2010-11-02,0.3277,-0.013500000000000012
2010-11-03,0.322,-0.005699999999999983
2010-11-04,0.2705,-0.05149999999999999
2010-11-05,0.2745,0.0040000000000000036
2010-11-08,0.2803,0.005799999999999972
2010-11-09,0.3301,0.04980000000000001
2010-11-10,0.3237,-0.006400000000000017
2010-11-15,0.4456,0.07590000000000002
2010-11-16,0.4491,0.003500000000000003
2010-11-17,0.4649,0.01579999999999998
2010-11-18,0.4805,0.015600000000000003
2010-11-19,0.4847,0.004200000000000037
2010-11-22,0.4519,-0.032799999999999996
2010-11-23,0.4293,-0.02260000000000001
2010-11-24,0.488,0.058699999999999974
2010-11-29,0.4719,-0.0121
2010-11-30,0.4543,-0.017600000000000005
2010-12-01,0.5176,0.06329999999999997
2010-12-02,0.5516,0.03400000000000003
2010-12-03,0.5619,0.010299999999999976
2010-12-06,0.5309,-0.030999999999999917
2010-12-07,0.6129,0.08199999999999996
2010-12-08,0.6835,0.0706
2010-12-09,0.7068,0.023299999999999987
2010-12-10,0.7482,0.04139999999999999
2010-12-13,0.7411,-0.007099999999999995
2010-12-14,0.8121,0.07100000000000006
2010-12-15,0.849,0.03689999999999993
2010-12-16,0.8356,-0.013399999999999967
2010-12-17,0.7905,-0.04510000000000003
2010-12-20,0.7823,-0.008199999999999985
2010-12-21,0.7769,-0.00539999999999996
2010-12-22,0.7827,0.005799999999999916
2010-12-23,0.8079,0.0252
2010-12-28,0.8418,0.04530000000000001
2010-12-29,0.7941,-0.047699999999999965
2010-12-30,0.796,0.0019000000000000128
2010-12-31,0.7701,-0.025900000000000034
2011-01-03,0.7746,0.0044999999999999485
2011-01-04,0.7754,0.0008000000000000229
2011-01-05,0.8329,0.057499999999999996
2011-01-06,0.8234,-0.009499999999999953
2011-01-07,0.7796,-0.04380000000000006
2011-01-10,0.7549,-0.024699999999999944
2011-01-11,0.7672,0.012299999999999978
2011-01-12,0.7719,0.0047000000000000375
2011-01-13,0.7527,-0.019199999999999995
2011-01-14,0.7556,0.0029000000000000137
2011-01-19,0.7624,-0.0043000000000000815
2011-01-20,0.8056,0.043200000000000016
2011-01-21,0.8064,0.0008000000000000229
2011-01-24,0.8026,-0.0038000000000000256
2011-01-25,0.7687,-0.03389999999999993
2011-01-26,0.7936,0.024899999999999922
2011-01-27,0.7865,-0.007099999999999995
2011-01-28,0.76,-0.026499999999999968
2011-01-31,0.7729,0.012900000000000023
2011-02-01,0.8032,0.030299999999999994
2011-02-02,0.8323,0.029100000000000015
2011-02-03,0.868,0.035699999999999954
2011-02-04,0.9174,0.0494
2011-02-07,0.9348,0.01739999999999997
2011-02-08,0.9764,0.04160000000000008
2011-02-09,0.9592,-0.017199999999999993
2011-02-10,0.9783,0.019099999999999895
2011-02-11,0.9678,-0.010499999999999954
2011-02-14,0.958,-0.009800000000000031
2011-02-15,0.9462,-0.011799999999999922
2011-02-16,0.9486,0.0023999999999999577
2011-02-17,0.9302,-0.018399999999999972
2011-02-18,0.9293,-0.0009000000000000119
2011-02-23,0.8716,-0.0016999999999999238
2011-02-24,0.8595,-0.0121
2011-02-25,0.8426,-0.016900000000000026
2011-02-28,0.8288,-0.013800000000000034
2011-03-01,0.8199,-0.008900000000000019
2011-03-02,0.8389,0.019000000000000017
2011-03-03,0.8966,0.057699999999999974
2011-03-04,0.8706,-0.025999999999999912
2011-03-07,0.8744,0.0037999999999999146
2011-03-08,0.8915,0.017100000000000004
2011-03-09,0.8686,-0.02289999999999992
2011-03-10,0.8221,-0.046499999999999986
2011-03-11,0.8194,-0.0027000000000000357
2011-03-14,0.7954,-0.02400000000000002
2011-03-15,0.7803,-0.015100000000000002
2011-03-16,0.7274,-0.05289999999999995
2011-03-17,0.7268,-0.0006000000000000449
2011-03-18,0.7431,0.01629999999999998
2011-03-21,0.7699,0.026800000000000046
2011-03-22,0.7808,0.01090000000000002
2011-03-23,0.7907,0.009899999999999909
2011-03-24,0.8215,0.03080000000000005
2011-03-25,0.8509,0.02939999999999998
2011-03-28,0.8639,0.013000000000000012
2011-03-29,0.8778,0.013900000000000023
2011-03-30,0.8679,-0.00990000000000002
2011-03-31,0.8735,0.005600000000000049
2011-04-01,0.8754,0.0018999999999999018
2011-04-04,0.8664,-0.009000000000000008
2011-04-05,0.8911,0.024700000000000055
2011-04-06,0.9194,0.028299999999999992
2011-04-07,0.9283,0.008900000000000019
2011-04-08,0.9409,0.012599999999999945
2011-04-11,0.9452,0.0043000000000000815
2011-04-12,0.9133,-0.03190000000000004
2011-04-13,0.8928,-0.020499999999999963
2011-04-14,0.8959,0.0030999999999999917
2011-04-15,0.8639,-0.03200000000000003
2011-04-18,0.8385,-0.025399999999999978
2011-04-19,0.8283,-0.010199999999999987
2011-04-20,0.8473,0.019000000000000017
2011-04-21,0.8462,-0.001100000000000101
2011-04-26,0.8066,-0.023700000000000054
2011-04-27,0.8121,0.00550000000000006
2011-04-28,0.7948,-0.017300000000000093
2011-04-29,0.7799,-0.014899999999999913
2011-05-02,0.7726,-0.007300000000000084
2011-05-03,0.7642,-0.008399999999999963
2011-05-04,0.7518,-0.012399999999999967
2011-05-05,0.721,-0.03080000000000005
2011-05-06,0.7124,-0.008599999999999941
2011-05-09,0.6989,-0.013500000000000068
2011-05-10,0.7203,0.021400000000000086
2011-05-11,0.7095,-0.010800000000000032
2011-05-12,0.7173,0.007800000000000029
2011-05-13,0.7045,-0.012800000000000034
2011-05-16,0.6862,-0.018299999999999983
2011-05-17,0.6702,-0.016000000000000014
2011-05-18,0.6884,0.018199999999999994
2011-05-19,0.6864,-0.0020000000000000018
2011-05-20,0.6775,-0.008900000000000019
2011-05-23,0.6647,-0.012800000000000034
2011-05-24,0.6594,-0.005299999999999971
2011-05-25,0.6566,-0.0028000000000000247
2011-05-26,0.6269,-0.02969999999999995
2011-05-27,0.6199,-0.007000000000000006
2011-06-01,0.5676,-0.03859999999999997
2011-06-02,0.5813,0.013700000000000045
2011-06-03,0.5664,-0.014900000000000024
2011-06-06,0.563,-0.0034000000000000696
2011-06-07,0.5636,0.0006000000000000449
2011-06-08,0.5406,-0.02300000000000002
2011-06-09,0.5593,0.01870000000000005
2011-06-10,0.5539,-0.005400000000000071
2011-06-13,0.558,0.0041000000000001036
2011-06-14,0.6031,0.04509999999999992
2011-06-15,0.5598,-0.043300000000000005
2011-06-16,0.532,-0.027799999999999936
2011-06-17,0.5299,-0.0020999999999999908
2011-06-20,0.5361,0.006199999999999983
2011-06-21,0.5485,0.012399999999999967
2011-06-22,0.5584,0.00990000000000002
2011-06-23,0.5279,-0.03049999999999997
2011-06-24,0.4972,-0.03070000000000006
2011-06-27,0.5158,0.01860000000000006
2011-06-28,0.5697,0.05389999999999995
2011-06-29,0.6186,0.048900000000000055
2011-06-30,0.6537,0.03509999999999991
2011-07-01,0.6863,0.03260000000000007
2011-07-06,0.6454,-0.020000000000000018
2011-07-07,0.6672,0.02180000000000004
2011-07-08,0.6103,-0.05690000000000006
2011-07-11,0.5619,-0.0484
2011-07-12,0.5335,-0.02839999999999998
2011-07-13,0.5195,-0.014000000000000012
2011-07-14,0.5397,0.020199999999999996
2011-07-15,0.5287,-0.01100000000000001
2011-07-18,0.522,-0.006699999999999928
2011-07-19,0.5088,-0.01319999999999999
2011-07-20,0.5232,0.014399999999999968
2011-07-21,0.5539,0.03069999999999995
2011-07-22,0.5465,-0.007399999999999962
2011-07-25,0.557,0.010500000000000065
2011-07-26,0.5395,-0.01750000000000007
2011-07-27,0.5442,0.0047000000000000375
2011-07-28,0.5347,-0.009500000000000064
2011-07-29,0.458,-0.07669999999999993
2011-08-01,0.4204,-0.03760000000000002
2011-08-02,0.3698,-0.05059999999999998
2011-08-03,0.3582,-0.0116
2011-08-04,0.2921,-0.06609999999999999
2011-08-05,0.3197,0.027599999999999958
2011-08-08,0.2665,-0.05319999999999997
2011-08-09,0.1714,-0.09510000000000002
2011-08-10,0.1397,-0.031700000000000006
2011-08-11,0.1826,0.04290000000000002
2011-08-12,0.1613,-0.021300000000000013
2011-08-15,0.1709,0.009599999999999997
2011-08-16,0.1518,-0.019100000000000006
2011-08-17,0.1252,-0.026599999999999985
2011-08-18,0.0945,-0.030700000000000005
2011-08-19,0.0815,-0.012999999999999998
2011-08-22,0.089,0.007499999999999993
2011-08-23,0.1037,0.014700000000000005
2011-08-24,0.1565,0.0528
2011-08-25,0.1477,-0.008800000000000002
2011-08-26,0.1326,-0.015100000000000002
2011-08-29,0.1565,0.023900000000000005
2011-08-30,0.1328,-0.0237
2011-08-31,0.1409,0.008099999999999996
2011-09-01,0.1139,-0.026999999999999996
2011-09-02,0.0709,-0.043
2011-09-07,0.0603,0.014499999999999999
2011-09-08,0.0454,-0.014899999999999997
2011-09-09,0.0168,-0.028600000000000004
2011-09-12,0.0203,0.0034999999999999996
2011-09-13,0.036,0.0157
2011-09-14,0.0515,0.0155
2011-09-15,0.079,0.027500000000000004
2011-09-16,0.0855,0.006500000000000006
2011-09-19,0.047,-0.038500000000000006
2011-09-20,0.0328,-0.014199999999999997
2011-09-21,0.0169,-0.015900000000000004
2011-09-22,-0.0412,-0.0581
2011-09-23,-0.0163,0.024900000000000002
2011-09-26,0.0118,0.0281
2011-09-27,0.0494,0.0376
2011-09-28,0.0674,0.018000000000000002
2011-09-29,0.0636,-0.003799999999999998
2011-09-30,0.043,-0.020600000000000007
2011-10-03,-0.0051,-0.0481
2011-10-04,-0.0114,-0.0063
2011-10-05,0.0207,0.032100000000000004
2011-10-06,0.0576,0.0369
2011-10-07,0.104,0.0464
2011-10-12,0.1754,0.030200000000000005
2011-10-13,0.1678,-0.007599999999999996
2011-10-14,0.1835,0.015699999999999992
2011-10-17,0.1634,-0.020100000000000007
2011-10-18,0.1584,-0.004999999999999977
2011-10-19,0.1506,-0.007800000000000001
2011-10-20,0.1548,0.0041999999999999815
2011-10-21,0.167,0.012200000000000016
2011-10-24,0.1815,0.014499999999999985
2011-10-25,0.143,-0.038500000000000006
2011-10-26,0.1652,0.022200000000000025
2011-10-27,0.2346,0.06939999999999999
2011-10-28,0.2245,-0.010099999999999998
2011-10-31,0.1603,-0.06420000000000001
2011-11-01,0.0913,-0.06899999999999999
2011-11-02,0.0696,-0.02170000000000001
2011-11-03,0.0795,0.009900000000000006
2011-11-04,0.0699,-0.009599999999999997
2011-11-07,0.061,-0.008900000000000005
2011-11-08,0.0788,0.017799999999999996
2011-11-09,0.0514,-0.027399999999999994
2011-11-10,0.0622,0.010799999999999997
2011-11-15,0.0692,0.0068000000000000005
2011-11-16,0.056,-0.013199999999999996
2011-11-17,0.0358,-0.020200000000000003
2011-11-18,0.0522,0.016400000000000005
2011-11-21,0.0429,-0.009300000000000003
2011-11-22,0.0287,-0.0142
2011-11-23,0.0068,-0.0219
2011-11-28,0.0278,0.0011999999999999997
2011-11-29,0.0413,0.013500000000000005
2011-11-30,0.0693,0.027999999999999997
2011-12-01,0.0875,0.018199999999999994
2011-12-02,0.0707,-0.016799999999999995
2011-12-05,0.0668,-0.0039000000000000007
2011-12-06,0.079,0.012200000000000003
2011-12-07,0.058,-0.020999999999999998
2011-12-08,0.0378,-0.020200000000000003
2011-12-09,0.0568,0.019000000000000003
2011-12-12,0.0501,-0.0067000000000000046
2011-12-13,0.0273,-0.022799999999999997
2011-12-14,0.0101,-0.0172
2011-12-15,0.0058,-0.0043
2011-12-16,-0.0183,-0.0241
2011-12-19,-0.0374,-0.019100000000000002
2011-12-20,-0.0077,0.029700000000000004
2011-12-21,0.0169,0.024599999999999997
2011-12-22,0.0249,0.008
2011-12-23,0.0524,0.027500000000000004
2011-12-28,0.0306,-0.027100000000000003
2011-12-29,0.0131,-0.017499999999999998
2011-12-30,-0.004,-0.0171
2012-01-04,0.0308,0.013000000000000001
2012-01-05,0.0363,0.005499999999999998
2012-01-06,0.0285,-0.007799999999999998
2012-01-09,0.0222,-0.0063
2012-01-10,0.0277,0.005499999999999998
2012-01-11,0.0052,-0.0225
2012-01-12,0.004,-0.0011999999999999997
2012-01-13,-0.0161,-0.0201
2012-01-18,-0.0187,0.010499999999999999
2012-01-19,0.0123,0.031
2012-01-20,0.0386,0.026300000000000004
2012-01-23,0.0593,0.020699999999999996
2012-01-24,0.0629,0.003599999999999999
2012-01-25,0.0303,-0.0326
2012-01-26,0.0007,-0.0296
2012-01-27,-0.0203,-0.020999999999999998
2012-01-30,-0.0442,-0.023900000000000005
2012-01-31,-0.0661,-0.021900000000000003
2012-02-01,-0.063,0.0031000000000000055
2012-02-02,-0.0717,-0.0087
2012-02-03,-0.0391,0.0326
2012-02-06,-0.0426,-0.003499999999999996
2012-02-07,-0.0156,0.027
2012-02-08,-0.007,0.0086
2012-02-09,0.0103,0.0173
2012-02-10,-0.01,-0.0203
2012-02-13,-0.003,0.007
2012-02-14,-0.0241,-0.0211
2012-02-15,-0.0306,-0.006499999999999999
2012-02-16,-0.0067,0.023899999999999998
2012-02-17,0.0084,0.015099999999999999
2012-02-22,0.0182,-0.0116
2012-02-23,0.0118,-0.006400000000000001
2012-02-24,0.0082,-0.003599999999999999
2012-02-27,-0.0165,-0.0247
2012-02-28,-0.0201,-0.003599999999999999
2012-02-29,-0.0064,0.0137
2012-03-01,0.0152,0.0216
2012-03-02,0.0054,-0.0098
2012-03-05,0.0113,0.005899999999999999
2012-03-06,-0.0062,-0.017499999999999998
2012-03-07,-0.0007,0.0055
2012-03-08,0.0165,0.0172
2012-03-09,0.0275,0.011
2012-03-12,0.0314,0.0038999999999999972
2012-03-13,0.0682,0.0368
2012-03-14,0.1403,0.07210000000000001
2012-03-15,0.1579,0.017600000000000005
2012-03-16,0.1737,0.01579999999999998
2012-03-19,0.2092,0.035500000000000004
2012-03-20,0.2225,0.013300000000000006
2012-03-21,0.1999,-0.02260000000000001
2012-03-22,0.1894,-0.010499999999999982
2012-03-23,0.1717,-0.01770000000000002
2012-03-26,0.1632,-0.00849999999999998
2012-03-27,0.1371,-0.026100000000000012
2012-03-28,0.1345,-0.002599999999999991
2012-03-29,0.1197,-0.014800000000000008
2012-03-30,0.1337,0.014000000000000012
2012-04-02,0.1316,-0.0021000000000000185
2012-04-03,0.1621,0.0305
2012-04-04,0.1488,-0.013300000000000006
2012-04-05,0.1262,-0.02259999999999998
2012-04-06,0.0704,-0.0558
2012-04-09,0.0496,-0.020800000000000006
2012-04-10,0.0199,-0.029699999999999997
2012-04-11,0.0256,0.0057
2012-04-12,0.037,0.011399999999999997
2012-04-13,0.0197,-0.0173
2012-04-16,0.0097,-0.009999999999999998
2012-04-17,0.017,0.007300000000000001
2012-04-18,0.0122,-0.0048000000000000004
2012-04-19,0.0035,-0.008700000000000001
2012-04-20,0.0047,0.0012000000000000001
2012-04-23,-0.0086,-0.0133
2012-04-24,-0.0002,0.0084
2012-04-25,0.0029,0.0031
2012-04-26,-0.0052,-0.0081
2012-04-27,-0.0142,-0.009000000000000001
2012-04-30,-0.0204,-0.006200000000000001
2012-05-01,-0.0119,0.0085
2012-05-02,-0.0198,-0.0079
2012-05-03,-0.0202,-0.0003999999999999976
2012-05-04,-0.0383,-0.0181
2012-05-07,-0.0438,-0.005499999999999998
2012-05-08,-0.0568,-0.013000000000000005
2012-05-09,-0.0635,-0.006699999999999998
2012-05-10,-0.06,0.003500000000000003
2012-05-11,-0.0731,-0.0131
2012-05-14,-0.095,-0.021900000000000003
2012-05-15,-0.1058,-0.010800000000000004
2012-05-16,-0.1106,-0.004799999999999999
2012-05-17,-0.1273,-0.016699999999999993
2012-05-18,-0.1271,0.00020000000000000573
2012-05-21,-0.1226,0.00449999999999999
2012-05-22,-0.1086,0.013999999999999999
2012-05-23,-0.1216,-0.012999999999999998
2012-05-24,-0.109,0.0126
2012-05-25,-0.1138,-0.004799999999999999
2012-05-30,-0.1555,-0.038599999999999995
2012-05-31,-0.179,-0.023499999999999993
2012-06-01,-0.223,-0.04400000000000001
2012-06-04,-0.2134,0.009599999999999997
2012-06-05,-0.201,0.012399999999999994
2012-06-06,-0.1676,0.03340000000000001
2012-06-07,-0.1615,0.006099999999999994
2012-06-08,-0.1603,0.0012000000000000066
2012-06-11,-0.1767,-0.016399999999999998
2012-06-12,-0.1537,0.022999999999999993
2012-06-13,-0.172,-0.018299999999999983
2012-06-14,-0.1634,0.008599999999999997
2012-06-15,-0.1782,-0.014800000000000008
2012-06-18,-0.1828,-0.004599999999999993
2012-06-19,-0.1709,0.011899999999999994
2012-06-20,-0.157,0.013899999999999996
2012-06-21,-0.1599,-0.002899999999999986
2012-06-22,-0.1431,0.01679999999999998
2012-06-25,-0.1592,-0.016100000000000003
2012-06-26,-0.1533,0.005900000000000016
2012-06-27,-0.1584,-0.005100000000000021
2012-06-28,-0.1774,-0.01899999999999999
2012-06-29,-0.1621,0.015300000000000008
2012-07-02,-0.1832,-0.021100000000000008
2012-07-03,-0.1736,0.009599999999999997
2012-07-06,-0.1979,-0.017299999999999982
2012-07-09,-0.2141,-0.01620000000000002
2012-07-10,-0.2225,-0.00839999999999999
2012-07-11,-0.2213,0.0012000000000000066
2012-07-12,-0.2311,-0.009800000000000003
2012-07-13,-0.2302,0.0009000000000000119
2012-07-16,-0.2397,-0.009500000000000008
2012-07-17,-0.233,0.006699999999999984
2012-07-18,-0.235,-0.001999999999999974
2012-07-19,-0.2277,0.007299999999999973
2012-07-20,-0.2422,-0.014499999999999985
2012-07-23,-0.2545,-0.012300000000000005
2012-07-24,-0.2672,-0.012699999999999989
2012-07-25,-0.2728,-0.005599999999999994
2012-07-26,-0.266,0.006799999999999973
2012-07-27,-0.224,0.04200000000000001
2012-07-30,-0.2293,-0.005299999999999999
2012-07-31,-0.2371,-0.007800000000000001
2012-08-01,-0.2179,0.019199999999999995
2012-08-02,-0.229,-0.011099999999999999
2012-08-03,-0.2,0.028999999999999998
2012-08-06,-0.1966,0.003400000000000014
2012-08-07,-0.1681,0.028499999999999998
2012-08-08,-0.1534,0.01469999999999999
2012-08-09,-0.1462,0.007200000000000012
2012-08-10,-0.1549,-0.008700000000000013
2012-08-13,-0.1586,-0.003699999999999981
2012-08-14,-0.1343,0.02429999999999999
2012-08-15,-0.1004,0.0339
2012-08-16,-0.0766,0.0238
2012-08-17,-0.0738,0.002799999999999997
2012-08-20,-0.0745,-0.0006999999999999923
2012-08-21,-0.0793,-0.004799999999999999
2012-08-22,-0.1167,-0.0374
2012-08-23,-0.1379,-0.021199999999999997
2012-08-24,-0.1402,-0.0022999999999999965
2012-08-27,-0.1544,-0.014200000000000018
2012-08-28,-0.1631,-0.008699999999999986
2012-08-29,-0.1625,0.0005999999999999894
2012-08-30,-0.1734,-0.010899999999999993
2012-08-31,-0.2029,-0.0295
2012-09-05,-0.2007,0.0020000000000000018
2012-09-06,-0.1727,0.027999999999999997
2012-09-07,-0.1727,0.0
2012-09-10,-0.1669,0.0058
2012-09-11,-0.1598,0.007099999999999995
2012-09-12,-0.137,0.022799999999999987
2012-09-13,-0.142,-0.004999999999999977
2012-09-14,-0.1003,0.04169999999999999
2012-09-17,-0.094,0.0063
2012-09-18,-0.1003,-0.0063
2012-09-19,-0.11,-0.0097
2012-09-20,-0.112,-0.0020000000000000018
2012-09-21,-0.1236,-0.0116
2012-09-24,-0.1367,-0.013099999999999987
2012-09-25,-0.1547,-0.018000000000000016
2012-09-26,-0.1815,-0.02679999999999999
2012-09-27,-0.1826,-0.0011000000000000176
2012-09-28,-0.1891,-0.006499999999999978
2012-10-01,-0.192,-0.0029000000000000137
2012-10-02,-0.1941,-0.0020999999999999908
2012-10-03,-0.1978,-0.003700000000000009
2012-10-04,-0.1815,0.01630000000000001
2012-10-05,-0.1564,0.025099999999999983
2012-10-10,-0.1589,-0.006200000000000011
2012-10-11,-0.1631,-0.0041999999999999815
2012-10-12,-0.1669,-0.003799999999999998
2012-10-15,-0.1675,-0.0006000000000000172
2012-10-16,-0.1483,0.019200000000000023
2012-10-17,-0.1092,0.03909999999999998
2012-10-18,-0.0873,0.021900000000000003
2012-10-19,-0.0978,-0.010499999999999995
2012-10-22,-0.0872,0.010599999999999998
2012-10-23,-0.0997,-0.012499999999999997
2012-10-24,-0.1027,-0.0030000000000000027
2012-10-25,-0.0797,0.023000000000000007
2012-10-26,-0.0988,-0.019100000000000006
2012-10-29,-0.121,-0.022199999999999998
2012-11-01,-0.1304,0.005299999999999999
2012-11-02,-0.1283,0.0020999999999999908
2012-11-05,-0.141,-0.012699999999999989
2012-11-06,-0.1213,0.01969999999999998
2012-11-07,-0.1554,-0.034100000000000005
2012-11-08,-0.1823,-0.02689999999999998
2012-11-09,-0.1902,-0.007900000000000018
2012-11-14,-0.2066,-0.0029000000000000137
2012-11-15,-0.2107,-0.0040999999999999925
2012-11-16,-0.211,-0.0002999999999999947
2012-11-19,-0.2012,0.009800000000000003
2012-11-20,-0.1806,0.02059999999999998
2012-11-21,-0.1652,0.015399999999999997
2012-11-26,-0.1662,-0.009699999999999986
2012-11-27,-0.1768,-0.010600000000000026
2012-11-28,-0.1876,-0.010799999999999976
2012-11-29,-0.1942,-0.0066000000000000225
2012-11-30,-0.1971,-0.002899999999999986
2012-12-03,-0.1949,0.0022000000000000075
2012-12-04,-0.1987,-0.003799999999999998
2012-12-05,-0.2064,-0.007700000000000012
2012-12-06,-0.2136,-0.007200000000000012
2012-12-07,-0.2009,0.012700000000000017
2012-12-10,-0.1986,0.0022999999999999965
2012-12-11,-0.188,0.010599999999999998
2012-12-12,-0.1671,0.020900000000000002
2012-12-13,-0.1459,0.021199999999999997
2012-12-14,-0.1403,0.005599999999999994
2012-12-17,-0.117,0.0233
2012-12-18,-0.0915,0.02550000000000001
2012-12-19,-0.0877,0.003799999999999998
2012-12-20,-0.088,-0.0002999999999999947
2012-12-21,-0.0997,-0.011700000000000002
2012-12-24,-0.0975,0.0021999999999999936
2012-12-27,-0.124,-0.018600000000000005
2012-12-28,-0.128,-0.0040000000000000036
2012-12-31,-0.1174,0.010599999999999998
2013-01-03,-0.06,0.031100000000000003
2013-01-04,-0.0447,0.015300000000000001
2013-01-07,-0.0417,0.0029999999999999957
2013-01-08,-0.053,-0.011299999999999998
2013-01-09,-0.0601,-0.007100000000000002
2013-01-10,-0.0494,0.010700000000000001
2013-01-11,-0.0535,-0.0040999999999999995
2013-01-14,-0.0582,-0.004700000000000003
2013-01-15,-0.0714,-0.013200000000000003
2013-01-16,-0.0802,-0.008799999999999988
2013-01-17,-0.0622,0.017999999999999995
2013-01-18,-0.0657,-0.003499999999999996
2013-01-23,-0.0756,-0.0039000000000000007
2013-01-24,-0.0689,0.006699999999999998
2013-01-25,-0.0273,0.0416
2013-01-28,-0.007,0.020300000000000002
2013-01-29,0.0058,0.012799999999999999
2013-01-30,0.0071,0.0013000000000000008
2013-01-31,0.0066,-0.0005000000000000004
2013-02-01,0.0148,0.0082
2013-02-04,0.0009,-0.013900000000000001
2013-02-05,0.0114,0.0105
2013-02-06,-0.0008,-0.0122
2013-02-07,-0.0095,-0.0087
2013-02-08,-0.0095,0.0
2013-02-11,-0.0085,0.0009999999999999992
2013-02-12,0.002,0.0105
2013-02-13,0.021,0.019000000000000003
2013-02-14,0.0047,-0.016300000000000002
2013-02-15,0.0038,-0.0009000000000000002
2013-02-20,0.0065,-0.0050999999999999995
2013-02-21,-0.0056,-0.0121
2013-02-22,-0.0159,-0.0103
2013-02-25,-0.0493,-0.0334
2013-02-26,-0.0625,-0.013200000000000003
2013-02-27,-0.0591,0.0034000000000000002
2013-02-28,-0.0646,-0.005500000000000005
2013-03-01,-0.076,-0.011399999999999993
2013-03-04,-0.0726,0.0034000000000000002
2013-03-05,-0.0629,0.0097
2013-03-06,-0.0448,0.018099999999999998
2013-03-07,-0.0178,0.027
2013-03-08,0.0151,0.0329
2013-03-11,0.0261,0.011000000000000001
2013-03-12,0.019,-0.007100000000000002
2013-03-13,0.0193,0.00030000000000000165
2013-03-14,0.0204,0.0011000000000000003
2013-03-15,0.0053,-0.015100000000000002
2013-03-18,-0.0148,-0.0201
2013-03-19,-0.0346,-0.019799999999999998
2013-03-20,-0.0266,0.008
2013-03-21,-0.0296,-0.0030000000000000027
2013-03-22,-0.0352,-0.005600000000000001
2013-03-25,-0.0397,-0.004499999999999997
2013-03-26,-0.0447,-0.0049999999999999975
2013-03-27,-0.0665,-0.021800000000000007
2013-03-28,-0.0693,-0.002799999999999997
2013-04-02,-0.0682,0.0076000000000000095
2013-04-03,-0.0859,-0.017700000000000007
2013-04-04,-0.1085,-0.022599999999999995
2013-04-05,-0.1303,-0.0218
2013-04-08,-0.126,0.004299999999999998
2013-04-09,-0.1224,0.003600000000000006
2013-04-10,-0.1024,0.01999999999999999
2013-04-11,-0.1021,0.0003000000000000086
2013-04-12,-0.1224,-0.0203
2013-04-15,-0.1357,-0.013299999999999992
2013-04-16,-0.1295,0.006199999999999983
2013-04-17,-0.1333,-0.003799999999999998
2013-04-18,-0.137,-0.003700000000000009
2013-04-19,-0.1338,0.0032000000000000084
2013-04-22,-0.1368,-0.0030000000000000027
2013-04-23,-0.1339,0.0029000000000000137
2013-04-24,-0.1366,-0.002700000000000008
2013-04-25,-0.1322,0.004399999999999987
2013-04-26,-0.1454,-0.01319999999999999
2013-04-29,-0.1507,-0.005299999999999999
2013-04-30,-0.1508,-9.999999999998899e-05
2013-05-01,-0.165,-0.014200000000000018
2013-05-02,-0.1695,-0.004500000000000004
2013-05-03,-0.1298,0.03970000000000001
2013-05-06,-0.1095,0.0203
2013-05-07,-0.0958,0.013700000000000004
2013-05-08,-0.0953,0.0005000000000000004
2013-05-09,-0.0947,0.0005999999999999894
2013-05-10,-0.0619,0.03280000000000001
2013-05-13,-0.0445,0.0174
2013-05-14,-0.0267,0.017799999999999996
2013-05-15,-0.024,0.002700000000000001
2013-05-16,-0.0469,-0.022899999999999997
2013-05-17,-0.0263,0.020599999999999997
2013-05-20,-0.0164,0.009899999999999999
2013-05-21,-0.0215,-0.005099999999999997
2013-05-22,0.0101,0.031599999999999996
2013-05-23,0.0206,0.0105
2013-05-24,0.0221,0.0015000000000000013
2013-05-29,0.0832,0.0087
2013-05-30,0.0875,0.004299999999999998
2013-05-31,0.104,0.0165
2013-06-03,0.099,-0.0049999999999999906
2013-06-04,0.1063,0.007300000000000001
2013-06-05,0.0948,-0.01150000000000001
2013-06-06,0.0846,-0.0102
2013-06-07,0.1175,0.0329
2013-06-10,0.1421,0.02460000000000001
2013-06-11,0.1453,0.0032000000000000084
2013-06-12,0.1608,0.015499999999999986
2013-06-13,0.1471,-0.01369999999999999
2013-06-14,0.119,-0.028100000000000014
2013-06-17,0.1264,0.007400000000000018
2013-06-18,0.1307,0.004299999999999998
2013-06-19,0.1918,0.06109999999999999
2013-06-20,0.241,0.049199999999999994
2013-06-21,0.3002,0.05920000000000003
2013-06-24,0.3406,0.04039999999999999
2013-06-25,0.3597,0.019100000000000006
2013-06-26,0.3484,-0.011300000000000032
2013-06-27,0.32,-0.02839999999999998
2013-06-28,0.3272,0.007199999999999984
2013-07-01,0.3216,-0.005599999999999994
2013-07-02,0.3171,-0.004500000000000004
2013-07-03,0.3315,0.014400000000000024
2013-07-08,0.4099,-0.007599999999999996
2013-07-09,0.4068,-0.0030999999999999917
2013-07-10,0.4218,0.015000000000000013
2013-07-11,0.3824,-0.03939999999999999
2013-07-12,0.3777,-0.0047000000000000375
2013-07-15,0.3613,-0.01639999999999997
2013-07-16,0.3492,-0.0121
2013-07-17,0.3299,-0.019299999999999984
2013-07-18,0.3381,0.008199999999999985
2013-07-19,0.322,-0.016100000000000003
2013-07-22,0.3156,-0.006400000000000017
2013-07-23,0.3224,0.006800000000000028
2013-07-24,0.3539,0.03149999999999997
2013-07-25,0.3618,0.007900000000000018
2013-07-26,0.3547,-0.007099999999999995
2013-07-29,0.3628,0.008099999999999996
2013-07-30,0.3703,0.007500000000000007
2013-07-31,0.367,-0.003300000000000025
2013-08-01,0.418,0.05099999999999999
2013-08-02,0.3865,-0.03149999999999997
2013-08-05,0.3892,0.00269999999999998
2013-08-06,0.3918,0.002599999999999991
2013-08-07,0.3768,-0.014999999999999958
2013-08-08,0.3661,-0.010700000000000043
2013-08-09,0.3609,-0.005199999999999982
2013-08-12,0.3682,0.007300000000000029
2013-08-13,0.4118,0.04359999999999997
2013-08-14,0.4243,0.012500000000000011
2013-08-15,0.4502,0.02589999999999998
2013-08-16,0.4855,0.0353
2013-08-19,0.5113,0.02579999999999999
2013-08-20,0.4985,-0.012799999999999978
2013-08-21,0.5213,0.022799999999999987
2013-08-22,0.5466,0.02529999999999999
2013-08-23,0.529,-0.01759999999999995
2013-08-26,0.5078,-0.021199999999999997
2013-08-27,0.473,-0.03480000000000005
2013-08-28,0.4872,0.014200000000000046
2013-08-29,0.4805,-0.006700000000000039
2013-08-30,0.492,0.01150000000000001
2013-09-04,0.5519,0.028199999999999892
2013-09-05,0.5981,0.04620000000000002
2013-09-06,0.5867,-0.011399999999999966
2013-09-09,0.5682,-0.01849999999999996
2013-09-10,0.5866,0.018399999999999972
2013-09-11,0.5701,-0.01649999999999996
2013-09-12,0.5668,-0.0033000000000000806
2013-09-13,0.5615,-0.005299999999999971
2013-09-16,0.5439,-0.01759999999999995
2013-09-17,0.5303,-0.013600000000000056
2013-09-18,0.4561,-0.07419999999999999
2013-09-19,0.4594,0.0032999999999999696
2013-09-20,0.4592,-0.00019999999999997797
2013-09-23,0.4453,-0.013900000000000023
2013-09-24,0.4243,-0.020999999999999963
2013-09-25,0.4021,-0.022199999999999998
2013-09-26,0.4064,0.0042999999999999705
2013-09-27,0.3972,-0.009199999999999986
2013-09-30,0.3935,-0.003699999999999981
2013-10-01,0.4002,0.006699999999999984
2013-10-02,0.3882,-0.01200000000000001
2013-10-03,0.3792,-0.009000000000000008
2013-10-04,0.3956,0.016400000000000026
2013-10-07,0.395,-0.0005999999999999894
2013-10-08,0.399,0.0040000000000000036
2013-10-09,0.4002,0.0011999999999999789
2013-10-10,0.4112,0.01100000000000001
2013-10-11,0.4092,-0.0020000000000000018
2013-10-16,0.3987,-0.017600000000000005
2013-10-17,0.3701,-0.028600000000000014
2013-10-18,0.3626,-0.007500000000000007
2013-10-21,0.3719,0.00930000000000003
2013-10-22,0.3423,-0.029600000000000015
2013-10-23,0.3255,-0.01679999999999998
2013-10-24,0.3283,0.002799999999999969
2013-10-25,0.3232,-0.005099999999999993
2013-10-28,0.3244,0.0012000000000000344
2013-10-29,0.3197,-0.0047000000000000375
2013-10-30,0.3253,0.005599999999999994
2013-10-31,0.3334,0.008099999999999996
2013-11-01,0.3644,0.031000000000000028
2013-11-04,0.3673,0.0029000000000000137
2013-11-05,0.3874,0.020100000000000007
2013-11-06,0.381,-0.006400000000000017
2013-11-07,0.3647,-0.01629999999999998
2013-11-08,0.4117,0.046999999999999986
2013-11-13,0.4269,-0.0121
2013-11-14,0.3991,-0.02779999999999999
2013-11-15,0.3988,-0.00030000000000002247
2013-11-18,0.3831,-0.015699999999999992
2013-11-19,0.394,0.01090000000000002
2013-11-20,0.4198,0.02579999999999999
2013-11-21,0.4269,0.007099999999999995
2013-11-22,0.4206,-0.006300000000000028
2013-11-25,0.4135,-0.007099999999999995
2013-11-26,0.3999,-0.013600000000000001
2013-11-27,0.4074,0.007500000000000007
2013-12-02,0.4413,0.0257
2013-12-03,0.4383,-0.0030000000000000027
2013-12-04,0.4618,0.023499999999999965
2013-12-05,0.4838,0.02200000000000002
2013-12-06,0.4923,0.008500000000000008
2013-12-09,0.4905,-0.0018000000000000238
2013-12-10,0.4695,-0.02100000000000002
2013-12-11,0.4792,0.009700000000000042
2013-12-12,0.4998,0.020600000000000007
2013-12-13,0.5034,0.0035999999999999366
2013-12-16,0.5072,0.0038000000000000256
2013-12-17,0.4937,-0.013499999999999956
2013-12-18,0.5023,0.008599999999999941
2013-12-19,0.5318,0.02950000000000008
2013-12-20,0.5347,0.0028999999999999027
2013-12-23,0.5497,0.015000000000000013
2013-12-24,0.5756,0.025900000000000034
2013-12-27,0.5923,0.005600000000000049
2013-12-30,0.5827,-0.009600000000000053
2013-12-31,0.5992,0.01649999999999996
2014-01-03,0.5934,0.0029000000000000137
2014-01-06,0.5826,-0.010800000000000032
2014-01-07,0.5727,-0.00990000000000002
2014-01-08,0.5957,0.02300000000000002
2014-01-09,0.5906,-0.005099999999999993
2014-01-10,0.5468,-0.04380000000000006
2014-01-13,0.5222,-0.024599999999999955
2014-01-14,0.5319,0.009700000000000042
2014-01-15,0.5428,0.01089999999999991
2014-01-16,0.532,-0.01079999999999992
2014-01-17,0.5212,-0.010800000000000032
2014-01-22,0.5386,0.014899999999999913
2014-01-23,0.5089,-0.02969999999999995
2014-01-24,0.4862,-0.022699999999999998
2014-01-27,0.4893,0.0030999999999999917
2014-01-28,0.483,-0.006300000000000028
2014-01-29,0.4549,-0.02809999999999996
2014-01-30,0.4582,0.0032999999999999696
2014-01-31,0.4404,-0.017799999999999983
2014-02-03,0.4086,-0.031799999999999995
2014-02-04,0.4077,-0.0009000000000000119
2014-02-05,0.4245,0.01679999999999998
2014-02-06,0.4391,0.014600000000000002
2014-02-07,0.4305,-0.008599999999999997
2014-02-10,0.4279,-0.002599999999999991
2014-02-11,0.449,0.021100000000000008
2014-02-12,0.4703,0.021299999999999986
2014-02-13,0.4536,-0.016699999999999993
2014-02-14,0.4569,0.0032999999999999696
2014-02-19,0.4494,0.005200000000000038
2014-02-20,0.4624,0.012999999999999956
2014-02-21,0.46,-0.0023999999999999577
2014-02-24,0.4647,0.004699999999999982
2014-02-25,0.4481,-0.016600000000000004
2014-02-26,0.4313,-0.01679999999999998
2014-02-27,0.4202,-0.011099999999999999
2014-02-28,0.4227,0.0025000000000000022
2014-03-03,0.4015,-0.021199999999999997
2014-03-04,0.4292,0.027700000000000002
2014-03-05,0.4356,0.006399999999999961
2014-03-06,0.454,0.018400000000000027
2014-03-07,0.4841,0.03009999999999996
2014-03-10,0.4899,0.005800000000000027
2014-03-11,0.4867,-0.0031999999999999806
2014-03-12,0.4699,-0.016800000000000037
2014-03-13,0.44,-0.029899999999999982
2014-03-14,0.4319,-0.008099999999999996
2014-03-17,0.4449,0.013000000000000012
2014-03-18,0.4399,-0.0050000000000000044
2014-03-19,0.4944,0.05449999999999999
2014-03-20,0.5063,0.011899999999999966
2014-03-21,0.5037,-0.0025999999999999357
2014-03-24,0.5055,0.0017999999999999128
2014-03-25,0.5075,0.0020000000000000018
2014-03-26,0.49,-0.01749999999999996
2014-03-27,0.4823,-0.007699999999999985
2014-03-28,0.4973,0.015000000000000013
2014-03-31,0.4991,0.0017999999999999683
2014-04-01,0.51,0.01090000000000002
2014-04-02,0.5393,0.029299999999999993
2014-04-03,0.5439,0.0046000000000000485
2014-04-04,0.5191,-0.024800000000000044
2014-04-07,0.4989,-0.020199999999999996
2014-04-08,0.4859,-0.013000000000000012
2014-04-09,0.4797,-0.006199999999999983
2014-04-10,0.4533,-0.026400000000000035
2014-04-11,0.4408,-0.012499999999999956
2014-04-14,0.4445,0.003699999999999981
2014-04-15,0.4454,0.0009000000000000119
2014-04-16,0.4553,0.009899999999999964
2014-04-17,0.492,0.03670000000000001
2014-04-22,0.5052,0.006099999999999994
2014-04-23,0.4961,-0.009099999999999997
2014-04-24,0.4977,0.0015999999999999903
2014-04-25,0.4919,-0.005799999999999972
2014-04-28,0.4943,0.0024000000000000132
2014-04-29,0.4965,0.0021999999999999797
2014-04-30,0.4801,-0.01639999999999997
2014-05-01,0.46,-0.020100000000000007
2014-05-02,0.4524,-0.007599999999999996
2014-05-05,0.4549,0.0025000000000000022
2014-05-06,0.45,-0.0049000000000000155
2014-05-07,0.4422,-0.007800000000000029
2014-05-08,0.4336,-0.008599999999999997
2014-05-09,0.4344,0.0008000000000000229
2014-05-12,0.448,0.013600000000000001
2014-05-13,0.435,-0.013000000000000012
2014-05-14,0.4059,-0.029100000000000015
2014-05-15,0.383,-0.022899999999999976
2014-05-16,0.3831,9.999999999998899e-05
2014-05-19,0.3863,0.0031999999999999806
2014-05-20,0.3768,-0.009499999999999953
2014-05-21,0.3834,0.006599999999999995
2014-05-22,0.3938,0.010399999999999965
2014-05-23,0.3895,-0.0042999999999999705
2014-05-28,0.3557,-0.02889999999999998
2014-05-29,0.3523,-0.003400000000000014
2014-05-30,0.361,0.008699999999999986
2014-06-02,0.3859,0.024900000000000033
2014-06-03,0.4152,0.029299999999999993
2014-06-04,0.4293,0.014100000000000001
2014-06-05,0.426,-0.003300000000000025
2014-06-06,0.4329,0.006900000000000017
2014-06-09,0.4439,0.01100000000000001
2014-06-10,0.4567,0.012799999999999978
2014-06-11,0.4585,0.0018000000000000238
2014-06-12,0.4377,-0.02080000000000004
2014-06-13,0.443,0.005300000000000027
2014-06-16,0.4464,0.003400000000000014
2014-06-17,0.4683,0.021899999999999975
2014-06-18,0.4564,-0.011900000000000022
2014-06-19,0.4578,0.0014000000000000123
2014-06-20,0.4588,0.0010000000000000009
2014-06-23,0.4586,-0.00019999999999997797
2014-06-24,0.4467,-0.011900000000000022
2014-06-25,0.4334,-0.013299999999999979
2014-06-26,0.4148,-0.018600000000000005
2014-06-27,0.4106,-0.0041999999999999815
2014-06-30,0.4043,-0.006300000000000028
2014-07-01,0.4192,0.014900000000000024
2014-07-02,0.4456,0.02639999999999998
2014-07-03,0.465,0.01940000000000003
2014-07-08,0.4448,-0.01830000000000004
2014-07-09,0.4343,-0.010499999999999954
2014-07-10,0.4226,-0.011700000000000044
2014-07-11,0.4121,-0.010499999999999954
2014-07-14,0.4204,0.008299999999999974
2014-07-15,0.4284,0.008000000000000007
2014-07-16,0.4307,0.0023000000000000242
2014-07-17,0.4021,-0.028600000000000014
2014-07-18,0.4082,0.006099999999999994
2014-07-21,0.4074,-0.0008000000000000229
2014-07-22,0.4007,-0.006699999999999984
2014-07-23,0.3966,-0.0040999999999999925
2014-07-24,0.4161,0.019500000000000017
2014-07-25,0.4065,-0.009600000000000053
2014-07-28,0.4147,0.00820000000000004
2014-07-29,0.406,-0.008699999999999986
2014-07-30,0.437,0.030999999999999972
2014-07-31,0.4476,0.010599999999999998
2014-08-01,0.4225,-0.02510000000000001
2014-08-04,0.4103,-0.012199999999999989
2014-08-05,0.4062,-0.0040999999999999925
2014-08-06,0.4021,-0.0040999999999999925
2014-08-07,0.3805,-0.021600000000000008
2014-08-08,0.3802,-0.00030000000000002247
2014-08-11,0.3794,-0.0007999999999999674
2014-08-12,0.3844,0.0050000000000000044
2014-08-13,0.3703,-0.014100000000000001
2014-08-14,0.358,-0.012300000000000033
2014-08-15,0.3382,-0.019799999999999984
2014-08-18,0.3475,0.009299999999999975
2014-08-19,0.3551,0.007600000000000051
2014-08-20,0.3719,0.01679999999999998
2014-08-21,0.3714,-0.0005000000000000004
2014-08-22,0.376,0.004599999999999993
2014-08-25,0.3741,-0.0019000000000000128
2014-08-26,0.3727,-0.0014000000000000123
2014-08-27,0.3613,-0.011399999999999966
2014-08-28,0.3482,-0.0131
2014-08-29,0.3473,-0.0009000000000000119
2014-09-03,0.3787,0.00539999999999996
2014-09-04,0.3939,0.015199999999999991
2014-09-05,0.3978,0.0039000000000000146
2014-09-08,0.409,0.011199999999999988
2014-09-09,0.4239,0.014900000000000024
2014-09-10,0.4406,0.016699999999999993
2014-09-11,0.4482,0.007599999999999996
2014-09-12,0.4742,0.026000000000000023
2014-09-15,0.4735,-0.0007000000000000339
2014-09-16,0.4721,-0.0013999999999999568
2014-09-17,0.4845,0.012399999999999967
2014-09-18,0.4982,0.01369999999999999
2014-09-19,0.4893,-0.008899999999999963
2014-09-22,0.4758,-0.013500000000000012
2014-09-23,0.4627,-0.0131
2014-09-24,0.4714,0.008699999999999986
2014-09-25,0.4514,-0.019999999999999962
2014-09-26,0.4611,0.009699999999999986
2014-09-29,0.4469,-0.01419999999999999
2014-09-30,0.4476,0.0006999999999999784
2014-10-01,0.4077,-0.03989999999999999
2014-10-02,0.4063,-0.0014000000000000123
2014-10-03,0.4131,0.006800000000000028
2014-10-06,0.4017,-0.011400000000000021
2014-10-07,0.3726,-0.029100000000000015
2014-10-08,0.348,-0.02460000000000001
2014-10-09,0.3403,-0.007699999999999985
2014-10-10,0.3284,-0.011899999999999966
2014-10-15,0.2421,-0.040799999999999975
2014-10-16,0.237,-0.005100000000000021
2014-10-17,0.2552,0.018199999999999994
2014-10-20,0.2483,-0.0068999999999999895
2014-10-21,0.2585,0.010200000000000015
2014-10-22,0.2695,0.01100000000000001
2014-10-23,0.2923,0.022799999999999987
2014-10-24,0.2984,0.006099999999999994
2014-10-27,0.2953,-0.0030999999999999917
2014-10-28,0.3062,0.01090000000000002
2014-10-29,0.3328,0.026599999999999957
2014-10-30,0.3324,-0.00040000000000001146
2014-10-31,0.347,0.014600000000000002
2014-11-03,0.3541,0.007100000000000051
2014-11-04,0.3513,-0.0028000000000000247
2014-11-05,0.3529,0.0015999999999999903
2014-11-06,0.3672,0.014300000000000035
2014-11-07,0.3403,-0.026900000000000035
2014-11-10,0.3558,0.015500000000000014
2014-11-13,0.3527,-0.005299999999999971
2014-11-14,0.3417,-0.01100000000000001
2014-11-17,0.3454,0.003699999999999981
2014-11-18,0.3411,-0.0042999999999999705
2014-11-19,0.3552,0.014100000000000001
2014-11-20,0.3486,-0.006599999999999995
2014-11-21,0.3405,-0.008099999999999996
2014-11-24,0.3327,-0.007800000000000029
2014-11-25,0.3151,-0.017600000000000005
2014-11-26,0.3012,-0.013899999999999968
2014-12-01,0.2765,0.005500000000000005
2014-12-02,0.303,0.026499999999999968
2014-12-03,0.3154,0.012400000000000022
2014-12-04,0.3046,-0.010800000000000032
2014-12-05,0.3338,0.029200000000000004
2014-12-08,0.3246,-0.009199999999999986
2014-12-09,0.3016,-0.02300000000000002
2014-12-10,0.2739,-0.027700000000000002
2014-12-11,0.2788,0.0049000000000000155
2014-12-12,0.2421,-0.03669999999999998
2014-12-15,0.2454,0.0032999999999999974
2014-12-16,0.2237,-0.021699999999999997
2014-12-17,0.2489,0.0252
2014-12-18,0.2815,0.03259999999999996
2014-12-19,0.2797,-0.0017999999999999683
2014-12-22,0.2777,-0.0020000000000000018
2014-12-23,0.3104,0.03270000000000001
2014-12-24,0.324,0.013600000000000001
2014-12-29,0.3099,-0.01629999999999998
2014-12-30,0.2953,-0.014600000000000002
2014-12-31,0.2808,-0.014500000000000013
2015-01-05,0.2266,-0.03269999999999998
2015-01-06,0.189,-0.037599999999999995
2015-01-07,0.1719,-0.017100000000000004
2015-01-08,0.1837,0.011800000000000005
2015-01-09,0.1688,-0.014899999999999997
2015-01-12,0.1401,-0.028700000000000003
2015-01-13,0.1265,-0.013600000000000001
2015-01-14,0.102,-0.024500000000000008
2015-01-15,0.0574,-0.044599999999999994
2015-01-16,0.0739,0.016499999999999994
2015-01-21,0.1001,0.01949999999999999
2015-01-22,0.116,0.01590000000000001
2015-01-23,0.0937,-0.0223
2015-01-26,0.0963,0.002599999999999991
2015-01-27,0.093,-0.0032999999999999974
2015-01-28,0.0544,-0.0386
2015-01-29,0.0619,0.0075
2015-01-30,0.0276,-0.0343
2015-02-02,0.0208,-0.0068000000000000005
2015-02-03,0.0559,0.0351
2015-02-04,0.0695,0.013600000000000008
2015-02-05,0.081,0.011499999999999996
2015-02-06,0.1434,0.0624
2015-02-09,0.1623,0.0189
2015-02-10,0.1836,0.021300000000000013
2015-02-11,0.1933,0.009699999999999986
2015-02-12,0.1889,-0.004399999999999987
2015-02-13,0.2027,0.013799999999999979
2015-02-18,0.2309,-0.01940000000000003
2015-02-19,0.2474,0.016500000000000015
2015-02-20,0.2604,0.013000000000000012
2015-02-23,0.2402,-0.020200000000000023
2015-02-24,0.2038,-0.03639999999999999
2015-02-25,0.1866,-0.01720000000000002
2015-02-26,0.2066,0.020000000000000018
2015-02-27,0.1994,-0.007200000000000012
2015-03-02,0.2256,0.0262
2015-03-03,0.2491,0.023499999999999993
2015-03-04,0.2531,0.0040000000000000036
2015-03-05,0.2457,-0.00739999999999999
2015-03-06,0.2981,0.052399999999999974
2015-03-09,0.2931,-0.004999999999999949
2015-03-10,0.2713,-0.02180000000000004
2015-03-11,0.2567,-0.014600000000000002
2015-03-12,0.2454,-0.011299999999999977
2015-03-13,0.2485,0.0030999999999999917
2015-03-16,0.237,-0.01150000000000001
2015-03-17,0.2211,-0.015899999999999997
2015-03-18,0.1609,-0.060200000000000004
2015-03-19,0.1691,0.008200000000000013
2015-03-20,0.1491,-0.01999999999999999
2015-03-23,0.1363,-0.012800000000000006
2015-03-24,0.118,-0.01830000000000001
2015-03-25,0.1292,0.011200000000000015
2015-03-26,0.1612,0.032
2015-03-27,0.1471,-0.014100000000000001
2015-03-30,0.1454,-0.001700000000000007
2015-03-31,0.132,-0.013399999999999995
2015-04-01,0.1061,-0.025900000000000006
2015-04-02,0.1139,0.007800000000000001
2015-04-03,0.0847,-0.029200000000000004
2015-04-06,0.1016,0.0169
2015-04-07,0.104,0.0023999999999999994
2015-04-08,0.1124,0.008400000000000005
2015-04-09,0.1356,0.0232
2015-04-10,0.1436,0.008000000000000007
2015-04-13,0.1374,-0.006200000000000011
2015-04-14,0.1211,-0.016299999999999995
2015-04-15,0.1144,-0.006699999999999998
2015-04-16,0.1061,-0.008300000000000002
2015-04-17,0.0998,-0.0063
2015-04-20,0.1054,0.005599999999999994
2015-04-21,0.1159,0.01050000000000001
2015-04-22,0.1453,0.02940000000000001
2015-04-23,0.1379,-0.007400000000000018
2015-04-24,0.1258,-0.0121
2015-04-27,0.1262,0.00040000000000001146
2015-04-28,0.1485,0.022299999999999986
2015-04-29,0.1773,0.02880000000000002
2015-04-30,0.1857,0.00839999999999999
2015-05-01,0.2199,0.03420000000000001
2015-05-04,0.2375,0.017599999999999977
2015-05-05,0.255,0.017500000000000016
2015-05-06,0.2802,0.0252
2015-05-07,0.2688,-0.011400000000000021
2015-05-08,0.2506,-0.018199999999999994
2015-05-11,0.2877,0.03710000000000002
2015-05-12,0.2959,0.008199999999999985
2015-05-13,0.301,0.005099999999999993
2015-05-14,0.2838,-0.017199999999999993
2015-05-15,0.2531,-0.030700000000000005
2015-05-18,0.2756,0.02250000000000002
2015-05-19,0.3029,0.02729999999999999
2015-05-20,0.2999,-0.0030000000000000027
2015-05-21,0.2755,-0.024399999999999977
2015-05-22,0.2855,0.009999999999999953
2015-05-27,0.2544,-0.007000000000000006
2015-05-28,0.2469,-0.007500000000000007
2015-05-29,0.2382,-0.008700000000000013
2015-06-01,0.2609,0.022700000000000026
2015-06-02,0.2957,0.0348
2015-06-03,0.3456,0.0499
2015-06-04,0.3356,-0.010000000000000009
2015-06-05,0.3738,0.03820000000000001
2015-06-08,0.3745,0.0006999999999999784
2015-06-09,0.3873,0.012799999999999978
2015-06-10,0.416,0.028700000000000003
2015-06-11,0.3914,-0.024599999999999955
2015-06-12,0.3863,-0.005100000000000049
2015-06-15,0.3694,-0.01689999999999997
2015-06-16,0.3506,-0.018799999999999983
2015-06-17,0.3347,-0.015900000000000025
2015-06-18,0.3416,0.006900000000000017
2015-06-19,0.3146,-0.027000000000000024
2015-06-22,0.3476,0.03300000000000003
2015-06-23,0.3715,0.023899999999999977
2015-06-24,0.3688,-0.00269999999999998
2015-06-25,0.3746,0.005799999999999972
2015-06-26,0.4055,0.03090000000000004
2015-06-29,0.3547,-0.05080000000000001
2015-06-30,0.3468,-0.007900000000000018
2015-07-01,0.3754,0.028600000000000014
2015-07-02,0.3642,-0.011199999999999988
2015-07-07,0.3055,-0.020000000000000018
2015-07-08,0.2777,-0.02779999999999999
2015-07-09,0.3055,0.02779999999999999
2015-07-10,0.3553,0.04980000000000001
2015-07-13,0.3763,0.02100000000000002
2015-07-14,0.3672,-0.009099999999999997
2015-07-15,0.3445,-0.022700000000000053
2015-07-16,0.3441,-0.00039999999999995595
2015-07-17,0.3441,0.0
2015-07-20,0.3533,0.009199999999999986
2015-07-21,0.3419,-0.011400000000000021
2015-07-22,0.3333,-0.008599999999999997
2015-07-23,0.3099,-0.023399999999999976
2015-07-24,0.3002,-0.009699999999999986
2015-07-27,0.2759,-0.024300000000000044
2015-07-28,0.2798,0.0039000000000000146
2015-07-29,0.2911,0.011300000000000032
2015-07-30,0.2916,0.0005000000000000004
2015-07-31,0.2605,-0.031100000000000017
2015-08-03,0.2353,-0.0252
2015-08-04,0.2569,0.021600000000000008
2015-08-05,0.2785,0.021600000000000008
2015-08-06,0.2709,-0.007600000000000051
2015-08-07,0.2523,-0.01859999999999995
2015-08-10,0.2585,0.006199999999999983
2015-08-11,0.2247,-0.0338
2015-08-12,0.2135,-0.011200000000000015
2015-08-13,0.2322,0.018699999999999994
2015-08-14,0.2437,0.01150000000000001
2015-08-17,0.2327,-0.01100000000000001
2015-08-18,0.244,0.011300000000000004
2015-08-19,0.2125,-0.0315
2015-08-20,0.202,-0.010499999999999982
2015-08-21,0.1808,-0.021200000000000024
2015-08-24,0.1566,-0.0242
2015-08-25,0.1934,0.0368
2015-08-26,0.2216,0.028200000000000003
2015-08-27,0.2311,0.009500000000000008
2015-08-28,0.2408,0.009699999999999986
2015-08-31,0.2484,0.007600000000000023
2015-09-01,0.2343,-0.014100000000000001
2015-09-02,0.242,0.007699999999999985
2015-09-03,0.2356,-0.006399999999999989
2015-09-04,0.2201,-0.015500000000000014
2015-09-09,0.2397,0.0032000000000000084
2015-09-10,0.2505,0.010800000000000004
2015-09-11,0.2398,-0.010699999999999987
2015-09-14,0.231,-0.008800000000000002
2015-09-15,0.2674,0.036400000000000016
2015-09-16,0.2836,0.016199999999999992
2015-09-17,0.251,-0.03260000000000002
2015-09-18,0.2245,-0.026499999999999996
2015-09-21,0.2448,0.020299999999999985
2015-09-22,0.2268,-0.017999999999999988
2015-09-23,0.2289,0.0020999999999999908
2015-09-24,0.2192,-0.009699999999999986
2015-09-25,0.233,0.013800000000000007
2015-09-28,0.2094,-0.02360000000000001
2015-09-29,0.1805,-0.02890000000000001
2015-09-30,0.1762,-0.004299999999999998
2015-10-01,0.1742,-0.0020000000000000018
2015-10-02,0.145,-0.029200000000000004
2015-10-05,0.1634,0.0184
2015-10-06,0.1632,-0.00019999999999997797
2015-10-07,0.1741,0.010899999999999993
2015-10-08,0.1919,0.017799999999999983
2015-10-09,0.2,0.008100000000000024
2015-10-14,0.143,-0.03510000000000002
2015-10-15,0.1541,0.011099999999999999
2015-10-16,0.1613,0.007200000000000012
2015-10-19,0.161,-0.0002999999999999947
2015-10-20,0.1786,0.017600000000000005
2015-10-21,0.1696,-0.009000000000000008
2015-10-22,0.1657,-0.0039000000000000146
2015-10-23,0.1881,0.022400000000000003
2015-10-26,0.1829,-0.005199999999999982
2015-10-27,0.1685,-0.014399999999999996
2015-10-28,0.1925,0.023999999999999994
2015-10-29,0.2235,0.031
2015-10-30,0.224,0.0005000000000000004
2015-11-02,0.2382,0.01419999999999999
2015-11-03,0.2549,0.01670000000000002
2015-11-04,0.2718,0.01689999999999997
2015-11-05,0.2794,0.007599999999999996
2015-11-06,0.3137,0.0343
2015-11-09,0.3241,0.01040000000000002
2015-11-10,0.3151,-0.009000000000000008
2015-11-13,0.2979,-0.016900000000000026
2015-11-16,0.2854,-0.012500000000000011
2015-11-17,0.2761,-0.009299999999999975
2015-11-18,0.285,0.008899999999999963
2015-11-19,0.2805,-0.0044999999999999485
2015-11-20,0.2865,0.00599999999999995
2015-11-23,0.2801,-0.006399999999999961
2015-11-24,0.2675,-0.0126
2015-11-25,0.2604,-0.007099999999999995
2015-11-30,0.2441,-0.00789999999999999
2015-12-01,0.2158,-0.02830000000000002
2015-12-02,0.2206,0.004799999999999999
2015-12-03,0.2704,0.04979999999999998
2015-12-04,0.2659,-0.0044999999999999485
2015-12-07,0.2396,-0.026300000000000018
2015-12-08,0.2311,-0.008500000000000008
2015-12-09,0.2173,-0.013800000000000007
2015-12-10,0.2263,0.009000000000000008
2015-12-11,0.1862,-0.0401
2015-12-14,0.2146,0.02840000000000001
2015-12-15,0.2388,0.0242
2015-12-16,0.2625,0.0237
2015-12-17,0.2511,-0.011400000000000021
2015-12-18,0.2329,-0.018199999999999994
2015-12-21,0.2243,-0.008599999999999997
2015-12-22,0.2411,0.01680000000000001
2015-12-23,0.2584,0.01730000000000001
2015-12-24,0.2578,-0.0006000000000000449
2015-12-29,0.28,0.027600000000000013
2015-12-30,0.2862,0.006199999999999983
2015-12-31,0.2776,-0.008599999999999997
2016-01-05,0.2568,-0.0030000000000000027
2016-01-06,0.226,-0.030799999999999966
2016-01-07,0.2045,-0.02150000000000002
2016-01-08,0.1865,-0.017999999999999988
2016-01-11,0.1893,0.002799999999999997
2016-01-12,0.1711,-0.018199999999999994
2016-01-13,0.1485,-0.02260000000000001
2016-01-14,0.1496,0.0011000000000000176
2016-01-15,0.1267,-0.022900000000000004
2016-01-20,0.112,-0.018799999999999997
2016-01-21,0.1092,-0.002799999999999997
2016-01-22,0.1235,0.014299999999999993
2016-01-25,0.1115,-0.011999999999999997
2016-01-26,0.0988,-0.012700000000000003
2016-01-27,0.0936,-0.005199999999999996
2016-01-28,0.0811,-0.012499999999999997
2016-01-29,0.0528,-0.028300000000000006
2016-02-01,0.0599,0.007100000000000002
2016-02-02,0.0187,-0.0412
2016-02-03,0.0087,-0.010000000000000002
2016-02-04,0.0043,-0.004399999999999999
2016-02-05,0.0006,-0.0037
2016-02-08,-0.0424,-0.043000000000000003
2016-02-09,-0.0544,-0.011999999999999997
2016-02-10,-0.0642,-0.009799999999999996
2016-02-11,-0.0906,-0.026400000000000007
2016-02-12,-0.056,0.0346
2016-02-17,-0.0177,0.0187
2016-02-18,-0.0367,-0.019000000000000003
2016-02-19,-0.0349,0.001800000000000003
2016-02-22,-0.033,0.001899999999999999
2016-02-23,-0.044,-0.010999999999999996
2016-02-24,-0.0457,-0.0017000000000000001
2016-02-25,-0.0658,-0.0201
2016-02-26,-0.0427,0.023099999999999996
2016-02-29,-0.0465,-0.003799999999999998
2016-03-01,-0.0103,0.036199999999999996
2016-03-02,0.0068,0.0171
2016-03-03,0.0105,0.003700000000000001
2016-03-04,0.0355,0.024999999999999994
2016-03-07,0.0518,0.016300000000000002
2016-03-08,0.0258,-0.026
2016-03-09,0.0394,0.013599999999999998
2016-03-10,0.0613,0.021900000000000003
2016-03-11,0.0824,0.0211
2016-03-14,0.0822,-0.00020000000000000573
2016-03-15,0.0823,0.00010000000000000286
2016-03-16,0.0607,-0.0216
2016-03-17,0.0483,-0.012399999999999994
2016-03-18,0.0333,-0.015
2016-03-21,0.0455,0.012199999999999996
2016-03-22,0.0607,0.015199999999999998
2016-03-23,0.0393,-0.021399999999999995
2016-03-24,0.0442,0.004900000000000002
2016-03-29,0.0039,-0.0329
2016-03-30,0.0018,-0.0021
2016-03-31,-0.0181,-0.0199
2016-04-01,-0.0155,0.0026000000000000016
2016-04-04,-0.0242,-0.0087
2016-04-05,-0.045,-0.0208
2016-04-06,-0.0377,0.007300000000000001
2016-04-07,-0.0616,-0.023900000000000005
2016-04-08,-0.0605,0.0011000000000000038
2016-04-11,-0.0575,0.0029999999999999957
2016-04-12,-0.0334,0.024100000000000003
2016-04-13,-0.0318,0.0015999999999999973
2016-04-14,-0.0191,0.012700000000000003
2016-04-15,-0.0312,-0.0121
2016-04-18,-0.0261,0.005099999999999997
2016-04-19,-0.0153,0.010800000000000002
2016-04-20,0.0112,0.0265
2016-04-21,0.0259,0.0147
2016-04-22,0.0384,0.012499999999999997
2016-04-25,0.046,0.007600000000000003
2016-04-26,0.0597,0.013700000000000004
2016-04-27,0.0372,-0.022500000000000006
2016-04-28,0.0146,-0.022599999999999995
2016-04-29,0.0066,-0.008
2016-05-02,0.023,0.016399999999999998
2016-05-03,0.0005,-0.0225
2016-05-04,-0.0112,-0.0117
2016-05-05,-0.0284,-0.0172
2016-05-06,-0.0207,0.007700000000000002
2016-05-09,-0.0326,-0.011899999999999997
2016-05-10,-0.0347,-0.0021000000000000046
2016-05-11,-0.0421,-0.007399999999999997
2016-05-12,-0.0329,0.0092
2016-05-13,-0.0464,-0.013499999999999998
2016-05-16,-0.033,0.013399999999999995
2016-05-17,-0.0252,0.007800000000000001
2016-05-18,0.0207,0.045899999999999996
2016-05-19,0.0221,0.001400000000000002
2016-05-20,0.0176,-0.0045000000000000005
2016-05-23,0.0102,-0.0074
2016-05-24,0.0177,0.0075
2016-05-25,0.0239,0.006200000000000001
2016-05-26,0.0099,-0.014
2016-05-27,0.0182,0.0083
2016-06-01,0.0147,0.004699999999999999
2016-06-02,0.0023,-0.0124
2016-06-03,-0.0468,-0.049100000000000005
2016-06-06,-0.0492,-0.0023999999999999994
2016-06-07,-0.0554,-0.006199999999999997
2016-06-08,-0.0588,-0.0034000000000000002
2016-06-09,-0.0678,-0.009000000000000001
2016-06-10,-0.0874,-0.019600000000000006
2016-06-13,-0.1038,-0.016399999999999998
2016-06-14,-0.1071,-0.0032999999999999974
2016-06-15,-0.1207,-0.013600000000000001
2016-06-16,-0.1284,-0.007699999999999985
2016-06-17,-0.1156,0.012799999999999992
2016-06-20,-0.0969,0.018699999999999994
2016-06-21,-0.0775,0.0194
2016-06-22,-0.0785,-0.0010000000000000009
2016-06-23,-0.0585,0.019999999999999997
2016-06-24,-0.1195,-0.06099999999999999
2016-06-27,-0.1732,-0.0537
2016-06-28,-0.1884,-0.015200000000000019
2016-06-29,-0.1773,0.011099999999999999
2016-06-30,-0.1822,-0.004899999999999988
2016-07-01,-0.1898,-0.007599999999999996
2016-07-06,-0.2295,-0.005100000000000021
2016-07-07,-0.2295,0.0
2016-07-08,-0.2364,-0.0068999999999999895
2016-07-11,-0.2165,0.0199
2016-07-12,-0.1792,0.0373
2016-07-13,-0.1836,-0.004400000000000015
2016-07-14,-0.1682,0.015400000000000025
2016-07-15,-0.1398,0.02839999999999998
2016-07-18,-0.1384,0.0014000000000000123
2016-07-19,-0.1468,-0.008400000000000019
2016-07-20,-0.1365,0.010300000000000004
2016-07-21,-0.1465,-0.009999999999999981
2016-07-22,-0.1419,0.004599999999999993
2016-07-25,-0.137,0.004899999999999988
2016-07-26,-0.1373,-0.0002999999999999947
2016-07-27,-0.1558,-0.01849999999999999
2016-07-28,-0.16,-0.004200000000000009
2016-07-29,-0.1857,-0.0257
2016-08-01,-0.177,0.008700000000000013
2016-08-02,-0.1649,0.0121
2016-08-03,-0.1635,0.0013999999999999846
2016-08-04,-0.1754,-0.011899999999999994
2016-08-05,-0.1419,0.0335
2016-08-08,-0.1346,0.007300000000000001
2016-08-09,-0.148,-0.013399999999999995
2016-08-10,-0.165,-0.017000000000000015
2016-08-11,-0.14,0.024999999999999994
2016-08-12,-0.1546,-0.014599999999999974
2016-08-15,-0.1467,0.00789999999999999
2016-08-16,-0.1327,0.013999999999999985
2016-08-17,-0.1372,-0.004499999999999976
2016-08-18,-0.1499,-0.012700000000000017
2016-08-19,-0.13,0.0199
2016-08-22,-0.1384,-0.00839999999999999
2016-08-23,-0.1411,-0.002700000000000008
2016-08-24,-0.1429,-0.001799999999999996
2016-08-25,-0.1357,0.007200000000000012
2016-08-26,-0.1105,0.025199999999999986
2016-08-29,-0.1271,-0.01659999999999999
2016-08-30,-0.1297,-0.002600000000000019
2016-08-31,-0.1271,0.002600000000000019
2016-09-01,-0.1296,-0.0025000000000000022
2016-09-02,-0.1189,0.010699999999999987
2016-09-07,-0.153,-0.011399999999999993
2016-09-08,-0.1286,0.024400000000000005
2016-09-09,-0.1028,0.02579999999999999
2016-09-12,-0.1035,-0.0006999999999999923
2016-09-13,-0.0803,0.0232
2016-09-14,-0.0869,-0.006600000000000009
2016-09-15,-0.0838,0.0031000000000000055
2016-09-16,-0.0803,0.003500000000000003
2016-09-19,-0.0776,0.002699999999999994
2016-09-20,-0.0804,-0.002799999999999997
2016-09-21,-0.0827,-0.0022999999999999965
2016-09-22,-0.0885,-0.0058
2016-09-23,-0.0931,-0.004600000000000007
2016-09-26,-0.1102,-0.017100000000000004
2016-09-27,-0.1259,-0.015700000000000006
2016-09-28,-0.1292,-0.0032999999999999974
2016-09-29,-0.1354,-0.006199999999999983
2016-09-30,-0.1248,0.010599999999999998
2016-10-03,-0.1135,0.01129999999999999
2016-10-04,-0.0916,0.021900000000000003
2016-10-05,-0.0722,0.0194
2016-10-06,-0.0527,0.019500000000000003
2016-10-07,-0.0558,-0.0031000000000000055
2016-10-12,-0.0377,0.0059000000000000025
2016-10-13,-0.0449,-0.007200000000000005
2016-10-14,-0.0337,0.011200000000000002
2016-10-17,-0.0428,-0.009099999999999997
2016-10-18,-0.0524,-0.009600000000000004
2016-10-19,-0.0536,-0.0011999999999999997
2016-10-20,-0.0524,0.0011999999999999997
2016-10-21,-0.055,-0.002599999999999998
2016-10-24,-0.0462,0.008800000000000002
2016-10-25,-0.0464,-0.0001999999999999988
2016-10-26,-0.035,0.011399999999999993
2016-10-27,-0.0102,0.024800000000000003
2016-10-28,-0.0031,0.0071
2016-10-31,-0.0099,-0.0068000000000000005
2016-11-01,-0.017,-0.0071
2016-11-02,-0.0324,-0.015399999999999997
2016-11-03,-0.0337,-0.0013000000000000025
2016-11-04,-0.0468,-0.0131
2016-11-07,-0.0337,0.0131
2016-11-08,-0.0132,0.0205
2016-11-09,0.0633,0.0765
2016-11-10,0.1131,0.04980000000000001
2016-11-15,0.1809,0.021600000000000008
2016-11-16,0.1884,0.007500000000000007
2016-11-17,0.2172,0.028799999999999992
2016-11-18,0.2498,0.03259999999999999
2016-11-21,0.2551,0.005299999999999999
2016-11-22,0.2507,-0.004400000000000015
2016-11-23,0.2686,0.017900000000000027
2016-11-28,0.2618,-0.012800000000000034
2016-11-29,0.2523,-0.009499999999999953
2016-11-30,0.2725,0.020199999999999996
2016-12-01,0.3092,0.036699999999999955
2016-12-02,0.2985,-0.010699999999999987
2016-12-05,0.2932,-0.005299999999999971
2016-12-06,0.2903,-0.0029000000000000137
2016-12-07,0.2707,-0.019600000000000006
2016-12-08,0.285,0.01429999999999998
2016-12-09,0.3122,0.027200000000000002
2016-12-12,0.3211,0.008900000000000019
2016-12-13,0.3239,0.0028000000000000247
2016-12-14,0.3565,0.03259999999999996
2016-12-15,0.3919,0.03540000000000004
2016-12-16,0.3994,0.007499999999999951
2016-12-19,0.3796,-0.019799999999999984
2016-12-20,0.3845,0.0049000000000000155
2016-12-21,0.3783,-0.006199999999999983
2016-12-22,0.3802,0.0018999999999999573
2016-12-23,0.3791,-0.0010999999999999899
2016-12-28,0.3689,-0.018899999999999972
2016-12-29,0.3509,-0.018000000000000016
2016-12-30,0.3322,-0.018699999999999994
2017-01-04,0.3224,-0.0010999999999999899
2017-01-05,0.2894,-0.03300000000000003
2017-01-06,0.3016,0.012199999999999989
2017-01-09,0.2884,-0.01319999999999999
2017-01-10,0.2851,-0.0032999999999999696
2017-01-11,0.2815,-0.0036000000000000476
2017-01-12,0.2746,-0.006899999999999962
2017-01-13,0.2857,0.011099999999999999
2017-01-18,0.2903,0.031000000000000028
2017-01-19,0.3172,0.02689999999999998
2017-01-20,0.3241,0.006900000000000017
2017-01-23,0.2972,-0.02689999999999998
2017-01-24,0.3174,0.020199999999999996
2017-01-25,0.3449,0.02749999999999997
2017-01-26,0.3441,-0.0007999999999999674
2017-01-27,0.3368,-0.007300000000000029
2017-01-30,0.334,-0.002799999999999969
2017-01-31,0.317,-0.017000000000000015
2017-02-01,0.3243,0.007299999999999973
2017-02-02,0.3217,-0.002599999999999991
2017-02-03,0.3256,0.0039000000000000146
2017-02-06,0.2965,-0.029100000000000015
2017-02-07,0.2801,-0.01639999999999997
2017-02-08,0.2597,-0.02040000000000003
2017-02-09,0.2791,0.01940000000000003
2017-02-10,0.2875,0.008399999999999963
2017-02-13,0.2988,0.011300000000000032
2017-02-14,0.3214,0.02260000000000001
2017-02-15,0.3403,0.018899999999999972
2017-02-16,0.3214,-0.018899999999999972
2017-02-17,0.3056,-0.015800000000000036
2017-02-22,0.297,-0.004400000000000015
2017-02-23,0.2805,-0.01649999999999996
2017-02-24,0.2497,-0.030800000000000022
2017-02-27,0.2654,0.01570000000000002
2017-02-28,0.2697,0.0042999999999999705
2017-03-01,0.3007,0.031000000000000028
2017-03-02,0.3155,0.01479999999999998
2017-03-03,0.31,-0.005500000000000005
2017-03-06,0.306,-0.0040000000000000036
2017-03-07,0.302,-0.0040000000000000036
2017-03-08,0.3253,0.023299999999999987
2017-03-09,0.347,0.021699999999999997
2017-03-10,0.3436,-0.0033999999999999586
2017-03-13,0.3511,0.007500000000000007
2017-03-14,0.3457,-0.005400000000000016
2017-03-15,0.3074,-0.0383
2017-03-16,0.3083,0.0009000000000000119
2017-03-17,0.2997,-0.008599999999999997
2017-03-20,0.2822,-0.017500000000000016
2017-03-21,0.2592,-0.02300000000000002
2017-03-22,0.2442,-0.014999999999999986
2017-03-23,0.242,-0.0022000000000000075
2017-03-24,0.2363,-0.005699999999999983
2017-03-27,0.2272,-0.009099999999999997
2017-03-28,0.2411,0.013899999999999996
2017-03-29,0.2286,-0.012500000000000011
2017-03-30,0.2391,0.01050000000000001
2017-03-31,0.2325,-0.006599999999999995
2017-04-03,0.2076,-0.024900000000000005
2017-04-04,0.2025,-0.005099999999999993
2017-04-05,0.1889,-0.013600000000000001
2017-04-06,0.1882,-0.0007000000000000062
2017-04-07,0.2047,0.016499999999999987
2017-04-10,0.2,-0.004699999999999982
2017-04-11,0.1728,-0.027200000000000002
2017-04-12,0.1573,-0.015500000000000014
2017-04-13,0.1348,-0.022499999999999992
2017-04-18,0.1035,-0.0324
2017-04-19,0.1086,0.005100000000000007
2017-04-20,0.1237,0.015100000000000002
2017-04-21,0.125,0.0012999999999999956
2017-04-24,0.1412,0.016199999999999992
2017-04-25,0.1682,0.026999999999999996
2017-04-26,0.1623,-0.005899999999999989
2017-04-27,0.1534,-0.008899999999999991
2017-04-28,0.1504,-0.0030000000000000027
2017-05-01,0.1599,0.00949999999999998
2017-05-02,0.1488,-0.011099999999999999
2017-05-03,0.1616,0.012800000000000006
2017-05-04,0.1751,0.013500000000000012
2017-05-05,0.1746,-0.0005000000000000004
2017-05-08,0.1833,0.008699999999999986
2017-05-09,0.1954,0.0121
2017-05-10,0.199,0.00360000000000002
2017-05-11,0.1944,-0.004600000000000021
2017-05-12,0.1671,-0.02729999999999999
2017-05-15,0.164,-0.0030999999999999917
2017-05-16,0.1571,-0.006900000000000017
2017-05-17,0.1168,-0.04029999999999999
2017-05-18,0.1088,-0.008000000000000007
2017-05-19,0.1075,-0.0012999999999999956
2017-05-22,0.1088,0.0012999999999999956
2017-05-23,0.1225,0.013700000000000004
2017-05-24,0.1122,-0.010300000000000004
2017-05-25,0.1055,-0.006699999999999998
2017-05-26,0.104,-0.0015000000000000013
2017-05-31,0.0803,-0.009099999999999997
2017-06-01,0.0791,-0.0011999999999999927
2017-06-02,0.0558,-0.0233
2017-06-05,0.0599,0.0040999999999999995
2017-06-06,0.0449,-0.015
2017-06-07,0.0512,0.0063
2017-06-08,0.0555,0.004299999999999998
2017-06-09,0.0622,0.006699999999999998
2017-06-12,0.0666,0.004400000000000008
2017-06-13,0.067,0.0003999999999999976
2017-06-14,0.0444,-0.022600000000000002
2017-06-15,0.0426,-0.001800000000000003
2017-06-16,0.0356,-0.006999999999999999
2017-06-19,0.0504,0.0148
2017-06-20,0.0414,-0.009000000000000001
2017-06-21,0.0436,0.0022000000000000006
2017-06-22,0.0412,-0.0023999999999999994
2017-06-23,0.0411,-0.00010000000000000286
2017-06-26,0.0376,-0.003499999999999996
2017-06-27,0.0597,0.0221
2017-06-28,0.0661,0.006400000000000003
2017-06-29,0.0854,0.019299999999999998
2017-06-30,0.1051,0.019699999999999995
2017-07-03,0.1283,0.0232
2017-07-06,0.1417,0.013899999999999996
2017-07-07,0.1533,0.0116
2017-07-10,0.1497,-0.003599999999999992
2017-07-11,0.1441,-0.005599999999999994
2017-07-12,0.1258,-0.01830000000000001
2017-07-13,0.1295,0.003700000000000009
2017-07-14,0.122,-0.007500000000000007
2017-07-17,0.1135,-0.008499999999999994
2017-07-18,0.0968,-0.016700000000000007
2017-07-19,0.0906,-0.006199999999999997
2017-07-20,0.0829,-0.0076999999999999985
2017-07-21,0.0706,-0.012300000000000005
2017-07-24,0.0723,0.001700000000000007
2017-07-25,0.0991,0.02679999999999999
2017-07-26,0.0877,-0.011399999999999993
2017-07-27,0.0954,0.0076999999999999985
2017-07-28,0.0946,-0.0007999999999999952
2017-07-31,0.097,0.0023999999999999994
2017-08-01,0.0834,-0.013600000000000001
2017-08-02,0.0829,-0.0005000000000000004
2017-08-03,0.0702,-0.012700000000000003
2017-08-04,0.0792,0.009000000000000008
2017-08-07,0.0817,0.0024999999999999883
2017-08-08,0.0898,0.00810000000000001
2017-08-09,0.0762,-0.013600000000000001
2017-08-10,0.0614,-0.0148
2017-08-11,0.0476,-0.0138
2017-08-14,0.0594,0.011799999999999998
2017-08-15,0.0795,0.0201
2017-08-16,0.0713,-0.008199999999999999
2017-08-17,0.0579,-0.013400000000000002
2017-08-18,0.0553,-0.002599999999999998
2017-08-21,0.0517,-0.003599999999999999
2017-08-22,0.0629,0.011199999999999995
2017-08-23,0.0503,-0.0126
2017-08-24,0.0548,0.004500000000000004
2017-08-25,0.0485,-0.0063
2017-08-28,0.0416,-0.006900000000000003
2017-08-29,0.0251,-0.016499999999999997
2017-08-30,0.0262,0.0011000000000000003
2017-08-31,0.0187,-0.0075
2017-09-01,0.0308,0.0121
2017-09-06,-0.0031,-0.0008999999999999998
2017-09-07,-0.0258,-0.0227
2017-09-08,-0.0282,-0.0023999999999999994
2017-09-11,0.0001,0.0283
2017-09-12,0.0211,0.021
2017-09-13,0.0376,0.0165
2017-09-14,0.0443,0.006699999999999998
2017-09-15,0.0519,0.007600000000000003
2017-09-18,0.0626,0.010700000000000001
2017-09-19,0.0688,0.006199999999999997
2017-09-20,0.0891,0.0203
2017-09-21,0.0916,0.0025000000000000022
2017-09-22,0.089,-0.002600000000000005
2017-09-25,0.0704,-0.01859999999999999
2017-09-26,0.0728,0.0023999999999999994
2017-09-27,0.0946,0.0218
2017-09-28,0.0991,0.00449999999999999
2017-09-29,0.1117,0.0126
2017-10-02,0.121,0.009300000000000003
2017-10-03,0.1159,-0.005099999999999993
2017-10-04,0.1136,-0.0022999999999999965
2017-10-05,0.1212,0.007599999999999996
2017-10-06,0.1318,0.010599999999999998
2017-10-11,0.1178,-0.004799999999999999
2017-10-12,0.111,-0.0068000000000000005
2017-10-13,0.0926,-0.0184
2017-10-16,0.0987,0.006099999999999994
2017-10-17,0.1013,0.002600000000000005
2017-10-18,0.1162,0.014899999999999997
2017-10-19,0.1144,-0.001799999999999996
2017-10-20,0.1338,0.0194
2017-10-23,0.1334,-0.00040000000000001146
2017-10-24,0.1479,0.014500000000000013
2017-10-25,0.1582,0.010300000000000004
2017-10-26,0.1692,0.010999999999999982
2017-10-27,0.159,-0.010199999999999987
2017-10-30,0.1391,-0.0199
2017-10-31,0.1347,-0.004400000000000015
2017-11-01,0.1281,-0.006599999999999995
2017-11-02,0.1182,-0.009899999999999992
2017-11-03,0.1092,-0.008999999999999994
2017-11-06,0.0988,-0.010400000000000006
2017-11-07,0.0905,-0.008300000000000002
2017-11-08,0.0927,0.0022000000000000075
2017-11-09,0.092,-0.0007000000000000062
2017-11-10,0.1177,0.0257
2017-11-13,0.1278,0.010099999999999998
2017-11-14,0.1218,-0.0059999999999999915
2017-11-15,0.1036,-0.018200000000000008
2017-11-16,0.11,0.006400000000000003
2017-11-17,0.1037,-0.0063
2017-11-20,0.1097,0.006000000000000005
2017-11-21,0.1112,0.0014999999999999875
2017-11-22,0.0938,-0.0174
2017-11-27,0.0914,-0.004500000000000004
2017-11-28,0.0923,0.000899999999999998
2017-11-29,0.1056,0.013300000000000006
2017-11-30,0.129,0.023400000000000004
2017-12-01,0.1212,-0.007800000000000001
2017-12-04,0.1236,0.0023999999999999994
2017-12-05,0.1185,-0.005100000000000007
2017-12-06,0.1015,-0.016999999999999987
2017-12-07,0.1107,0.0092
2017-12-08,0.1171,0.006399999999999989
2017-12-11,0.1208,0.003700000000000009
2017-12-12,0.1249,0.0040999999999999925
2017-12-13,0.1073,-0.01759999999999999
2017-12-14,0.1047,-0.002600000000000005
2017-12-15,0.1069,0.0021999999999999936
2017-12-18,0.112,0.005100000000000007
2017-12-19,0.1379,0.025899999999999992
2017-12-20,0.1561,0.018199999999999994
2017-12-21,0.1611,0.0050000000000000044
2017-12-22,0.1649,0.003799999999999998
2017-12-27,0.1309,-0.022900000000000004
2017-12-28,0.1321,0.0012000000000000066
2017-12-29,0.1233,-0.008799999999999988
2018-01-03,0.1334,-0.0007000000000000062
2018-01-04,0.139,0.005600000000000022
2018-01-05,0.1485,0.00949999999999998
2018-01-08,0.1504,0.0019000000000000128
2018-01-09,0.1711,0.020699999999999996
2018-01-10,0.178,0.0068999999999999895
2018-01-11,0.1787,0.0007000000000000062
2018-01-12,0.1865,0.007800000000000001
2018-01-17,0.1952,0.010800000000000004
2018-01-18,0.2135,0.018299999999999983
2018-01-19,0.2284,0.014899999999999997
2018-01-22,0.2374,0.009000000000000008
2018-01-23,0.2268,-0.010599999999999998
2018-01-24,0.2337,0.0068999999999999895
2018-01-25,0.2278,-0.005899999999999989
2018-01-26,0.2445,0.016699999999999993
2018-01-29,0.2568,0.012299999999999978
2018-01-30,0.2696,0.012800000000000034
2018-01-31,0.2742,0.004599999999999993
2018-02-01,0.2969,0.022699999999999998
2018-02-02,0.3204,0.02350000000000002
2018-02-05,0.2957,-0.0247
2018-02-06,0.2958,9.999999999998899e-05
2018-02-07,0.3147,0.018899999999999972
2018-02-08,0.32,0.005300000000000027
2018-02-09,0.3075,-0.012500000000000011
2018-02-12,0.3135,0.006000000000000005
2018-02-13,0.3046,-0.008900000000000019
2018-02-14,0.3406,0.03600000000000003
2018-02-15,0.3446,0.0040000000000000036
2018-02-16,0.3347,-0.00990000000000002
2018-02-21,0.3478,0.01689999999999997
2018-02-22,0.3445,-0.003300000000000025
2018-02-23,0.3275,-0.01699999999999996
2018-02-26,0.3115,-0.016000000000000014
2018-02-27,0.3268,0.01529999999999998
2018-02-28,0.321,-0.005799999999999972
2018-03-01,0.297,-0.02400000000000002
2018-03-02,0.3098,0.012800000000000034
2018-03-05,0.3157,0.005899999999999961
2018-03-06,0.3174,0.0017000000000000348
2018-03-07,0.319,0.0015999999999999903
2018-03-08,0.3103,-0.008699999999999986
2018-03-09,0.319,0.008699999999999986
2018-03-12,0.3089,-0.010099999999999998
2018-03-13,0.2937,-0.015199999999999991
2018-03-14,0.2775,-0.016199999999999992
2018-03-15,0.2729,-0.0046000000000000485
2018-03-16,0.2797,0.006800000000000028
2018-03-19,0.2788,-0.0009000000000000119
2018-03-20,0.2913,0.012500000000000011
2018-03-21,0.2993,0.008000000000000007
2018-03-22,0.2806,-0.018699999999999994
2018-03-23,0.2708,-0.009800000000000031
2018-03-26,0.2779,0.007099999999999995
2018-03-27,0.251,-0.02689999999999998
2018-03-28,0.2479,-0.0030999999999999917
2018-03-29,0.235,-0.012900000000000023
2018-04-03,0.2439,0.018699999999999994
2018-04-04,0.2548,0.01090000000000002
2018-04-05,0.2701,0.01529999999999998
2018-04-06,0.2515,-0.018600000000000005
2018-04-09,0.2496,-0.0019000000000000128
2018-04-10,0.2569,0.007300000000000029
2018-04-11,0.2526,-0.004300000000000026
2018-04-12,0.2719,0.019299999999999984
2018-04-13,0.2731,0.0012000000000000344
2018-04-16,0.2736,0.0005000000000000004
2018-04-17,0.2662,-0.007400000000000018
2018-04-18,0.2833,0.017100000000000004
2018-04-19,0.3036,0.020299999999999985
2018-04-20,0.3251,0.02150000000000002
2018-04-23,0.3371,0.01200000000000001
2018-04-24,0.3415,0.004400000000000015
2018-04-25,0.3548,0.013299999999999979
2018-04-26,0.3513,-0.003500000000000003
2018-04-27,0.3396,-0.011699999999999988
2018-04-30,0.3293,-0.010300000000000031
2018-05-01,0.3333,0.0040000000000000036
2018-05-02,0.3324,-0.0009000000000000119
2018-05-03,0.324,-0.008399999999999963
2018-05-04,0.3269,0.0029000000000000137
2018-05-07,0.3264,-0.0005000000000000004
2018-05-08,0.3339,0.007499999999999951
2018-05-09,0.3463,0.012400000000000022
2018-05-10,0.3419,-0.004400000000000015
2018-05-11,0.3386,-0.0032999999999999696
2018-05-14,0.342,0.003400000000000014
2018-05-15,0.3721,0.03009999999999996
2018-05-16,0.3866,0.014500000000000013
2018-05-17,0.395,0.008400000000000019
2018-05-18,0.381,-0.014000000000000012
2018-05-21,0.3743,-0.006699999999999984
2018-05-22,0.3719,-0.0024000000000000132
2018-05-23,0.3486,-0.023299999999999987
2018-05-24,0.3338,-0.014800000000000035
2018-05-25,0.3136,-0.020199999999999996
2018-05-30,0.2491,0.011499999999999982
2018-05-31,0.2481,-0.0010000000000000009
2018-06-01,0.2734,0.02529999999999999
2018-06-04,0.2935,0.020100000000000007
2018-06-05,0.2867,-0.006799999999999973
2018-06-06,0.3083,0.021600000000000008
2018-06-07,0.2972,-0.011099999999999999
2018-06-08,0.2956,-0.0016000000000000458
2018-06-11,0.3049,0.00930000000000003
2018-06-12,0.3137,0.008799999999999975
2018-06-13,0.3279,0.014200000000000046
2018-06-14,0.3165,-0.011400000000000021
2018-06-15,0.3103,-0.006199999999999983
2018-06-18,0.3045,-0.005800000000000027
2018-06-19,0.2877,-0.01679999999999998
2018-06-20,0.2972,0.009500000000000008
2018-06-21,0.2888,-0.008400000000000019
2018-06-22,0.2883,-0.0005000000000000004
2018-06-25,0.2763,-0.01200000000000001
2018-06-26,0.2733,-0.0030000000000000027
2018-06-27,0.2558,-0.01749999999999996
2018-06-28,0.2571,0.0012999999999999678
2018-06-29,0.2603,0.0031999999999999806
2018-07-02,0.2638,0.003500000000000003
2018-07-03,0.2505,-0.013299999999999979
2018-07-06,0.2429,-0.007799999999999974
2018-07-09,0.2529,0.010000000000000009
2018-07-10,0.2599,0.007000000000000006
2018-07-11,0.2534,-0.006500000000000006
2018-07-12,0.2534,0.0
2018-07-13,0.2443,-0.009100000000000025
2018-07-16,0.2457,0.0014000000000000123
2018-07-17,0.2495,0.003799999999999998
2018-07-18,0.254,0.004500000000000004
2018-07-19,0.2441,-0.009899999999999992
2018-07-20,0.2591,0.014999999999999986
2018-07-23,0.2889,0.029799999999999993
2018-07-24,0.291,0.0020999999999999908
2018-07-25,0.289,-0.0020000000000000018
2018-07-26,0.3089,0.01990000000000003
2018-07-27,0.3051,-0.0038000000000000256
2018-07-30,0.3056,0.0005000000000000004
2018-07-31,0.2979,-0.007699999999999985
2018-08-01,0.3112,0.013299999999999979
2018-08-02,0.3074,-0.00379999999999997
2018-08-03,0.2933,-0.014100000000000001
2018-08-06,0.2813,-0.01200000000000001
2018-08-07,0.2908,0.009500000000000008
2018-08-08,0.2914,0.0005999999999999894
2018-08-09,0.2767,-0.01469999999999999
2018-08-10,0.2508,-0.02589999999999998
2018-08-13,0.2432,-0.007600000000000023
2018-08-14,0.2464,0.0032000000000000084
2018-08-15,0.2337,-0.012700000000000017
2018-08-16,0.2353,0.001600000000000018
2018-08-17,0.2357,0.0003999999999999837
2018-08-20,0.2156,-0.02009999999999998
2018-08-21,0.2183,0.00269999999999998
2018-08-22,0.2095,-0.008800000000000002
2018-08-23,0.2084,-0.0010999999999999899
2018-08-24,0.2097,0.0012999999999999956
2018-08-27,0.2165,0.0068000000000000005
2018-08-28,0.2295,0.013000000000000012
2018-08-29,0.2347,0.005199999999999982
2018-08-30,0.2242,-0.010499999999999982
2018-08-31,0.2206,-0.00360000000000002
2018-09-05,0.2343,0.0007999999999999952
2018-09-06,0.2277,-0.006599999999999995
2018-09-07,0.2523,0.02460000000000001
2018-09-10,0.2544,0.0020999999999999908
2018-09-11,0.272,0.017600000000000005
2018-09-12,0.2709,-0.0011000000000000454
2018-09-13,0.2717,0.0008000000000000229
2018-09-14,0.283,0.011299999999999977
2018-09-17,0.2829,-9.999999999998899e-05
2018-09-18,0.3029,0.020000000000000018
2018-09-19,0.3183,0.015400000000000025
2018-09-20,0.3206,0.0022999999999999687
2018-09-21,0.3188,-0.0018000000000000238
2018-09-24,0.3192,0.00040000000000001146
2018-09-25,0.3262,0.007000000000000006
2018-09-26,0.3161,-0.010099999999999998
2018-09-27,0.3136,-0.0025000000000000022
2018-09-28,0.3096,-0.0040000000000000036
2018-10-01,0.3163,0.006700000000000039
2018-10-02,0.3056,-0.010700000000000043
2018-10-03,0.336,0.030400000000000038
2018-10-04,0.3613,0.02529999999999999
2018-10-05,0.3826,0.021299999999999986
2018-10-10,0.3751,-0.0017000000000000348
2018-10-11,0.3502,-0.024899999999999978
2018-10-12,0.3435,-0.006699999999999984
2018-10-15,0.3427,-0.0008000000000000229
2018-10-16,0.3409,-0.0018000000000000238
2018-10-17,0.3506,0.009700000000000042
2018-10-18,0.3459,-0.0047000000000000375
2018-10-19,0.357,0.011099999999999999
2018-10-22,0.3544,-0.002599999999999991
2018-10-23,0.342,-0.012399999999999967
2018-10-24,0.3089,-0.03310000000000002
2018-10-25,0.316,0.007099999999999995
2018-10-26,0.293,-0.02300000000000002
2018-10-29,0.2856,-0.007399999999999962
2018-10-30,0.2978,0.012199999999999989
2018-10-31,0.316,0.018199999999999994
2018-11-01,0.3154,-0.0005999999999999894
2018-11-02,0.346,0.03059999999999996
2018-11-05,0.3451,-0.0008999999999999564
2018-11-06,0.3517,0.006599999999999995
2018-11-07,0.3569,0.005199999999999982
2018-11-08,0.3671,0.010199999999999987
2018-11-09,0.3512,-0.01589999999999997
2018-11-14,0.3031,-0.01830000000000004
2018-11-15,0.2935,-0.009599999999999997
2018-11-16,0.278,-0.015499999999999958
2018-11-19,0.2638,-0.014200000000000046
2018-11-20,0.2612,-0.002599999999999991
2018-11-21,0.2632,0.0020000000000000018
2018-11-26,0.2619,0.0050000000000000044
2018-11-27,0.2596,-0.0023000000000000242
2018-11-28,0.2516,-0.008000000000000007
2018-11-29,0.2469,-0.004699999999999982
2018-11-30,0.238,-0.008900000000000019
2018-12-03,0.2277,-0.010299999999999976
2018-12-04,0.1935,-0.03420000000000001
2018-12-07,0.1482,-0.01999999999999999
2018-12-10,0.1409,-0.007300000000000001
2018-12-11,0.1564,0.015500000000000014
2018-12-12,0.1647,0.008300000000000002
2018-12-13,0.1616,-0.0031000000000000194
2018-12-14,0.154,-0.007599999999999996
2018-12-17,0.1383,-0.015699999999999992
2018-12-18,0.1231,-0.015200000000000005
2018-12-19,0.1022,-0.020900000000000002
2018-12-20,0.1073,0.005100000000000007
2018-12-21,0.106,-0.0013000000000000095
2018-12-24,0.0817,-0.024300000000000002
2018-12-27,0.0923,-0.011900000000000008
2018-12-28,0.0734,-0.018899999999999986
2018-12-31,0.0497,-0.023700000000000006
2019-01-03,-0.0143,-0.047
2019-01-04,0.0184,0.0327
2019-01-07,0.0371,0.0187
2019-01-08,0.0535,0.016399999999999998
2019-01-09,0.0587,0.005200000000000003
2019-01-10,0.0618,0.0030999999999999986
2019-01-11,0.0524,-0.009399999999999999
2019-01-14,0.0495,-0.0029
2019-01-15,0.0508,0.0012999999999999956
2019-01-16,0.0587,0.007900000000000004
2019-01-17,0.0738,0.015100000000000002
2019-01-18,0.0942,0.0204
2019-01-23,0.0816,0.0023999999999999994
2019-01-24,0.0703,-0.011300000000000004
2019-01-25,0.0817,0.011399999999999993
2019-01-28,0.0793,-0.0023999999999999994
2019-01-29,0.0641,-0.015199999999999991
2019-01-30,0.048,-0.016100000000000003
2019-01-31,0.0182,-0.0298
2019-02-01,0.0421,0.023899999999999998
2019-02-04,0.059,0.0169
2019-02-05,0.0549,-0.0040999999999999995
2019-02-06,0.0496,-0.005299999999999999
2019-02-07,0.0302,-0.019399999999999997
2019-02-08,0.0182,-0.012
2019-02-11,0.0231,0.004899999999999998
2019-02-12,0.0351,0.012
2019-02-13,0.0497,0.014600000000000002
2019-02-14,0.0336,-0.016100000000000003
2019-02-15,0.0337,0.00010000000000000286
2019-02-20,0.0211,-0.003199999999999998
2019-02-21,0.0351,0.013999999999999999
2019-02-22,0.0245,-0.010599999999999998
2019-02-25,0.0268,0.0023
2019-02-26,0.0158,-0.011
2019-02-27,0.0319,0.016099999999999996
2019-02-28,0.052,0.0201
2019-03-01,0.0728,0.020800000000000006
2019-03-04,0.0619,-0.010900000000000007
2019-03-05,0.0574,-0.004499999999999997
2019-03-06,0.0415,-0.015899999999999997
2019-03-07,0.0184,-0.023100000000000002
2019-03-08,0.0042,-0.0142
2019-03-11,0.0063,0.0021000000000000003
2019-03-12,-0.0064,-0.0127
2019-03-13,-0.0073,-0.0008999999999999998
2019-03-14,0.0006,0.0079
2019-03-15,-0.0109,-0.0115
2019-03-18,-0.0072,0.0037
2019-03-19,-0.0046,0.0026
2019-03-20,-0.0326,-0.027999999999999997
2019-03-21,-0.0408,-0.008200000000000006
2019-03-22,-0.0806,-0.0398
2019-03-25,-0.101,-0.0204
2019-03-26,-0.1151,-0.014099999999999988
2019-03-27,-0.1227,-0.0076000000000000095
2019-03-28,-0.1167,0.006000000000000005
2019-03-29,-0.105,0.011700000000000002
2019-04-01,-0.0705,0.0345
2019-04-02,-0.0685,0.001999999999999988
2019-04-03,-0.0526,0.015900000000000004
2019-04-04,-0.0513,0.0013000000000000025
2019-04-05,-0.0535,-0.0022000000000000006
2019-04-08,-0.0475,0.005999999999999998
2019-04-09,-0.0523,-0.004799999999999999
2019-04-10,-0.066,-0.013700000000000004
2019-04-11,-0.0564,0.009600000000000004
2019-04-12,-0.0306,0.0258
2019-04-15,-0.0276,0.002999999999999999
2019-04-16,-0.011,0.0166
2019-04-17,-0.0073,0.0036999999999999993
2019-04-18,-0.0164,-0.0091
2019-04-23,-0.018,-0.007399999999999999
2019-04-24,-0.0385,-0.0205
2019-04-25,-0.0381,0.0003999999999999976
2019-04-26,-0.0511,-0.012999999999999998
2019-04-29,-0.0433,0.007800000000000001
2019-04-30,-0.0546,-0.011300000000000004
2019-05-01,-0.0475,0.007100000000000002
2019-05-02,-0.0351,0.012400000000000001
2019-05-03,-0.0372,-0.0020999999999999977
2019-05-06,-0.0505,-0.013300000000000006
2019-05-07,-0.0733,-0.0228
2019-05-08,-0.0654,0.007900000000000004
2019-05-09,-0.0786,-0.013200000000000003
2019-05-10,-0.0747,0.0039000000000000007
2019-05-13,-0.1033,-0.0286
2019-05-14,-0.0998,0.003500000000000003
2019-05-15,-0.1189,-0.019100000000000006
2019-05-16,-0.1123,0.006600000000000009
2019-05-17,-0.1128,-0.0005000000000000004
2019-05-20,-0.1013,0.011499999999999996
2019-05-21,-0.0886,0.012700000000000003
2019-05-22,-0.1011,-0.012499999999999997
2019-05-23,-0.1376,-0.036500000000000005
2019-05-24,-0.1384,-0.0007999999999999952
2019-05-29,-0.1745,-0.011699999999999988
2019-05-30,-0.1915,-0.017000000000000015
2019-05-31,-0.2298,-0.0383
2019-06-03,-0.2718,-0.04199999999999998
2019-06-04,-0.2538,0.01799999999999996
2019-06-05,-0.2525,0.0013000000000000234
2019-06-06,-0.241,0.01150000000000001
2019-06-07,-0.2477,-0.0067000000000000115
2019-06-10,-0.2238,0.023900000000000005
2019-06-11,-0.2141,0.009699999999999986
2019-06-12,-0.2237,-0.009599999999999997
2019-06-13,-0.2359,-0.012199999999999989
2019-06-14,-0.2359,0.0
2019-06-17,-0.2378,-0.0019000000000000128
2019-06-18,-0.2491,-0.011299999999999977
2019-06-19,-0.2678,-0.018699999999999994
2019-06-20,-0.2728,-0.0050000000000000044
2019-06-21,-0.2448,0.027999999999999997
2019-06-24,-0.2584,-0.013600000000000029
2019-06-25,-0.2686,-0.010199999999999987
2019-06-26,-0.2492,0.0194
2019-06-27,-0.2617,-0.012499999999999983
2019-06-28,-0.268,-0.006300000000000028
2019-07-01,-0.2605,0.007500000000000007
2019-07-02,-0.279,-0.018500000000000016
2019-07-03,-0.293,-0.013999999999999957
2019-07-08,-0.2542,0.006800000000000028
2019-07-09,-0.245,0.009199999999999986
2019-07-10,-0.25,-0.0050000000000000044
2019-07-11,-0.2223,0.027700000000000002
2019-07-12,-0.2167,0.005599999999999994
2019-07-15,-0.2203,-0.003599999999999992
2019-07-16,-0.2059,0.014399999999999996
2019-07-17,-0.2246,-0.018699999999999994
2019-07-18,-0.2418,-0.017199999999999993
2019-07-19,-0.2372,0.004599999999999993
2019-07-22,-0.2363,0.0008999999999999841
2019-07-23,-0.2277,0.008599999999999997
2019-07-24,-0.235,-0.007299999999999973
2019-07-25,-0.227,0.00799999999999998
2019-07-26,-0.2268,0.00020000000000000573
2019-07-29,-0.2357,-0.008899999999999991
2019-07-30,-0.2347,0.0010000000000000009
2019-07-31,-0.2398,-0.005100000000000021
2019-08-01,-0.2996,-0.059799999999999964
2019-08-02,-0.3223,-0.022699999999999998
2019-08-05,-0.3719,-0.04960000000000003
2019-08-06,-0.391,-0.019100000000000006
2019-08-07,-0.399,-0.008000000000000007
2019-08-08,-0.3943,0.0047000000000000375
2019-08-09,-0.3813,0.013000000000000012
2019-08-12,-0.4119,-0.030600000000000016
2019-08-13,-0.3974,0.014500000000000013
2019-08-14,-0.422,-0.02460000000000001
2019-08-15,-0.4539,-0.03190000000000004
2019-08-16,-0.4504,0.003500000000000003
2019-08-19,-0.4303,0.020100000000000007
2019-08-20,-0.4469,-0.016600000000000004
2019-08-21,-0.4336,0.013300000000000034
2019-08-22,-0.4231,0.01050000000000001
2019-08-23,-0.4583,-0.03520000000000001
2019-08-26,-0.4583,0.0
2019-08-27,-0.4786,-0.02030000000000004
2019-08-28,-0.491,-0.012399999999999967
2019-08-29,-0.4814,0.009599999999999997
2019-08-30,-0.4838,-0.0024000000000000132
2019-09-04,-0.5043,-0.007599999999999996
2019-09-05,-0.4616,0.04269999999999996
2019-09-06,-0.4557,0.005900000000000016
2019-09-09,-0.4246,0.031100000000000017
2019-09-10,-0.3798,0.04479999999999995
2019-09-11,-0.3596,0.02020000000000005
2019-09-12,-0.3348,0.02479999999999999
2019-09-13,-0.2862,0.04859999999999998
2019-09-16,-0.2994,-0.01319999999999999
2019-09-17,-0.3146,-0.015199999999999991
2019-09-18,-0.312,0.002599999999999991
2019-09-19,-0.3195,-0.007500000000000007
2019-09-20,-0.3399,-0.020399999999999974
2019-09-23,-0.3567,-0.016800000000000037
2019-09-24,-0.3907,-0.033999999999999975
2019-09-25,-0.3628,0.02789999999999998
2019-09-26,-0.3579,0.0049000000000000155
2019-09-27,-0.3619,-0.0040000000000000036
2019-09-30,-0.3677,-0.005800000000000027
2019-10-01,-0.3801,-0.012399999999999967
2019-10-02,-0.4011,-0.02100000000000002
2019-10-03,-0.4267,-0.02560000000000001
2019-10-04,-0.4325,-0.005799999999999972
2019-10-07,-0.4193,0.01319999999999999
2019-10-08,-0.4255,-0.006199999999999983
2019-10-09,-0.4046,0.020899999999999974
2019-10-10,-0.3669,0.03770000000000001
2019-10-11,-0.3152,0.051700000000000024
2019-10-16,-0.3006,-0.0020000000000000018
2019-10-17,-0.2951,0.005500000000000005
2019-10-18,-0.2953,-0.00020000000000003348
2019-10-21,-0.2787,0.016600000000000004
2019-10-22,-0.2791,-0.00040000000000001146
2019-10-23,-0.2828,-0.003699999999999981
2019-10-24,-0.2821,0.0006999999999999784
2019-10-25,-0.2698,0.012300000000000033
2019-10-28,-0.2484,0.021399999999999975
2019-10-29,-0.2436,0.004799999999999999
2019-10-30,-0.2618,-0.018199999999999966
2019-10-31,-0.2973,-0.03550000000000003
2019-11-01,-0.2878,0.009500000000000008
2019-11-04,-0.2626,0.0252
2019-11-05,-0.2293,0.033299999999999996
2019-11-06,-0.2353,-0.006000000000000005
2019-11-07,-0.1912,0.0441
2019-11-08,-0.173,0.01820000000000002
2019-11-13,-0.196,-0.01770000000000002
2019-11-14,-0.2227,-0.0267
2019-11-15,-0.2231,-0.0003999999999999837
2019-11-18,-0.2335,-0.01040000000000002
2019-11-19,-0.2429,-0.009399999999999992
2019-11-20,-0.266,-0.02310000000000001
2019-11-21,-0.2559,0.010099999999999998
2019-11-22,-0.2539,0.0020000000000000018
2019-11-25,-0.2586,-0.004699999999999982
2019-11-26,-0.2715,-0.012900000000000023
2019-11-27,-0.2612,0.010300000000000031
2019-12-02,-0.2392,0.01770000000000002
2019-12-03,-0.2759,-0.03669999999999998
2019-12-04,-0.2605,0.01539999999999997
2019-12-05,-0.2453,0.015200000000000019
2019-12-06,-0.2216,0.0237
2019-12-09,-0.218,0.003599999999999992
2019-12-10,-0.2118,0.006200000000000011
2019-12-11,-0.2311,-0.01930000000000001
2019-12-12,-0.1952,0.03589999999999999
2019-12-13,-0.2164,-0.021199999999999997
2019-12-16,-0.1979,0.018500000000000016
2019-12-17,-0.1934,0.004500000000000004
2019-12-18,-0.1788,0.014600000000000002
2019-12-19,-0.1771,0.0016999999999999793
2019-12-20,-0.1749,0.0022000000000000075
2019-12-23,-0.1713,0.003599999999999992
2019-12-24,-0.1823,-0.010999999999999982
2019-12-27,-0.1986,-0.0131
2019-12-30,-0.1981,0.0005000000000000004
2019-12-31,-0.1876,0.01050000000000001
2020-01-03,-0.2283,-0.03040000000000001
2020-01-06,-0.2336,-0.005299999999999999
2020-01-07,-0.2286,0.0050000000000000044
2020-01-08,-0.2099,0.018699999999999994
2020-01-09,-0.213,-0.0030999999999999917
2020-01-10,-0.2218,-0.008800000000000002
2020-01-13,-0.2199,0.001899999999999985
2020-01-14,-0.2308,-0.010899999999999993
2020-01-15,-0.2469,-0.016100000000000003
2020-01-16,-0.2403,0.006599999999999995
2020-01-17,-0.2327,0.007600000000000023
2020-01-22,-0.2595,-0.006500000000000006
2020-01-23,-0.2737,-0.01419999999999999
2020-01-24,-0.2922,-0.018500000000000016
2020-01-27,-0.3335,-0.0413
2020-01-28,-0.3319,0.0016000000000000458
2020-01-29,-0.3544,-0.02250000000000002
2020-01-30,-0.3707,-0.01629999999999998
2020-01-31,-0.3998,-0.029100000000000015
2020-02-03,-0.3972,0.002599999999999991
2020-02-04,-0.3693,0.02789999999999998
2020-02-05,-0.3428,0.026500000000000024
2020-02-06,-0.3407,0.0020999999999999908
2020-02-07,-0.3592,-0.018500000000000016
2020-02-10,-0.3781,-0.018899999999999972
2020-02-11,-0.3705,0.007599999999999996
2020-02-12,-0.3513,0.019199999999999995
2020-02-13,-0.3518,-0.0005000000000000004
2020-02-14,-0.3597,-0.007900000000000018
2020-02-19,-0.3732,0.0019000000000000128
2020-02-20,-0.3901,-0.016900000000000026
2020-02-21,-0.4188,-0.028700000000000003
2020-02-24,-0.4565,-0.03770000000000001
2020-02-25,-0.4858,-0.029299999999999993
2020-02-26,-0.493,-0.007199999999999984
2020-02-27,-0.4994,-0.006400000000000017
2020-02-28,-0.5573,-0.05790000000000001
2020-03-02,-0.5512,0.006099999999999994
2020-03-03,-0.5637,-0.012499999999999956
2020-03-04,-0.5392,0.024499999999999966
2020-03-05,-0.5438,-0.0045999999999999375
2020-03-06,-0.5686,-0.024800000000000044
2020-03-09,-0.6096,-0.041000000000000036
2020-03-10,-0.5344,0.07520000000000004
2020-03-11,-0.508,0.02639999999999998
2020-03-12,-0.4737,0.0343
2020-03-13,-0.4354,0.0383
2020-03-16,-0.5043,-0.06889999999999996
2020-03-17,-0.4117,0.09259999999999996
2020-03-18,-0.3004,0.11130000000000001
2020-03-19,-0.291,0.00940000000000002
2020-03-20,-0.3546,-0.06360000000000005
2020-03-23,-0.4429,-0.08829999999999999
2020-03-24,-0.4242,0.018699999999999994
2020-03-25,-0.4159,0.00830000000000003
2020-03-26,-0.43,-0.014100000000000001
2020-03-27,-0.4761,-0.04610000000000003
2020-03-30,-0.5058,-0.029700000000000004
2020-03-31,-0.5203,-0.014499999999999957
2020-04-01,-0.5479,-0.02760000000000007
2020-04-02,-0.5509,-0.0029999999999998916
2020-04-03,-0.5542,-0.0033000000000000806
2020-04-06,-0.5392,0.015000000000000013
2020-04-07,-0.5176,0.021600000000000064
2020-04-08,-0.5156,0.0020000000000000018
2020-04-09,-0.5377,-0.02210000000000001
2020-04-14,-0.5371,-0.0024000000000000687
2020-04-15,-0.574,-0.03689999999999993
2020-04-16,-0.584,-0.010000000000000009
2020-04-17,-0.5717,0.012299999999999978
2020-04-20,-0.5767,-0.0050000000000000044
2020-04-21,-0.5885,-0.011800000000000033
2020-04-22,-0.5768,0.011700000000000044
2020-04-23,-0.5776,-0.0008000000000000229
2020-04-24,-0.5799,-0.0022999999999999687
2020-04-27,-0.561,0.018899999999999917
2020-04-28,-0.5715,-0.010499999999999954
2020-04-29,-0.5744,-0.0029000000000000137
2020-04-30,-0.5691,0.005299999999999971
2020-05-01,-0.5682,0.0009000000000000119
2020-05-04,-0.5728,-0.0045999999999999375
2020-05-05,-0.5703,0.0024999999999999467
2020-05-06,-0.5556,0.014700000000000046
2020-05-07,-0.5848,-0.029200000000000004
2020-05-08,-0.5736,0.011199999999999988
2020-05-11,-0.5593,0.01429999999999998
2020-05-12,-0.5674,-0.008099999999999996
2020-05-13,-0.583,-0.015599999999999947
2020-05-14,-0.5918,-0.00880000000000003
2020-05-15,-0.5894,0.0023999999999999577
2020-05-18,-0.56,0.02939999999999998
2020-05-19,-0.5629,-0.0028999999999999027
2020-05-20,-0.5684,-0.00550000000000006
2020-05-21,-0.5698,-0.0013999999999999568
2020-05-22,-0.5787,-0.008900000000000019
2020-05-27,-0.5768,-0.0045999999999999375
2020-05-28,-0.5741,0.0026999999999999247
2020-05-29,-0.5904,-0.01629999999999998
2020-06-01,-0.5922,-0.0017999999999999128
2020-06-02,-0.5869,0.005299999999999971
2020-06-03,-0.5583,0.02859999999999996
2020-06-04,-0.5345,0.023800000000000043
2020-06-05,-0.4952,0.0393
2020-06-08,-0.4925,0.00269999999999998
2020-06-09,-0.5105,-0.01799999999999996
2020-06-10,-0.5455,-0.03500000000000003
2020-06-11,-0.5767,-0.031200000000000006
2020-06-12,-0.576,0.0007000000000000339
2020-06-15,-0.5773,-0.0013000000000000789
2020-06-16,-0.5665,0.010800000000000032
2020-06-17,-0.5676,-0.0010999999999999899
2020-06-18,-0.5748,-0.007199999999999984
2020-06-19,-0.5772,-0.0024000000000000687
2020-06-22,-0.5763,0.0009000000000000119
2020-06-23,-0.5756,0.0007000000000000339
2020-06-24,-0.5837,-0.008099999999999996
2020-06-25,-0.5852,-0.0015000000000000568
2020-06-26,-0.5986,-0.013399999999999967
2020-06-29,-0.6082,-0.009599999999999942
2020-06-30,-0.6055,0.0026999999999999247
2020-07-01,-0.5934,0.0121
2020-07-02,-0.5953,-0.0019000000000000128
2020-07-07,-0.6023,-0.011799999999999922
2020-07-08,-0.6027,-0.00040000000000006697
2020-07-09,-0.6144,-0.011699999999999933
2020-07-10,-0.6057,0.00869999999999993
2020-07-13,-0.6074,-0.0017000000000000348
2020-07-14,-0.6126,-0.005199999999999982
2020-07-15,-0.6127,-9.999999999998899e-05
2020-07-16,-0.6139,-0.0011999999999999789
2020-07-17,-0.609,0.0049000000000000155
2020-07-20,-0.611,-0.0020000000000000018
2020-07-21,-0.6176,-0.00660000000000005
2020-07-22,-0.6206,-0.0030000000000000027
2020-07-23,-0.6238,-0.0031999999999999806
2020-07-24,-0.6238,0.0
2020-07-27,-0.6158,0.008000000000000007
2020-07-28,-0.6253,-0.009499999999999953
2020-07-29,-0.6309,-0.005600000000000049
2020-07-30,-0.6417,-0.010800000000000032
2020-07-31,-0.6471,-0.00539999999999996
2020-08-03,-0.6458,0.0012999999999999678
2020-08-04,-0.6587,-0.012899999999999912
2020-08-05,-0.6519,0.006799999999999917
2020-08-06,-0.6527,-0.0007999999999999119
2020-08-07,-0.6443,0.008399999999999963
2020-08-10,-0.6385,0.005800000000000027
2020-08-11,-0.6187,0.01979999999999993
2020-08-12,-0.5991,0.019600000000000062
2020-08-13,-0.5826,0.01649999999999996
2020-08-14,-0.581,0.0016000000000000458
2020-08-17,-0.5868,-0.005800000000000027
2020-08-18,-0.5933,-0.006500000000000061
2020-08-19,-0.5932,0.00010000000000010001
2020-08-20,-0.6026,-0.009400000000000075
2020-08-21,-0.6063,-0.0036999999999999256
2020-08-24,-0.6037,0.0025999999999999357
2020-08-25,-0.5933,0.010399999999999965
2020-08-26,-0.5889,0.0044000000000000705
2020-08-27,-0.5721,0.016799999999999926
2020-08-28,-0.5723,-0.00019999999999997797
2020-08-31,-0.5781,-0.005799999999999916
2020-09-01,-0.5926,-0.014500000000000068
2020-09-02,-0.6008,-0.008199999999999985
2020-09-03,-0.614,-0.01319999999999999
2020-09-04,-0.5878,0.0262
2020-09-09,-0.5913,0.0018999999999999018
2020-09-10,-0.5975,-0.006199999999999983
2020-09-11,-0.6019,-0.0043999999999999595
2020-09-14,-0.6009,0.0010000000000000009
2020-09-15,-0.6001,0.0008000000000000229
2020-09-16,-0.5961,0.0040000000000000036
2020-09-17,-0.5935,0.0025999999999999357
2020-09-18,-0.589,0.0045000000000000595
2020-09-21,-0.5938,-0.0048000000000000265
2020-09-22,-0.5971,-0.0032999999999999696
2020-09-23,-0.5968,0.00029999999999996696
2020-09-24,-0.5983,-0.0015000000000000568
2020-09-25,-0.6024,-0.0040999999999999925
2020-09-28,-0.6034,-0.0010000000000000009
2020-09-29,-0.6068,-0.0033999999999999586
2020-09-30,-0.5978,0.009000000000000008
2020-10-01,-0.5961,0.0017000000000000348
2020-10-02,-0.5889,0.007199999999999984
2020-10-05,-0.5618,0.027100000000000013
2020-10-06,-0.5601,0.0016999999999999238
2020-10-07,-0.5446,0.01550000000000007
2020-10-08,-0.5497,-0.005099999999999993
2020-10-09,-0.5449,0.0047999999999999154
2020-10-14,-0.5689,-0.008199999999999985
2020-10-15,-0.5662,0.0026999999999999247
2020-10-16,-0.5626,0.0036000000000000476
2020-10-19,-0.5544,0.008199999999999985
2020-10-20,-0.5427,0.011700000000000044
2020-10-21,-0.5322,0.010499999999999954
2020-10-22,-0.5141,0.018100000000000005
2020-10-23,-0.5131,0.0010000000000000009
2020-10-26,-0.525,-0.011900000000000022
2020-10-27,-0.5352,-0.010199999999999987
2020-10-28,-0.5381,-0.0029000000000000137
2020-10-29,-0.5198,0.018299999999999983
2020-10-30,-0.5045,0.015300000000000091
2020-11-02,-0.5034,0.0010999999999999899
2020-11-03,-0.4944,0.008999999999999952
2020-11-04,-0.5281,-0.03370000000000001
2020-11-05,-0.5356,-0.007499999999999951
2020-11-06,-0.5249,0.010699999999999932
2020-11-09,-0.4818,0.04310000000000003
2020-11-10,-0.4599,0.02190000000000003
2020-11-13,-0.4863,-0.0013000000000000234
2020-11-16,-0.4837,0.002599999999999991
2020-11-17,-0.4956,-0.011899999999999966
2020-11-18,-0.4932,0.0023999999999999577
2020-11-19,-0.4987,-0.005499999999999949
2020-11-20,-0.506,-0.007300000000000029
2020-11-23,-0.5011,0.0049000000000000155
2020-11-24,-0.4949,0.006199999999999983
2020-11-25,-0.4938,0.0010999999999999899
2020-11-30,-0.5084,-0.0030999999999999917
2020-12-01,-0.4835,0.024899999999999978
2020-12-02,-0.4703,0.01319999999999999
2020-12-03,-0.474,-0.003699999999999981
2020-12-04,-0.4621,0.011899999999999966
2020-12-07,-0.4708,-0.008699999999999986
2020-12-08,-0.4775,-0.006699999999999984
2020-12-09,-0.4707,0.006799999999999973
2020-12-10,-0.4793,-0.008599999999999997
2020-12-11,-0.4893,-0.010000000000000009
2020-12-14,-0.4924,-0.0030999999999999917
2020-12-15,-0.4865,0.005900000000000016
2020-12-16,-0.4854,0.0010999999999999899
2020-12-17,-0.4794,0.006000000000000005
2020-12-18,-0.4747,0.004699999999999982
2020-12-21,-0.4728,0.0019000000000000128
2020-12-22,-0.4808,-0.008000000000000007
2020-12-23,-0.4728,0.008000000000000007
2020-12-24,-0.4771,-0.004300000000000026
2020-12-29,-0.4805,-0.0005999999999999894
2020-12-30,-0.4819,-0.0014000000000000123
2020-12-31,-0.4849,-0.0030000000000000027
2021-01-05,-0.4793,0.008799999999999975
2021-01-06,-0.4475,0.031799999999999995
2021-01-07,-0.4236,0.023900000000000032
2021-01-08,-0.4005,0.023099999999999954
2021-01-11,-0.3852,0.015300000000000036
2021-01-12,-0.3809,0.0042999999999999705
2021-01-13,-0.3927,-0.011799999999999977
2021-01-14,-0.3834,0.009299999999999975
2021-01-15,-0.3951,-0.011699999999999988
2021-01-20,-0.4036,-0.0023000000000000242
2021-01-21,-0.3986,0.0050000000000000044
2021-01-22,-0.4035,-0.0049000000000000155
2021-01-25,-0.4199,-0.01639999999999997
2021-01-26,-0.4235,-0.003599999999999992
2021-01-27,-0.4295,-0.006000000000000005
2021-01-28,-0.4219,0.007599999999999996
2021-01-29,-0.4041,0.017799999999999983
2021-02-01,-0.409,-0.00489999999999996
2021-02-02,-0.3998,0.009199999999999986
2021-02-03,-0.3854,0.014399999999999968
2021-02-04,-0.3787,0.006700000000000039
2021-02-05,-0.3671,0.0116
2021-02-08,-0.3611,0.006000000000000005
2021-02-09,-0.3611,0.0
2021-02-10,-0.3721,-0.01100000000000001
2021-02-11,-0.3723,-0.00020000000000003348
2021-02-12,-0.3555,0.016800000000000037
2021-02-17,-0.3047,0.011999999999999955
2021-02-18,-0.2999,0.0048000000000000265
2021-02-19,-0.281,0.018899999999999972
2021-02-22,-0.2651,0.015900000000000025
2021-02-23,-0.262,0.0030999999999999917
2021-02-24,-0.2515,0.01050000000000001
2021-02-25,-0.1743,0.07719999999999999
2021-02-26,-0.1807,-0.006399999999999989
2021-03-01,-0.19,-0.009300000000000003
2021-03-02,-0.2057,-0.015699999999999992
2021-03-03,-0.1887,0.016999999999999987
2021-03-04,-0.1585,0.030200000000000005
2021-03-05,-0.1425,0.016000000000000014
2021-03-08,-0.1189,0.023599999999999982
2021-03-09,-0.1271,-0.008199999999999985
2021-03-10,-0.1398,-0.012700000000000017
2021-03-11,-0.143,-0.0031999999999999806
2021-03-12,-0.1082,0.034799999999999984
2021-03-15,-0.1034,0.004799999999999999
2021-03-16,-0.1021,0.0013000000000000095
2021-03-17,-0.1044,-0.0023000000000000104
2021-03-18,-0.0738,0.030600000000000002
2021-03-19,-0.0515,0.022300000000000007
2021-03-22,-0.061,-0.009500000000000001
2021-03-23,-0.0808,-0.019799999999999998
2021-03-24,-0.093,-0.012200000000000003
2021-03-25,-0.0944,-0.0013999999999999985
2021-03-26,-0.0804,0.013999999999999999
2021-03-29,-0.0587,0.021699999999999997
2021-03-30,-0.0481,0.010600000000000005
2021-03-31,-0.0374,0.010699999999999994
2021-04-01,-0.0473,-0.009899999999999999
2021-04-02,-0.0318,0.0155
2021-04-05,-0.0335,-0.0017000000000000001
2021-04-06,-0.0569,-0.023399999999999997
2021-04-07,-0.0623,-0.005400000000000002
2021-04-08,-0.078,-0.0157
2021-04-09,-0.0716,0.006400000000000003
2021-04-12,-0.0639,0.0076999999999999985
2021-04-13,-0.0816,-0.017700000000000007
2021-04-14,-0.0809,0.0007000000000000062
2021-04-15,-0.1094,-0.028499999999999998
2021-04-16,-0.1065,0.0029
2021-04-19,-0.1005,0.0059999999999999915
2021-04-20,-0.1124,-0.011899999999999994
2021-04-21,-0.1189,-0.006500000000000006
2021-04-22,-0.1217,-0.002799999999999997
2021-04-23,-0.1149,0.0068000000000000005
2021-04-26,-0.1114,0.003500000000000003
2021-04-27,-0.094,0.0174
2021-04-28,-0.0908,0.0031999999999999945
2021-04-29,-0.0846,0.006200000000000011
2021-04-30,-0.0826,0.001999999999999988
2021-05-03,-0.0924,-0.00979999999999999
2021-05-04,-0.1006,-0.008199999999999999
2021-05-05,-0.1119,-0.011300000000000004
2021-05-06,-0.1159,-0.0040000000000000036
2021-05-07,-0.1191,-0.0031999999999999945
2021-05-10,-0.1115,0.007599999999999996
2021-05-11,-0.1029,0.008599999999999997
2021-05-12,-0.0765,0.026400000000000007
2021-05-13,-0.0785,-0.0020000000000000018
2021-05-14,-0.0861,-0.007599999999999996
2021-05-17,-0.0856,0.0005000000000000004
2021-05-18,-0.0878,-0.0022000000000000075
2021-05-19,-0.0721,0.015700000000000006
2021-05-20,-0.0858,-0.013700000000000004
2021-05-21,-0.087,-0.0011999999999999927
2021-05-24,-0.0952,-0.008200000000000013
2021-05-25,-0.115,-0.019799999999999998
2021-05-26,-0.118,-0.002999999999999989
2021-05-27,-0.1089,0.009099999999999997
2021-05-28,-0.1156,-0.006699999999999998
2021-06-02,-0.1105,-0.004500000000000004
2021-06-03,-0.0966,0.013899999999999996
2021-06-04,-0.1173,-0.020699999999999996
2021-06-07,-0.121,-0.003699999999999995
2021-06-08,-0.1344,-0.013399999999999995
2021-06-09,-0.1517,-0.01730000000000001
2021-06-10,-0.1699,-0.018199999999999994
2021-06-11,-0.1681,0.001799999999999996
2021-06-14,-0.1543,0.013800000000000007
2021-06-15,-0.1492,0.005099999999999993
2021-06-16,-0.1173,0.0319
2021-06-17,-0.1198,-0.0025000000000000022
2021-06-18,-0.1365,-0.016700000000000007
2021-06-21,-0.1317,0.004799999999999999
2021-06-22,-0.1387,-0.0069999999999999785
2021-06-23,-0.1332,0.005499999999999977
2021-06-24,-0.1312,0.0020000000000000018
2021-06-25,-0.1179,0.013300000000000006
2021-06-28,-0.1302,-0.012300000000000005
2021-06-29,-0.1336,-0.0033999999999999864
2021-06-30,-0.1466,-0.013000000000000012
2021-07-01,-0.1415,0.005100000000000021
2021-07-02,-0.1545,-0.013000000000000012
2021-07-07,-0.2054,-0.022199999999999998
2021-07-08,-0.2278,-0.022400000000000003
2021-07-09,-0.2116,0.016199999999999992
2021-07-12,-0.2032,0.008400000000000019
2021-07-13,-0.1852,0.017999999999999988
2021-07-14,-0.2003,-0.015100000000000002
2021-07-15,-0.2204,-0.020100000000000007
2021-07-16,-0.224,-0.003599999999999992
2021-07-19,-0.2673,-0.04329999999999998
2021-07-20,-0.2755,-0.00820000000000004
2021-07-21,-0.2545,0.02100000000000002
2021-07-22,-0.2597,-0.005199999999999982
2021-07-23,-0.2523,0.007399999999999962
2021-07-26,-0.2498,0.00250000000000003
2021-07-27,-0.2623,-0.012499999999999983
2021-07-28,-0.2628,-0.0005000000000000004
2021-07-29,-0.257,0.005799999999999972
2021-07-30,-0.268,-0.01100000000000001
2021-08-02,-0.2882,-0.020199999999999996
2021-08-03,-0.2986,-0.010399999999999965
2021-08-04,-0.2987,-0.0001000000000000445
2021-08-05,-0.2811,0.017600000000000005
2021-08-06,-0.2517,0.029400000000000037
2021-08-09,-0.2347,0.016999999999999987
2021-08-10,-0.2165,0.018199999999999994
2021-08-11,-0.2153,0.0012000000000000066
2021-08-12,-0.2063,0.00899999999999998
2021-08-13,-0.2244,-0.018099999999999977
2021-08-16,-0.244,-0.019600000000000006
2021-08-17,-0.2468,-0.002799999999999997
2021-08-18,-0.2456,0.0011999999999999789
2021-08-19,-0.2518,-0.006200000000000011
2021-08-20,-0.2471,0.0047000000000000375
2021-08-23,-0.2508,-0.0037000000000000366
2021-08-24,-0.2393,0.01150000000000001
2021-08-25,-0.219,0.020300000000000012
2021-08-26,-0.2119,0.007099999999999995
2021-08-27,-0.2233,-0.011399999999999993
2021-08-30,-0.235,-0.011699999999999988
2021-08-31,-0.2339,0.0010999999999999899
2021-09-01,-0.2337,0.00020000000000000573
2021-09-02,-0.2369,-0.0032000000000000084
2021-09-03,-0.2295,0.00739999999999999
2021-09-08,-0.2155,-0.004799999999999999
2021-09-09,-0.2268,-0.011300000000000004
2021-09-10,-0.2163,0.01050000000000001
2021-09-13,-0.2205,-0.004200000000000009
2021-09-14,-0.2348,-0.014300000000000007
2021-09-15,-0.23,0.004799999999999999
2021-09-16,-0.2146,0.015399999999999997
2021-09-17,-0.1965,0.018100000000000005
2021-09-20,-0.2121,-0.015600000000000003
2021-09-21,-0.211,0.0011000000000000176
2021-09-22,-0.2083,0.00269999999999998
2021-09-23,-0.1731,0.03520000000000001
2021-09-24,-0.1448,0.028299999999999992
2021-09-27,-0.1278,0.017000000000000015
2021-09-28,-0.1048,0.022999999999999993
2021-09-29,-0.0969,0.007900000000000004
2021-09-30,-0.1031,-0.006199999999999997
2021-10-01,-0.1222,-0.019100000000000006
2021-10-04,-0.1227,-0.0005000000000000004
2021-10-05,-0.1072,0.0155
2021-10-06,-0.1038,0.0034000000000000002
2021-10-07,-0.0862,0.017600000000000005
2021-10-08,-0.0688,0.0174
2021-10-13,-0.0676,-0.0022999999999999965
2021-10-14,-0.0836,-0.016
2021-10-15,-0.0606,0.022999999999999993
2021-10-18,-0.0499,0.010700000000000001
2021-10-19,-0.0333,0.016599999999999997
2021-10-20,-0.0286,0.004700000000000003
2021-10-21,-0.006,0.022600000000000002
2021-10-22,-0.0077,-0.0017000000000000001
2021-10-25,-0.0183,-0.0106
2021-10-26,-0.0236,-0.005299999999999999
2021-10-27,-0.0486,-0.024999999999999998
2021-10-28,-0.0429,0.005699999999999997
2021-10-29,-0.0441,-0.0011999999999999997
2021-11-01,-0.0342,0.009899999999999999
2021-11-02,-0.05,-0.0158
2021-11-03,-0.0381,0.0119
2021-11-04,-0.0673,-0.029199999999999997
2021-11-05,-0.1019,-0.034600000000000006
2021-11-08,-0.0839,0.018000000000000002
2021-11-09,-0.1019,-0.018000000000000002
2021-11-10,-0.0558,0.0461
2021-11-15,-0.0172,0.0201
2021-11-16,-0.0079,0.0093
2021-11-17,-0.0145,-0.0066
2021-11-18,-0.0226,-0.008099999999999998
2021-11-19,-0.0334,-0.0108
2021-11-22,0.0019,0.0353
2021-11-23,0.0187,0.016800000000000002
2021-11-24,0.0205,0.0017999999999999995
2021-11-29,-0.0568,-0.0085
2021-11-30,-0.0822,-0.025399999999999992
2021-12-01,-0.0871,-0.004900000000000002
2021-12-02,-0.0782,0.008899999999999991
2021-12-03,-0.1105,-0.032299999999999995
2021-12-06,-0.092,0.018500000000000003
2021-12-07,-0.0694,0.022599999999999995
2021-12-08,-0.0593,0.010100000000000005
2021-12-09,-0.0617,-0.0023999999999999994
2021-12-10,-0.0641,-0.0024000000000000063
2021-12-13,-0.0822,-0.01809999999999999
2021-12-14,-0.0789,0.0032999999999999974
2021-12-15,-0.0671,0.011799999999999991
2021-12-16,-0.0875,-0.020399999999999988
2021-12-17,-0.0967,-0.0092
2021-12-20,-0.1022,-0.005500000000000005
2021-12-21,-0.0823,0.0199
2021-12-22,-0.0814,0.000899999999999998
2021-12-23,-0.0698,0.0116
2021-12-28,-0.0707,-0.0011000000000000038
2021-12-29,-0.0501,0.0206
2021-12-30,-0.0548,-0.004700000000000003
2021-12-31,-0.0588,-0.003999999999999997
2022-01-03,-0.0167,0.0421
2022-01-04,0.0002,0.0169
2022-01-05,0.0263,0.0261
2022-01-06,0.0477,0.0214
2022-01-07,0.0673,0.0196
2022-01-10,0.0774,0.010099999999999998
2022-01-11,0.0711,-0.0063
2022-01-12,0.065,-0.006099999999999994
2022-01-13,0.0486,-0.016400000000000005
2022-01-14,0.0764,0.0278
2022-01-19,0.1079,-0.005299999999999999
2022-01-20,0.1035,-0.004400000000000001
2022-01-21,0.0719,-0.03159999999999999
2022-01-24,0.0584,-0.013500000000000005
2022-01-25,0.0662,0.0077999999999999944
2022-01-26,0.1015,0.03530000000000001
2022-01-27,0.0994,-0.0021000000000000046
2022-01-28,0.0789,-0.020500000000000004
2022-01-31,0.0721,-0.0068000000000000005
2022-02-01,0.0735,0.0013999999999999985
2022-02-02,0.0641,-0.009399999999999992
2022-02-03,0.078,0.013899999999999996
2022-02-04,0.124,0.046
2022-02-07,0.1219,-0.0021000000000000046
2022-02-08,0.1375,0.015600000000000017
2022-02-09,0.1408,0.0032999999999999974
2022-02-10,0.1787,0.03789999999999999
2022-02-11,0.1368,-0.04189999999999999
2022-02-14,0.1441,0.007300000000000001
2022-02-15,0.1615,0.0174
2022-02-16,0.157,-0.004500000000000004
2022-02-17,0.138,-0.01899999999999999
2022-02-18,0.1211,-0.016900000000000012
2022-02-23,0.1372,0.015599999999999989
2022-02-24,0.1312,-0.005999999999999978
2022-02-25,0.1391,0.00789999999999999
2022-02-28,0.0768,-0.06230000000000001
2022-03-01,0.0117,-0.06509999999999999
2022-03-02,0.0638,0.052099999999999994
2022-03-03,0.0684,0.004600000000000007
2022-03-04,0.0239,-0.0445
2022-03-07,0.028,0.0040999999999999995
2022-03-08,0.0626,0.034600000000000006
2022-03-09,0.0949,0.032299999999999995
2022-03-10,0.1233,0.02840000000000001
2022-03-11,0.1393,0.016
2022-03-14,0.1947,0.055400000000000005
2022-03-15,0.2069,0.012199999999999989
2022-03-16,0.2366,0.029700000000000004
2022-03-17,0.2502,0.013599999999999973
2022-03-18,0.2377,-0.012499999999999983
2022-03-21,0.297,0.05929999999999999
2022-03-22,0.3307,0.03370000000000001
2022-03-23,0.3191,-0.0116
2022-03-24,0.3255,0.006400000000000017
2022-03-25,0.3918,0.06629999999999997
2022-03-28,0.3914,-0.00039999999999995595
2022-03-29,0.3684,-0.02300000000000002
2022-03-30,0.3389,-0.029500000000000026
2022-03-31,0.32,-0.018899999999999972
2022-04-01,0.3539,0.033899999999999986
2022-04-04,0.3562,0.0023000000000000242
2022-04-05,0.4026,0.0464
2022-04-06,0.4281,0.025499999999999967
2022-04-07,0.4482,0.020100000000000007
2022-04-08,0.4805,0.032299999999999995
2022-04-11,0.4966,0.016100000000000003
2022-04-12,0.4628,-0.0338
2022-04-13,0.4507,-0.0121
2022-04-14,0.4991,0.0484
2022-04-19,0.5547,0.04279999999999995
2022-04-20,0.5389,-0.015799999999999925
2022-04-21,0.5622,0.023299999999999987
2022-04-22,0.5622,0.0
2022-04-25,0.51,-0.052200000000000024
2022-04-26,0.4752,-0.0348
2022-04-27,0.4848,0.009599999999999997
2022-04-28,0.5063,0.021499999999999964
2022-04-29,0.534,0.027700000000000058
2022-05-02,0.5674,0.033399999999999985
2022-05-03,0.5728,0.00539999999999996
2022-05-04,0.55,-0.02279999999999993
2022-05-05,0.5935,0.04349999999999998
2022-05-06,0.633,0.03949999999999998
2022-05-09,0.5996,-0.033399999999999985
2022-05-10,0.5752,-0.024399999999999977
2022-05-11,0.5519,-0.0233000000000001
2022-05-12,0.5079,-0.04399999999999993
2022-05-13,0.5264,0.01849999999999996
2022-05-16,0.4971,-0.029299999999999993
2022-05-17,0.5312,0.03410000000000002
2022-05-18,0.5054,-0.025800000000000045
2022-05-19,0.4799,-0.025499999999999967
2022-05-20,0.4552,-0.0247
2022-05-23,0.4769,0.021699999999999997
2022-05-24,0.434,-0.042899999999999994
2022-05-25,0.4152,-0.018799999999999983
2022-05-26,0.4094,-0.005800000000000027
2022-05-27,0.4099,0.0005000000000000004
2022-06-01,0.4892,0.04750000000000004
2022-06-02,0.4907,0.0015000000000000013
2022-06-03,0.4997,0.008999999999999952
2022-06-06,0.5301,0.030400000000000038
2022-06-07,0.5151,-0.015000000000000013
2022-06-08,0.5239,0.00880000000000003
2022-06-09,0.5314,0.007499999999999951
2022-06-10,0.5873,0.05590000000000006
2022-06-13,0.6825,0.09519999999999995
2022-06-14,0.7001,0.01759999999999995
2022-06-15,0.6176,-0.0824999999999999
2022-06-16,0.584,-0.033600000000000074
2022-06-17,0.5783,-0.005699999999999927
2022-06-22,0.5207,-0.06229999999999991
2022-06-23,0.4726,-0.04810000000000003
2022-06-24,0.4663,-0.006300000000000028
2022-06-27,0.4825,0.016199999999999992
2022-06-28,0.4837,0.0012000000000000344
2022-06-29,0.4462,-0.03750000000000003
2022-06-30,0.389,-0.05719999999999997
2022-07-01,0.3228,-0.06620000000000004
2022-07-06,0.3081,0.030899999999999983
2022-07-07,0.3386,0.030500000000000027
2022-07-08,0.3757,0.037099999999999966
2022-07-11,0.3286,-0.047099999999999975
2022-07-12,0.2901,-0.03849999999999998
2022-07-13,0.2564,-0.03370000000000001
2022-07-14,0.2533,-0.0030999999999999917
2022-07-15,0.2428,-0.010500000000000037
2022-07-18,0.2352,-0.007599999999999996
2022-07-19,0.2497,0.014500000000000013
2022-07-20,0.264,0.014300000000000007
2022-07-21,0.2026,-0.06140000000000001
2022-07-22,0.1365,-0.06609999999999999
2022-07-25,0.1234,-0.013100000000000014
2022-07-26,0.1207,-0.002699999999999994
2022-07-27,0.1066,-0.014100000000000001
2022-07-28,0.0618,-0.0448
2022-07-29,0.0544,-0.007400000000000004
2022-08-01,0.021,-0.0334
2022-08-02,0.075,0.05399999999999999
2022-08-03,0.0836,0.008599999999999997
2022-08-04,0.0564,-0.027199999999999995
2022-08-05,0.116,0.05960000000000001
2022-08-08,0.0948,-0.02120000000000001
2022-08-09,0.0996,0.004799999999999999
2022-08-10,0.0895,-0.010099999999999998
2022-08-11,0.1194,0.02990000000000001
2022-08-12,0.121,0.0015999999999999903
2022-08-15,0.0934,-0.0276
2022-08-16,0.1,0.006600000000000009
2022-08-17,0.1331,0.03309999999999999
2022-08-18,0.1326,-0.0005000000000000004
2022-08-19,0.1691,0.036500000000000005
2022-08-22,0.1955,0.026400000000000007
2022-08-23,0.2065,0.010999999999999982
2022-08-24,0.2325,0.026000000000000023
2022-08-25,0.209,-0.02350000000000002
2022-08-26,0.2142,0.00520000000000001
2022-08-29,0.2304,0.016199999999999992
2022-08-30,0.2329,0.0025000000000000022
2022-08-31,0.2419,0.009000000000000008
2022-09-01,0.2854,0.04349999999999998
2022-09-02,0.2692,-0.016199999999999992
2022-09-07,0.2906,-0.018899999999999972
2022-09-08,0.2937,0.0030999999999999917
2022-09-09,0.3072,0.013499999999999956
2022-09-12,0.31,0.0028000000000000247
2022-09-13,0.3268,0.01679999999999998
2022-09-14,0.3222,-0.004599999999999993
2022-09-15,0.3397,0.017500000000000016
2022-09-16,0.3342,-0.005500000000000005
2022-09-19,0.339,0.0048000000000000265
2022-09-20,0.366,0.02699999999999997
2022-09-21,0.3618,-0.0041999999999999815
2022-09-22,0.4323,0.07050000000000001
2022-09-23,0.4584,0.026099999999999957
2022-09-26,0.5291,0.07070000000000004
2022-09-27,0.5774,0.04830000000000001
2022-09-28,0.4845,-0.09290000000000004
2022-09-29,0.4863,0.0018000000000000238
2022-09-30,0.5169,0.030600000000000016
2022-10-03,0.4509,-0.066
2022-10-04,0.4088,-0.042100000000000026
2022-10-05,0.4514,0.04260000000000003
2022-10-06,0.4908,0.03939999999999999
2022-10-07,0.5241,0.033299999999999996
2022-10-12,0.518,-0.014800000000000035
2022-10-13,0.538,0.020000000000000018
2022-10-14,0.5487,0.010699999999999932
2022-10-17,0.5333,-0.01539999999999997
2022-10-18,0.5091,-0.0242
2022-10-19,0.5475,0.03839999999999999
2022-10-20,0.5903,0.04280000000000006
2022-10-21,0.5784,-0.011900000000000022
2022-10-24,0.5835,0.005099999999999993
2022-10-25,0.538,-0.045499999999999985
2022-10-26,0.504,-0.03400000000000003
2022-10-27,0.4638,-0.040200000000000014
2022-10-28,0.4838,0.020000000000000018
2022-10-31,0.5055,0.02169999999999994
2022-11-01,0.5052,-0.00029999999999996696
2022-11-02,0.511,0.005800000000000027
2022-11-03,0.5325,0.021499999999999964
2022-11-04,0.5394,0.006900000000000017
2022-11-07,0.5583,0.018900000000000028
2022-11-08,0.5282,-0.030100000000000016
2022-11-09,0.5127,-0.015499999999999958
2022-11-10,0.3746,-0.13810000000000006
2022-11-15,0.3227,-0.03660000000000002
2022-11-16,0.2659,-0.05679999999999996
2022-11-17,0.2864,0.020499999999999963
2022-11-18,0.3073,0.02090000000000003
2022-11-21,0.3176,0.010299999999999976
2022-11-22,0.2838,-0.0338
2022-11-23,0.2493,-0.0345
2022-11-28,0.2188,-0.006400000000000017
2022-11-29,0.2343,0.015500000000000014
2022-11-30,0.1996,-0.03470000000000001
2022-12-01,0.1372,-0.06240000000000001
2022-12-02,0.119,-0.018199999999999994
2022-12-05,0.1541,0.03509999999999999
2022-12-06,0.1251,-0.028999999999999998
2022-12-07,0.0796,-0.045499999999999985
2022-12-08,0.1027,0.023099999999999996
2022-12-09,0.1316,0.028899999999999995
2022-12-12,0.1474,0.01580000000000001
2022-12-13,0.0979,-0.0495
2022-12-14,0.0833,-0.014600000000000002
2022-12-15,0.0693,-0.013999999999999999
2022-12-16,0.0716,0.0022999999999999965
2022-12-19,0.1055,0.0339
2022-12-20,0.1552,0.04970000000000001
2022-12-21,0.1712,0.015999999999999986
2022-12-22,0.1782,0.007000000000000006
2022-12-23,0.2097,0.0315
2022-12-28,0.2671,0.0189
2022-12-29,0.2607,-0.006400000000000017
2022-12-30,0.2801,0.01940000000000003
2023-01-04,0.1936,-0.051199999999999996
2023-01-05,0.1847,-0.008899999999999991
2023-01-06,0.1036,-0.0811
2023-01-09,0.0675,-0.03609999999999999
2023-01-10,0.0817,0.01419999999999999
2023-01-11,0.0591,-0.022599999999999995
2023-01-12,0.0107,-0.0484
2023-01-13,0.0217,0.011000000000000001
2023-01-18,-0.0393,-0.0651
2023-01-19,-0.0412,-0.001899999999999999
2023-01-20,-0.0137,0.0275
2023-01-23,0.0098,0.0235
2023-01-24,-0.0043,-0.0141
2023-01-25,-0.0108,-0.006500000000000001
2023-01-26,0.0027,0.013500000000000002
2023-01-27,0.0167,0.013999999999999999
2023-01-30,0.0344,0.0177
2023-01-31,0.0255,-0.008900000000000002
2023-02-01,-0.0305,-0.055999999999999994
2023-02-02,-0.0405,-0.010000000000000002
2023-02-03,0.0174,0.0579
2023-02-06,0.0693,0.0519
2023-02-07,0.0942,0.024900000000000005
2023-02-08,0.0919,-0.0023000000000000104
2023-02-09,0.105,0.0131
2023-02-10,0.1324,0.027399999999999994
2023-02-13,0.128,-0.004399999999999987
2023-02-14,0.1512,0.0232
2023-02-15,0.188,0.0368
2023-02-16,0.1943,0.0063
2023-02-17,0.1817,-0.0126
2023-02-22,0.2457,0.0204
2023-02-23,0.2362,-0.009500000000000008
2023-02-24,0.2691,0.03290000000000001
2023-02-27,0.261,-0.008099999999999996
2023-02-28,0.258,-0.0030000000000000027
2023-03-01,0.2929,0.03489999999999999
2023-03-02,0.3251,0.032200000000000006
2023-03-03,0.3012,-0.023899999999999977
2023-03-06,0.2844,-0.016800000000000037
2023-03-07,0.2848,0.00040000000000001146
2023-03-08,0.2799,-0.0049000000000000155
2023-03-09,0.2372,-0.04269999999999999
2023-03-10,0.1327,-0.10449999999999998
2023-03-13,0.0372,-0.09550000000000002
2023-03-14,0.072,0.0348
2023-03-15,0.0324,-0.039599999999999996
2023-03-16,0.072,0.039599999999999996
2023-03-17,0.0156,-0.05639999999999999
2023-03-20,0.0386,0.023000000000000003
2023-03-21,0.0934,0.054799999999999995
2023-03-22,0.0371,-0.056299999999999996
2023-03-23,-0.0229,-0.06
2023-03-24,-0.0271,-0.004199999999999999
2023-03-27,0.0321,0.059199999999999996
2023-03-28,0.0575,0.025400000000000006
2023-03-29,0.0723,0.0148
2023-03-30,0.0593,-0.013000000000000005
2023-03-31,0.0305,-0.0288
2023-04-03,-0.0103,-0.0408
2023-04-04,-0.0603,-0.05
2023-04-05,-0.087,-0.026699999999999995
2023-04-06,-0.0988,-0.011800000000000005
2023-04-07,-0.065,0.0338
2023-04-10,-0.0614,0.003599999999999999
2023-04-11,-0.0554,0.006000000000000005
2023-04-12,-0.0744,-0.018999999999999996
2023-04-13,-0.0647,0.0097
2023-04-14,-0.0316,0.03309999999999999
2023-04-17,-0.0001,0.0315
2023-04-18,-0.0012,-0.0010999999999999998
2023-04-19,0.0082,0.0094
2023-04-20,-0.0156,-0.0238
2023-04-21,-0.0079,0.0076999999999999985
2023-04-24,-0.0317,-0.023799999999999998
2023-04-25,-0.0912,-0.059500000000000004
2023-04-26,-0.0899,0.0013000000000000095
2023-04-27,-0.0424,0.047499999999999994
2023-04-28,-0.0635,-0.0211
2023-05-01,-0.0289,0.034600000000000006
2023-05-02,-0.088,-0.0591
2023-05-03,-0.1313,-0.043300000000000005
2023-05-04,-0.1615,-0.030200000000000005
2023-05-05,-0.1285,0.033
2023-05-08,-0.0927,0.0358
2023-05-09,-0.0816,0.011099999999999999
2023-05-10,-0.1165,-0.0349
2023-05-11,-0.1353,-0.018799999999999997
2023-05-12,-0.1103,0.02500000000000001
2023-05-15,-0.096,0.014299999999999993
2023-05-16,-0.0738,0.022199999999999998
2023-05-17,-0.0543,0.019500000000000003
2023-05-18,-0.0172,0.0371
2023-05-19,0.0112,0.0284
2023-05-22,0.0144,0.0031999999999999997
2023-05-23,0.0106,-0.0037999999999999996
2023-05-24,0.0168,0.006199999999999999
2023-05-25,0.065,0.04820000000000001
2023-05-26,0.0776,0.0126
2023-05-31,-0.0186,-0.0422
2023-06-01,-0.0441,-0.025500000000000002
2023-06-02,-0.0067,0.0374
2023-06-05,-0.0018,0.0049
2023-06-06,0.0072,0.009
2023-06-07,0.0486,0.0414
2023-06-08,0.0363,-0.012299999999999998
2023-06-09,0.0509,0.014600000000000002
2023-06-12,0.0448,-0.006100000000000001
2023-06-13,0.0879,0.043100000000000006
2023-06-14,0.1029,0.015
2023-06-15,0.0598,-0.043100000000000006
2023-06-16,0.0709,0.011100000000000006
2023-06-21,0.0411,-0.013700000000000004
2023-06-22,0.0653,0.0242
2023-06-23,0.054,-0.011299999999999998
2023-06-26,0.0355,-0.018500000000000003
2023-06-27,0.0485,0.013000000000000005
2023-06-28,0.0273,-0.0212
2023-06-29,0.096,0.0687
2023-06-30,0.1019,0.0059000000000000025
2023-07-03,0.1221,0.020199999999999996
2023-07-06,0.2043,0.051199999999999996
2023-07-07,0.218,0.01369999999999999
2023-07-10,0.1862,-0.031799999999999995
2023-07-11,0.1741,-0.0121
2023-07-12,0.1097,-0.0644
2023-07-13,0.0474,-0.06230000000000001
2023-07-14,0.0617,0.0143
2023-07-17,0.054,-0.0076999999999999985
2023-07-18,0.045,-0.009000000000000001
2023-07-19,0.0259,-0.0191
2023-07-20,0.0598,0.0339
2023-07-21,0.0685,0.008700000000000006
2023-07-24,0.0889,0.0204
2023-07-25,0.1136,0.0247
2023-07-26,0.1016,-0.01200000000000001
2023-07-27,0.1536,0.05199999999999999
2023-07-28,0.1433,-0.010299999999999976
2023-07-31,0.1462,0.002899999999999986
2023-08-01,0.1782,0.032
2023-08-02,0.1871,0.008899999999999991
2023-08-03,0.2234,0.0363
2023-08-04,0.1767,-0.04669999999999999
2023-08-07,0.1763,-0.0003999999999999837
2023-08-08,0.1501,-0.0262
2023-08-09,0.1469,-0.0032000000000000084
2023-08-10,0.1804,0.0335
2023-08-11,0.2238,0.043399999999999994
2023-08-14,0.2442,0.0204
2023-08-15,0.257,0.012800000000000006
2023-08-16,0.2845,0.02749999999999997
2023-08-17,0.3002,0.015700000000000047
2023-08-18,0.2909,-0.00930000000000003
2023-08-21,0.319,0.028100000000000014
2023-08-22,0.344,0.024999999999999967
2023-08-23,0.2849,-0.059099999999999986
2023-08-24,0.281,-0.003899999999999959
2023-08-25,0.287,0.00599999999999995
2023-08-28,0.268,-0.01899999999999996
2023-08-29,0.2235,-0.04450000000000001
2023-08-30,0.2192,-0.004299999999999998
2023-08-31,0.2064,-0.012800000000000006
2023-09-01,0.2341,0.027700000000000002
2023-09-06,0.3118,0.04090000000000005
2023-09-07,0.2928,-0.019000000000000017
2023-09-08,0.2894,-0.003400000000000014
2023-09-11,0.2943,0.0049000000000000155
2023-09-12,0.2912,-0.0030999999999999917
2023-09-13,0.2823,-0.008900000000000019
2023-09-14,0.2937,0.011400000000000021
2023-09-15,0.3248,0.03109999999999996
2023-09-18,0.3342,0.00940000000000002
2023-09-19,0.3539,0.019699999999999995
2023-09-20,0.3546,0.0007000000000000339
2023-09-21,0.4021,0.04749999999999999
2023-09-22,0.4001,-0.0020000000000000018
2023-09-25,0.4318,0.031700000000000006
2023-09-26,0.4471,0.01529999999999998
2023-09-27,0.4779,0.030799999999999994
2023-09-28,0.472,-0.005900000000000016
2023-09-29,0.47,-0.0020000000000000018
2023-10-02,0.5083,0.0383
2023-10-03,0.561,0.05270000000000008
2023-10-04,0.5429,-0.018100000000000005
2023-10-05,0.5338,-0.009099999999999997
2023-10-06,0.5494,0.015599999999999947
2023-10-11,0.4753,-0.032899999999999985
2023-10-12,0.5158,0.040500000000000036
2023-10-13,0.5009,-0.014900000000000024
2023-10-16,0.528,0.027100000000000013
2023-10-17,0.5866,0.058599999999999985
2023-10-18,0.6229,0.0363
2023-10-19,0.6589,0.03600000000000003
2023-10-20,0.6484,-0.010500000000000065
2023-10-23,0.6222,-0.0262
2023-10-24,0.614,-0.008199999999999985
2023-10-25,0.6527,0.03869999999999996
2023-10-26,0.6267,-0.025999999999999912
2023-10-27,0.6091,-0.01760000000000006
2023-10-30,0.6183,0.009199999999999986
2023-10-31,0.6231,0.0048000000000000265
2023-11-01,0.5727,-0.0504
2023-11-02,0.5361,-0.036599999999999966
2023-11-03,0.4743,-0.06180000000000002
2023-11-06,0.4988,0.024500000000000022
2023-11-07,0.4733,-0.025500000000000023
2023-11-08,0.4517,-0.021600000000000008
2023-11-09,0.5006,0.048900000000000055
2023-11-10,0.5113,0.010699999999999932
2023-11-13,0.5159,0.0046000000000000485
2023-11-14,0.4265,-0.08940000000000003
2023-11-15,0.4434,0.016900000000000026
2023-11-16,0.4159,-0.027500000000000024
2023-11-17,0.4088,-0.007099999999999995
2023-11-20,0.3965,-0.012299999999999978
2023-11-21,0.3857,-0.010800000000000032
2023-11-22,0.3873,0.0015999999999999903
2023-11-27,0.3827,-0.03350000000000003
2023-11-28,0.3486,-0.034099999999999964
2023-11-29,0.3149,-0.03370000000000001
2023-11-30,0.3449,0.02999999999999997
2023-12-01,0.2922,-0.05269999999999997
2023-12-04,0.3084,0.016199999999999992
2023-12-05,0.2737,-0.03470000000000001
2023-12-06,0.2458,-0.027900000000000008
2023-12-07,0.2399,-0.005899999999999989
2023-12-08,0.2801,0.040200000000000014
2023-12-11,0.2898,0.009699999999999986
2023-12-12,0.2781,-0.011699999999999988
2023-12-13,0.2019,-0.07620000000000002
2023-12-14,0.1418,-0.06009999999999999
2023-12-15,0.1259,-0.015899999999999997
2023-12-18,0.132,0.006099999999999994
2023-12-19,0.1308,-0.0012000000000000066
2023-12-20,0.1007,-0.030100000000000002
2023-12-21,0.1039,0.0032000000000000084
2023-12-22,0.1065,0.002599999999999991
2023-12-27,0.0681,-0.041400000000000006
2023-12-28,0.0756,0.007500000000000007
2023-12-29,0.0917,0.016100000000000003
2024-01-03,0.12,-0.005299999999999999
2024-01-04,0.1492,0.029200000000000004
2024-01-05,0.1779,0.028700000000000003
2024-01-08,0.1683,-0.009599999999999997
2024-01-09,0.1689,0.0005999999999999894
2024-01-10,0.1764,0.007500000000000007
2024-01-11,0.1524,-0.023999999999999994
2024-01-12,0.1305,-0.021900000000000003
2024-01-17,0.2078,0.03340000000000001
2024-01-18,0.2274,0.01959999999999998
2024-01-19,0.2423,0.014899999999999997
2024-01-22,0.2253,-0.016999999999999987
2024-01-23,0.2338,0.008500000000000008
2024-01-24,0.2518,0.018000000000000016
2024-01-25,0.2376,-0.014200000000000018
2024-01-26,0.2461,0.008500000000000008
2024-01-29,0.2142,-0.03190000000000001
2024-01-30,0.2101,-0.0040999999999999925
2024-01-31,0.1709,-0.03920000000000001
2024-02-01,0.1127,-0.0582
2024-02-02,0.1699,0.0572
2024-02-05,0.2345,0.06459999999999999
2024-02-06,0.216,-0.01849999999999999
2024-02-07,0.219,0.0030000000000000027
2024-02-08,0.2472,0.028200000000000003
2024-02-09,0.2606,0.013399999999999995
2024-02-12,0.2603,-0.00030000000000002247
2024-02-13,0.3229,0.06260000000000004
2024-02-14,0.3169,-0.006000000000000005
2024-02-15,0.3048,-0.0121
2024-02-16,0.3265,0.021699999999999997
2024-02-21,0.3354,0.01749999999999996
2024-02-22,0.3464,0.01100000000000001
2024-02-23,0.3216,-0.02479999999999999
2024-02-26,0.324,0.0024000000000000132
2024-02-27,0.3332,0.009199999999999986
2024-02-28,0.3191,-0.014100000000000001
2024-02-29,0.3095,-0.009599999999999997
2024-03-01,0.2769,-0.03260000000000002
2024-03-04,0.2855,0.008599999999999997
2024-03-05,0.2527,-0.032799999999999996
2024-03-06,0.2334,-0.019299999999999984
2024-03-07,0.2143,-0.019100000000000006
2024-03-08,0.206,-0.008300000000000002
2024-03-11,0.2089,0.0029000000000000137
2024-03-12,0.2352,0.02629999999999999
2024-03-13,0.253,0.01780000000000001
2024-03-14,0.2993,0.04630000000000001
2024-03-15,0.3209,0.021600000000000008
2024-03-18,0.3378,0.01689999999999997
2024-03-19,0.3261,-0.011699999999999988
2024-03-20,0.3088,-0.017299999999999982
2024-03-21,0.3083,-0.0005000000000000004
2024-03-22,0.2852,-0.02310000000000001
2024-03-25,0.2927,0.007500000000000007
2024-03-26,0.2909,-0.0018000000000000238
2024-03-27,0.2735,-0.01739999999999997
2024-03-28,0.2732,-0.00030000000000002247
2024-04-02,0.3425,0.023200000000000054
2024-04-03,0.3469,0.0043999999999999595
2024-04-04,0.3344,-0.012500000000000011
2024-04-05,0.362,0.027600000000000013
2024-04-08,0.383,0.02100000000000002
2024-04-09,0.3656,-0.017400000000000027
2024-04-10,0.4428,0.07720000000000005
2024-04-11,0.4587,0.01589999999999997
2024-04-12,0.4395,-0.019199999999999995
2024-04-15,0.4788,0.0393
2024-04-16,0.5079,0.029100000000000015
2024-04-17,0.4851,-0.022800000000000042
2024-04-18,0.5035,0.018399999999999972
2024-04-19,0.4994,-0.004099999999999937
2024-04-22,0.4998,0.00040000000000001146
2024-04-23,0.4891,-0.010700000000000043
2024-04-24,0.5016,0.012500000000000067
2024-04-25,0.5289,0.02729999999999999
2024-04-26,0.5243,-0.0046000000000000485
2024-04-29,0.5058,-0.01849999999999996
2024-04-30,0.5251,0.019299999999999984
2024-05-01,0.4993,-0.02579999999999999
2024-05-02,0.4716,-0.027700000000000002
2024-05-03,0.4325,-0.039100000000000024
2024-05-06,0.4198,-0.012699999999999989
2024-05-07,0.4076,-0.012199999999999989
2024-05-08,0.4154,0.007799999999999974
2024-05-09,0.4045,-0.010899999999999965
2024-05-10,0.4191,0.014599999999999946
2024-05-13,0.4164,-0.00269999999999998
2024-05-14,0.4013,-0.015100000000000002
2024-05-15,0.3575,-0.043800000000000006
2024-05-16,0.3624,0.0049000000000000155
2024-05-17,0.3742,0.011799999999999977
2024-05-20,0.3837,0.009500000000000008
2024-05-21,0.3755,-0.008199999999999985
2024-05-22,0.3795,0.0040000000000000036
2024-05-23,0.4075,0.02799999999999997
2024-05-24,0.4142,0.006700000000000039
2024-05-29,0.4745,0.04239999999999999
2024-05-30,0.4626,-0.011899999999999966
2024-05-31,0.4418,-0.020799999999999985
2024-06-03,0.3898,-0.052000000000000046
2024-06-04,0.3464,-0.043399999999999994
2024-06-05,0.3195,-0.02689999999999998
2024-06-06,0.3051,-0.014400000000000024
2024-06-07,0.3606,0.055499999999999994
2024-06-10,0.393,0.03240000000000004
2024-06-11,0.3683,-0.0247
2024-06-12,0.3297,-0.03860000000000002
2024-06-13,0.2893,-0.04039999999999999
2024-06-14,0.2714,-0.017900000000000027
2024-06-17,0.2908,0.01940000000000003
2024-06-18,0.273,-0.017799999999999983
2024-06-21,0.2839,0.003599999999999992
2024-06-24,0.2849,0.0010000000000000009
2024-06-25,0.28,-0.00489999999999996
2024-06-26,0.3123,0.032299999999999995
2024-06-27,0.3089,-0.003400000000000014
2024-06-28,0.3312,0.022299999999999986
2024-07-01,0.3852,0.05399999999999999
2024-07-02,0.3806,-0.004599999999999993
2024-07-03,0.354,-0.026600000000000013
2024-07-08,0.3012,-0.009799999999999975
2024-07-09,0.3072,0.00599999999999995
2024-07-10,0.3041,-0.0030999999999999917
2024-07-11,0.267,-0.037099999999999966
2024-07-12,0.2534,-0.013600000000000001
2024-07-15,0.2683,0.014899999999999969
2024-07-16,0.2525,-0.01579999999999998
2024-07-17,0.2433,-0.009200000000000014
2024-07-18,0.2586,0.015300000000000008
2024-07-19,0.2807,0.02210000000000001
2024-07-22,0.2932,0.012500000000000011
2024-07-23,0.2906,-0.002599999999999991
2024-07-24,0.2998,0.009199999999999986
2024-07-25,0.3036,0.00379999999999997
2024-07-26,0.2767,-0.02689999999999998
2024-07-29,0.2624,-0.01429999999999998
2024-07-30,0.2501,-0.012300000000000033
2024-07-31,0.2197,-0.030399999999999983
2024-08-01,0.1693,-0.0504
2024-08-02,0.0817,-0.08760000000000001
2024-08-05,0.0646,-0.01709999999999999
2024-08-06,0.107,0.04239999999999999
2024-08-07,0.1439,0.0369
2024-08-08,0.1695,0.02560000000000001
2024-08-09,0.1631,-0.006400000000000017
2024-08-12,0.1425,-0.020600000000000007
2024-08-13,0.1108,-0.03169999999999999
2024-08-14,0.0962,-0.014600000000000002
2024-08-15,0.1357,0.03949999999999999
2024-08-16,0.1321,-0.003599999999999992
2024-08-19,0.1237,-0.00839999999999999
2024-08-20,0.1034,-0.0203
2024-08-21,0.0852,-0.018200000000000008
2024-08-22,0.1121,0.026900000000000007
2024-08-23,0.0954,-0.016700000000000007
2024-08-26,0.1009,0.005500000000000005
2024-08-27,0.1081,0.007199999999999998
2024-08-28,0.1158,0.0076999999999999985
2024-08-29,0.1294,0.013599999999999987
2024-08-30,0.148,0.018600000000000005
2024-09-04,0.0898,-0.036699999999999997
2024-09-05,0.0748,-0.015
2024-09-06,0.0613,-0.013500000000000005
2024-09-09,0.0574,-0.0039000000000000007
2024-09-10,0.0379,-0.019499999999999997
2024-09-11,0.0355,-0.0024000000000000063
2024-09-12,0.0478,0.012300000000000005
2024-09-13,0.0435,-0.004300000000000005
2024-09-16,0.0425,-0.000999999999999994
2024-09-17,0.0565,0.013999999999999999
2024-09-18,0.0886,0.0321
2024-09-19,0.1128,0.0242
2024-09-20,0.1241,0.011300000000000004
2024-09-23,0.1437,0.019599999999999992
2024-09-24,0.147,0.0032999999999999974
2024-09-25,0.171,0.02400000000000002
2024-09-26,0.1874,0.016399999999999998
2024-09-27,0.1709,-0.016500000000000015
2024-09-30,0.1945,0.02360000000000001
2024-10-01,0.1739,-0.020600000000000007
2024-10-02,0.1859,0.01200000000000001
2024-10-03,0.2171,0.031199999999999978
2024-10-04,0.2854,0.0683
2024-10-07,0.3202,0.0348
2024-10-08,0.3255,0.005300000000000027
2024-10-09,0.3424,0.01689999999999997
2024-10-10,0.3499,0.007500000000000007
2024-10-11,0.3485,-0.0014000000000000123
2024-10-16,0.3249,-0.008399999999999963
2024-10-17,0.3495,0.024599999999999955
2024-10-18,0.349,-0.0005000000000000004
2024-10-21,0.3916,0.04260000000000003
2024-10-22,0.4123,0.020699999999999996
2024-10-23,0.4356,0.023299999999999987
2024-10-24,0.433,-0.002599999999999991
2024-10-25,0.4467,0.01369999999999999
2024-10-28,0.4666,0.01990000000000003
2024-10-29,0.472,0.00539999999999996
2024-10-30,0.4842,0.012200000000000044
2024-10-31,0.489,0.004799999999999971
2024-11-01,0.5269,0.037900000000000045
2024-11-04,0.5158,-0.011099999999999999
2024-11-05,0.5071,-0.008700000000000041
2024-11-06,0.5564,0.04930000000000001
2024-11-07,0.5284,-0.028000000000000025
2024-11-08,0.5171,-0.011299999999999977
2024-11-13,0.5745,0.013700000000000045
2024-11-14,0.5777,0.0031999999999999806
2024-11-15,0.5757,-0.0020000000000000018
2024-11-18,0.5689,-0.006800000000000028
2024-11-19,0.5548,-0.014100000000000001
2024-11-20,0.5547,-9.999999999998899e-05
2024-11-21,0.5642,0.009500000000000064
2024-11-22,0.5626,-0.0016000000000000458
2024-11-25,0.5048,-0.05779999999999996
2024-11-26,0.5022,-0.0026000000000000467
2024-11-27,0.4783,-0.023899999999999977
2024-12-02,0.4453,-0.0036000000000000476
2024-12-03,0.4605,0.015200000000000047
2024-12-04,0.4537,-0.006800000000000028
2024-12-05,0.4479,-0.005799999999999972
2024-12-06,0.439,-0.008900000000000019
2024-12-09,0.454,0.015000000000000013
2024-12-10,0.4686,0.014600000000000002
2024-12-11,0.4941,0.025499999999999967
2024-12-12,0.5276,0.033499999999999974
2024-12-13,0.5706,0.04300000000000004
2024-12-16,0.5798,0.009199999999999986
2024-12-17,0.5854,0.005600000000000049
2024-12-18,0.6412,0.05579999999999996
2024-12-19,0.6778,0.036599999999999966
2024-12-20,0.6682,-0.009599999999999942
2024-12-23,0.6941,0.025900000000000034
2024-12-24,0.7009,0.006799999999999917
2024-12-27,0.7141,0.017299999999999982
2024-12-30,0.6861,-0.027999999999999914
2024-12-31,0.6872,0.0010999999999999899
2025-01-03,0.7016,0.01649999999999996
2025-01-06,0.7121,0.010499999999999954
2025-01-07,0.7356,0.023500000000000076
2025-01-08,0.7392,0.0035999999999999366
2025-01-09,0.7465,0.007300000000000084
2025-01-10,0.7964,0.049899999999999944
2025-01-13,0.8131,0.016700000000000048
2025-01-14,0.8122,-0.0009000000000000119
2025-01-15,0.7574,-0.05480000000000007
2025-01-16,0.7249,-0.03249999999999997
2025-01-17,0.7198,-0.005099999999999993
2025-01-22,0.7071,0.0037999999999999146
2025-01-23,0.7212,0.014100000000000001
2025-01-24,0.7192,-0.0020000000000000018
2025-01-27,0.6816,-0.03759999999999997
2025-01-28,0.6771,-0.0044999999999999485
2025-01-29,0.6807,0.0035999999999999366
2025-01-30,0.6646,-0.016100000000000003
2025-01-31,0.6836,0.019000000000000017
2025-02-03,0.6733,-0.010299999999999976
2025-02-04,0.6598,-0.013499999999999956
2025-02-05,0.6215,-0.0383
2025-02-06,0.62,-0.0015000000000000568
2025-02-07,0.6365,0.01649999999999996
2025-02-10,0.6387,0.0022000000000000908
2025-02-11,0.6508,0.0121
2025-02-12,0.6974,0.046599999999999975
2025-02-13,0.6705,-0.026900000000000035
2025-02-14,0.6417,-0.028799999999999937
2025-02-19,0.657,-0.0050000000000000044
2025-02-20,0.6477,-0.009299999999999975
2025-02-21,0.6161,-0.03160000000000007
2025-02-24,0.6017,-0.014399999999999968
2025-02-25,0.557,-0.04469999999999996
2025-02-26,0.5249,-0.03210000000000002
2025-02-27,0.5274,0.0024999999999999467
2025-02-28,0.5063,-0.021100000000000008
2025-03-03,0.4751,-0.03119999999999995
2025-03-04,0.488,0.012899999999999967
2025-03-05,0.5178,0.02980000000000005
2025-03-06,0.5284,0.010599999999999943
2025-03-07,0.5439,0.01550000000000007
2025-03-10,0.5083,-0.035600000000000076
2025-03-11,0.5213,0.013000000000000012
2025-03-12,0.5432,0.02190000000000003
2025-03-13,0.5271,-0.016100000000000003
2025-03-14,0.5449,0.017800000000000038
2025-03-17,0.5498,0.004899999999999904
2025-03-18,0.5379,-0.01189999999999991
2025-03-19,0.5183,-0.019600000000000062
2025-03-20,0.506,-0.012299999999999978
2025-03-21,0.5056,-0.00039999999999995595
2025-03-24,0.5424,0.036799999999999944
2025-03-25,0.5406,-0.0018000000000000238
2025-03-26,0.5522,0.011600000000000055
2025-03-27,0.5627,0.010499999999999954
2025-03-28,0.5214,-0.0413
2025-03-31,0.4988,-0.022599999999999953
2025-04-01,0.4715,-0.027300000000000046
2025-04-02,0.4775,0.006000000000000005
2025-04-03,0.4094,-0.0681
2025-04-04,0.3821,-0.02729999999999999
2025-04-07,0.4271,0.044999999999999984
2025-04-08,0.4769,0.04980000000000001
2025-04-09,0.5436,0.06669999999999998
2025-04-10,0.5682,0.024600000000000066
2025-04-11,0.6161,0.04789999999999994
2025-04-14,0.5794,-0.036699999999999955
2025-04-15,0.558,-0.021399999999999975
2025-04-16,0.523,-0.03500000000000003
2025-04-17,0.5337,0.010699999999999932
2025-04-22,0.5668,0.010299999999999976
2025-04-23,0.5721,0.005300000000000082
2025-04-24,0.5396,-0.032500000000000084
2025-04-25,0.5131,-0.026499999999999968
2025-04-28,0.4805,-0.03260000000000002
2025-04-29,0.4541,-0.02639999999999998
2025-04-30,0.435,-0.019100000000000006
2025-05-01,0.4655,0.030500000000000027
2025-05-02,0.5073,0.04179999999999995
2025-05-05,0.526,0.01870000000000005
2025-05-06,0.5164,-0.009600000000000053
2025-05-07,0.4996,-0.01679999999999998
2025-05-08,0.5413,0.041700000000000015
2025-05-09,0.5503,0.009000000000000008
2025-05-12,0.5831,0.03279999999999994
2025-05-13,0.6037,0.020600000000000063
2025-05-14,0.6244,0.02069999999999994
2025-05-15,0.5938,-0.03059999999999996
2025-05-16,0.5836,-0.010199999999999987
2025-05-19,0.5841,0.0004999999999999449
2025-05-20,0.5899,0.005800000000000027
2025-05-21,0.6288,0.038900000000000046
2025-05-22,0.6269,-0.0019000000000000128
2025-05-23,0.6166,-0.010299999999999976
2025-05-28,0.5896,0.00550000000000006
2025-05-29,0.567,-0.022600000000000064
2025-05-30,0.5515,-0.015499999999999958
2025-06-02,0.5658,0.01429999999999998
2025-06-03,0.5748,0.009000000000000008
2025-06-04,0.5365,-0.0383
2025-06-05,0.5455,0.009000000000000008
2025-06-06,0.5974,0.05190000000000006
2025-06-09,0.5971,-0.000300000000000078
2025-06-10,0.5905,-0.006599999999999939
2025-06-11,0.5636,-0.026900000000000035
2025-06-12,0.5341,-0.02949999999999997
2025-06-13,0.5497,0.015599999999999947
2025-06-16,0.5672,0.01750000000000007
2025-06-17,0.5474,-0.01980000000000004
2025-06-18,0.5408,-0.00660000000000005
2025-06-23,0.5165,-0.019100000000000006
2025-06-24,0.4965,-0.019999999999999962
2025-06-25,0.4883,-0.008199999999999985
2025-06-26,0.4708,-0.017500000000000016
2025-06-27,0.4816,0.010799999999999976
2025-06-30,0.4603,-0.021299999999999986
2025-07-01,0.4684,0.008099999999999996
2025-07-02,0.4842,0.015800000000000036
2025-07-03,0.5108,0.026600000000000013
2025-07-08,0.5427,0.014399999999999968
2025-07-09,0.5174,-0.02529999999999999
2025-07-10,0.516,-0.0013999999999999568
2025-07-11,0.5452,0.029200000000000004
2025-07-14,0.551,0.005800000000000027
2025-07-15,0.5801,0.029099999999999904
2025-07-16,0.5693,-0.01079999999999992
2025-07-17,0.5747,0.00539999999999996
2025-07-18,0.561,-0.013699999999999934
2025-07-21,0.5355,-0.025500000000000078
2025-07-22,0.5143,-0.021199999999999997
2025-07-23,0.5293,0.015000000000000013
2025-07-24,0.544,0.014700000000000046
2025-07-25,0.5362,-0.007800000000000029
2025-07-28,0.5445,0.008299999999999974
2025-07-29,0.5153,-0.029200000000000004
2025-07-30,0.527,0.011700000000000044
2025-07-31,0.5262,-0.0008000000000000229
2025-08-01,0.4649,-0.06130000000000002
2025-08-04,0.4505,-0.014399999999999968
2025-08-05,0.4544,0.0039000000000000146
2025-08-06,0.46,0.005599999999999994
2025-08-07,0.4718,0.011799999999999977
2025-08-08,0.4913,0.019500000000000017
2025-08-11,0.494,0.00269999999999998
2025-08-12,0.4995,0.005500000000000005
2025-08-13,0.4832,-0.01629999999999998
2025-08-14,0.5004,0.017199999999999938
2025-08-15,0.5191,0.01870000000000005
2025-08-18,0.526,0.006900000000000017
2025-08-19,0.5161,-0.00990000000000002
2025-08-20,0.507,-0.009099999999999997
2025-08-21,0.5225,0.015499999999999958
2025-08-22,0.4939,-0.02859999999999996
2025-08-25,0.5008,0.006900000000000017
2025-08-26,0.4893,-0.01150000000000001
2025-08-27,0.4805,-0.00880000000000003
2025-08-28,0.4717,-0.008799999999999975
2025-08-29,0.4727,0.0010000000000000009
2025-09-03,0.4794,-0.015400000000000025
2025-09-04,0.4594,-0.020000000000000018
2025-09-05,0.436,-0.023399999999999976
2025-09-08,0.4207,-0.01529999999999998
2025-09-09,0.4275,0.006799999999999973
2025-09-10,0.4205,-0.007000000000000006
2025-09-11,0.4121,-0.008399999999999963
2025-09-12,0.4291,0.01699999999999996
2025-09-15,0.4273,-0.0017999999999999683
2025-09-16,0.4237,-0.003599999999999992
2025-09-17,0.4369,0.01319999999999999
2025-09-18,0.4597,0.022799999999999987
2025-09-19,0.4748,0.015100000000000002
2025-09-22,0.4869,0.0121
2025-09-23,0.4797,-0.007199999999999984
2025-09-24,0.4926,0.012899999999999967
2025-09-25,0.5069,0.014300000000000035
2025-09-26,0.5162,0.009299999999999975
2025-09-29,0.5047,-0.011499999999999955
2025-09-30,0.5031,-0.0016000000000000458
2025-10-01,0.4872,-0.01589999999999997
2025-10-02,0.4777,-0.009500000000000008
2025-10-03,0.49,0.012299999999999978
2025-10-06,0.5103,0.020299999999999985
2025-10-07,0.5005,-0.009800000000000031
2025-10-08,0.5018,0.0013000000000000789
2025-10-09,0.5048,0.0030000000000000027
2025-10-10,0.4694,-0.03540000000000004
2025-10-15,0.4496,0.0030999999999999917
2025-10-16,0.4205,-0.029100000000000015
2025-10-17,0.4311,0.010599999999999998
2025-10-20,0.4307,-0.00039999999999995595
2025-10-21,0.4221,-0.008600000000000052
2025-10-22,0.4189,-0.0031999999999999806
2025-10-23,0.4366,0.017699999999999994
2025-10-24,0.4441,0.007500000000000007
2025-10-27,0.4504,0.006300000000000028
2025-10-28,0.4483,-0.0021000000000000463
2025-10-29,0.4795,0.031200000000000006
2025-10-30,0.4947,0.015199999999999991
2025-10-31,0.4975,0.0028000000000000247
2025-11-03,0.4979,0.00040000000000001146
2025-11-04,0.4889,-0.009000000000000008
2025-11-05,0.5144,0.025499999999999967
2025-11-06,0.4951,-0.019299999999999984
2025-11-07,0.4901,-0.0050000000000000044
2025-11-10,0.4993,0.009200000000000041
2025-11-13,0.4928,0.00940000000000002
2025-11-14,0.5069,0.014100000000000001
2025-11-17,0.5034,-0.0035000000000000586
2025-11-18,0.4972,-0.006199999999999983
2025-11-19,0.4991,0.0019000000000000128
2025-11-20,0.4897,-0.009399999999999964
2025-11-21,0.4718,-0.017900000000000027
2025-11-24,0.4614,-0.01040000000000002
2025-11-25,0.4468,-0.014600000000000002
2025-11-26,0.4406,-0.006199999999999983
2025-12-01,0.4841,0.033399999999999985
2025-12-02,0.4933,0.009200000000000041
2025-12-03,0.4893,-0.0040000000000000036
2025-12-04,0.5137,0.024400000000000033
2025-12-05,0.5327,0.018999999999999906
2025-12-08,0.5518,0.019100000000000006
2025-12-09,0.5632,0.011400000000000077
2025-12-10,0.555,-0.008199999999999985
2025-12-11,0.5531,-0.0019000000000000128
2025-12-12,0.577,0.02389999999999992
2025-12-15,0.5784,0.0014000000000000679
2025-12-16,0.566,-0.012400000000000078
2025-12-17,0.5679,0.0019000000000000128
2025-12-18,0.5556,-0.012299999999999978
2025-12-19,0.5644,0.00880000000000003
2025-12-22,0.5722,0.007800000000000029
2025-12-23,0.5774,0.005199999999999982
2025-12-24,0.5685,-0.008900000000000019
2025-12-29,0.5495,-0.010800000000000032
2025-12-30,0.5517,0.0021999999999999797
2025-12-31,0.571,0.019299999999999984
2026-01-05,0.5787,-0.005700000000000038
2026-01-06,0.5833,0.0046000000000000485
2026-01-07,0.5727,-0.010600000000000054
2026-01-08,0.5875,0.014800000000000035
2026-01-09,0.591,0.0034999999999999476
2026-01-12,0.5926,0.0016000000000000458
2026-01-13,0.5855,-0.007099999999999995
2026-01-14,0.5703,-0.015199999999999991
2026-01-15,0.5804,0.010099999999999998
2026-01-16,0.6042,0.023799999999999932
2026-01-21,0.6263,-0.005199999999999982
2026-01-22,0.6276,0.0013000000000000789
2026-01-23,0.6224,-0.0052000000000000934
2026-01-26,0.6133,-0.009099999999999997
2026-01-27,0.6155,0.0022000000000000908
2026-01-28,0.6251,0.009599999999999942
2026-01-29,0.6158,-0.009299999999999975
2026-01-30,0.6148,-0.0010000000000000009
2026-02-02,0.6289,0.014100000000000001
2026-02-03,0.6313,0.0023999999999999577
2026-02-04,0.635,0.0037000000000000366
2026-02-05,0.6022,-0.03280000000000005
2026-02-06,0.599,-0.0031999999999999806
2026-02-09,0.5951,-0.0039000000000000146
2026-02-10,0.5729,-0.022199999999999998
2026-02-11,0.5823,0.009400000000000075
2026-02-12,0.5514,-0.03090000000000004
2026-02-13,0.5194,-0.03200000000000003
2026-02-18,0.5238,0.009500000000000064
2026-02-19,0.5218,-0.0020000000000000018
2026-02-20,0.5228,0.0010000000000000009
2026-02-23,0.4986,-0.024200000000000055
2026-02-24,0.4971,-0.0015000000000000013
2026-02-25,0.5005,0.0033999999999999586
2026-02-26,0.4866,-0.013899999999999968
2026-02-27,0.4627,-0.023899999999999977
2026-03-02,0.4906,0.02789999999999998
2026-03-03,0.5019,0.011300000000000032
2026-03-04,0.5168,0.014900000000000024
2026-03-05,0.5378,0.020999999999999908
2026-03-06,0.5487,0.01090000000000002
2026-03-09,0.542,-0.006699999999999928
2026-03-10,0.5496,0.00759999999999994
2026-03-11,0.5772,0.02760000000000007
2026-03-12,0.6185,0.0413
2026-03-13,0.6286,0.010099999999999998
2026-03-16,0.6034,-0.0252
2026-03-17,0.5887,-0.014700000000000046
2026-03-18,0.6139,0.0252
2026-03-19,0.621,0.007099999999999995
2026-03-20,0.678,0.05700000000000005
2026-03-23,0.6691,-0.008900000000000019
2026-03-24,0.6921,0.02300000000000002
2026-03-25,0.6717,-0.020400000000000085
2026-03-26,0.714,0.042300000000000004
2026-03-27,0.7183,0.0043000000000000815
2026-03-30,0.6813,-0.03700000000000003
2026-03-31,0.654,-0.02729999999999999
2026-04-01,0.664,0.010000000000000009
2026-04-02,0.6555,-0.008500000000000063
2026-04-03,0.672,0.01650000000000007
2026-04-06,0.6694,-0.0026000000000000467
2026-04-07,0.661,-0.008399999999999963
2026-04-08,0.6457,-0.01529999999999998
2026-04-09,0.6421,-0.0036000000000000476
2026-04-10,0.6518,0.009700000000000042
2026-04-13,0.6432,-0.008600000000000052
2026-04-14,0.6215,-0.02169999999999994
2026-04-15,0.6264,0.004899999999999904
2026-04-16,0.6384,0.01200000000000001
2026-04-17,0.6158,-0.022599999999999953
2026-04-20,0.612,-0.0038000000000000256
2026-04-21,0.6311,0.019100000000000006
2026-04-22,0.6402,0.009099999999999997
2026-04-23,0.6596,0.019399999999999973
2026-04-24,0.6481,-0.011499999999999955
2026-04-27,0.6603,0.012199999999999989
2026-04-28,0.6747,0.014399999999999968
2026-04-29,0.7075,0.03280000000000005
2026-04-30,0.7038,-0.0037000000000000366
2026-05-01,0.7036,-0.00019999999999997797
