,Gold Price,10Y Real Yield,10Y Breakeven,Log Return Gold Price,Change 10Y Real Yield,Change 10Y Breakeven,Rolling Correlation levels,Rolling Correlation logs,acm_tp_level,acm_tp_change
2004-02-18,412.29998779296875,1.75,2.3,-0.008934050155567697,0.0,0.0,0.3686536618126645,0.00880982553803512,1.0762,0.0040999999999999
2004-02-19,409.79998779296875,1.76,2.29,-0.006082004088674431,0.010000000000000009,-0.009999999999999787,0.30041866145687746,-0.012462272589967746,1.0726,-0.0036
2004-02-20,397.5,1.79,2.31,-0.03047427192263452,0.030000000000000027,0.020000000000000018,0.25433281848419964,-0.07637298029438262,1.0966,0.024
2004-02-23,399.0,1.76,2.29,0.0037664827954770885,-0.030000000000000027,-0.020000000000000018,0.1482902387380558,-0.1119242098907686,1.0789,-0.0177
2004-02-24,404.5,1.74,2.3,0.013690319608683055,-0.020000000000000018,0.009999999999999787,0.0666874025781091,-0.08710259049451868,1.0676,-0.0112999999999998
2004-02-25,395.79998779296875,1.71,2.31,-0.02174273417149486,-0.030000000000000027,0.010000000000000231,0.035322291845102105,-0.052733436922040536,1.0563,-0.0113
2004-02-26,395.79998779296875,1.69,2.36,0.0,-0.020000000000000018,0.04999999999999982,0.10480674840360282,-0.07081259160127695,1.0647,0.0083999999999999
2004-02-27,396.3999938964844,1.61,2.38,0.0015147847314151974,-0.07999999999999985,0.020000000000000018,0.17353956151850986,-0.07987361731084165,1.0519,-0.0127999999999999
2004-03-01,399.29998779296875,1.55,2.45,0.007289196439630885,-0.06000000000000005,0.07000000000000028,0.23526902852843817,-0.15993036827409104,1.0461,-0.0058
2004-03-02,393.5,1.58,2.47,-0.014631915640640258,0.030000000000000027,0.020000000000000018,0.3350666449626158,-0.18597186108659777,1.0664,0.0202999999999999
2004-03-03,392.3999938964844,1.59,2.48,-0.002799355720570773,0.010000000000000009,0.009999999999999787,0.3939473042765308,-0.21266504559435345,1.0776,0.0111999999999998
2004-03-04,392.8999938964844,1.6,2.44,0.001273398892999822,0.010000000000000009,-0.040000000000000036,0.446567068603431,-0.2193812412413326,1.067,-0.0105999999999999
2004-03-05,401.29998779296875,1.46,2.39,0.021154135824266618,-0.14000000000000012,-0.04999999999999982,0.4189585755647266,-0.34402586565369553,0.9854,-0.0815999999999999
2004-03-08,400.6000061035156,1.43,2.35,-0.0017458083865005136,-0.030000000000000027,-0.040000000000000036,0.39138504111675726,-0.3387572371601106,0.9349,-0.0505000000000001
2004-03-09,404.20001220703125,1.4,2.33,0.008946396702340209,-0.030000000000000027,-0.020000000000000018,0.3221446011091537,-0.3524934632759107,0.9001,-0.0347999999999999
2004-03-10,400.0,1.45,2.29,-0.010445288062011393,0.050000000000000044,-0.040000000000000036,0.30417730006177995,-0.36182570761828736,0.8939,-0.0061999999999999
2004-03-11,400.70001220703125,1.5,2.24,0.0017485009983824185,0.050000000000000044,-0.04999999999999982,0.23259423008139865,-0.443134916242836,0.8993,0.0053999999999999
2004-03-12,395.29998779296875,1.52,2.26,-0.01356810868414815,0.020000000000000018,0.019999999999999574,0.30800517217292356,-0.5319850545933543,0.905,0.0057
2004-03-15,399.3999938964844,1.47,2.31,0.010318466277786875,-0.050000000000000044,0.050000000000000266,0.32161044364284463,-0.5309155286529992,0.9072,0.0021999999999999
2004-03-16,402.3999938964844,1.4,2.3,0.0074831979177441,-0.07000000000000006,-0.010000000000000231,0.3298191655592002,-0.5438698784535623,0.8753,-0.0319
2004-03-17,406.8999938964844,1.36,2.35,0.011120836389858724,-0.039999999999999813,0.050000000000000266,0.2812332508299825,-0.5517157541777941,0.8714,-0.0039
2004-03-18,411.1000061035156,1.37,2.39,0.010269068743017584,0.010000000000000009,0.040000000000000036,0.19776189772662922,-0.5362888373177048,0.8941,0.0227
2004-03-19,412.5,1.44,2.36,0.003399697024112136,0.06999999999999984,-0.03000000000000025,0.17486212557330047,-0.4783077375896358,0.9139,0.0198
2004-03-22,417.3999938964844,1.42,2.32,0.0118087742456634,-0.020000000000000018,-0.040000000000000036,0.07959902086038423,-0.4549686978101927,0.8911,-0.0228
2004-03-23,419.79998779296875,1.41,2.32,0.005733398287926406,-0.010000000000000009,0.0,-0.02649076211741487,-0.4486881224661443,0.8827,-0.0083999999999999
2004-03-24,417.20001220703125,1.38,2.35,-0.00621262592228522,-0.030000000000000027,0.03000000000000025,-0.11167986348446855,-0.4377168154181128,0.8809,-0.0018
2004-03-25,416.70001220703125,1.4,2.35,-0.001199184663101427,0.020000000000000018,0.0,-0.19380703846167815,-0.42841556450319274,0.89,0.0090999999999999
2004-03-26,422.1000061035156,1.47,2.38,0.012875699525395135,0.07000000000000006,0.029999999999999805,-0.28154432215953273,-0.35417325127837823,0.9356,0.0455999999999999
2004-03-29,417.1000061035156,1.5,2.41,-0.011916251412214862,0.030000000000000027,0.03000000000000025,-0.32596475308068806,-0.39098851307622734,0.9666,0.031
2004-03-30,421.70001220703125,1.52,2.39,0.010968173863587616,0.020000000000000018,-0.020000000000000018,-0.3993582121354803,-0.3894022985859592,0.9785,0.0119
2004-03-31,427.29998779296875,1.48,2.38,0.013192124382448434,-0.040000000000000036,-0.010000000000000231,-0.4545647705865285,-0.4034331841504388,0.9577,-0.0208
2004-04-01,427.79998779296875,1.48,2.43,0.0011694540317153113,0.0,0.050000000000000266,-0.4961022237187242,-0.3981551231567042,0.9769,0.0191999999999999
2004-04-02,421.6000061035156,1.69,2.46,-0.014598756409688107,0.20999999999999996,0.029999999999999805,-0.37593546717909093,-0.4672668312410318,1.09,0.1131
2004-04-05,415.3999938964844,1.75,2.49,-0.0148151149552751,0.06000000000000005,0.03000000000000025,-0.2711806506716375,-0.4918298255518806,1.1521,0.0620999999999998
2004-04-06,418.8999938964844,1.73,2.46,0.00839031663374179,-0.020000000000000018,-0.03000000000000025,-0.1838739414565525,-0.494111771494455,1.1485,-0.0035999999999998
2004-04-07,422.79998779296875,1.82,2.37,0.00926701174155209,0.09000000000000008,-0.08999999999999986,-0.0002943453137600676,-0.5244222030667387,1.1494,0.0008999999999999
2004-04-08,419.8999938964844,1.8,2.41,-0.006882651969694287,-0.020000000000000018,0.040000000000000036,0.12594970021181218,-0.5084603284244583,1.1647,0.0153
2004-04-13,407.0,1.88,2.47,-0.031679607261462905,0.06999999999999984,0.03000000000000025,0.17044662510542213,-0.5301924604479286,1.2332,0.0496
2004-04-14,399.79998779296875,1.91,2.49,-0.01784879390914007,0.030000000000000027,0.020000000000000018,0.09314132219948733,-0.5258988032721202,1.2682,0.0349999999999999
2004-04-15,397.70001220703125,1.93,2.49,-0.005266408625741015,0.020000000000000018,0.0,0.007689239769934786,-0.5268594866625487,1.2823,0.0141
2004-04-16,401.0,1.87,2.5,0.008263444398855846,-0.05999999999999983,0.009999999999999787,-0.038239996979370104,-0.5366583886174259,1.2679,-0.0143999999999999
2004-04-19,400.6000061035156,1.87,2.52,-0.0009979888389164415,0.0,0.020000000000000018,-0.11421387411633455,-0.46098615575157503,1.2755,0.0076
2004-04-20,397.70001220703125,1.97,2.46,-0.007265455559939404,0.09999999999999987,-0.06000000000000005,-0.22245493132259675,-0.4815442509573419,1.2905,0.0149999999999999
2004-04-21,390.79998779296875,1.96,2.49,-0.017502093975092947,-0.010000000000000009,0.03000000000000025,-0.33362211902977434,-0.42445388199102513,1.3116,0.0211000000000001
2004-04-22,393.29998779296875,1.98,2.42,0.006376759467687343,0.020000000000000018,-0.07000000000000028,-0.42891110240118,-0.41219176381711314,1.2907,-0.0209000000000001
2004-04-23,395.1000061035156,2.12,2.36,0.0045662644650645845,0.14000000000000012,-0.06000000000000005,-0.5080142764783775,-0.3575375222629043,1.3255,0.0347999999999999
2004-04-26,396.0,2.03,2.43,0.0022752983891081158,-0.0900000000000003,0.07000000000000028,-0.5878231483980794,-0.35928431013362755,1.3253,-0.0001999999999999
2004-04-27,398.6000061035156,2.0,2.43,0.006544211836596148,-0.029999999999999805,0.0,-0.6536797277233147,-0.34729823585250896,1.3088,-0.0164999999999999
2004-04-28,385.3999938964844,2.1,2.4,-0.03367668294764403,0.10000000000000009,-0.03000000000000025,-0.7370869508133492,-0.3902854109497787,1.3361,0.0273000000000001
2004-04-29,386.6000061035156,2.15,2.4,0.003108842418473756,0.04999999999999982,0.0,-0.8008279765110418,-0.3606691736507471,1.3684,0.0322999999999999
2004-04-30,387.0,2.11,2.42,0.001034110467875493,-0.040000000000000036,0.020000000000000018,-0.8381721801562446,-0.3599572189986969,1.3634,-0.0050000000000001
2004-05-03,387.0,2.09,2.44,0.0,-0.020000000000000018,0.020000000000000018,-0.8593402628404903,-0.3769411752027409,1.3602,-0.0031999999999998
2004-05-04,391.3999938964844,2.1,2.46,0.011305346338132516,0.010000000000000231,0.020000000000000018,-0.8696368689101793,-0.3611364575987477,1.3707,0.0104999999999999
2004-05-05,393.3999938964844,2.1,2.51,0.0050968510722615434,0.0,0.04999999999999982,-0.8742975879984235,-0.35820750423553344,1.3929,0.0221999999999999
2004-05-06,388.0,2.15,2.48,-0.013821550816902395,0.04999999999999982,-0.029999999999999805,-0.8934327940068667,-0.37996821713242135,1.4072,0.0142999999999999
2004-05-07,378.70001220703125,2.24,2.55,-0.02426097248148462,0.0900000000000003,0.06999999999999984,-0.9191387955337035,-0.4121428996078416,1.487,0.0798000000000001
2004-05-10,378.29998779296875,2.25,2.56,-0.0010568677709299479,0.009999999999999787,0.010000000000000231,-0.9258650161253033,-0.4587038358840668,1.4984,0.0113999999999998
2004-05-11,376.8999938964844,2.21,2.58,-0.00370761529176189,-0.040000000000000036,0.020000000000000018,-0.9388081364338942,-0.4515446167369535,1.4947,-0.0037
2004-05-12,377.3999938964844,2.17,2.66,0.0013257326828153282,-0.040000000000000036,0.08000000000000007,-0.940866393766982,-0.46509954012850463,1.5047,0.01
2004-05-13,374.79998779296875,2.18,2.67,-0.0069130989670993515,0.010000000000000231,0.009999999999999787,-0.9382997147970423,-0.4381539073149929,1.529,0.0242999999999999
2004-05-14,377.0,2.16,2.63,0.005852669653197751,-0.020000000000000018,-0.040000000000000036,-0.9384643336464037,-0.445819056839472,1.5054,-0.0235999999999998
2004-05-17,379.5,2.07,2.63,0.00660940938767407,-0.0900000000000003,0.0,-0.9230696420495111,-0.4554410446787676,1.4572,-0.0482
2004-05-18,375.79998779296875,2.05,2.69,-0.009797542339107679,-0.020000000000000018,0.06000000000000005,-0.8978023209659052,-0.42496843891054675,1.4613,0.0040999999999999
2004-05-19,382.8999938964844,2.03,2.76,0.018716788046437394,-0.020000000000000018,0.06999999999999984,-0.8740092000359063,-0.42335677871733224,1.4829,0.0216
2004-05-20,378.3999938964844,1.96,2.76,-0.011822021495089707,-0.06999999999999984,0.0,-0.8182839797677419,-0.44903839505969956,1.4624,-0.0205000000000001
2004-05-21,384.79998779296875,2.04,2.72,0.016771866020572013,0.08000000000000007,-0.03999999999999959,-0.7834225323550708,-0.35443777164065776,1.4747,0.0122999999999999
2004-05-24,385.6000061035156,2.01,2.74,0.0020768914965128005,-0.03000000000000025,0.020000000000000018,-0.7326668472652055,-0.3604444983982038,1.4676,-0.0070999999999998
2004-05-25,388.29998779296875,2.03,2.7,0.006977626735497289,0.020000000000000018,-0.040000000000000036,-0.6991676553846742,-0.2977342096602784,1.4576,-0.01
2004-05-26,388.29998779296875,1.99,2.68,0.0,-0.039999999999999813,-0.020000000000000018,-0.6711954115776182,-0.2863498955210463,1.4275,-0.0301
2004-05-27,394.8999938964844,1.97,2.63,0.016854347536245484,-0.020000000000000018,-0.050000000000000266,-0.6612892633119511,-0.2911586714653243,1.3913,-0.0362
2004-05-28,394.0,2.0,2.66,-0.0022816435388186562,0.030000000000000027,0.03000000000000025,-0.6237012855732414,-0.272780814600953,1.4072,0.0159
2004-06-02,390.70001220703125,2.04,2.7,-0.009932575751090411,0.07000000000000006,-0.040000000000000036,-0.5612443363085242,-0.2795752738957099,1.4382,0.0146999999999999
2004-06-03,388.1000061035156,2.05,2.66,-0.006676979203508182,0.009999999999999787,-0.040000000000000036,-0.554797209813116,-0.3037584254250881,1.4309,-0.0072999999999998
2004-06-04,390.8999938964844,2.11,2.67,0.007188703083383707,0.06000000000000005,0.009999999999999787,-0.5222231609482416,-0.28151953875896424,1.4553,0.0243999999999999
2004-06-07,393.79998779296875,2.11,2.67,0.0073913780220751235,0.0,0.0,-0.5349049113028855,-0.35585979228635495,1.4487,-0.0065999999999999
2004-06-08,391.0,2.15,2.63,-0.007135575221610679,0.040000000000000036,-0.040000000000000036,-0.49326597009284545,-0.3743013629496575,1.4449,-0.0038
2004-06-09,384.5,2.2,2.62,-0.016763771039666864,0.050000000000000266,-0.009999999999999787,-0.45387777866613416,-0.3906851596133251,1.4576,0.0126999999999999
2004-06-10,385.8999938964844,2.18,2.63,0.003634463781559738,-0.020000000000000018,0.009999999999999787,-0.44374027901163754,-0.2532362518419804,1.4512,-0.0063999999999999
2004-06-15,388.1000061035156,2.16,2.53,0.011662695181088978,-0.09999999999999964,-0.10000000000000009,-0.4295435162010529,-0.344089097562478,1.3937,-0.0785
2004-06-16,384.6000061035156,2.18,2.56,-0.009059205077063481,0.020000000000000018,0.03000000000000025,-0.42754949114437585,-0.3507636415335559,1.3978,0.0040999999999999
2004-06-17,388.8999938964844,2.16,2.55,0.011118376442941447,-0.020000000000000018,-0.010000000000000231,-0.4156896111755785,-0.37294359784722286,1.387,-0.0107999999999999
2004-06-18,395.1000061035156,2.15,2.57,0.015816687397976814,-0.010000000000000231,0.020000000000000018,-0.38013745218994643,-0.3714989546319826,1.3896,0.0025999999999999
2004-06-21,394.0,2.16,2.54,-0.0027880035674385795,0.010000000000000231,-0.029999999999999805,-0.3492803368407712,-0.34356584484585045,1.377,-0.0125999999999999
2004-06-22,395.0,2.17,2.55,0.002534855603188113,0.009999999999999787,0.009999999999999787,-0.2638186811544156,-0.22129324416694973,1.378,0.0009999999999998
2004-06-23,395.0,2.18,2.53,0.0,0.010000000000000231,-0.020000000000000018,-0.15967136431691806,-0.22041109569386544,1.3739,-0.0040999999999999
2004-06-24,403.1000061035156,2.15,2.51,0.020298920363440942,-0.03000000000000025,-0.020000000000000018,-0.04310691205997237,-0.2651682040615928,1.353,-0.0208999999999999
2004-06-25,402.8999938964844,2.16,2.5,-0.0004963082162205978,0.010000000000000231,-0.009999999999999787,0.051101477728022544,-0.27307819080177836,1.3476,-0.0054
2004-06-28,401.0,2.23,2.53,-0.004726949741773012,0.06999999999999984,0.029999999999999805,0.2027369078583497,-0.29412030010519397,1.3816,0.034
2004-06-29,392.5,2.2,2.5,-0.02142489008410653,-0.029999999999999805,-0.029999999999999805,0.27028577815311666,-0.21229179327930933,1.3656,-0.016
2004-06-30,392.6000061035156,2.1,2.52,0.00025476016629522036,-0.10000000000000009,0.020000000000000018,0.2591868575823442,-0.16968587601395288,1.3252,-0.0403999999999999
2004-07-01,396.0,2.04,2.53,0.008622913865722559,-0.06000000000000005,0.009999999999999787,0.2030599156049408,-0.2122113299069249,1.3031,-0.0221
2004-07-02,398.29998779296875,1.96,2.52,0.005791248285285988,-0.08000000000000007,-0.009999999999999787,0.0904699972958633,-0.213958654834331,1.2556,-0.0474999999999998
2004-07-07,402.29998779296875,2.0,2.5,0.024406751223878587,0.030000000000000027,-0.020000000000000018,-0.15037177557761622,-0.3284279656398024,1.2474,-9.9999999999989e-05
2004-07-08,407.79998779296875,2.02,2.47,0.013578779593849788,0.020000000000000018,-0.029999999999999805,-0.2598038763160569,-0.30547148893284937,1.2436,-0.0038
2004-07-09,407.5,2.02,2.47,-0.0007358955255689636,0.0,0.0,-0.3308805389304986,-0.3145295127314554,1.243,-0.0005999999999999
2004-07-12,408.1000061035156,2.02,2.44,0.0014713246867739116,0.0,-0.03000000000000025,-0.41761074957645017,-0.3233560039975351,1.2297,-0.0133
2004-07-13,402.0,2.03,2.47,-0.015060168748670222,0.009999999999999787,0.03000000000000025,-0.45048304267093725,-0.30984852381386635,1.2378,0.0080999999999999
2004-07-14,405.3999938964844,2.02,2.48,0.008422130343339163,-0.009999999999999787,0.009999999999999787,-0.49321105209865945,-0.3093785552594341,1.2429,0.0050999999999998
2004-07-15,404.20001220703125,2.01,2.49,-0.0029643837923671867,-0.010000000000000231,0.010000000000000231,-0.5447953618710627,-0.3066145897768207,1.2466,0.0037
2004-07-16,406.6000061035156,1.94,2.44,0.005920081035358571,-0.06999999999999984,-0.050000000000000266,-0.6105514724019765,-0.280258019389278,1.1981,-0.0484999999999999
2004-07-19,405.6000061035156,1.96,2.42,-0.002462448880263146,0.020000000000000018,-0.020000000000000018,-0.6706297650428574,-0.28028211203850484,1.1863,-0.0118
2004-07-20,401.8999938964844,2.05,2.42,-0.009164181056585896,0.08999999999999986,0.0,-0.6783490229120311,-0.35698961854260874,1.2217,0.0354000000000001
2004-07-21,397.1000061035156,2.05,2.45,-0.012015132761074021,0.0,0.03000000000000025,-0.675699606880131,-0.3538387731431679,1.2432,0.0215
2004-07-22,395.20001220703125,2.03,2.45,-0.004796156745479507,-0.020000000000000018,0.0,-0.6579791905632929,-0.3322385527376321,1.2394,-0.0038
2004-07-23,390.5,2.0,2.45,-0.011964027482208373,-0.029999999999999805,0.0,-0.5836030655647183,-0.2576351612135767,1.2284,-0.0110000000000001
2004-07-26,390.29998779296875,2.05,2.44,-0.0005123263691935165,0.04999999999999982,-0.010000000000000231,-0.5365236470147962,-0.25250081449492884,1.2351,0.0067000000000001
2004-07-27,387.0,2.15,2.47,-0.008490949880765264,0.10000000000000009,0.03000000000000025,-0.4822176801863505,-0.2696279024495282,1.2815,0.0464
2004-07-28,389.0,2.11,2.5,0.005154650588663934,-0.040000000000000036,0.029999999999999805,-0.4610937476488604,-0.22522996181177904,1.2849,0.0033999999999998
2004-07-29,387.0,2.07,2.53,-0.005154650588663934,-0.040000000000000036,0.029999999999999805,-0.39295777183269254,-0.19620806621295514,1.2819,-0.0029999999999998
2004-07-30,391.0,2.01,2.49,0.010282866955583891,-0.06000000000000005,-0.03999999999999959,-0.32322796021624844,-0.21973646508937186,1.2436,-0.0383
2004-08-02,391.70001220703125,2.0,2.48,0.0017887118506552113,-0.009999999999999787,-0.010000000000000231,-0.28105957810939636,-0.22355973622325376,1.2191,-0.0244999999999999
2004-08-03,394.0,1.98,2.47,0.005854637461912837,-0.020000000000000018,-0.009999999999999787,-0.23927991923968564,-0.22589823227096173,1.2024,-0.0167000000000001
2004-08-04,392.20001220703125,2.0,2.45,-0.00457896441118244,0.020000000000000018,-0.020000000000000018,-0.20330674344286193,-0.2361024900962726,1.1975,-0.0048999999999999
2004-08-05,392.29998779296875,1.96,2.47,0.00025487721218286907,-0.040000000000000036,0.020000000000000018,-0.1518386729201658,-0.2359650977294028,1.1866,-0.0108999999999999
2004-08-06,399.79998779296875,1.82,2.42,0.018937569434520185,-0.1399999999999999,-0.050000000000000266,-0.2095679699038132,-0.34692710167294677,1.1031,-0.0835000000000001
2004-08-09,400.70001220703125,1.85,2.43,0.002248656572909624,0.030000000000000027,0.010000000000000231,-0.28426890778279573,-0.33711490162160057,1.0946,-0.0084999999999999
2004-08-10,400.0,1.9,2.42,-0.0017485009983824185,0.04999999999999982,-0.010000000000000231,-0.38258977696494917,-0.32630762403047636,1.1147,0.0201
2004-08-11,395.5,1.86,2.44,-0.011313759900272835,-0.039999999999999813,0.020000000000000018,-0.31772197898249255,-0.35065000655943085,1.1144,-0.0002999999999999
2004-08-12,394.29998779296875,1.81,2.46,-0.003038777282868388,-0.050000000000000044,0.020000000000000018,-0.22413306531276986,-0.3555704854494704,1.1041,-0.0102999999999999
2004-08-13,398.8999938964844,1.77,2.45,0.011598733685653784,-0.040000000000000036,-0.009999999999999787,-0.2131224909924362,-0.35006697315858937,1.0851,-0.0190000000000001
2004-08-16,402.8999938964844,1.82,2.44,0.009977633437848077,0.050000000000000044,-0.010000000000000231,-0.2458957285617395,-0.2822970213011573,1.0889,0.0038
2004-08-17,404.3999938964844,1.82,2.39,0.003716095005205311,0.0,-0.04999999999999982,-0.2877841323920933,-0.27654523097581946,1.0664,-0.0224999999999999
2004-08-18,404.29998779296875,1.83,2.4,-0.00024732559982609814,0.010000000000000009,0.009999999999999787,-0.3265952595845884,-0.39027902343757526,1.0695,0.0030999999999998
2004-08-19,407.1000061035156,1.76,2.46,0.006901724047880364,-0.07000000000000006,0.06000000000000005,-0.42369335901586364,-0.4652386105441474,1.0646,-0.0048999999999999
2004-08-20,413.20001220703125,1.79,2.45,0.014872896286551196,0.030000000000000027,-0.009999999999999787,-0.5264344770728638,-0.38927303579896294,1.0735,0.0088999999999999
2004-08-23,410.5,1.86,2.42,-0.006555837895669825,0.07000000000000006,-0.03000000000000025,-0.5926222245362535,-0.4121435545999073,1.0872,0.0137
2004-08-24,403.0,1.87,2.41,-0.018439366945800728,0.010000000000000009,-0.009999999999999787,-0.6212450903606901,-0.4053014808938674,1.0884,0.0012
2004-08-25,407.8999938964844,1.88,2.38,0.012085469413565697,0.009999999999999787,-0.03000000000000025,-0.6644130042725737,-0.38165035792743535,1.0826,-0.0058
2004-08-26,407.3999938964844,1.86,2.36,-0.0012265425491717608,-0.019999999999999796,-0.020000000000000018,-0.7014731525784854,-0.3814111443812828,1.0644,-0.0181999999999999
2004-08-27,403.29998779296875,1.86,2.37,-0.010114817199622372,0.0,0.010000000000000231,-0.7243934840567363,-0.35999382530226964,1.061,-0.0034
2004-08-30,407.79998779296875,1.83,2.36,0.01109615659503227,-0.030000000000000027,-0.010000000000000231,-0.7557485091417425,-0.36853365522847165,1.0399,-0.0210999999999998
2004-08-31,410.3999938964844,1.78,2.35,0.006355450777959071,-0.050000000000000044,-0.009999999999999787,-0.8077429608513758,-0.3401347220906478,1.0064,-0.0335
2004-09-01,408.79998779296875,1.77,2.36,-0.003906269955595398,-0.010000000000000009,0.009999999999999787,-0.830006901420375,-0.34099858533396316,0.9958,-0.0105999999999999
2004-09-02,406.0,1.83,2.37,-0.006872849427117522,0.06000000000000005,0.010000000000000231,-0.8345933595248815,-0.3750586550503248,1.0205,0.0246999999999999
2004-09-03,400.5,1.88,2.42,-0.013639393093318297,0.04999999999999982,0.04999999999999982,-0.8285058036184132,-0.45056970924238443,1.0659,0.0454000000000001
2004-09-08,399.3999938964844,1.82,2.36,0.005020090940906385,-0.040000000000000036,-0.040000000000000036,-0.7765473229464224,-0.40823186569091446,1.0141,-0.0382
2004-09-09,398.5,1.83,2.39,-0.0022559074697330317,0.010000000000000009,0.03000000000000025,-0.7420397830311276,-0.4053053049739411,1.015,0.0008999999999999
2004-09-10,401.8999938964844,1.83,2.36,0.00849578803823281,0.0,-0.03000000000000025,-0.6843234323467549,-0.41794206817293483,1.0074,-0.0075999999999998
2004-09-13,404.1000061035156,1.81,2.35,0.005459100919898319,-0.020000000000000018,-0.009999999999999787,-0.6417640365034135,-0.39594113772218764,0.9927,-0.0147
2004-09-14,405.70001220703125,1.81,2.34,0.00395161311281278,0.0,-0.010000000000000231,-0.5910644236312029,-0.39336336055548177,0.9805,-0.0121999999999999
2004-09-15,405.0,1.86,2.32,-0.0017269331946749844,0.050000000000000044,-0.020000000000000018,-0.5324316742023357,-0.392150211601226,0.9906,0.0100999999999999
2004-09-16,404.70001220703125,1.81,2.27,-0.0007409850615580638,-0.050000000000000044,-0.04999999999999982,-0.42117376293694325,-0.37133944847831846,0.9541,-0.0365
2004-09-17,405.79998779296875,1.85,2.29,0.0027143152653357205,0.040000000000000036,0.020000000000000018,-0.23998942734477435,-0.364959489786178,0.9658,0.0117
2004-09-20,405.29998779296875,1.8,2.27,-0.001232893794561818,-0.050000000000000044,-0.020000000000000018,-0.25926302956912606,-0.18133692136202761,0.9357,-0.0301
2004-09-21,408.29998779296875,1.8,2.25,0.0073746649125636665,0.0,-0.020000000000000018,-0.2689850436432353,-0.18621698732160247,0.9224,-0.0132999999999999
2004-09-22,407.20001220703125,1.73,2.27,-0.0026976732140306936,-0.07000000000000006,0.020000000000000018,-0.25365079721307265,-0.14592194508853276,0.8998,-0.0225999999999999
2004-09-23,410.8999938964844,1.76,2.26,0.009045365821059193,0.030000000000000027,-0.010000000000000231,-0.26395875214958675,-0.16614061301567168,0.9059,0.0060999999999999
2004-09-24,408.1000061035156,1.78,2.26,-0.006837603667655401,0.020000000000000018,0.0,-0.3386680679332828,-0.20944482939476783,0.9135,0.0075999999999999
2004-09-27,409.1000061035156,1.72,2.29,0.0024473824870350214,-0.06000000000000005,0.03000000000000025,-0.470688821689274,-0.17502054993208171,0.8939,-0.0195999999999999
2004-09-28,412.5,1.7,2.32,0.008276565920009027,-0.020000000000000018,0.029999999999999805,-0.543196294461998,-0.25178452373538485,0.8913,-0.0026
2004-09-29,413.0,1.76,2.34,0.0012113871862977632,0.06000000000000005,0.020000000000000018,-0.5675615624019518,-0.23908836134343772,0.9255,0.0342
2004-09-30,418.70001220703125,1.77,2.37,0.01370710921866447,0.010000000000000009,0.03000000000000025,-0.5617369876220649,-0.2113073894082281,0.9459,0.0203999999999999
2004-10-01,419.5,1.83,2.38,0.0019088237275628472,0.06000000000000005,0.009999999999999787,-0.4750819966736308,-0.1669523454627986,0.9783,0.0323999999999999
2004-10-04,414.0,1.86,2.33,-0.013197552081946284,0.030000000000000027,-0.04999999999999982,-0.4036878043900735,-0.2518115565706538,0.9798,0.0015
2004-10-05,418.20001220703125,1.84,2.34,0.010093842358676497,-0.020000000000000018,0.009999999999999787,-0.3649472998057094,-0.23087311689111523,0.9809,0.0010999999999999
2004-10-06,418.3999938964844,1.9,2.33,0.00047808197896959115,0.05999999999999983,-0.009999999999999787,-0.19625206468170706,-0.22699912337675696,1.003,0.0220999999999998
2004-10-07,418.0,1.89,2.37,-0.0009564656382039516,-0.010000000000000009,0.040000000000000036,-0.10024139129127059,-0.246231999025274,1.0213,0.0183000000000002
2004-10-08,423.1000061035156,1.78,2.37,0.012127139626969985,-0.10999999999999988,0.0,-0.13666940655601093,-0.3446991517290094,0.9786,-0.0427
2004-10-13,413.20001220703125,1.72,2.37,-0.00458770297456379,-0.030000000000000027,0.0,-0.16612094357605497,-0.22320757752428097,0.9354,-0.0176999999999999
2004-10-14,418.1000061035156,1.68,2.35,0.01178888617258611,-0.040000000000000036,-0.020000000000000018,-0.23874712578078386,-0.2329740682020658,0.9065,-0.0289
2004-10-15,418.70001220703125,1.7,2.37,0.0014340492189583998,0.020000000000000018,0.020000000000000018,-0.29618508829680507,-0.23492248526962234,0.9155,0.009
2004-10-18,416.20001220703125,1.71,2.36,-0.005988758890439705,0.010000000000000009,-0.010000000000000231,-0.31585097945091445,-0.2036901188303378,0.9117,-0.0038
2004-10-19,420.29998779296875,1.7,2.37,0.009802769678198153,-0.010000000000000009,0.010000000000000231,-0.3154236518108594,-0.13364976256867653,0.9104,-0.0012999999999999
2004-10-20,423.5,1.66,2.35,0.007584801124653318,-0.040000000000000036,-0.020000000000000018,-0.3428504163109142,-0.17077631625330847,0.8819,-0.0284999999999999
2004-10-21,424.3999938964844,1.62,2.39,0.002122878266201944,-0.039999999999999813,0.040000000000000036,-0.4130338182341735,-0.16049429571927737,0.8775,-0.0044
2004-10-22,424.6000061035156,1.64,2.36,0.0004711712855867134,0.019999999999999796,-0.03000000000000025,-0.4520864707621789,-0.1573852879582165,0.8673,-0.0101999999999999
2004-10-25,429.0,1.63,2.36,0.010309355284118915,-0.010000000000000009,0.0,-0.5010641309860189,-0.16386583831607468,0.8518,-0.0154999999999999
2004-10-26,426.79998779296875,1.63,2.38,-0.005141428101710588,0.0,0.020000000000000018,-0.5379629336503672,-0.16194281208520428,0.8506,-0.0011999999999999
2004-10-27,424.79998779296875,1.73,2.38,-0.004697049634526884,0.10000000000000009,0.0,-0.524476567451483,-0.21151064082764298,0.8905,0.0398999999999999
2004-10-28,425.1000061035156,1.68,2.41,0.0007060085308001618,-0.050000000000000044,0.03000000000000025,-0.5058469065637736,-0.1919683927772857,0.891,0.0005
2004-10-29,428.5,1.63,2.42,0.007966288315254921,-0.050000000000000044,0.009999999999999787,-0.5293054659501493,-0.2277578740486874,0.8747,-0.0162999999999999
2004-11-01,427.29998779296875,1.67,2.44,-0.0028044239556797024,0.040000000000000036,0.020000000000000018,-0.5076485449366454,-0.25117880158975325,0.8874,0.0126999999999999
2004-11-02,420.0,1.61,2.49,-0.01723160280474101,-0.05999999999999983,0.050000000000000266,-0.48248930816325014,-0.14923009877765425,0.882,-0.0053999999999999
2004-11-03,424.6000061035156,1.61,2.48,0.010892852366484185,0.0,-0.010000000000000231,-0.481969234062833,-0.14533599819157347,0.8779,-0.0040999999999999
2004-11-04,430.1000061035156,1.65,2.45,0.01287019033671477,0.039999999999999813,-0.029999999999999805,-0.5287192208533913,-0.12505393382165308,0.881,0.0030999999999999
2004-11-05,433.6000061035156,1.71,2.5,0.008104710221196854,0.06000000000000005,0.04999999999999982,-0.492624074651121,-0.10901257086112592,0.9269,0.0458999999999999
2004-11-08,432.70001220703125,1.72,2.5,-0.002077788759667243,0.010000000000000009,0.0,-0.4480083641704063,-0.09841431461639162,0.9348,0.0079
2004-11-09,435.70001220703125,1.74,2.48,0.006909285698309731,0.020000000000000018,-0.020000000000000018,-0.41785160337877986,-0.08932764890515464,0.9337,-0.0010999999999999
2004-11-10,434.0,1.75,2.5,-0.003909427040047042,0.010000000000000009,0.020000000000000018,-0.40072829727680204,-0.08232926916231527,0.9429,0.0091999999999999
2004-11-15,437.0,1.67,2.53,-0.0020573647736128464,-0.040000000000000036,0.03999999999999959,-0.3669224929508307,-0.10787963103508753,0.9252,-0.0076999999999999
2004-11-16,440.20001220703125,1.68,2.53,0.007296001727419288,0.010000000000000009,0.0,-0.3468402364215874,-0.1056042859468797,0.9312,0.006
2004-11-17,444.79998779296875,1.63,2.51,0.010395518669497505,-0.050000000000000044,-0.020000000000000018,-0.322013118326018,-0.09126642061867093,0.9007,-0.0305
2004-11-18,442.6000061035156,1.64,2.48,-0.004958274085418601,0.010000000000000009,-0.029999999999999805,-0.3096264183394066,-0.09337130574817593,0.8812,-0.0194999999999999
2004-11-19,446.79998779296875,1.67,2.53,0.009444598466938459,0.030000000000000027,0.04999999999999982,-0.2502942284298342,-0.05751975491176208,0.9107,0.0294999999999999
2004-11-22,448.79998779296875,1.62,2.56,0.0044662871351919264,-0.04999999999999982,0.03000000000000025,-0.23120242819649292,-0.06600287140377466,0.901,-0.0096999999999999
2004-11-23,447.79998779296875,1.65,2.54,-0.0022306501045719074,0.029999999999999805,-0.020000000000000018,-0.22534223744826215,0.02098760680583696,0.9021,0.0010999999999999
2004-11-24,449.29998779296875,1.64,2.56,0.0033441120024679805,-0.010000000000000009,0.020000000000000018,-0.18439894948019633,-0.046402057468616094,0.908,0.0059
2004-11-29,453.70001220703125,1.74,2.6,0.009745424668316183,0.10000000000000009,0.040000000000000036,0.013944572795563116,0.01310259698798664,0.959,0.0353
2004-11-30,451.29998779296875,1.75,2.61,-0.0053039337910716355,0.010000000000000009,0.009999999999999787,0.12536012864415172,0.048589044912958526,0.9718,0.0128
2004-12-01,454.0,1.79,2.59,0.005964918256989193,0.040000000000000036,-0.020000000000000018,0.28211956046492503,0.0645953005916272,0.983,0.0111999999999999
2004-12-02,450.3999938964844,1.83,2.57,-0.007961134767190181,0.040000000000000036,-0.020000000000000018,0.4151722052451217,0.025883567810812035,0.9983,0.0152999999999999
2004-12-03,456.0,1.73,2.54,0.012356746240228311,-0.10000000000000009,-0.029999999999999805,0.4729572909354772,-0.06781964383698393,0.9503,-0.0479999999999999
2004-12-06,454.20001220703125,1.7,2.54,-0.003955152967034081,-0.030000000000000027,0.0,0.46778626925011674,-0.02642859264987069,0.9242,-0.0261
2004-12-07,452.0,1.69,2.54,-0.004855476715120766,-0.010000000000000009,0.0,0.43465559264430115,-0.018325475054058137,0.9158,-0.0084
2004-12-08,437.20001220703125,1.62,2.52,-0.03329139560891736,-0.06999999999999984,-0.020000000000000018,0.41274084198290123,0.16922280670535778,0.8755,-0.0403
2004-12-09,435.79998779296875,1.64,2.55,-0.0032073897234221604,0.019999999999999796,0.029999999999999805,0.39768615308325495,0.17218417593087817,0.8744,-0.0010999999999999
2004-12-10,433.8999938964844,1.66,2.5,-0.004369315762228432,0.020000000000000018,-0.04999999999999982,0.3780800494755386,0.1646416969298454,0.8669,-0.0074999999999999
2004-12-13,438.8999938964844,1.65,2.51,0.01145750405013235,-0.010000000000000009,0.009999999999999787,0.43915784603298164,0.21255493040244103,0.862,-0.0049
2004-12-14,435.8999938964844,1.62,2.52,-0.006858737545549332,-0.029999999999999805,0.010000000000000231,0.46149650301170153,0.22941454144124618,0.8537,-0.0082999999999999
2004-12-15,440.79998779296875,1.57,2.52,0.011178384903555383,-0.050000000000000044,0.0,0.4137075688759552,0.21508397826847936,0.8312,-0.0224999999999999
2004-12-16,436.8999938964844,1.64,2.55,-0.008886908158463491,0.06999999999999984,0.029999999999999805,0.4279464261147332,0.164835705983616,0.8674,0.0361999999999999
2004-12-17,441.6000061035156,1.64,2.57,0.010700186796913869,0.0,0.020000000000000018,0.37842644272859804,0.08774273716519822,0.8854,0.018
2004-12-20,442.3999938964844,1.62,2.59,0.0018099276274989862,-0.019999999999999796,0.020000000000000018,0.3195032257421125,0.08883718136474242,0.8846,-0.0007999999999999
2004-12-21,441.79998779296875,1.59,2.59,-0.0013571730559549522,-0.030000000000000027,0.0,0.30301149021877255,0.05719831040812232,0.8739,-0.0107
2004-12-22,440.29998779296875,1.63,2.58,-0.0034009783184387743,0.039999999999999813,-0.009999999999999787,0.3463964050373934,0.0032881739320429117,0.8794,0.0054999999999999
2004-12-23,441.8999938964844,1.62,2.61,0.0036273132873523295,-0.009999999999999787,0.029999999999999805,0.40782555449408014,0.004492453956007661,0.8847,0.0053
2004-12-28,444.29998779296875,1.69,2.62,-0.0020236643534845555,0.020000000000000018,-0.009999999999999787,0.5897983037363993,0.022263906610335896,0.9158,0.0061999999999999
2004-12-29,436.0,1.73,2.6,-0.01885773911807842,0.040000000000000036,-0.020000000000000018,0.5542815596184612,-0.014528989996685962,0.9327,0.0169
2004-12-30,437.5,1.7,2.57,0.0034344624486344344,-0.030000000000000027,-0.03000000000000025,0.5349135342135652,-0.029978719260317237,0.9168,-0.0159
2005-01-03,428.70001220703125,1.7,2.53,-0.02031930371920687,0.0,-0.040000000000000036,0.4534658183187827,-0.032516306336339604,0.8899,-0.0107999999999999
2005-01-04,428.5,1.78,2.51,-0.0004666640406272293,0.08000000000000007,-0.020000000000000018,0.2852256064179825,0.017384049006985904,0.9127,0.0227999999999999
2005-01-05,426.6000061035156,1.79,2.5,-0.004443917693234489,0.010000000000000009,-0.009999999999999787,0.1291212201042979,0.017590477735010993,0.9145,0.0018
2005-01-06,421.0,1.76,2.53,-0.013213986662218957,-0.030000000000000027,0.029999999999999805,0.018741850408843984,0.025622183863155863,0.9111,-0.0033999999999999
2005-01-07,418.8999938964844,1.8,2.49,-0.005000620299732361,0.040000000000000036,-0.03999999999999959,-0.0904879261135077,0.0461774096237381,0.9167,0.0055999999999999
2005-01-10,419.1000061035156,1.77,2.52,0.00047735611176413784,-0.030000000000000027,0.029999999999999805,-0.14922058197837976,0.03848211223845446,0.9134,-0.0032999999999999
2005-01-11,421.8999938964844,1.76,2.5,0.006658735169144947,-0.010000000000000009,-0.020000000000000018,-0.17189235833002564,0.03464122631010639,0.8993,-0.0141
2005-01-12,426.1000061035156,1.73,2.52,0.00990577016644778,-0.030000000000000027,0.020000000000000018,-0.22524302106665073,-0.09033717206904822,0.8909,-0.0083999999999999
2005-01-13,424.5,1.7,2.5,-0.003762069078603325,-0.030000000000000027,-0.020000000000000018,-0.2672427090785257,-0.08279335841107723,0.8688,-0.0221
2005-01-14,422.70001220703125,1.72,2.51,-0.0042492692999474,0.020000000000000018,0.009999999999999787,-0.3831986236694238,-0.11752332306840232,0.874,0.0051999999999999
2005-01-19,423.0,1.7,2.5,-0.00047273034240369327,-0.010000000000000009,0.0,-0.6427411447859674,0.024647403912043793,0.8623,-0.0039
2005-01-20,422.3999938964844,1.7,2.47,-0.0014194611038371718,0.0,-0.029999999999999805,-0.7074122194171327,0.020519724252969145,0.8494,-0.0128999999999999
2005-01-21,426.70001220703125,1.69,2.47,0.010128500859507561,-0.010000000000000009,0.0,-0.7684191644928486,0.005114658737573099,0.8366,-0.0128
2005-01-24,426.8999938964844,1.68,2.46,0.0004685606646726015,-0.010000000000000009,-0.010000000000000231,-0.7587213627506707,-0.2975144164802235,0.827,-0.0096
2005-01-25,422.0,1.74,2.46,-0.011544465430608497,0.06000000000000005,0.0,-0.7633864024065271,-0.3461994514050731,0.8471,0.0201
2005-01-26,426.8999938964844,1.72,2.49,0.011544465430608497,-0.020000000000000018,0.03000000000000025,-0.7645430384476409,-0.35948774863521793,0.8532,0.0060999999999999
2005-01-27,426.29998779296875,1.72,2.5,-0.0014064843302934449,0.0,0.009999999999999787,-0.7608204113273753,-0.3550402351439861,0.8589,0.0057
2005-01-28,425.79998779296875,1.65,2.51,-0.001173571345410629,-0.07000000000000006,0.009999999999999787,-0.7326493196534856,-0.357610684196503,0.8335,-0.0253999999999999
2005-01-31,421.79998779296875,1.65,2.49,-0.009438484686572934,0.0,-0.019999999999999574,-0.666672616541974,-0.29790243501840774,0.8181,-0.0153999999999999
2005-02-01,420.79998779296875,1.67,2.48,-0.00237360668994846,0.020000000000000018,-0.010000000000000231,-0.6203960458405969,-0.2563462093717932,0.8133,-0.0048
2005-02-02,421.1000061035156,1.7,2.45,0.0007127172477057186,0.030000000000000027,-0.029999999999999805,-0.5872234115712188,-0.2526189286512422,0.8149,0.0015999999999999
2005-02-03,416.6000061035156,1.73,2.45,-0.010743806184447813,0.030000000000000027,0.0,-0.5463808017759394,-0.268681631326009,0.8272,0.0123
2005-02-04,414.0,1.65,2.44,-0.006260569652338788,-0.08000000000000007,-0.010000000000000231,-0.3673804096545285,-0.19966147113293353,0.7955,-0.0317
2005-02-07,413.6000061035156,1.62,2.45,-0.0009666358740458847,-0.029999999999999805,0.010000000000000231,-0.1603577897977985,-0.19948679668857236,0.7769,-0.0185999999999999
2005-02-08,412.6000061035156,1.57,2.48,-0.0024207225213013217,-0.050000000000000044,0.029999999999999805,0.12912262345802464,-0.18749946639622983,0.7645,-0.0124
2005-02-09,412.8999938964844,1.49,2.51,0.0007268026800097971,-0.08000000000000007,0.029999999999999805,0.3528498076387668,-0.2789316104248902,0.7325,-0.0319999999999999
2005-02-10,417.20001220703125,1.57,2.5,0.010360334276063199,0.08000000000000007,-0.009999999999999787,0.4718893790436329,-0.13205958107617444,0.7542,0.0216999999999999
2005-02-11,420.5,1.57,2.53,0.007878727026962906,0.0,0.029999999999999805,0.4731187464624819,-0.04828528920254288,0.7719,0.0177
2005-02-14,425.79998779296875,1.54,2.54,0.01252524437791358,-0.030000000000000027,0.010000000000000231,0.44441125073295434,-0.07090457630371788,0.7676,-0.0043
2005-02-15,425.8999938964844,1.61,2.49,0.0002348388073860619,0.07000000000000006,-0.04999999999999982,0.40933526417271726,-0.05921665255043929,0.7703,0.0027
2005-02-16,425.5,1.65,2.51,-0.0009396145848734605,0.039999999999999813,0.019999999999999574,0.3517417490821957,-0.06373742206853122,0.7957,0.0253999999999999
2005-02-17,427.29998779296875,1.65,2.54,0.004221366068725807,0.0,0.03000000000000025,0.28955471649368164,-0.053475852226386185,0.8091,0.0134
2005-02-18,427.1000061035156,1.67,2.6,-0.00046812194413359265,0.020000000000000018,0.06000000000000005,0.29701278428929695,-0.10773367267626224,0.843,0.0338999999999999
2005-02-23,434.8999938964844,1.64,2.63,0.0009201608638491621,-0.030000000000000027,0.009999999999999787,0.3259975985035028,-0.06206121389389185,0.85,-0.0032999999999999
2005-02-24,434.5,1.65,2.64,-0.0009201608638491621,0.010000000000000009,0.010000000000000231,0.31954814104369755,-0.06192011969182883,0.8576,0.0076
2005-02-25,434.8999938964844,1.64,2.63,0.0009201608638491621,-0.010000000000000009,-0.010000000000000231,0.27419820095199615,-0.0323681204762384,0.8516,-0.006
2005-02-28,436.5,1.7,2.66,0.0036722697103606095,0.06000000000000005,0.03000000000000025,0.30259841930650205,-0.02553780478594046,0.88,0.0283999999999999
2005-03-01,432.8999938964844,1.69,2.69,-0.00828163493085654,-0.010000000000000009,0.029999999999999805,0.3330747848053587,-0.0008335891846093463,0.8923,0.0122999999999999
2005-03-02,432.79998779296875,1.69,2.69,-0.00023104102131465964,0.0,0.0,0.35942991060677626,-0.0004630854071345925,0.8971,0.0048
2005-03-03,429.8999938964844,1.69,2.7,-0.006723090022774159,0.0,0.010000000000000231,0.38066318972268476,-0.0022297004946971845,0.9028,0.0057
2005-03-04,434.20001220703125,1.65,2.67,0.009952676253324633,-0.040000000000000036,-0.03000000000000025,0.3844609211832926,-0.044639449654166184,0.8799,-0.0229
2005-03-07,435.0,1.63,2.68,0.001840745530648391,-0.020000000000000018,0.010000000000000231,0.3562625039926536,-0.03890680765976122,0.8712,-0.0087
2005-03-08,440.29998779296875,1.67,2.71,0.012110253948673488,0.040000000000000036,0.029999999999999805,0.3560290238834441,0.016383055484784373,0.8926,0.0213999999999999
2005-03-09,442.1000061035156,1.77,2.75,0.004079829600574847,0.10000000000000009,0.040000000000000036,0.48327420421864203,0.13572167570705784,0.9507,0.0581
2005-03-10,442.79998779296875,1.76,2.72,0.0015820586287276228,-0.010000000000000009,-0.029999999999999805,0.5503486090803159,0.16700714526254534,0.9482,-0.0024999999999999
2005-03-11,446.20001220703125,1.82,2.74,0.007649136089528774,0.06000000000000005,0.020000000000000018,0.6363146567793061,0.20098140756562027,0.9823,0.0340999999999999
2005-03-14,441.1000061035156,1.82,2.7,-0.011495688408261096,0.0,-0.040000000000000036,0.6627162955220083,0.18437932250125078,0.9774,-0.0048999999999999
2005-03-15,440.8999938964844,1.82,2.72,-0.00045354242734685357,0.0,0.020000000000000018,0.6848403906538798,0.18600398584783673,0.9849,0.0074999999999999
2005-03-16,443.70001220703125,1.79,2.73,0.006330607376185071,-0.030000000000000027,0.009999999999999787,0.7161078261781515,0.17180728233982911,0.974,-0.0109
2005-03-17,438.70001220703125,1.73,2.74,-0.011332849899133635,-0.06000000000000005,0.010000000000000231,0.7438239078418015,0.2465247887416334,0.9544,-0.0195999999999999
2005-03-18,439.29998779296875,1.77,2.74,0.0013666871966409033,0.040000000000000036,0.0,0.8171614492380338,0.29747826036610725,0.9632,0.0087999999999999
2005-03-21,431.1000061035156,1.8,2.73,-0.01884242728318064,0.030000000000000027,-0.010000000000000231,0.8143178867213945,0.15329098459250914,0.9657,0.0025
2005-03-22,431.29998779296875,1.87,2.76,0.0004637794398263395,0.07000000000000006,0.029999999999999805,0.7636362809531667,0.13492140596999605,1.0041,0.0383999999999999
2005-03-23,425.20001220703125,1.92,2.69,-0.014244200174210242,0.04999999999999982,-0.06999999999999984,0.5983949383037124,0.04657570920490085,1.0109,0.0067999999999999
2005-03-24,424.70001220703125,1.9,2.7,-0.0011766091147684676,-0.020000000000000018,0.010000000000000231,0.383261753463589,0.055286847933855,1.0106,-0.0002999999999999
2005-03-29,426.0,1.91,2.69,0.0002347836710683282,-0.030000000000000027,-0.010000000000000231,0.021918639961876568,0.003772746046657089,1.0094,-0.0131999999999998
2005-03-31,428.70001220703125,1.79,2.71,0.00631805580909095,-0.11999999999999988,0.020000000000000018,-0.07825622644392244,-0.026048835873127372,0.9607,-0.0319
2005-04-01,425.8999938964844,1.77,2.69,-0.006552839480159278,-0.020000000000000018,-0.020000000000000018,-0.15328982442303066,-0.008934011753542954,0.9344,-0.0262999999999999
2005-04-04,423.8999938964844,1.79,2.68,-0.004706998638191351,0.020000000000000018,-0.009999999999999787,-0.22424042173177272,-0.012964579232840332,0.9307,-0.0037
2005-04-05,424.5,1.81,2.67,0.0014144417912911322,0.020000000000000018,-0.010000000000000231,-0.2915432935208207,-0.008288742843722977,0.9356,0.0049
2005-04-06,427.1000061035156,1.8,2.64,0.0061061863866189725,-0.010000000000000009,-0.029999999999999805,-0.3453720346838468,-0.017038743394160897,0.9226,-0.013
2005-04-07,426.5,1.85,2.64,-0.0014058252062874033,0.050000000000000044,0.0,-0.3688062641344932,-0.01386467657760189,0.9378,0.0151999999999999
2005-04-08,426.8999938964844,1.84,2.66,0.0009374125348866613,-0.010000000000000009,0.020000000000000018,-0.38629737528007374,-0.010607644982360177,0.9466,0.0088
2005-04-11,428.6000061035156,1.82,2.63,0.003974317813443484,-0.020000000000000018,-0.03000000000000025,-0.3968749783635738,-0.023254353842817908,0.9318,-0.0148
2005-04-12,427.6000061035156,1.73,2.65,-0.002335903855283483,-0.09000000000000008,0.020000000000000018,-0.37566342960070465,-0.0019740773417676453,0.8969,-0.0348999999999999
2005-04-13,429.29998779296875,1.74,2.64,0.003967753371000526,0.010000000000000009,-0.009999999999999787,-0.3510518764346679,-0.02390765752093731,0.8836,-0.0132999999999999
2005-04-14,424.0,1.72,2.65,-0.012422491563823357,-0.020000000000000018,0.009999999999999787,-0.30906142800068687,-0.006541127291720881,0.8681,-0.0155
2005-04-15,424.8999938964844,1.67,2.6,0.0021203775242151224,-0.050000000000000044,-0.04999999999999982,-0.24520570422420326,-0.02021192455415691,0.8316,-0.0364999999999999
2005-04-18,427.5,1.66,2.61,0.006100455620641654,-0.010000000000000009,0.009999999999999787,-0.21826642141678612,-0.02557301383235022,0.8108,-0.0208
2005-04-19,432.8999938964844,1.62,2.59,0.012552451971985512,-0.039999999999999813,-0.020000000000000018,-0.20537192989808176,-0.03497975293134805,0.7815,-0.0292999999999999
2005-04-20,435.29998779296875,1.6,2.62,0.005528680166650091,-0.020000000000000018,0.03000000000000025,-0.20882132026217243,-0.041457175440598154,0.7795,-0.002
2005-04-21,433.0,1.66,2.66,-0.005297692512960417,0.05999999999999983,0.040000000000000036,-0.16599395630465252,-0.12251547309545609,0.8175,0.038
2005-04-22,434.29998779296875,1.61,2.65,0.0029977834309153906,-0.04999999999999982,-0.010000000000000231,-0.18352649301511179,-0.20010716991295577,0.8036,-0.0139
2005-04-25,434.6000061035156,1.63,2.63,0.0006905704329085438,0.019999999999999796,-0.020000000000000018,-0.20341256138194713,-0.19469622931683594,0.7962,-0.0073999999999999
2005-04-26,437.8999938964844,1.66,2.62,0.0075644780028891745,0.030000000000000027,-0.009999999999999787,-0.31068620064238844,-0.22721099852357346,0.8027,0.0064999999999999
2005-04-27,433.0,1.65,2.6,-0.011252831866713109,-0.010000000000000009,-0.020000000000000018,-0.3761522574460223,-0.2159132598347179,0.7899,-0.0127999999999999
2005-04-29,435.0,1.61,2.6,0.004608303086194532,-0.039999999999999813,0.0,-0.47012708754642885,-0.23052771967454566,0.7671,0.0061999999999999
2005-05-02,429.5,1.61,2.6,-0.012724289664373778,0.0,0.0,-0.5516693161586352,-0.2156367853117479,0.759,-0.0080999999999999
2005-05-03,426.70001220703125,1.64,2.57,-0.006540522622362488,0.029999999999999805,-0.03000000000000025,-0.5429718869608112,-0.30758437292167795,0.7617,0.0027
2005-05-04,429.0,1.63,2.57,0.005375700126069027,-0.010000000000000009,0.0,-0.6105351494753898,-0.32455587946370396,0.7573,-0.0044
2005-05-05,429.79998779296875,1.62,2.57,0.0018630368787375673,-0.009999999999999787,0.0,-0.6219589553629357,-0.2897859510756998,0.7491,-0.0081999999999999
2005-05-06,426.1000061035156,1.69,2.59,-0.008645880976748899,0.06999999999999984,0.020000000000000018,-0.6533971263622973,-0.3658614923842582,0.7896,0.0404999999999999
2005-05-09,426.20001220703125,1.69,2.6,0.00023467347606676014,0.0,0.010000000000000231,-0.6271338564304942,-0.30071003732820606,0.8015,0.0119
2005-05-10,427.20001220703125,1.65,2.58,0.0023435679144236943,-0.040000000000000036,-0.020000000000000018,-0.5887504350534771,-0.3091649598820003,0.7789,-0.0225999999999999
2005-05-11,427.20001220703125,1.64,2.57,0.0,-0.010000000000000009,-0.010000000000000231,-0.5692769822599245,-0.33618845309697976,0.7678,-0.0110999999999999
2005-05-12,421.6000061035156,1.66,2.52,-0.01319530451631401,0.020000000000000018,-0.04999999999999982,-0.5031428045713341,-0.3597581816110764,0.7538,-0.014
2005-05-13,420.20001220703125,1.66,2.46,-0.003326194242755598,0.0,-0.06000000000000005,-0.44982811408297946,-0.31307488542092504,0.7398,-0.014
2005-05-16,418.8999938964844,1.66,2.47,-0.0030986040787777114,0.0,0.010000000000000231,-0.37731582548125164,-0.3341367578268554,0.7346,-0.0051999999999999
2005-05-17,419.3999938964844,1.64,2.48,0.0011928905322005079,-0.020000000000000018,0.009999999999999787,-0.2877267210161439,-0.3258115639496712,0.7277,-0.0069
2005-05-18,421.5,1.65,2.42,0.004994673527060733,0.010000000000000009,-0.06000000000000005,-0.23014396891005148,-0.3186598882784717,0.7079,-0.0198
2005-05-19,420.5,1.69,2.42,-0.0023752980289071246,0.040000000000000036,0.0,-0.23553819444206556,-0.32273454732285123,0.7239,0.016
2005-05-20,417.3999938964844,1.67,2.46,-0.007399499392604092,-0.020000000000000018,0.040000000000000036,-0.23254583732474657,-0.3071596275057463,0.7341,0.0101999999999999
2005-05-23,416.6000061035156,1.65,2.42,-0.001918436542745816,-0.020000000000000018,-0.040000000000000036,-0.2376046873934189,-0.30298716442790996,0.7068,-0.0272999999999999
2005-05-24,417.5,1.62,2.42,0.0021580008132575657,-0.029999999999999805,0.0,-0.27999154626125466,-0.3038732687798013,0.6824,-0.0243999999999999
2005-05-25,418.79998779296875,1.66,2.42,0.0031089055578314984,0.039999999999999813,0.0,-0.3188527265236399,-0.3233556647650461,0.6896,0.0071999999999999
2005-05-26,418.0,1.69,2.39,-0.0019120173239857152,0.030000000000000027,-0.029999999999999805,-0.4596456609044292,-0.3368469619659736,0.6955,0.0059
2005-05-27,419.79998779296875,1.67,2.41,0.004296945783568873,-0.020000000000000018,0.020000000000000018,-0.49980423034438276,-0.4085800192878555,0.6962,0.0007
2005-06-01,415.29998779296875,1.54,2.37,-0.0024050036348279846,-0.08999999999999986,0.0,-0.18283877967260317,-0.26713341048808326,0.6124,-0.0502999999999999
2005-06-02,422.70001220703125,1.55,2.34,0.017661615208032444,0.010000000000000009,-0.03000000000000025,-0.11052672451343132,-0.1417707407440305,0.5995,-0.0129
2005-06-03,423.70001220703125,1.61,2.37,0.0023629499916113517,0.06000000000000005,0.03000000000000025,-0.04816262185098905,-0.09045285961029485,0.628,0.0284999999999999
2005-06-06,426.5,1.6,2.36,0.006586680488667618,-0.010000000000000009,-0.010000000000000231,-0.08553716049394743,-0.061623719041284775,0.6274,-0.0006
2005-06-07,424.79998779296875,1.6,2.32,-0.003993925739954385,0.0,-0.040000000000000036,-0.047096122814552596,-0.036684022427549,0.6083,-0.0191
2005-06-08,424.70001220703125,1.63,2.32,-0.00023537512983917708,0.029999999999999805,0.0,-0.035351300965749954,-0.03853507321063223,0.6161,0.0078
2005-06-09,424.20001220703125,1.64,2.34,-0.0011779951547641332,0.010000000000000009,0.020000000000000018,-0.09636282276271974,-0.08267342078268759,0.6293,0.0131999999999999
2005-06-10,427.3999938964844,1.74,2.31,0.007515257697300548,0.10000000000000009,-0.029999999999999805,-0.03485265447882849,0.02813074990565602,0.6642,0.0349
2005-06-13,429.29998779296875,1.76,2.33,0.004435618191304336,0.020000000000000018,0.020000000000000018,0.15760077444775314,0.07330671152964338,0.6835,0.0192999999999999
2005-06-14,427.5,1.79,2.34,-0.004201658418966581,0.030000000000000027,0.009999999999999787,0.27847707787660475,0.051787964176387105,0.6999,0.0163999999999999
2005-06-15,429.1000061035156,1.79,2.33,0.003735717844658204,0.0,-0.009999999999999787,0.3655680685919083,0.07543676696158079,0.706,0.0060999999999999
2005-06-16,436.20001220703125,1.75,2.34,0.016410875530996627,-0.040000000000000036,0.009999999999999787,0.4746881914784687,-0.024263103232516327,0.6962,-0.0097999999999999
2005-06-17,438.29998779296875,1.72,2.37,0.0048026978214350535,-0.030000000000000027,0.03000000000000025,0.5370799262224001,-0.04107873874077918,0.6958,-0.0004
2005-06-20,438.3999938964844,1.74,2.37,0.0002281421376482129,0.020000000000000018,0.0,0.5658625305402873,0.05050174334149104,0.6985,0.0027
2005-06-21,438.8999938964844,1.72,2.34,0.0011398610762434203,-0.020000000000000018,-0.03000000000000025,0.5728915651075266,0.0494938717110059,0.6757,-0.0228
2005-06-22,438.1000061035156,1.68,2.27,-0.0018243740361567617,-0.040000000000000036,-0.06999999999999984,0.554743495655294,0.07516635064794312,0.6249,-0.0507999999999999
2005-06-23,441.70001220703125,1.68,2.28,0.008183737487316378,0.0,0.009999999999999787,0.5292497405060177,0.07082946196269212,0.615,-0.0099
2005-06-24,440.5,1.65,2.27,-0.0027205008627211313,-0.030000000000000027,-0.009999999999999787,0.4776841803546212,0.14156839344607094,0.5921,-0.0229
2005-06-27,440.29998779296875,1.62,2.28,-0.00045416033887679674,-0.029999999999999805,0.009999999999999787,0.40716574469522665,0.1511992734617386,0.5732,-0.0188999999999999
2005-06-28,436.3999938964844,1.67,2.3,-0.008897045064499842,0.04999999999999982,0.020000000000000018,0.4013076895069006,0.0630633925710723,0.5932,0.0199999999999999
2005-06-30,435.8999938964844,1.67,2.27,-0.0011463947306111777,0.0,-0.029999999999999805,0.38797853146648026,0.06304898553776697,0.5871,-0.0174
2005-07-01,427.79998779296875,1.75,2.31,-0.018757077128376487,0.08000000000000007,0.040000000000000036,0.37450738593189353,-0.1370977456985947,0.6251,0.038
2005-07-06,423.5,1.78,2.3,0.0014177840461933044,-0.020000000000000018,-0.010000000000000231,0.2895553078621443,-0.20953168844787173,0.6475,-0.0060999999999999
2005-07-07,423.29998779296875,1.77,2.28,-0.0004723954030092514,-0.010000000000000009,-0.020000000000000018,0.24476325841941207,-0.2158781045340241,0.6354,-0.0121
2005-07-08,422.8999938964844,1.83,2.28,-0.000945388643184053,0.06000000000000005,0.0,0.15312212465358974,-0.21425087635659668,0.6572,0.0218
2005-07-11,425.5,1.81,2.3,0.006129217967512979,-0.020000000000000018,0.020000000000000018,0.11315941517664564,-0.24066461756948238,0.6602,0.003
2005-07-12,426.29998779296875,1.83,2.32,0.0018783471228980275,0.020000000000000018,0.020000000000000018,0.08852011134420994,-0.23250336079481382,0.6739,0.0137
2005-07-13,423.8999938964844,1.87,2.3,-0.005645731176215918,0.040000000000000036,-0.020000000000000018,0.023423684556728736,-0.24241882414942217,0.6839,0.0099999999999998
2005-07-14,419.6000061035156,1.94,2.25,-0.010195672891935459,0.06999999999999984,-0.04999999999999982,-0.13716419240785951,-0.3546369728966246,0.6933,0.0094
2005-07-15,420.70001220703125,1.95,2.23,0.00261812854429877,0.010000000000000009,-0.020000000000000018,-0.3636533894941154,-0.433846114233293,0.6929,-0.0004
2005-07-18,420.5,1.98,2.24,-0.0004755401994716024,0.030000000000000027,0.010000000000000231,-0.5061489250426747,-0.4726770537267787,0.7023,0.0094
2005-07-19,419.70001220703125,1.92,2.28,-0.0019042799883228767,-0.06000000000000005,0.03999999999999959,-0.598435000979177,-0.45752190222571654,0.6912,-0.0110999999999999
2005-07-20,421.70001220703125,1.9,2.27,0.004753990275026432,-0.020000000000000018,-0.009999999999999787,-0.6609992882267901,-0.4606983419905985,0.681,-0.0101999999999999
2005-07-21,425.3999938964844,1.95,2.33,0.008735698718720819,0.050000000000000044,0.06000000000000005,-0.7217902776217912,-0.40280300855223,0.7147,0.0336999999999999
2005-07-22,424.70001220703125,1.89,2.34,-0.0016468223564869433,-0.06000000000000005,0.009999999999999787,-0.7873639284523554,-0.36864044762086384,0.6988,-0.0159
2005-07-25,425.70001220703125,1.94,2.31,0.002351835447362838,0.050000000000000044,-0.029999999999999805,-0.8488639463683787,-0.3508317982036883,0.6953,-0.0034999999999999
2005-07-26,423.3999938964844,1.92,2.32,-0.00541755722402204,-0.020000000000000018,0.009999999999999787,-0.8609270696484831,-0.45748048925274376,0.691,-0.0043
2005-07-27,424.70001220703125,1.92,2.35,0.0030657217766592026,0.0,0.03000000000000025,-0.8615901005082802,-0.4720063354075601,0.7012,0.0102
2005-07-28,427.29998779296875,1.86,2.34,0.006103248020214558,-0.05999999999999983,-0.010000000000000231,-0.8628442955251339,-0.488203444492405,0.6777,-0.0235
2005-07-29,429.8999938964844,1.92,2.36,0.006066295222556306,0.05999999999999983,0.020000000000000018,-0.84266260567218,-0.4251921286750596,0.7044,0.0267
2005-08-01,431.8999938964844,1.95,2.37,0.004641456530164234,0.030000000000000027,0.010000000000000231,-0.7992434678688107,-0.3593341572545366,0.7182,0.0137999999999999
2005-08-02,431.8999938964844,1.99,2.35,0.0,0.040000000000000036,-0.020000000000000018,-0.7353326745290538,-0.3360468896624908,0.7253,0.0070999999999999
2005-08-03,436.8999938964844,1.93,2.37,0.01151025615246315,-0.06000000000000005,0.020000000000000018,-0.6650450909947033,-0.4035058114490066,0.7129,-0.0123999999999999
2005-08-04,437.8999938964844,1.94,2.38,0.002286237881864217,0.010000000000000009,0.009999999999999787,-0.5755327341126727,-0.40043347998737167,0.7189,0.006
2005-08-05,437.20001220703125,2.0,2.4,-0.0015997756458885348,0.06000000000000005,0.020000000000000018,-0.44928942625693186,-0.42037725790060465,0.7477,0.0288
2005-08-08,434.70001220703125,2.02,2.4,-0.005734618147060999,0.020000000000000018,0.0,-0.3123343173884834,-0.42241509655405607,0.763,0.0152999999999999
2005-08-09,434.20001220703125,2.02,2.39,-0.0011508805182174342,0.0,-0.009999999999999787,-0.1480568610309945,-0.4409939921203191,0.7581,-0.0049
2005-08-10,436.5,2.01,2.39,0.005283089721620726,-0.010000000000000231,0.0,0.09350434997144512,-0.4578947558434821,0.7528,-0.0052999999999999
2005-08-11,445.5,1.97,2.35,0.02040887163120786,-0.039999999999999813,-0.040000000000000036,0.2831877258100437,-0.48007529293751994,0.7288,-0.024
2005-08-12,445.8999938964844,1.91,2.33,0.0008974510344845754,-0.06000000000000005,-0.020000000000000018,0.41643494570570877,-0.46291140057345753,0.6918,-0.037
2005-08-15,442.20001220703125,1.92,2.35,-0.008332401916776533,0.010000000000000009,0.020000000000000018,0.42696303306752426,-0.3628456651979419,0.6924,0.0006
2005-08-16,446.1000061035156,1.87,2.36,0.008780859787591133,-0.04999999999999982,0.009999999999999787,0.32220040365270264,-0.3513480862116621,0.6713,-0.0211
2005-08-17,439.8999938964844,1.91,2.37,-0.01399574133626924,0.039999999999999813,0.010000000000000231,0.2781644230812678,-0.3846282884237113,0.6865,0.0151999999999999
2005-08-18,439.5,1.86,2.35,-0.0009096973546629528,-0.04999999999999982,-0.020000000000000018,0.1824071746003455,-0.36380739828471914,0.6642,-0.0222999999999999
2005-08-19,437.20001220703125,1.85,2.36,-0.005246932901917134,-0.010000000000000009,0.009999999999999787,0.0948046487916118,-0.3463893198653212,0.6574,-0.0068
2005-08-22,438.1000061035156,1.86,2.36,0.002056424528324996,0.010000000000000009,0.0,0.010815534577824542,-0.3367242285593494,0.6548,-0.0025999999999999
2005-08-23,439.3999938964844,1.85,2.35,0.002962937308302216,-0.010000000000000009,-0.009999999999999787,-0.07908140393379483,-0.34179726473450806,0.647,-0.0078
2005-08-24,437.29998779296875,1.83,2.36,-0.004790715555613723,-0.020000000000000018,0.009999999999999787,-0.15192105329903435,-0.30031514413881194,0.6433,-0.0037
2005-08-25,438.3999938964844,1.8,2.38,0.0025122912072248482,-0.030000000000000027,0.020000000000000018,-0.18002622938822477,-0.22289614515313813,0.6381,-0.0051999999999999
2005-08-26,437.3999938964844,1.81,2.39,-0.0022836274229671716,0.010000000000000009,0.010000000000000231,-0.1805309564183036,-0.23154244527763326,0.6441,0.006
2005-08-29,437.0,1.79,2.41,-0.0009148991929954775,-0.020000000000000018,0.020000000000000018,-0.14268180092436225,-0.22121992985791425,0.6426,-0.0015
2005-08-30,431.20001220703125,1.71,2.45,-0.013361147191361056,-0.08000000000000007,0.040000000000000036,-0.07563986579781817,-0.08846247986460844,0.6256,-0.0169999999999999
2005-08-31,433.79998779296875,1.65,2.37,0.006011522348776666,-0.06000000000000005,-0.08000000000000007,-0.05168317451837425,-0.11191941220956433,0.5631,-0.0625
2005-09-01,442.29998779296875,1.61,2.41,0.01940478702228976,-0.039999999999999813,0.040000000000000036,-0.1198584590516308,-0.2189765158940908,0.5531,-0.01
2005-09-02,444.20001220703125,1.59,2.44,0.004286581665966516,-0.020000000000000018,0.029999999999999805,-0.2214374743416367,-0.24537621992777797,0.5581,0.005
2005-09-07,444.8999938964844,1.69,2.46,0.0011244800619563122,0.040000000000000036,0.020000000000000018,-0.29643743428272956,-0.26449205052615554,0.6058,0.027
2005-09-08,446.70001220703125,1.68,2.47,0.004037731592060112,-0.010000000000000009,0.010000000000000231,-0.33812808851516707,-0.2661774486156065,0.6134,0.0075999999999999
2005-09-09,449.0,1.64,2.5,0.005135632057046813,-0.040000000000000036,0.029999999999999805,-0.427591899999623,-0.25792120732173024,0.6093,-0.0040999999999999
2005-09-12,449.70001220703125,1.69,2.49,0.0015578331792394096,0.050000000000000044,-0.009999999999999787,-0.4533812176151003,-0.2988906929334785,0.6248,0.0155
2005-09-13,446.1000061035156,1.67,2.47,-0.00803756510533038,-0.020000000000000018,-0.020000000000000018,-0.45697418221031283,-0.2993899568560268,0.6119,-0.0129
2005-09-14,449.79998779296875,1.68,2.49,0.008259856570253632,0.010000000000000009,0.020000000000000018,-0.44850100546764937,-0.27918200224178824,0.6253,0.0133999999999999
2005-09-15,455.5,1.71,2.51,0.012592704313595604,0.030000000000000027,0.019999999999999574,-0.44488378268464124,-0.16777032674144843,0.6454,0.0201
2005-09-16,459.5,1.73,2.53,0.008743225095728668,0.020000000000000018,0.020000000000000018,-0.42316432202217036,-0.14310864413907204,0.67,0.0246
2005-09-19,466.70001220703125,1.7,2.55,0.015547737316083499,-0.030000000000000027,0.020000000000000018,-0.40428771929709184,-0.15112660387639473,0.661,-0.009
2005-09-20,466.20001220703125,1.74,2.52,-0.0010719263260607903,0.040000000000000036,-0.029999999999999805,-0.3498712927486156,-0.14144446914746095,0.6606,-0.0004
2005-09-21,468.8999938964844,1.68,2.51,0.005774760293108194,-0.06000000000000005,-0.010000000000000231,-0.3294032657931668,-0.15174424373637727,0.645,-0.0155999999999999
2005-09-22,466.6000061035156,1.67,2.52,-0.0049171404107122285,-0.010000000000000009,0.010000000000000231,-0.32296476982294875,-0.15155956717862412,0.6363,-0.0087
2005-09-23,463.5,1.74,2.51,-0.006665987662250572,0.07000000000000006,-0.010000000000000231,-0.33400297134079265,-0.16465488838413198,0.664,0.0277
2005-09-26,465.8999938964844,1.78,2.52,0.005164620716357149,0.040000000000000036,0.010000000000000231,-0.30644137322207476,-0.14876309062344817,0.6848,0.0207999999999999
2005-09-27,462.6000061035156,1.77,2.53,-0.007108242730990533,-0.010000000000000009,0.009999999999999787,-0.2706873174406648,-0.12827010838096906,0.6937,0.0089
2005-09-28,469.70001220703125,1.73,2.53,0.015231456030668333,-0.040000000000000036,0.0,-0.2618092732271982,-0.14201858736143047,0.685,-0.0086999999999999
2005-09-29,472.20001220703125,1.75,2.54,0.0053084314808682365,0.020000000000000018,0.010000000000000231,-0.1973528455227985,-0.0571849178665282,0.6929,0.0078999999999999
2005-09-30,469.0,1.78,2.56,-0.0067998820565335905,0.030000000000000027,0.020000000000000018,-0.11461859254495108,-0.11134296569740032,0.7118,0.0189
2005-10-03,466.1000061035156,1.84,2.55,-0.006202551972720904,0.06000000000000005,-0.010000000000000231,0.009440750187494797,-0.17236330149849635,0.7259,0.0141
2005-10-04,466.1000061035156,1.87,2.51,0.0,0.030000000000000027,-0.040000000000000036,0.14993418287946464,-0.17772728192264425,0.7204,-0.0054999999999999
2005-10-05,466.1000061035156,1.86,2.5,0.0,-0.010000000000000009,-0.009999999999999787,0.27256030882998955,-0.1740841427235028,0.7146,-0.0058
2005-10-06,471.8999938964844,1.91,2.46,0.012366869324866414,0.04999999999999982,-0.040000000000000036,0.42016496305730283,-0.1308109134030777,0.7152,0.0005999999999999
2005-10-07,474.70001220703125,1.9,2.45,0.005915965474101448,-0.010000000000000009,-0.009999999999999787,0.5305025758728638,-0.13676068640384445,0.7092,-0.0059999999999998
2005-10-12,473.8999938964844,1.96,2.49,-0.006729809220799687,0.040000000000000036,0.020000000000000018,0.7284237448838079,-0.17192030033617964,0.7289,0.0166999999999999
2005-10-13,471.1000061035156,1.96,2.52,-0.00592591743233406,0.0,0.029999999999999805,0.7683163901432724,-0.3646689517007681,0.7405,0.0116
2005-10-14,469.20001220703125,1.98,2.5,-0.004041255865865345,0.020000000000000018,-0.020000000000000018,0.7634394821633724,-0.364325754646556,0.7476,0.0070999999999999
2005-10-17,474.1000061035156,1.94,2.56,0.010389139985960583,-0.040000000000000036,0.06000000000000005,0.7566156052343919,-0.3268434118860878,0.7475,-9.9999999999989e-05
2005-10-18,472.1000061035156,1.92,2.57,-0.004227442301292683,-0.020000000000000018,0.009999999999999787,0.7378815940395449,-0.2862535195210146,0.7406,-0.0069
2005-10-19,463.5,1.92,2.55,-0.01838445547476919,0.0,-0.020000000000000018,0.7010970813373953,-0.22959615716377726,0.7299,-0.0107
2005-10-20,461.0,1.92,2.54,-0.005408342009260991,0.0,-0.009999999999999787,0.6634176614450439,-0.2224347541073293,0.7274,-0.0024999999999999
2005-10-21,467.0,1.89,2.5,0.012931214672248892,-0.030000000000000027,-0.040000000000000036,0.6446015783133222,-0.2588473008609708,0.6968,-0.0306
2005-10-24,465.0,1.93,2.52,-0.004291852081541592,0.040000000000000036,0.020000000000000018,0.5870201963212891,-0.2624343473921233,0.7072,0.0104
2005-10-25,472.79998779296875,2.05,2.49,0.01663503468593852,0.11999999999999988,-0.029999999999999805,0.5714607775972701,-0.0472517987828811,0.7419,0.0346999999999999
2005-10-26,471.20001220703125,2.06,2.54,-0.0033897820296546755,0.010000000000000231,0.04999999999999982,0.5308447075979227,-0.08052703921067908,0.776,0.0341
2005-10-27,473.79998779296875,2.01,2.56,0.005502607716943331,-0.050000000000000266,0.020000000000000018,0.505322841737204,-0.09939484385328816,0.7731,-0.0029
2005-10-28,473.0,2.01,2.57,-0.001689877468650458,0.0,0.009999999999999787,0.48191197771203875,-0.12130223191648239,0.7771,0.004
2005-10-31,465.1000061035156,2.0,2.57,-0.016842939138863144,-0.009999999999999787,0.0,0.3872665050668798,-0.08879208086769019,0.7687,-0.0083999999999999
2005-11-01,458.79998779296875,2.0,2.58,-0.01363809070428701,0.0,0.010000000000000231,0.2543199672768609,-0.016372255244610664,0.7709,0.0021999999999999
2005-11-02,462.79998779296875,2.02,2.59,0.0086806102942667,0.020000000000000018,0.009999999999999787,0.17491530111159354,-0.004849746611830514,0.7847,0.0137999999999999
2005-11-03,460.1000061035156,2.03,2.62,-0.005851098515997855,0.009999999999999787,0.03000000000000025,0.10854566082933619,0.04176822137828395,0.8062,0.0215
2005-11-04,456.29998779296875,2.06,2.6,-0.008293409245900385,0.03000000000000025,-0.020000000000000018,-0.03161736572020965,0.01729290750284403,0.8181,0.0119
2005-11-07,459.0,2.03,2.62,0.005899748879394373,-0.03000000000000025,0.020000000000000018,-0.14489177600018555,0.027859304724543062,0.8197,0.0015999999999999
2005-11-08,460.8999938964844,2.01,2.56,0.004130876423314334,-0.020000000000000018,-0.06000000000000005,-0.19848085291723583,-0.004761469284091704,0.7901,-0.0295999999999999
2005-11-09,466.29998779296875,2.08,2.56,0.011648091151922557,0.07000000000000028,0.0,-0.2749486793669562,0.05471168916644627,0.8079,0.0177999999999999
2005-11-10,466.6000061035156,2.07,2.48,0.0006431950323779745,-0.010000000000000231,-0.08000000000000007,-0.27245772350338104,0.1430372486474643,0.7822,-0.0256999999999999
2005-11-15,468.1000061035156,2.12,2.44,-0.00021361978412937077,-0.020000000000000018,-0.03000000000000025,-0.1749726057539388,0.16828597913263507,0.7771,-0.017
2005-11-16,478.29998779296875,2.07,2.42,0.02155616381960801,-0.050000000000000266,-0.020000000000000018,-0.11573782743676479,0.0635269052881118,0.7429,-0.0342
2005-11-17,486.20001220703125,2.04,2.42,0.01638196182449203,-0.029999999999999805,0.0,-0.05858102813134634,0.011536527294054764,0.7212,-0.0217
2005-11-18,485.6000061035156,2.09,2.41,-0.0012348346747312888,0.04999999999999982,-0.009999999999999787,0.024424587395038007,-0.0009607646940006059,0.724,0.0028
2005-11-21,489.0,2.08,2.38,0.006977237160564975,-0.009999999999999787,-0.03000000000000025,0.12733257149127963,-0.0545060616031646,0.7121,-0.0119
2005-11-22,492.6000061035156,2.03,2.4,0.0073350086019745575,-0.050000000000000266,0.020000000000000018,0.17525593616677645,-0.0765378279567453,0.6996,-0.0124999999999999
2005-11-23,492.1000061035156,2.08,2.39,-0.0010155378019156558,0.050000000000000266,-0.009999999999999787,0.27438601361516496,-0.08897409143073765,0.7147,0.0151
2005-11-28,498.29998779296875,2.04,2.37,0.012520320515073458,-0.040000000000000036,-0.020000000000000018,0.28460117395515766,-0.10479929561661563,0.6845,-0.0153999999999999
2005-11-29,499.1000061035156,2.11,2.37,0.0016042079146023625,0.06999999999999984,0.0,0.3564145684836517,-0.10492789717736783,0.7102,0.0257
2005-11-30,494.6000061035156,2.12,2.37,-0.009057121276984326,0.010000000000000231,0.0,0.40475647506389845,-0.10083969898778176,0.7245,0.0142999999999999
2005-12-01,502.5,2.15,2.37,0.015846272505608106,0.029999999999999805,0.0,0.4903401922813582,-0.040215205430829834,0.7378,0.0132999999999999
2005-12-02,503.29998779296875,2.16,2.36,0.0015907495950973072,0.010000000000000231,-0.010000000000000231,0.564014732975445,-0.05524585973575565,0.7401,0.0022999999999999
2005-12-05,508.8999938964844,2.17,2.4,0.011065132072912931,0.009999999999999787,0.040000000000000036,0.6071047212919667,-0.07309719937337003,0.754,0.0139
2005-12-06,510.20001220703125,2.12,2.37,0.002551308032442634,-0.04999999999999982,-0.029999999999999805,0.6054756177122607,-0.07403868361994097,0.724,-0.03
2005-12-07,514.2999877929688,2.18,2.34,0.008003899411951565,0.06000000000000005,-0.03000000000000025,0.6773806429146235,-0.020417552561335237,0.7289,0.0049
2005-12-08,519.2999877929688,2.14,2.33,0.009674998297933612,-0.040000000000000036,-0.009999999999999787,0.7031233692502373,-0.025133339952202044,0.7106,-0.0182999999999999
2005-12-09,527.0,2.18,2.36,0.014718821197793552,0.040000000000000036,0.029999999999999805,0.7380802796985226,-0.13870483077209964,0.7397,0.0291
2005-12-12,528.4000244140625,2.17,2.39,0.002653070310558725,-0.010000000000000231,0.03000000000000025,0.7599184550363373,-0.13415049382839495,0.754,0.0142999999999999
2005-12-13,521.0,2.16,2.38,-0.014103577098554254,-0.009999999999999787,-0.010000000000000231,0.7751289418861214,-0.09494062500793053,0.7499,-0.0040999999999999
2005-12-14,506.5,2.1,2.35,-0.028225718064629035,-0.06000000000000005,-0.029999999999999805,0.7705543444649476,0.07884126919687322,0.7162,-0.0337
2005-12-15,503.8999938964844,2.12,2.35,-0.005146500114738828,0.020000000000000018,0.0,0.7634948173467749,0.0502939934191092,0.7149,-0.0012999999999999
2005-12-16,503.3999938964844,2.11,2.34,-0.000992752997367674,-0.010000000000000231,-0.010000000000000231,0.743213304033167,0.051493166972344726,0.7046,-0.0102999999999999
2005-12-19,503.6000061035156,2.11,2.34,0.00039724371332994224,0.0,0.0,0.7236981998728175,0.04427875755569111,0.6961,-0.0084999999999999
2005-12-20,494.6000061035156,2.12,2.35,-0.018032946862338584,0.010000000000000231,0.010000000000000231,0.6995839014147309,0.034779894626265864,0.7005,0.0043999999999999
2005-12-21,493.0,2.14,2.35,-0.0032401933849328657,0.020000000000000018,0.0,0.6827679463490339,0.051767485041579034,0.7089,0.0083999999999999
2005-12-22,502.70001220703125,2.11,2.33,0.019484420938773894,-0.03000000000000025,-0.020000000000000018,0.6430983117975393,0.013892090956946048,0.6887,-0.0201999999999999
2005-12-23,503.0,2.07,2.31,0.0005965751182754886,-0.040000000000000036,-0.020000000000000018,0.5550624592965839,0.023742600225209052,0.6584,-0.0302999999999999
2005-12-28,514.2000122070312,2.1,2.28,0.012130870993157572,0.050000000000000266,-0.010000000000000231,0.4464760902622571,-0.0019420001910344443,0.6462,0.0097
2005-12-29,515.7000122070312,2.07,2.3,0.0029129061560730918,-0.03000000000000025,0.020000000000000018,0.49889707496633584,-0.002415369568153059,0.6426,-0.0036
2005-12-30,517.0999755859375,2.06,2.33,0.002711007461035919,-0.009999999999999787,0.03000000000000025,0.5215123777810451,-0.007355685470003377,0.6442,0.0016
2006-01-04,533.9000244140625,2.01,2.35,0.006011688398317894,-0.020000000000000018,0.010000000000000231,0.06518357964153557,0.04184093465074947,0.6074,-0.0162999999999999
2006-01-05,526.2999877929688,2.04,2.32,-0.014337232068243111,0.03000000000000025,-0.03000000000000025,-0.022282120479544087,0.012975193285828728,0.6044,-0.003
2006-01-06,539.7000122070312,2.05,2.33,0.025142083077097865,0.009999999999999787,0.010000000000000231,-0.1321684574798877,0.03540439035746177,0.6115,0.0070999999999999
2006-01-09,549.0999755859375,2.05,2.33,0.017267077580089385,0.0,0.0,-0.2876555358934195,0.052119294916335754,0.6119,0.0003999999999999
2006-01-10,544.2999877929688,2.06,2.37,-0.008779986809739349,0.010000000000000231,0.040000000000000036,-0.35907061654140165,0.06200984477611866,0.627,0.0151
2006-01-11,548.7999877929688,2.07,2.39,0.008233511155416373,0.009999999999999787,0.020000000000000018,-0.4422536829606375,0.10058613706758109,0.6408,0.0138
2006-01-12,548.2999877929688,2.01,2.41,-0.0009114940219561163,-0.06000000000000005,0.020000000000000018,-0.5110098486054037,0.13485854824088958,0.6254,-0.0154
2006-01-13,556.0999755859375,1.97,2.39,0.014125530144642795,-0.039999999999999813,-0.020000000000000018,-0.5915871605924927,0.11513234316577704,0.595,-0.0303999999999999
2006-01-18,543.7000122070312,1.97,2.37,-0.017683464865656973,0.020000000000000018,-0.020000000000000018,-0.6428214779650383,0.03958684635143529,0.5722,-0.0024999999999999
2006-01-19,558.4000244140625,1.97,2.41,0.02667794856596828,0.0,0.040000000000000036,-0.672607314153317,0.03941842849812511,0.5863,0.0141
2006-01-20,553.5,1.94,2.43,-0.00881384302092858,-0.030000000000000027,0.020000000000000018,-0.6950217118038932,0.061718995810582065,0.585,-0.0013
2006-01-23,558.2999877929688,1.94,2.42,0.008634678302978038,0.0,-0.010000000000000231,-0.7274136468598721,0.03914096130428249,0.5788,-0.0061999999999999
2006-01-24,557.7000122070312,1.97,2.43,-0.001075225167993743,0.030000000000000027,0.010000000000000231,-0.7473164865760166,0.0483621353217443,0.5866,0.0078
2006-01-25,562.2000122070312,2.03,2.46,0.008036474901724766,0.05999999999999983,0.029999999999999805,-0.7744956838762131,0.03016630759476186,0.6228,0.0362
2006-01-26,559.7000122070312,2.01,2.52,-0.004456732478133496,-0.020000000000000018,0.06000000000000005,-0.8184433508879424,0.03857975018814511,0.6442,0.0213999999999999
2006-01-27,558.7000122070312,2.02,2.5,-0.0017882693931730032,0.010000000000000231,-0.020000000000000018,-0.8394620086929753,0.026920729880322056,0.6493,0.0050999999999999
2006-01-30,565.7999877929688,2.03,2.51,0.012627958978555398,0.009999999999999787,0.009999999999999787,-0.8133360943717318,-0.13882086584810602,0.6534,0.0040999999999999
2006-01-31,570.7999877929688,2.0,2.53,0.008798226924202623,-0.029999999999999805,0.020000000000000018,-0.7980926891511895,-0.1309171204320627,0.6515,-0.0019
2006-02-01,569.4000244140625,2.02,2.55,-0.0024556464960943103,0.020000000000000018,0.020000000000000018,-0.7702244458302573,-0.1485483408178552,0.6657,0.0141999999999999
2006-02-02,572.5,2.04,2.53,0.00542951770763711,0.020000000000000018,-0.020000000000000018,-0.7181092037682503,-0.14322328772911397,0.6687,0.003
2006-02-03,567.4000244140625,2.0,2.54,-0.008948170025688817,-0.040000000000000036,0.010000000000000231,-0.683861525858388,-0.0636967560545036,0.6585,-0.0101999999999999
2006-02-06,570.2000122070312,2.0,2.55,0.004922632484197997,0.0,0.009999999999999787,-0.6179217565811299,-0.04442635954393364,0.6558,-0.0026999999999999
2006-02-07,551.0,2.02,2.55,-0.03425238873398939,0.020000000000000018,0.0,-0.5547693545023527,-0.08527711859114684,0.6595,0.0036999999999999
2006-02-08,550.0999755859375,2.07,2.49,-0.0016347736526389767,0.04999999999999982,-0.05999999999999961,-0.49856558362888387,-0.11304838559545495,0.6697,0.0101999999999999
2006-02-09,564.5,2.05,2.49,0.025840348089440468,-0.020000000000000018,0.0,-0.4535830552199168,-0.1355850900936257,0.6668,-0.0029
2006-02-10,550.2000122070312,2.09,2.5,-0.02565851291270782,0.040000000000000036,0.009999999999999787,-0.34074203189035945,-0.26241422413901083,0.6816,0.0148
2006-02-13,539.0,2.08,2.5,-0.020566299768010943,-0.009999999999999787,0.0,-0.3050265821307519,-0.23618767935578333,0.6768,-0.0048
2006-02-14,545.9000244140625,2.14,2.48,0.012720282601304866,0.06000000000000005,-0.020000000000000018,-0.27144568561456084,-0.16954948419977237,0.6863,0.0095
2006-02-15,539.7000122070312,2.13,2.48,-0.011422401267526361,-0.010000000000000231,0.0,-0.3367670780200257,-0.10140665837641855,0.6868,0.0004999999999999
2006-02-16,546.0,2.1,2.49,0.011605523502129067,-0.029999999999999805,0.010000000000000231,-0.3934603799092934,-0.11806527600183657,0.684,-0.0027999999999999
2006-02-17,551.7999877929688,2.03,2.51,0.010566663916078411,-0.07000000000000028,0.019999999999999574,-0.4219003704536587,-0.12709325210451755,0.6622,-0.0218
2006-02-22,553.9000244140625,2.01,2.52,0.0,-0.03000000000000025,-0.009999999999999787,-0.4093286686255459,-0.15132815347526352,0.652,-0.0145999999999999
2006-02-23,548.4000244140625,2.03,2.53,-0.009979216908845956,0.020000000000000018,0.009999999999999787,-0.39270099137759157,-0.1590559727664817,0.6618,0.0098
2006-02-24,558.7999877929688,2.02,2.56,0.018786613330853186,-0.009999999999999787,0.03000000000000025,-0.3781293896323682,-0.17377058644540366,0.6689,0.0070999999999999
2006-02-27,554.7000122070312,2.04,2.55,-0.007364156469990668,0.020000000000000018,-0.010000000000000231,-0.39200205957626316,-0.20133508889612778,0.6752,0.0062999999999999
2006-02-28,561.5999755859375,2.02,2.53,0.012362360171532139,-0.020000000000000018,-0.020000000000000018,-0.40013710317872314,-0.18169658561329208,0.6567,-0.0185
2006-03-01,563.5,2.02,2.57,0.003377524240564256,0.0,0.040000000000000036,-0.4364999387822994,-0.19364125882343738,0.6643,0.0076
2006-03-02,568.2000122070312,2.05,2.59,0.008306157423943361,0.029999999999999805,0.020000000000000018,-0.49797116416421766,-0.15362003159811763,0.6884,0.0241
2006-03-03,566.0,2.07,2.61,-0.0038794127005914447,0.020000000000000018,0.020000000000000018,-0.4705376856927428,-0.16302159403737845,0.7115,0.0231
2006-03-06,554.9000244140625,2.14,2.6,-0.019806116874099722,0.07000000000000028,-0.009999999999999787,-0.5253876724572327,-0.2800063968634437,0.7378,0.0262999999999999
2006-03-07,552.7000122070312,2.16,2.58,-0.003972580403686976,0.020000000000000018,-0.020000000000000018,-0.5536503482101257,-0.2802285422689298,0.7465,0.0087
2006-03-08,542.5,2.2,2.53,-0.018627295510781572,0.040000000000000036,-0.050000000000000266,-0.6259468178478594,-0.3138126011073165,0.7469,0.0003999999999999
2006-03-09,545.5,2.2,2.54,0.005514719858510375,0.0,0.010000000000000231,-0.6395890705318901,-0.3729957328555266,0.7464,-0.0005
2006-03-10,539.9000244140625,2.23,2.53,-0.010318822829283647,0.029999999999999805,-0.010000000000000231,-0.6784786437396222,-0.39626472138356456,0.7541,0.0077
2006-03-13,546.0999755859375,2.24,2.53,0.01141808200805361,0.010000000000000231,0.0,-0.6771647519127236,-0.3880062789766956,0.7586,0.0045
2006-03-14,551.7000122070312,2.17,2.54,0.010202377952701625,-0.07000000000000028,0.010000000000000231,-0.6661443351410566,-0.4201971981088382,0.7283,-0.0303000000000001
2006-03-15,553.0999755859375,2.18,2.55,0.0025343304556217916,0.010000000000000231,0.009999999999999787,-0.6344025175147611,-0.40421648893007933,0.7259,-0.0023999999999999
2006-03-16,554.4000244140625,2.12,2.53,0.0023477190523832903,-0.06000000000000005,-0.020000000000000018,-0.6177691868223406,-0.39488336459205053,0.6921,-0.0337999999999999
2006-03-17,554.0999755859375,2.16,2.52,-0.0005413601000503476,0.040000000000000036,-0.009999999999999787,-0.6075918813504307,-0.3969503405816439,0.6945,0.0023999999999999
2006-03-20,555.2000122070312,2.15,2.51,0.0019832993667705523,-0.010000000000000231,-0.010000000000000231,-0.5645375232343095,-0.4377279292959435,0.6865,-0.008
2006-03-21,552.4000244140625,2.23,2.48,-0.005055965447838595,0.08000000000000007,-0.029999999999999805,-0.4930187643115211,-0.42675303636922274,0.706,0.0194999999999999
2006-03-22,550.9000244140625,2.23,2.47,-0.0027191169361273637,0.0,-0.009999999999999787,-0.5008689129026822,-0.4473503905145994,0.7079,0.0019
2006-03-23,550.0999755859375,2.24,2.49,-0.0014533132950802496,0.010000000000000231,0.020000000000000018,-0.5037877041761832,-0.4529931512470513,0.722,0.0141
2006-03-24,560.0,2.2,2.47,0.017836748228918786,-0.040000000000000036,-0.020000000000000018,-0.42715253801835557,-0.47721913640023417,0.7004,-0.0215999999999999
2006-03-27,567.0,2.23,2.47,0.012422519998557036,0.029999999999999805,0.0,-0.3125363040367951,-0.4120003904776435,0.7082,0.0078
2006-03-28,566.5999755859375,2.3,2.49,-0.0007057594200450268,0.06999999999999984,0.020000000000000018,-0.21663136295813826,-0.4676721072026113,0.7429,0.0346999999999999
2006-03-29,573.0,2.32,2.49,0.011232172407033225,0.020000000000000018,0.0,-0.0330001155157127,-0.5281916547967693,0.7611,0.0181999999999999
2006-03-30,586.7000122070312,2.35,2.51,0.023627920023331583,0.03000000000000025,0.019999999999999574,0.19268936869247352,-0.47876220282258003,0.7842,0.0231
2006-03-31,581.7999877929688,2.35,2.51,-0.008386911658461393,0.0,0.0,0.3007774263776257,-0.4458289003770668,0.7891,0.0049
2006-04-03,589.4000244140625,2.36,2.52,0.012978386645873918,0.009999999999999787,0.010000000000000231,0.39766864358597376,-0.41762563827528626,0.7964,0.0072999999999999
2006-04-04,586.0,2.38,2.49,-0.005785322148471828,0.020000000000000018,-0.029999999999999805,0.4697560469316365,-0.4198252150870332,0.7912,-0.0051999999999999
2006-04-05,587.9000244140625,2.34,2.5,0.0032371173587728563,-0.040000000000000036,0.009999999999999787,0.51307884164576,-0.4281074136679582,0.7785,-0.0127
2006-04-06,595.2000122070312,2.38,2.52,0.012340597092221905,0.040000000000000036,0.020000000000000018,0.5514534498594296,-0.3899874187870519,0.7926,0.0141
2006-04-07,588.4000244140625,2.43,2.54,-0.011490473808437152,0.050000000000000266,0.020000000000000018,0.6108265427942409,-0.4033800836787641,0.8214,0.0288
2006-04-10,597.5999755859375,2.41,2.56,0.0155145627455191,-0.020000000000000018,0.020000000000000018,0.6516696678824625,-0.42654296605490505,0.8268,0.0053999999999999
2006-04-11,595.2000122070312,2.37,2.56,-0.004024088937081949,-0.040000000000000036,0.0,0.7007891816809189,-0.3626793026031995,0.8149,-0.0119
2006-04-12,597.5,2.41,2.57,0.0038567797776591917,0.040000000000000036,0.009999999999999787,0.7681976010672757,-0.3534175764876997,0.8266,0.0117
2006-04-13,596.5,2.48,2.57,-0.001675042267695659,0.06999999999999984,0.0,0.8420256157304986,-0.36899979519743026,0.8545,0.0279
2006-04-18,620.0,2.38,2.61,0.007446975479337148,-0.050000000000000266,0.029999999999999805,0.8805155139886206,-0.39006682407945165,0.8262,-0.0177999999999999
2006-04-19,632.5999755859375,2.38,2.66,0.020118794239203375,0.0,0.050000000000000266,0.8505776306792602,-0.38172343658145763,0.84,0.0137999999999999
2006-04-20,619.7999877929688,2.42,2.62,-0.020441446619806847,0.040000000000000036,-0.040000000000000036,0.8521764747324935,-0.3817255491956096,0.8481,0.0080999999999999
2006-04-21,632.2000122070312,2.39,2.62,0.019808993431795763,-0.029999999999999805,0.0,0.8339781406316132,-0.405750453334777,0.8406,-0.0074999999999999
2006-04-24,620.5999755859375,2.39,2.6,-0.018519106415500808,0.0,-0.020000000000000018,0.8343643762574872,-0.35705350444002226,0.8273,-0.0132999999999999
2006-04-25,631.0,2.47,2.6,0.016619149866383687,0.08000000000000007,0.0,0.8476727816459977,-0.2778136911300319,0.8519,0.0245999999999999
2006-04-26,638.7999877929688,2.51,2.61,0.012285534690327893,0.03999999999999959,0.009999999999999787,0.855340464119497,-0.24678204546367305,0.8715,0.0196
2006-04-27,633.2999877929688,2.45,2.64,-0.008647172984430185,-0.05999999999999961,0.03000000000000025,0.851660036416674,-0.16909802756513315,0.8605,-0.011
2006-04-28,651.7999877929688,2.39,2.68,0.028793523428165102,-0.06000000000000005,0.040000000000000036,0.8175256891999411,-0.2718684255998673,0.8508,-0.0097
2006-05-01,657.5,2.42,2.72,0.008707016376644283,0.029999999999999805,0.040000000000000036,0.7914825879276746,-0.25805196587140694,0.8731,0.0222999999999999
2006-05-02,664.7000122070312,2.43,2.69,0.010891065360339347,0.010000000000000231,-0.03000000000000025,0.7728187199141114,-0.26295452079774095,0.8714,-0.0017
2006-05-03,665.9000244140625,2.47,2.68,0.0018037163675730383,0.040000000000000036,-0.009999999999999787,0.7639067556090052,-0.2337515223765049,0.8838,0.0124
2006-05-04,674.2000122070312,2.49,2.67,0.012387275126077846,0.020000000000000018,-0.010000000000000231,0.7567631555492942,-0.23527664492520348,0.8907,0.0069
2006-05-05,682.2000122070312,2.45,2.67,0.0117960669722601,-0.040000000000000036,0.0,0.7201528453965966,-0.24466304446725026,0.8753,-0.0154
2006-05-08,677.7999877929688,2.45,2.67,-0.006470646715002637,0.0,0.0,0.6982779323788073,-0.2076278264333044,0.8711,-0.0041999999999999
2006-05-09,699.4000244140625,2.43,2.7,0.03137061837326005,-0.020000000000000018,0.03000000000000025,0.6519670604370246,-0.24606770382579674,0.8688,-0.0022999999999999
2006-05-10,703.7000122070312,2.43,2.7,0.006129286783000509,0.0,0.0,0.590801266189179,-0.22571728721803574,0.8675,-0.0012999999999999
2006-05-11,719.7999877929688,2.43,2.71,0.02262123236658109,0.0,0.009999999999999787,0.5241794680687365,-0.2297970938112178,0.8811,0.0135999999999999
2006-05-12,710.2999877929688,2.47,2.72,-0.013285979867985631,0.040000000000000036,0.010000000000000231,0.5293205664161751,-0.2991505053264669,0.9019,0.0208
2006-05-15,683.5999755859375,2.47,2.68,-0.03831448329054776,0.0,-0.040000000000000036,0.5141795010031566,-0.25550999935727114,0.893,-0.0089
2006-05-16,691.5,2.44,2.66,0.011490235577337415,-0.03000000000000025,-0.020000000000000018,0.4824743779149436,-0.26674190097847716,0.8731,-0.0199
2006-05-17,690.5,2.47,2.69,-0.0014471782554661416,0.03000000000000025,0.029999999999999805,0.47388852203559817,-0.2664889312074816,0.8909,0.0178
2006-05-18,679.5999755859375,2.41,2.67,-0.015911618975735564,-0.06000000000000005,-0.020000000000000018,0.3895900712264764,-0.18880729491388185,0.8609,-0.03
2006-05-19,656.7000122070312,2.43,2.62,-0.03427704208824078,0.020000000000000018,-0.04999999999999982,0.34430650114468586,-0.22471171881782157,0.8482,-0.0127
2006-05-22,657.0,2.43,2.61,0.000456706699239362,0.0,-0.010000000000000231,0.35575122212905963,-0.1964231694169473,0.8361,-0.0121
2006-05-23,673.0,2.44,2.63,0.024061311160117782,0.009999999999999787,0.020000000000000018,0.3378524105569203,-0.17276345460487497,0.8423,0.0062
2006-05-24,637.0,2.42,2.61,-0.05497567407256465,-0.020000000000000018,-0.020000000000000018,0.26136154937001815,-0.10960358537982033,0.8301,-0.0122000000000001
2006-05-25,648.4000244140625,2.46,2.61,0.01773817194213745,0.040000000000000036,0.0,0.21661053729071233,-0.08574997633111997,0.8447,0.0146
2006-05-26,650.9000244140625,2.44,2.62,0.0038482305722018495,-0.020000000000000018,0.010000000000000231,0.33948331824995764,-0.07745158215686038,0.8398,-0.0049
2006-05-31,642.5,2.48,2.64,-0.017587655133934454,0.029999999999999805,0.0,0.22486590101063011,-0.02400607460035071,0.8681,0.0156999999999999
2006-06-01,627.5999755859375,2.46,2.65,-0.023463834811171758,-0.020000000000000018,0.009999999999999787,0.13051458748399938,0.005924743009452757,0.8686,0.0005
2006-06-02,635.5,2.37,2.63,0.012509108671305391,-0.08999999999999986,-0.020000000000000018,0.16407477696536524,-0.00742918120436437,0.8224,-0.0462
2006-06-05,643.2000122070312,2.4,2.62,0.012043646213840908,0.029999999999999805,-0.009999999999999787,0.13689967771786893,0.03361617707178361,0.822,-0.0004
2006-06-06,629.4000244140625,2.44,2.57,-0.021688713423621664,0.040000000000000036,-0.050000000000000266,0.049133463838251255,-0.006306895640133727,0.8139,-0.0080999999999999
2006-06-07,627.4000244140625,2.48,2.54,-0.0031826887500772116,0.040000000000000036,-0.029999999999999805,0.02805354523433395,-0.07465721851587394,0.8186,0.0047
2006-06-08,609.0999755859375,2.47,2.53,-0.029601916909403947,-0.009999999999999787,-0.010000000000000231,0.036263362068668495,-0.08656052620429862,0.8074,-0.0111999999999999
2006-06-09,608.2000122070312,2.45,2.53,-0.0014786224462310926,-0.020000000000000018,0.0,0.026374890222361894,-0.11190416513801657,0.7968,-0.0106
2006-06-12,606.7999877929688,2.45,2.54,-0.002304567956697312,0.0,0.010000000000000231,-0.01037227277508602,-0.021327853249592688,0.7913,-0.0054999999999999
2006-06-13,562.5,2.44,2.53,-0.07580809327874327,-0.010000000000000231,-0.010000000000000231,0.006906428272992622,0.003133804285055406,0.7796,-0.0117
2006-06-14,562.2999877929688,2.5,2.55,-0.00035564048952707594,0.06000000000000005,0.020000000000000018,-0.1500031062484959,0.009853830362330576,0.8109,0.0312999999999999
2006-06-15,566.5,2.52,2.58,0.0074415868790129736,0.020000000000000018,0.03000000000000025,-0.30052278815978634,0.008022803591405073,0.838,0.0271
2006-06-16,578.0,2.54,2.59,0.020096788204316596,0.020000000000000018,0.009999999999999787,-0.43057328155529506,0.014193063225631275,0.855,0.017
2006-06-19,568.7999877929688,2.58,2.56,-0.016045011644372664,0.040000000000000036,-0.029999999999999805,-0.5156831750014771,0.030582816734392858,0.8596,0.0046
2006-06-20,576.9000244140625,2.58,2.57,0.014140126554238464,0.0,0.009999999999999787,-0.5614553777098217,0.026269698446980627,0.8622,0.0025999999999999
2006-06-21,587.5,2.59,2.57,0.018207262436070515,0.009999999999999787,0.0,-0.573355728404128,0.0748934070987827,0.864,0.0018
2006-06-22,582.2000122070312,2.61,2.59,-0.009062193739715951,0.020000000000000018,0.020000000000000018,-0.5867975315295774,0.07619673791831039,0.8814,0.0173999999999999
2006-06-23,584.7999877929688,2.64,2.59,0.004455835283113885,0.03000000000000025,0.0,-0.5941671714139216,0.09831010843565657,0.8947,0.0133
2006-06-26,584.7999877929688,2.67,2.58,0.0,0.029999999999999805,-0.009999999999999787,-0.6295331531795112,0.11681113604707803,0.8976,0.0028999999999999
2006-06-27,581.5999755859375,2.63,2.58,-0.005487003319815109,-0.040000000000000036,0.0,-0.6585094951819505,0.10684497670923972,0.8805,-0.0171
2006-06-28,578.2999877929688,2.68,2.57,-0.0056901401861999545,0.050000000000000266,-0.010000000000000231,-0.6701319830238935,0.13671848521922017,0.8922,0.0117
2006-06-29,586.5,2.61,2.61,0.014079924037833536,-0.07000000000000028,0.040000000000000036,-0.7036443678441767,0.05554872886330733,0.8785,-0.0137
2006-06-30,613.5,2.54,2.61,0.04500759605743543,-0.06999999999999984,0.0,-0.6874990347320846,-0.12336627749325312,0.8508,-0.0276999999999999
2006-07-06,634.0999755859375,2.59,2.6,0.010781756561014433,-0.040000000000000036,0.0,-0.5725955596280345,-0.040503006826424395,0.8631,-0.0072999999999999
2006-07-07,632.7999877929688,2.55,2.59,-0.002052235041134054,-0.040000000000000036,-0.010000000000000231,-0.5394624845137561,-0.044876001377727855,0.8406,-0.0224999999999999
2006-07-10,624.0999755859375,2.56,2.57,-0.013843824341774003,0.010000000000000231,-0.020000000000000018,-0.5074814836928226,-0.10362683649348113,0.8294,-0.0111999999999999
2006-07-11,641.2000122070312,2.53,2.57,0.027030866952022947,-0.03000000000000025,0.0,-0.4781583301052361,-0.16409990058126028,0.8157,-0.0137
2006-07-12,649.4000244140625,2.54,2.56,0.012707457490355623,0.010000000000000231,-0.009999999999999787,-0.4260276640025299,-0.15675551848265729,0.8125,-0.0031999999999999
2006-07-13,652.9000244140625,2.51,2.57,0.005375118322307415,-0.03000000000000025,0.009999999999999787,-0.39217456046570226,-0.16325362541470673,0.7995,-0.013
2006-07-14,666.5999755859375,2.5,2.57,0.02076611366303105,-0.009999999999999787,0.0,-0.37899688773515516,-0.15264589093023687,0.791,-0.0084999999999999
2006-07-17,650.5999755859375,2.49,2.58,-0.024295152735088976,-0.009999999999999787,0.010000000000000231,-0.37955273044364224,-0.16211954777312515,0.7892,-0.0018
2006-07-18,628.2999877929688,2.55,2.58,-0.034877236533558786,0.05999999999999961,0.0,-0.34235854710096497,-0.19994543431183176,0.8108,0.0215999999999999
2006-07-19,641.5999755859375,2.49,2.57,0.020947278520226043,-0.05999999999999961,-0.010000000000000231,-0.31213921157457586,-0.25364309395815765,0.7849,-0.0258999999999999
2006-07-20,631.7000122070312,2.45,2.58,-0.015550401271710257,-0.040000000000000036,0.010000000000000231,-0.31403598098518587,-0.1987522749252031,0.7675,-0.0174
2006-07-21,619.5999755859375,2.49,2.56,-0.019340548088979226,0.040000000000000036,-0.020000000000000018,-0.30644524379009663,-0.2203950353889861,0.7718,0.0043
2006-07-24,612.7000122070312,2.49,2.56,-0.011198629484820977,0.0,0.0,-0.3124927571524294,-0.23793905788376638,0.772,0.0001999999999999
2006-07-25,617.5999755859375,2.48,2.59,0.007965519525074072,-0.010000000000000231,0.029999999999999805,-0.3288998918096155,-0.2429478535599351,0.7793,0.0072999999999999
2006-07-26,621.5999755859375,2.44,2.6,0.006455800597250594,-0.040000000000000036,0.010000000000000231,-0.3517123897414699,-0.24746044888590846,0.7697,-0.0095999999999999
2006-07-27,632.4000244140625,2.47,2.6,0.017225384163452873,0.03000000000000025,0.0,-0.49367322232753497,-0.3354661255115907,0.7714,0.0016999999999999
2006-07-28,634.7999877929688,2.41,2.59,0.003787825481798457,-0.06000000000000005,-0.010000000000000231,-0.5755529986786713,-0.32326540941486487,0.7525,-0.0189
2006-07-31,634.2000122070312,2.41,2.58,-0.0009455880703592712,0.0,-0.009999999999999787,-0.6291457934116301,-0.3296868741029417,0.7454,-0.0070999999999999
2006-08-01,646.2999877929688,2.4,2.59,0.0188993920291205,-0.010000000000000231,0.009999999999999787,-0.6680785284715626,-0.3561703249770452,0.7395,-0.0058999999999999
2006-08-02,651.5999755859375,2.36,2.6,0.008167065878734725,-0.040000000000000036,0.010000000000000231,-0.6936761417709145,-0.32790547137744186,0.7299,-0.0096
2006-08-03,644.9000244140625,2.35,2.61,-0.010335535386562178,-0.009999999999999787,0.009999999999999787,-0.7000634576597926,-0.32792965683139796,0.7272,-0.0027
2006-08-04,644.0,2.3,2.61,-0.0013965777691060666,-0.050000000000000266,0.0,-0.68467097237046,-0.3310622426152414,0.7037,-0.0234999999999999
2006-08-07,647.7999877929688,2.29,2.64,0.005883261789048078,-0.009999999999999787,0.03000000000000025,-0.6736534271057738,-0.31804505855608095,0.7037,0.0
2006-08-08,645.7000122070312,2.27,2.66,-0.0032469693558683232,-0.020000000000000018,0.020000000000000018,-0.6436309403197863,-0.32219151213307723,0.7042,0.0005
2006-08-09,650.5,2.28,2.64,0.007406279415026695,0.009999999999999787,-0.020000000000000018,-0.6111665339949347,-0.31433344247198863,0.7119,0.0076999999999999
2006-08-10,634.9000244140625,2.3,2.63,-0.02427375332275883,0.020000000000000018,-0.010000000000000231,-0.5516120587800843,-0.3582397747440229,0.7169,0.005
2006-08-11,633.5,2.33,2.64,-0.002207544868607414,0.03000000000000025,0.010000000000000231,-0.4329086288083879,-0.3513364198846403,0.7345,0.0176
2006-08-14,628.5,2.36,2.64,-0.007923971730892099,0.029999999999999805,0.0,-0.31876185540365687,-0.3464249823875028,0.7476,0.0131
2006-08-15,622.5,2.32,2.61,-0.009592399691439546,-0.040000000000000036,-0.03000000000000025,-0.21965892625439956,-0.2120638498416895,0.7243,-0.0232999999999999
2006-08-16,628.7000122070312,2.28,2.59,0.009910586466458149,-0.040000000000000036,-0.020000000000000018,-0.13958956442785167,-0.4329843771790976,0.6947,-0.0296
2006-08-17,615.4000244140625,2.28,2.59,-0.021381712245520212,0.0,0.0,-0.04381932063571609,-0.421563861386997,0.6881,-0.0065999999999999
2006-08-18,612.0999755859375,2.26,2.58,-0.005376874588518987,-0.020000000000000018,-0.009999999999999787,0.06078833218656791,-0.42630367821590753,0.6711,-0.017
2006-08-21,625.7000122070312,2.23,2.59,0.021975414542435345,-0.029999999999999805,0.009999999999999787,0.14926049549079962,-0.4290447254587279,0.6602,-0.0109
2006-08-22,624.5999755859375,2.22,2.6,-0.0017596367522552114,-0.009999999999999787,0.010000000000000231,0.17042010842002883,-0.4158738293089844,0.6567,-0.0035
2006-08-23,623.7000122070312,2.25,2.57,-0.0014419026574250537,0.029999999999999805,-0.03000000000000025,0.1505421982847915,-0.43491524551899247,0.6578,0.0011000000000001
2006-08-24,619.5,2.28,2.53,-0.006756802034839637,0.029999999999999805,-0.040000000000000036,0.11975106616842704,-0.4316508419223149,0.6554,-0.0024
2006-08-25,622.0,2.24,2.55,0.00402739166998245,-0.03999999999999959,0.020000000000000018,0.03403295104737074,-0.4532117595027973,0.6485,-0.0069
2006-08-28,615.2999877929688,2.28,2.52,-0.010830158831888426,0.03999999999999959,-0.029999999999999805,-0.009369466829735891,-0.48913780835343285,0.6502,0.0017
2006-08-29,610.7000122070312,2.29,2.5,-0.007504073689613477,0.010000000000000231,-0.020000000000000018,0.03750263870038072,-0.38929419691012423,0.6504,0.0001999999999999
2006-08-30,617.7000122070312,2.28,2.48,0.011397062246246925,-0.010000000000000231,-0.020000000000000018,0.001557855193603007,-0.3131840158770054,0.6436,-0.0068
2006-08-31,625.9000244140625,2.24,2.5,0.013187730473061876,-0.03999999999999959,0.020000000000000018,-2.5070275166493912e-05,-0.41037869708647623,0.6325,-0.0110999999999999
2006-09-01,624.4000244140625,2.25,2.48,-0.002399425195673821,0.009999999999999787,-0.020000000000000018,0.06727968671374218,-0.3518162106960142,0.6299,-0.0025999999999999
2006-09-06,633.5,2.32,2.48,-0.00786167571139984,0.009999999999999787,0.009999999999999787,0.3091126983498297,-0.1691507400661107,0.6664,0.0153999999999999
2006-09-07,617.0,2.34,2.46,-0.026390975855806076,0.020000000000000018,-0.020000000000000018,0.3635557058982134,-0.1969374644179447,0.668,0.0016
2006-09-08,609.5999755859375,2.35,2.43,-0.01206605958226703,0.010000000000000231,-0.029999999999999805,0.3277067279450279,-0.27625817970888733,0.6643,-0.0037
2006-09-11,590.0,2.38,2.42,-0.032680427423356306,0.029999999999999805,-0.010000000000000231,0.11939818369987402,-0.3234696583378434,0.6738,0.0094999999999999
2006-09-12,586.9000244140625,2.36,2.42,-0.00526804773714229,-0.020000000000000018,0.0,-0.03011917979247394,-0.31659390434904305,0.6664,-0.0073999999999999
2006-09-13,589.0999755859375,2.35,2.42,0.0037414179220336408,-0.009999999999999787,0.0,-0.21119478194878077,-0.31857288980687953,0.6606,-0.0058
2006-09-14,579.2999877929688,2.35,2.44,-0.01677545005411485,0.0,0.020000000000000018,-0.3753448454633027,-0.2857609719830083,0.6695,0.0089
2006-09-15,576.4000244140625,2.38,2.42,-0.0050185505490638604,0.029999999999999805,-0.020000000000000018,-0.5288978525897456,-0.29177405533874445,0.6754,0.0059
2006-09-18,586.2000122070312,2.39,2.42,0.016859142619318312,0.010000000000000231,0.0,-0.5918697598429836,-0.2719131609934976,0.6814,0.006
2006-09-19,576.7999877929688,2.35,2.39,-0.01616548429342579,-0.040000000000000036,-0.029999999999999805,-0.6186946951429095,-0.19981874941122366,0.6505,-0.0309
2006-09-20,580.0,2.39,2.34,0.005532538733095116,0.040000000000000036,-0.050000000000000266,-0.6476887942881445,-0.16307124706856874,0.6442,-0.0062999999999999
2006-09-21,582.2000122070312,2.31,2.34,0.0037859487381330936,-0.08000000000000007,0.0,-0.6314391440748078,-0.1992758668207082,0.6086,-0.0355999999999999
2006-09-22,589.4000244140625,2.27,2.33,0.01229105944688591,-0.040000000000000036,-0.009999999999999787,-0.595898172890864,-0.21450474521519192,0.5839,-0.0247
2006-09-25,589.9000244140625,2.24,2.32,0.000847960670326664,-0.029999999999999805,-0.010000000000000231,-0.5652851087847068,-0.22294321590440028,0.5625,-0.0213999999999999
2006-09-26,591.2000122070312,2.25,2.34,0.002201317886068921,0.009999999999999787,0.020000000000000018,-0.5826469193316367,-0.20659544910803893,0.5714,0.0089
2006-09-27,597.2999877929688,2.26,2.34,0.010265089019362073,0.009999999999999787,0.0,-0.5811627508197712,-0.22066543863266225,0.5768,0.0053999999999999
2006-09-28,605.0,2.27,2.36,0.012808978729600184,0.010000000000000231,0.020000000000000018,-0.5783370092411949,-0.17522564599094934,0.5879,0.0110999999999999
2006-09-29,598.5999755859375,2.27,2.37,-0.010634903397513717,0.0,0.010000000000000231,-0.5655112552355531,-0.18046183901693363,0.5975,0.0096
2006-10-02,597.7000122070312,2.27,2.35,-0.001504578379778465,0.0,-0.020000000000000018,-0.5511816341433367,-0.1899851739533797,0.5903,-0.0071999999999999
2006-10-03,576.2999877929688,2.29,2.33,-0.03646063899265961,0.020000000000000018,-0.020000000000000018,-0.4969807662116299,-0.17376220858629304,0.5876,-0.0027
2006-10-04,562.0,2.27,2.3,-0.025126487367199246,-0.020000000000000018,-0.03000000000000025,-0.38243219527271505,-0.12667936617587866,0.565,-0.0226
2006-10-05,571.0,2.31,2.3,0.015887359762319697,0.040000000000000036,0.0,-0.34686688438461355,-0.07035055550557134,0.5764,0.0114
2006-10-06,572.4000244140625,2.37,2.33,0.0024488806783855566,0.06000000000000005,0.03000000000000025,-0.37235562693816143,-0.03766072977460753,0.6147,0.0383
2006-10-11,572.2999877929688,2.45,2.33,0.0006991144746191225,0.03000000000000025,0.0,-0.4145354293613404,0.01625378781928827,0.6566,0.0147999999999999
2006-10-12,576.2999877929688,2.44,2.35,0.006965029175610482,-0.010000000000000231,0.020000000000000018,-0.4299649047452514,0.0077558412479562504,0.6544,-0.0021999999999999
2006-10-13,588.7999877929688,2.47,2.34,0.02145820942172616,0.03000000000000025,-0.010000000000000231,-0.3901882775026525,0.061661317565192185,0.6633,0.0089
2006-10-16,594.7000122070312,2.45,2.34,0.00997055055630014,-0.020000000000000018,0.0,-0.30452640388694624,0.09135507116775558,0.6553,-0.008
2006-10-17,589.7000122070312,2.46,2.32,-0.008443143532049113,0.009999999999999787,-0.020000000000000018,-0.22919986071007115,0.08974882823687443,0.6444,-0.0109
2006-10-18,588.9000244140625,2.46,2.31,-0.0013575222992834313,0.0,-0.009999999999999787,-0.19872635446117515,-0.0074440752973381616,0.6383,-0.0060999999999999
2006-10-19,599.0,2.49,2.3,0.01700516670786545,0.03000000000000025,-0.010000000000000231,-0.11188050153383056,0.031401408106342905,0.6443,0.006
2006-10-20,593.0,2.49,2.3,-0.010067199117723469,0.0,0.0,-0.06380595221385538,0.06587408457410694,0.6473,0.003
2006-10-23,579.7000122070312,2.53,2.3,-0.0226836495945415,0.03999999999999959,0.0,-0.09060840485766586,0.010284873901995945,0.6621,0.0148
2006-10-24,584.4000244140625,2.52,2.31,0.008074972249646706,-0.009999999999999787,0.010000000000000231,-0.09184559361322024,0.06491958618675392,0.6643,0.0021999999999999
2006-10-25,587.5999755859375,2.44,2.34,0.005460681098111486,-0.08000000000000007,0.029999999999999805,-0.08314683218508241,0.014001264154708416,0.6429,-0.0213999999999999
2006-10-26,596.7999877929688,2.41,2.32,0.015535625684467647,-0.029999999999999805,-0.020000000000000018,-0.06248843572490788,-0.019209180504994754,0.6164,-0.0265
2006-10-27,598.2000122070312,2.37,2.31,0.0023431381667080586,-0.040000000000000036,-0.009999999999999787,-0.06989914276531797,-0.02577075630321767,0.5913,-0.0250999999999999
2006-10-30,604.7000122070312,2.39,2.29,0.01080732086396985,0.020000000000000018,-0.020000000000000018,-0.057570956999555736,0.0013255156702710478,0.5862,-0.0050999999999999
2006-10-31,604.0999755859375,2.34,2.27,-0.0009927807353351525,-0.050000000000000266,-0.020000000000000018,-0.07515518102165633,-0.002507643489883231,0.5596,-0.0266
2006-11-01,616.5999755859375,2.29,2.28,0.020480769126644205,-0.04999999999999982,0.009999999999999787,-0.14883869231387553,-0.11551316842914917,0.535,-0.0245999999999999
2006-11-02,625.4000244140625,2.32,2.28,0.014171008203859081,0.029999999999999805,0.0,-0.17668356509298808,-0.09771311908552403,0.5442,0.0091999999999999
2006-11-03,626.9000244140625,2.4,2.32,0.002395593162775711,0.08000000000000007,0.040000000000000036,-0.1501577668212688,-0.09098432131949563,0.5942,0.0499999999999999
2006-11-06,625.7999877929688,2.36,2.35,-0.0017562654955325385,-0.040000000000000036,0.03000000000000025,-0.16125508035787117,-0.04841092204531744,0.6004,0.0062
2006-11-07,625.7000122070312,2.32,2.34,-0.0001597692147825569,-0.040000000000000036,-0.010000000000000231,-0.21046714194511906,-0.04404789925968365,0.5813,-0.0191
2006-11-08,616.4000244140625,2.29,2.35,-0.014974899460257873,-0.029999999999999805,0.010000000000000231,-0.2633381082544449,-0.006271807664953444,0.5658,-0.0155
2006-11-09,635.0,2.28,2.34,0.029728855839232793,-0.010000000000000231,-0.010000000000000231,-0.3261350732445382,-0.030621230951040967,0.5605,-0.0052999999999999
2006-11-10,628.4000244140625,2.25,2.34,-0.010448053660076617,-0.029999999999999805,0.0,-0.37396874923123163,-0.014305405421144163,0.5432,-0.0172999999999999
2006-11-13,624.2000122070312,2.29,2.32,-0.0067060958396538695,0.040000000000000036,-0.020000000000000018,-0.4119472334914411,-0.03425072069833028,0.5473,0.0040999999999999
2006-11-14,623.7999877929688,2.28,2.29,-0.0006410647880805698,-0.010000000000000231,-0.029999999999999805,-0.45480964763537585,-0.03296131607114779,0.5326,-0.0147
2006-11-15,622.5,2.3,2.31,-0.0020861562660181576,0.020000000000000018,0.020000000000000018,-0.5341539157016799,0.010706880168231073,0.5486,0.016
2006-11-16,620.5999755859375,2.38,2.28,-0.0030569156640334327,0.08000000000000007,-0.03000000000000025,-0.6723236079612596,-0.06890800663320343,0.5706,0.022
2006-11-17,621.5,2.33,2.28,0.0014491982759370359,-0.04999999999999982,0.0,-0.7717288975224041,-0.09919597644362022,0.5514,-0.0191999999999999
2006-11-20,621.2000122070312,2.33,2.27,-0.00048280002550793455,0.0,-0.009999999999999787,-0.8242816605934957,-0.1015351217248437,0.5447,-0.0067
2006-11-21,628.2000122070312,2.31,2.27,0.011205495611046778,-0.020000000000000018,0.0,-0.8515350523897298,-0.09935136673212644,0.5364,-0.0082999999999999
2006-11-22,628.7000122070312,2.3,2.27,0.0007956082690157018,-0.010000000000000231,0.0,-0.866086452983726,-0.09300521156963783,0.5312,-0.0051999999999999
2006-11-28,637.2000122070312,2.21,2.3,0.013429382387871946,-0.06000000000000005,0.020000000000000018,-0.886575977047917,-0.18769886486367246,0.5041,-0.0128
2006-11-29,635.5,2.22,2.3,-0.0026715065636837565,0.010000000000000231,0.0,-0.8887640592006099,-0.18837607402710868,0.5076,0.0035
2006-11-30,646.9000244140625,2.16,2.3,0.01777967016051729,-0.06000000000000005,0.0,-0.8960691540983762,-0.22479133640920268,0.4861,-0.0215
2006-12-01,644.7000122070312,2.1,2.33,-0.0034066495390154827,-0.06000000000000005,0.03000000000000025,-0.8921842621941452,-0.19121919431397222,0.466,-0.0200999999999999
2006-12-04,645.2000122070312,2.11,2.32,0.0007752539198060404,0.009999999999999787,-0.010000000000000231,-0.8955156573316276,-0.2503001799327915,0.4656,-0.0004
2006-12-05,642.2999877929688,2.11,2.34,-0.004504899912256555,0.0,0.020000000000000018,-0.8877668422132221,-0.24875406541469786,0.4735,0.0078999999999999
2006-12-06,630.5,2.14,2.34,-0.018542309853585515,0.03000000000000025,0.0,-0.8510490458593385,-0.22304779901743685,0.4934,0.0199
2006-12-07,631.9000244140625,2.15,2.34,0.002218037010393026,0.009999999999999787,0.0,-0.8100248614351264,-0.224952768589928,0.5001,0.0066999999999999
2006-12-08,626.0999755859375,2.21,2.35,-0.009221128657974198,0.06000000000000005,0.010000000000000231,-0.7847601730988799,-0.2689696163375252,0.5326,0.0324999999999999
2006-12-11,630.0,2.17,2.35,0.006209755628185043,-0.040000000000000036,0.0,-0.7593801635175432,-0.26089769097187016,0.5271,-0.0054999999999999
2006-12-12,627.0,2.15,2.34,-0.004773278752657539,-0.020000000000000018,-0.010000000000000231,-0.737788571303217,-0.2532329857241222,0.5094,-0.0177
2006-12-13,627.9000244140625,2.22,2.36,0.0014344163692294742,0.07000000000000028,0.020000000000000018,-0.7096494835110898,-0.26353162620568293,0.5415,0.0321
2006-12-14,626.5999755859375,2.23,2.37,-0.002072617446815528,0.009999999999999787,0.010000000000000231,-0.7174516738213585,-0.28034365166806147,0.5571,0.0156
2006-12-15,615.0,2.29,2.31,-0.018686071748817312,0.06000000000000005,-0.06000000000000005,-0.7125812703629022,-0.2960612085528466,0.5629,0.0057999999999999
2006-12-18,614.0,2.31,2.29,-0.0016273396593753375,0.020000000000000018,-0.020000000000000018,-0.7103009302186214,-0.3475439354656663,0.56,-0.0028999999999999
2006-12-19,621.5999755859375,2.31,2.29,0.012301831630132654,0.0,0.0,-0.7483225828125728,-0.3816955271302561,0.5589,-0.0011000000000001
2006-12-20,620.5999755859375,2.32,2.28,-0.001610047102445833,0.009999999999999787,-0.010000000000000231,-0.7695158123386866,-0.39386801125140036,0.5591,0.0002
2006-12-21,618.2000122070312,2.29,2.26,-0.00387466323072605,-0.029999999999999805,-0.020000000000000018,-0.7752538509825435,-0.3864145706199647,0.5413,-0.0178
2006-12-22,619.0999755859375,2.35,2.28,0.0014547216463185464,0.06000000000000005,0.020000000000000018,-0.7859159843453417,-0.42201235838044787,0.5655,0.0242
2006-12-27,627.2000122070312,2.39,2.27,0.0055959853949021365,0.050000000000000266,0.0,-0.771163660255374,-0.4870974496454765,0.5842,0.021
2006-12-28,634.0999755859375,2.41,2.29,0.01094114370513477,0.020000000000000018,0.020000000000000018,-0.6784587304687825,-0.43883532367931827,0.6067,0.0224999999999999
2006-12-29,635.2000122070312,2.41,2.3,0.0017332969464707304,0.0,0.009999999999999787,-0.594667033428388,-0.4421421770265571,0.6177,0.011
2007-01-03,627.0999755859375,2.36,2.31,-0.012833950533258864,-0.020000000000000018,0.010000000000000231,-0.5173212718565164,-0.38092613937082453,0.5968,-0.0109
2007-01-04,623.9000244140625,2.36,2.26,-0.005115840369174229,0.0,-0.050000000000000266,-0.5159803513913298,-0.38410674503729003,0.5771,-0.0197
2007-01-05,604.9000244140625,2.38,2.27,-0.030926942774749833,0.020000000000000018,0.010000000000000231,-0.5393064844173239,-0.3715935257272273,0.5854,0.0083
2007-01-08,607.5,2.38,2.28,0.004288979741342125,0.0,0.009999999999999787,-0.569763203942735,-0.3567411136154296,0.5877,0.0022999999999999
2007-01-09,613.0999755859375,2.39,2.27,0.009175839733252644,0.010000000000000231,-0.009999999999999787,-0.5955374207525135,-0.34200762944744306,0.5851,-0.0026
2007-01-10,611.5999755859375,2.42,2.27,-0.0024495808113993434,0.029999999999999805,0.0,-0.6229232327805784,-0.34522839497970503,0.5946,0.0095
2007-01-11,612.4000244140625,2.43,2.31,0.0013072695131741696,0.010000000000000231,0.040000000000000036,-0.638432821845489,-0.2783328035804163,0.6155,0.0209
2007-01-12,625.5,2.49,2.28,0.02116562625723528,0.06000000000000005,-0.03000000000000025,-0.5984050229086548,-0.13871550571877506,0.6332,0.0176999999999999
2007-01-17,632.0999755859375,2.5,2.29,0.011936165093056061,0.020000000000000018,0.020000000000000018,-0.41322953315877026,-0.027240100948299456,0.6433,0.0145999999999999
2007-01-18,627.0999755859375,2.47,2.28,-0.007941592237232342,-0.029999999999999805,-0.010000000000000231,-0.29383082322758974,0.007643003214734288,0.6325,-0.0108
2007-01-19,635.5,2.47,2.31,0.013306112012223537,0.0,0.03000000000000025,-0.10126467712962148,-0.015277599285568325,0.6398,0.0073
2007-01-22,633.2999877929688,2.44,2.32,-0.003467866382398377,-0.03000000000000025,0.009999999999999787,-0.012849053677663588,0.03764373820695446,0.6323,-0.0075
2007-01-23,645.2000122070312,2.46,2.35,0.018616140923706226,0.020000000000000018,0.03000000000000025,0.1379525591359812,0.05423392191179045,0.649,0.0167
2007-01-24,647.5999755859375,2.44,2.37,0.0037128189333692774,-0.020000000000000018,0.020000000000000018,0.20279927482111829,0.10408402702910396,0.6538,0.0048
2007-01-25,647.7999877929688,2.48,2.39,0.00030880378921605,0.040000000000000036,0.020000000000000018,0.3239393289020544,0.1334577570719632,0.677,0.0232
2007-01-26,644.5,2.48,2.4,-0.00510716551416035,0.0,0.009999999999999787,0.42888902417802455,0.1230748010920814,0.6896,0.0125999999999999
2007-01-29,643.0999755859375,2.5,2.4,-0.0021746272015139567,0.020000000000000018,0.0,0.5213291090503395,0.12498296065168213,0.6978,0.0081999999999999
2007-01-30,644.2000122070312,2.46,2.42,0.0017090606685030707,-0.040000000000000036,0.020000000000000018,0.5942569430485765,0.11426352696464638,0.694,-0.0038
2007-01-31,652.0,2.4,2.43,0.012035306080422359,-0.06000000000000005,0.010000000000000231,0.5287405020157486,0.16370295228040804,0.6744,-0.0195999999999999
2007-02-01,657.4000244140625,2.42,2.42,0.008248136440767162,0.020000000000000018,-0.010000000000000231,0.46916764456576165,0.1821461608725715,0.6757,0.0012999999999999
2007-02-02,646.2000122070312,2.42,2.41,-0.01718362608653745,0.0,-0.009999999999999787,0.4518286562886784,0.18716406081854814,0.671,-0.0046999999999999
2007-02-05,650.9000244140625,2.41,2.4,0.007246985805619666,-0.009999999999999787,-0.010000000000000231,0.41084011597941483,0.17949477225675406,0.6606,-0.0104
2007-02-06,653.5999755859375,2.4,2.37,0.004139448106073473,-0.010000000000000231,-0.029999999999999805,0.3346394906689872,0.15845202867436572,0.6405,-0.0201
2007-02-07,652.2999877929688,2.4,2.34,-0.0019909461043559062,0.0,-0.03000000000000025,0.2640561562225684,0.17415237984171125,0.6254,-0.0151
2007-02-08,658.0,2.39,2.34,0.008700371237097215,-0.009999999999999787,0.0,0.17433986328205905,0.17183086508708406,0.6179,-0.0074999999999999
2007-02-09,667.5,2.43,2.36,0.01433445894908747,0.040000000000000036,0.020000000000000018,0.1523782482906672,0.2091543973650342,0.6375,0.0195999999999999
2007-02-12,662.5999755859375,2.46,2.34,-0.007367937254463719,0.029999999999999805,-0.020000000000000018,0.1807599979820624,0.15390743369280957,0.6478,0.0103
2007-02-13,663.9000244140625,2.46,2.36,0.001960119478876976,0.0,0.020000000000000018,0.20543819896863025,0.1538571228491438,0.6557,0.0078999999999999
2007-02-14,667.4000244140625,2.38,2.36,0.005258030399310165,-0.08000000000000007,0.0,0.12240457337859455,0.09813220820581639,0.6234,-0.0322999999999999
2007-02-15,667.2999877929688,2.38,2.32,-0.0001499012817358647,0.0,-0.040000000000000036,0.017221615258142375,0.06862052674976724,0.604,-0.0193999999999999
2007-02-16,668.7999877929688,2.36,2.33,0.0022453419019594634,-0.020000000000000018,0.010000000000000231,-0.12476233168733201,0.06825143361239581,0.595,-0.009
2007-02-21,680.2000122070312,2.33,2.36,0.034550713769768926,-0.029999999999999805,0.040000000000000036,-0.48288923264162453,0.04033556749638961,0.5889,0.0024999999999999
2007-02-22,679.4000244140625,2.35,2.38,-0.0011767988581095068,0.020000000000000018,0.020000000000000018,-0.630077590109574,0.022325001407372196,0.6048,0.0159
2007-02-23,683.0999755859375,2.3,2.38,0.0054311343364794595,-0.050000000000000266,0.0,-0.7437579586624925,0.03320551302503435,0.5868,-0.018
2007-02-26,686.5,2.26,2.37,0.004964999210322674,-0.040000000000000036,-0.009999999999999787,-0.8368721912291387,0.03193805934905984,0.5613,-0.0254999999999999
2007-02-27,683.9000244140625,2.14,2.36,-0.003794481405683392,-0.11999999999999966,-0.010000000000000231,-0.8027516528564629,-0.01056110700365701,0.5037,-0.0575999999999999
2007-02-28,669.4000244140625,2.2,2.36,-0.02142991855355625,0.06000000000000005,0.0,-0.7774060883064602,-0.1483111679445453,0.5149,0.0111999999999999
2007-03-01,662.2999877929688,2.19,2.37,-0.010663218189123747,-0.010000000000000231,0.010000000000000231,-0.7171536200627794,-0.17315940006522318,0.5172,0.0022999999999999
2007-03-02,641.5,2.15,2.37,-0.03190942300397115,-0.040000000000000036,0.0,-0.5361796986462259,-0.094562494266796,0.5054,-0.0118
2007-03-05,636.7000122070312,2.17,2.34,-0.007510577860367462,0.020000000000000018,-0.03000000000000025,-0.36218143302962497,-0.12179881599106394,0.5048,-0.0005999999999999
2007-03-06,643.7999877929688,2.19,2.34,0.011089493708477782,0.020000000000000018,0.0,-0.26043907541924466,-0.1030071977675994,0.5131,0.0082999999999999
2007-03-07,650.5999755859375,2.16,2.34,0.010506876609992055,-0.029999999999999805,0.0,-0.18672154243300393,-0.16073402482313925,0.501,-0.0121
2007-03-08,653.4000244140625,2.17,2.34,0.004294560017825688,0.009999999999999787,0.0,-0.1384368516498107,-0.15176444180327467,0.5024,0.0013999999999999
2007-03-09,650.0,2.25,2.34,-0.005217173641936412,0.08000000000000007,0.0,-0.08813167755473905,-0.17549694221955472,0.5346,0.0322
2007-03-12,648.4000244140625,2.22,2.34,-0.0024645353753820487,-0.029999999999999805,0.0,-0.013388258331947166,-0.1682690457192213,0.5262,-0.0083999999999999
2007-03-13,647.5999755859375,2.15,2.35,-0.0012346434101146997,-0.07000000000000028,0.010000000000000231,0.09989162819986587,-0.1531827695537102,0.4992,-0.027
2007-03-14,640.9000244140625,2.18,2.35,-0.010399707500601707,0.03000000000000025,0.0,0.20711437642571018,-0.17467769873437414,0.5053,0.0060999999999999
2007-03-15,645.7000122070312,2.17,2.37,0.007461541933949434,-0.010000000000000231,0.020000000000000018,0.2586086820532645,-0.13901928860188043,0.5134,0.0080999999999999
2007-03-16,652.5999755859375,2.16,2.39,0.010629328211231304,-0.009999999999999787,0.020000000000000018,0.28157007199065126,-0.1571980474120989,0.5186,0.0051999999999999
2007-03-19,653.0999755859375,2.18,2.4,0.000765872778032417,0.020000000000000018,0.009999999999999787,0.34322352959996016,-0.1499151937450598,0.5288,0.0102
2007-03-20,657.9000244140625,2.17,2.39,0.007322761674232403,-0.010000000000000231,-0.009999999999999787,0.37958283335993603,-0.14990718665859298,0.5224,-0.0064
2007-03-21,659.0,2.14,2.39,0.0016705533014773621,-0.029999999999999805,0.0,0.40258010948181144,-0.15101728602732054,0.5099,-0.0124999999999999
2007-03-22,663.4000244140625,2.17,2.43,0.00665462881186496,0.029999999999999805,0.040000000000000036,0.43024534212907084,-0.13067482491414317,0.5331,0.0232
2007-03-23,656.7000122070312,2.19,2.43,-0.010150851529001415,0.020000000000000018,0.0,0.45254503737985663,-0.1466871935629473,0.5479,0.0148
2007-03-26,663.4000244140625,2.16,2.44,0.010150851529001415,-0.029999999999999805,0.009999999999999787,0.4326422190952001,-0.21541204521253027,0.5436,-0.0043
2007-03-27,662.0999755859375,2.16,2.46,-0.0019615982572505075,0.0,0.020000000000000018,0.4505284562882948,-0.20083825331506155,0.5502,0.0066
2007-03-28,666.5,2.17,2.45,0.006623574561642087,0.009999999999999787,-0.009999999999999787,0.46810757957340476,-0.19137353813195132,0.5546,0.0043999999999999
2007-03-29,661.5,2.18,2.46,-0.0075301560637530685,0.010000000000000231,0.009999999999999787,0.4622233249613051,-0.18270593157544876,0.5667,0.0121
2007-03-30,663.0,2.21,2.44,0.002265006630851829,0.029999999999999805,-0.020000000000000018,0.4636420385966477,-0.17330665592945807,0.5768,0.0100999999999999
2007-04-02,665.7000122070312,2.21,2.44,0.004064146757930764,0.0,0.0,0.4562474534025106,-0.16914987850661622,0.5781,0.0012999999999999
2007-04-03,664.0,2.25,2.42,-0.0025569874673596615,0.040000000000000036,-0.020000000000000018,0.5449303514989692,-0.1749664672327415,0.5868,0.0087
2007-04-04,672.0999755859375,2.23,2.43,0.012124953174441622,-0.020000000000000018,0.010000000000000231,0.4970374035008503,-0.14285524034998087,0.5814,-0.0053999999999999
2007-04-05,674.2000122070312,2.22,2.46,0.0031197182550348757,-0.009999999999999787,0.029999999999999805,0.44006961044236603,-0.1435019743276139,0.5914,0.01
2007-04-09,671.9000244140625,2.27,2.48,-0.0034172646439492027,0.04999999999999982,0.020000000000000018,0.3668210455907678,-0.13298869605031668,0.6323,0.0048
2007-04-10,676.5,2.27,2.46,0.006822891348881477,0.0,-0.020000000000000018,0.3367766887026016,-0.11523070957292655,0.6244,-0.0079
2007-04-11,676.7999877929688,2.28,2.46,0.0004433426447771893,0.009999999999999787,0.0,0.565169527397664,-0.18656670020163751,0.6271,0.0027
2007-04-12,675.0999755859375,2.28,2.46,-0.002514998371418997,0.0,0.0,0.6117041587547093,-0.06186208448136273,0.6277,0.0006
2007-04-13,685.4000244140625,2.31,2.45,0.015141853176474207,0.03000000000000025,-0.009999999999999787,0.6825260070110387,-0.03157319399210533,0.6391,0.0113999999999999
2007-04-16,690.0999755859375,2.3,2.44,0.006833834188308963,-0.010000000000000231,-0.010000000000000231,0.7153102083211267,-0.3130568083862439,0.6327,-0.0063999999999999
2007-04-17,688.2000122070312,2.29,2.4,-0.0027569681479819863,-0.009999999999999787,-0.040000000000000036,0.7480013145406764,-0.28106033016183823,0.6106,-0.0221
2007-04-18,689.0999755859375,2.26,2.4,0.0013068518332488566,-0.03000000000000025,0.0,0.7611240351778806,-0.3040184061070445,0.5922,-0.0184
2007-04-19,684.2999877929688,2.27,2.41,-0.0069899628145115855,0.010000000000000231,0.010000000000000231,0.7634587067591404,-0.2697674401868576,0.5945,0.0023
2007-04-20,692.0,2.27,2.41,0.011189555497930215,0.0,0.0,0.7629607363390858,-0.27006549278016945,0.5973,0.0028
2007-04-23,690.5999755859375,2.25,2.41,-0.002025206013736458,-0.020000000000000018,0.0,0.8046964284375332,-0.1803482826485569,0.5878,-0.0095
2007-04-24,684.2000122070312,2.21,2.42,-0.009310459219108225,-0.040000000000000036,0.009999999999999787,0.8094897228889475,-0.10948486402050311,0.5738,-0.014
2007-04-25,684.0999755859375,2.22,2.44,-0.00014622030572919442,0.010000000000000231,0.020000000000000018,0.7812950198486929,-0.17907522197259873,0.5832,0.0094
2007-04-26,674.9000244140625,2.26,2.43,-0.013539502155394345,0.03999999999999959,-0.009999999999999787,0.7917224599585498,-0.2206056547810486,0.6022,0.0189999999999999
2007-04-27,678.7000122070312,2.25,2.46,0.005614653771912614,-0.009999999999999787,0.029999999999999805,0.7902542330075889,-0.2169830543843003,0.6104,0.0082
2007-04-30,680.5,2.2,2.43,0.002648600395906975,-0.04999999999999982,-0.029999999999999805,0.751698165363163,-0.1962749588190609,0.5847,-0.0257
2007-05-01,674.4000244140625,2.19,2.45,-0.009004379202715462,-0.010000000000000231,0.020000000000000018,0.735100790883053,-0.16700448110935398,0.5852,0.0005
2007-05-02,672.2999877929688,2.22,2.43,-0.0031187915709338654,0.03000000000000025,-0.020000000000000018,0.7183420657994695,-0.17396517338088766,0.5889,0.0036999999999999
2007-05-03,681.7999877929688,2.25,2.43,0.014031690481807857,0.029999999999999805,0.0,0.6909202408604815,-0.09511321172851633,0.6033,0.0143999999999999
2007-05-04,687.2000122070312,2.24,2.41,0.007889046633799524,-0.009999999999999787,-0.020000000000000018,0.6612207853746569,-0.14045228878966903,0.5912,-0.0121
2007-05-07,688.0,2.27,2.37,0.0011634494998649103,0.029999999999999805,-0.040000000000000036,0.6524894409596343,-0.10678617549082217,0.5865,-0.0046999999999999
2007-05-08,685.0999755859375,2.27,2.36,-0.0042240605602552606,0.0,-0.010000000000000231,0.6250777977014665,-0.04908532256131376,0.5832,-0.0032999999999999
2007-05-09,680.2999877929688,2.29,2.38,-0.0070309179656735665,0.020000000000000018,0.020000000000000018,0.5652028493771829,-0.07548183187819132,0.6013,0.0180999999999998
2007-05-10,665.0999755859375,2.27,2.38,-0.022596490824396298,-0.020000000000000018,0.0,0.46472277290594904,0.02156467343165065,0.5991,-0.0021999999999999
2007-05-11,670.5999755859375,2.3,2.37,0.008235429042812825,0.029999999999999805,-0.009999999999999787,0.30717382059604326,0.06431802206493822,0.6132,0.0141
2007-05-14,668.5,2.32,2.37,-0.0031364010838332845,0.020000000000000018,0.0,0.13118350797325956,0.04716587346858063,0.6266,0.0134
2007-05-15,673.0,2.37,2.34,0.006708933102729908,0.050000000000000266,-0.03000000000000025,-0.03616585570996104,0.0927237689239686,0.6408,0.0141999999999999
2007-05-16,660.2000122070312,2.38,2.33,-0.019202491735736515,0.009999999999999787,-0.009999999999999787,-0.265435815378483,0.08716294853493536,0.6502,0.0093999999999999
2007-05-17,656.2000122070312,2.41,2.35,-0.00607719877938262,0.03000000000000025,0.020000000000000018,-0.4675899489867131,0.11712408616961509,0.6732,0.023
2007-05-18,661.0,2.46,2.35,0.007288200722077143,0.04999999999999982,0.0,-0.5777697110007363,0.17119035190457735,0.6949,0.0216999999999999
2007-05-21,662.9000244140625,2.43,2.36,0.0028703462248378386,-0.029999999999999805,0.009999999999999787,-0.6300529594369475,0.1731557762346357,0.6875,-0.0073999999999999
2007-05-22,659.0999755859375,2.48,2.35,-0.005748955059365457,0.04999999999999982,-0.009999999999999787,-0.6810743871593378,0.14128167683185175,0.6978,0.0102999999999999
2007-05-23,661.9000244140625,2.5,2.36,0.004239292992538779,0.020000000000000018,0.009999999999999787,-0.7044158519251429,0.14867152580475113,0.7116,0.0138
2007-05-24,653.0,2.48,2.38,-0.013537394733265984,-0.020000000000000018,0.020000000000000018,-0.7466457065124867,0.1859571370516478,0.7139,0.0022999999999999
2007-05-25,655.0999755859375,2.49,2.37,0.003210729193710904,0.010000000000000231,-0.009999999999999787,-0.7817429117335711,0.14506476524677223,0.7216,0.0077
2007-05-30,653.0999755859375,2.52,2.36,-0.006105957222766634,-0.020000000000000018,0.020000000000000018,-0.8359315334421501,0.20126480695633064,0.7375,0.0077
2007-05-31,661.0,2.54,2.36,0.012023620324888462,0.020000000000000018,0.0,-0.8351174913839885,0.2359650931435384,0.7563,0.0187999999999999
2007-06-01,671.2000122070312,2.57,2.38,0.01531333348818631,0.029999999999999805,0.020000000000000018,-0.7849890067118246,0.266512844599943,0.784,0.0277
2007-06-04,670.7000122070312,2.55,2.38,-0.0007452120337463342,-0.020000000000000018,0.0,-0.760345064489787,0.28446068781020073,0.7807,-0.0033
2007-06-05,669.5999755859375,2.6,2.38,-0.0016414785915275232,0.050000000000000266,0.0,-0.7189926062288242,0.27377392669366135,0.7972,0.0165
2007-06-06,669.2999877929688,2.58,2.39,-0.0004481108465066441,-0.020000000000000018,0.010000000000000231,-0.6756715739138462,0.2264516707240928,0.7985,0.0012999999999999
2007-06-07,660.0999755859375,2.7,2.41,-0.01384107015876701,0.1200000000000001,0.020000000000000018,-0.6566380537860507,0.032827589118114175,0.8512,0.0526999999999999
2007-06-08,645.5,2.69,2.43,-0.022366091422627576,-0.010000000000000231,0.020000000000000018,-0.6972432173044495,0.1158618678768153,0.8736,0.0224
2007-06-11,654.2999877929688,2.72,2.42,0.013540732932368904,0.03000000000000025,-0.010000000000000231,-0.7020888913996307,0.15273170823481158,0.8898,0.0161999999999999
2007-06-12,648.5,2.83,2.43,-0.0089039394625674,0.10999999999999988,0.010000000000000231,-0.7146697870126012,0.10554570616244119,0.944,0.0541999999999999
2007-06-13,648.2000122070312,2.75,2.45,-0.0004626942168526327,-0.08000000000000007,0.020000000000000018,-0.7352675695187951,0.06792403025431593,0.9429,-0.0010999999999999
2007-06-14,651.5999755859375,2.77,2.46,0.005231529720376216,0.020000000000000018,0.009999999999999787,-0.7482649569960254,0.07029391919625833,0.9571,0.0141999999999999
2007-06-15,654.5,2.73,2.43,0.004440746089932723,-0.040000000000000036,-0.029999999999999805,-0.734327726468901,0.026604528692521022,0.9449,-0.0121999999999999
2007-06-18,655.7999877929688,2.73,2.42,0.001984260446638686,0.0,-0.010000000000000231,-0.7076131468523538,0.043334820014160204,0.9307,-0.0141999999999999
2007-06-19,660.7000122070312,2.67,2.42,0.007444051715152611,-0.06000000000000005,0.0,-0.6725268309954165,-0.01626393809313771,0.8999,-0.0307999999999999
2007-06-20,656.0999755859375,2.73,2.41,-0.006986718371801537,0.06000000000000005,-0.009999999999999787,-0.6338377329336351,-0.03926829558203596,0.9039,0.004
2007-06-21,650.5999755859375,2.74,2.42,-0.008418202626151228,0.010000000000000231,0.009999999999999787,-0.6038950567067741,-0.03420655821929322,0.9119,0.008
2007-06-22,653.5,2.7,2.44,0.004447556550482901,-0.040000000000000036,0.020000000000000018,-0.6076549762993468,-0.12451971090001279,0.9031,-0.0088
2007-06-25,651.2999877929688,2.67,2.42,-0.0033721862544835446,-0.03000000000000025,-0.020000000000000018,-0.5726337623299838,-0.1279313429574406,0.87,-0.0331
2007-06-26,642.0999755859375,2.7,2.4,-0.014226330032003354,0.03000000000000025,-0.020000000000000018,-0.5423102658739266,-0.14077116030475703,0.8667,-0.0032999999999999
2007-06-27,641.7000122070312,2.7,2.39,-0.0006230929983637168,0.0,-0.009999999999999787,-0.4890699854654637,-0.17102035250343367,0.8616,-0.0050999999999999
2007-06-28,647.5,2.73,2.39,0.008997869794266755,0.029999999999999805,0.0,-0.5086170121382245,-0.16448326331934016,0.8771,0.0154999999999999
2007-06-29,648.0999755859375,2.65,2.38,0.0009261741897681475,-0.08000000000000007,-0.010000000000000231,-0.5371364733350951,-0.1572404259307024,0.8435,-0.0335999999999999
2007-07-02,656.5,2.61,2.39,0.012877725979389965,-0.040000000000000036,0.010000000000000231,-0.5285897935844209,-0.22863728688302642,0.8105,-0.033
2007-07-03,652.9000244140625,2.68,2.37,-0.005498678156999226,0.07000000000000028,-0.020000000000000018,-0.5100297571748738,-0.23958008124545835,0.818,0.0074999999999999
2007-07-06,652.7000122070312,2.79,2.4,0.0066097968292320175,0.03000000000000025,0.0,-0.5005786081003057,-0.24228295531452065,0.8847,0.0267
2007-07-09,660.5,2.75,2.41,0.011879499618847156,-0.040000000000000036,0.010000000000000231,-0.5211837201592752,-0.3159511172758843,0.8777,-0.007
2007-07-10,662.5,2.64,2.39,0.0030234338979973074,-0.10999999999999988,-0.020000000000000018,-0.5691635612076555,-0.31252069406351396,0.8256,-0.0521
2007-07-11,660.2999877929688,2.71,2.38,-0.0033262991469502623,0.06999999999999984,-0.010000000000000231,-0.5730742384250957,-0.33277719062026273,0.833,0.0073999999999999
2007-07-12,666.7000122070312,2.74,2.39,0.009645929220218896,0.03000000000000025,0.010000000000000231,-0.5900674925699892,-0.3271453865282521,0.8515,0.0185
2007-07-13,665.7999877929688,2.73,2.38,-0.0013508811271032428,-0.010000000000000231,-0.010000000000000231,-0.5573749230288183,-0.34465912375072466,0.8486,-0.0029
2007-07-16,665.0,2.69,2.36,-0.0012022661506883026,-0.040000000000000036,-0.020000000000000018,-0.4899677584009528,-0.3850396917951879,0.8232,-0.0253999999999999
2007-07-17,664.7000122070312,2.73,2.35,-0.00045121124359503995,0.040000000000000036,-0.009999999999999787,-0.36649965683678093,-0.38497933100120735,0.8302,0.007
2007-07-18,672.5999755859375,2.64,2.38,0.011814933595868382,-0.08999999999999986,0.029999999999999805,-0.34316068559008445,-0.43069868886272394,0.8045,-0.0257
2007-07-19,677.2000122070312,2.65,2.39,0.006815905276592815,0.009999999999999787,0.010000000000000231,-0.3105166972521813,-0.4249132617148892,0.8078,0.0032999999999999
2007-07-20,683.9000244140625,2.6,2.36,0.009845075517621815,-0.04999999999999982,-0.03000000000000025,-0.44461892790290314,-0.36996534290261623,0.7757,-0.0321
2007-07-23,680.7999877929688,2.63,2.34,-0.004543184473599915,0.029999999999999805,-0.020000000000000018,-0.5216628121622725,-0.4578061630917538,0.7674,-0.0082999999999999
2007-07-24,684.2000122070312,2.58,2.36,0.004981731056082239,-0.04999999999999982,0.020000000000000018,-0.5970909725711985,-0.5245737612335408,0.7502,-0.0171999999999999
2007-07-25,673.2999877929688,2.56,2.36,-0.016059312963741412,-0.020000000000000018,0.0,-0.6127158293251668,-0.4044990570289001,0.7387,-0.0114999999999999
2007-07-26,662.5,2.47,2.32,-0.016170419560705973,-0.08999999999999986,-0.040000000000000036,-0.5131360875520438,-0.262789008097548,0.6835,-0.0552
2007-07-27,660.0,2.48,2.32,-0.0037807228399060477,0.009999999999999787,0.0,-0.4371796692252341,-0.2822233908199175,0.6818,-0.0017
2007-07-30,664.0999755859375,2.49,2.33,0.006192868763566395,0.010000000000000231,0.010000000000000231,-0.41610783208850477,-0.26290046457545235,0.6889,0.0070999999999999
2007-07-31,666.9000244140625,2.44,2.34,0.004207442462503153,-0.050000000000000266,0.009999999999999787,-0.4082690488863516,-0.27280564952278463,0.6747,-0.0141999999999999
2007-08-01,663.5999755859375,2.44,2.32,-0.0049606247205815635,0.0,-0.020000000000000018,-0.3907618434588282,-0.25247830499747814,0.6724,-0.0022999999999999
2007-08-02,664.5999755859375,2.46,2.31,0.001505797659562269,0.020000000000000018,-0.009999999999999787,-0.3792575940601807,-0.2166090745701944,0.6782,0.0058
2007-08-03,672.5,2.44,2.27,0.011816792290472833,-0.020000000000000018,-0.040000000000000036,-0.38915173524705343,-0.20942766897432302,0.6551,-0.0231
2007-08-06,671.5,2.46,2.26,-0.0014880955127019035,0.020000000000000018,-0.010000000000000231,-0.3991052079232571,-0.2069390917156123,0.6518,-0.0032999999999999
2007-08-07,670.5999755859375,2.51,2.26,-0.0013412183374610365,0.04999999999999982,0.0,-0.40387767597352364,-0.22341352422816688,0.6718,0.0199999999999999
2007-08-08,674.5,2.58,2.26,0.0057988780219790925,0.07000000000000028,0.0,-0.38506956811183357,-0.1540072954272813,0.7119,0.0401
2007-08-09,661.4000244140625,2.54,2.25,-0.019612838187414106,-0.040000000000000036,-0.009999999999999787,-0.3478462605388277,-0.07784942182393605,0.7059,-0.006
2007-08-10,670.2999877929688,2.56,2.25,0.013366517692220192,0.020000000000000018,0.0,-0.305138998641324,-0.07409814586893596,0.73,0.0241
2007-08-13,669.7000122070312,2.52,2.26,-0.000895486009000912,-0.040000000000000036,0.009999999999999787,-0.3006426387106175,-0.0718155441568198,0.725,-0.005
2007-08-14,668.5999755859375,2.49,2.24,-0.0016439316728176223,-0.029999999999999805,-0.019999999999999574,-0.30407672309134454,-0.03406043730389284,0.7101,-0.0149
2007-08-15,668.9000244140625,2.46,2.23,0.0004486711523865594,-0.03000000000000025,-0.010000000000000231,-0.2742031514589201,0.00501960487685303,0.7225,0.0124
2007-08-16,648.2999877929688,2.39,2.21,-0.03128107527152846,-0.06999999999999984,-0.020000000000000018,-0.0038319293823729293,0.19121091310563917,0.7253,0.0027999999999999
2007-08-17,656.9000244140625,2.45,2.23,0.013178303712339634,0.06000000000000005,0.020000000000000018,0.1842817410712855,0.22873973591877647,0.7885,0.0632
2007-08-20,656.7000122070312,2.44,2.2,-0.00030452527862490086,-0.010000000000000231,-0.029999999999999805,0.29889998879689844,0.2604049746756826,0.8317,0.0432
2007-08-21,656.7000122070312,2.38,2.22,0.0,-0.06000000000000005,0.020000000000000018,0.37300974778111806,0.30133770065596993,0.8184,-0.0132999999999999
2007-08-22,659.0999755859375,2.42,2.21,0.003647919231787533,0.040000000000000036,-0.010000000000000231,0.46940142305131255,0.34603930311555664,0.8317,0.0132999999999999
2007-08-23,658.9000244140625,2.39,2.23,-0.0003034160446260259,-0.029999999999999805,0.020000000000000018,0.5345126502789826,0.3236482109205914,0.8181,-0.0135999999999999
2007-08-24,668.0,2.4,2.23,0.01371635856411313,0.009999999999999787,0.0,0.5766928646105937,0.3352823767867019,0.7927,-0.0254
2007-08-27,666.7999877929688,2.38,2.22,-0.0017980409668920672,-0.020000000000000018,-0.009999999999999787,0.6214144352339451,0.3360048735912934,0.7235,-0.0691999999999999
2007-08-28,664.4000244140625,2.33,2.2,-0.0036057180845840975,-0.04999999999999982,-0.020000000000000018,0.7169864530286154,0.3523307176509309,0.6667,-0.0568
2007-08-29,666.2999877929688,2.38,2.19,0.002855586762699147,0.04999999999999982,-0.010000000000000231,0.7095780031013751,0.4637518144103441,0.6962,0.0295
2007-08-30,665.0,2.32,2.19,-0.001952960592014108,-0.06000000000000005,0.0,0.6616078708251937,0.4523180328373273,0.7002,0.004
2007-08-31,673.0,2.34,2.2,0.011958288988873633,0.020000000000000018,0.010000000000000231,0.533026334889237,0.5169210910594415,0.7131,0.0128999999999999
2007-09-05,681.7000122070312,2.29,2.19,-0.0011728307836254004,-0.06999999999999984,-0.010000000000000231,0.012307570964279136,0.5640215122273953,0.6382,-0.0486999999999999
2007-09-06,695.5999755859375,2.32,2.19,0.020185051106790475,0.029999999999999805,0.0,-0.2037813391905648,0.591053035476976,0.6405,0.0022999999999999
2007-09-07,700.7999877929688,2.19,2.19,0.007447774821192965,-0.1299999999999999,0.0,-0.4266933650184445,0.4148025388192412,0.6006,-0.0398999999999999
2007-09-10,703.2999877929688,2.14,2.2,0.0035610037537079364,-0.04999999999999982,0.010000000000000231,-0.5681671747140462,0.4172468749261909,0.5887,-0.0119
2007-09-11,712.2000122070312,2.16,2.21,0.012575262026389034,0.020000000000000018,0.009999999999999787,-0.6557351608006351,0.4264934556238053,0.6028,0.0141
2007-09-12,711.9000244140625,2.18,2.23,-0.00042130157951270064,0.020000000000000018,0.020000000000000018,-0.7041403240610172,0.4286229479688702,0.6241,0.0212999999999999
2007-09-13,709.5,2.24,2.25,-0.003376989803959951,0.06000000000000005,0.020000000000000018,-0.7195799734170634,0.3923757877404143,0.6625,0.0383999999999999
2007-09-14,709.5999755859375,2.2,2.27,0.0001408999898853125,-0.040000000000000036,0.020000000000000018,-0.7406876458653979,0.3974110686091551,0.6657,0.0031999999999999
2007-09-17,715.7999877929688,2.21,2.27,0.00869938468825282,0.009999999999999787,0.0,-0.7577003751167859,0.4169647055100649,0.6625,-0.0031999999999999
2007-09-18,715.7999877929688,2.19,2.31,0.0,-0.020000000000000018,0.040000000000000036,-0.7759928991084476,0.42872515951510337,0.672,0.0095
2007-09-19,722.0,2.21,2.32,0.008624357614590572,0.020000000000000018,0.009999999999999787,-0.7888970448561435,0.4649742514928129,0.6962,0.0242
2007-09-20,732.4000244140625,2.34,2.35,0.01430170724185853,0.1299999999999999,0.03000000000000025,-0.7593591890653527,0.5042268541269281,0.775,0.0787999999999999
2007-09-21,731.4000244140625,2.31,2.33,-0.0013663070394995813,-0.029999999999999805,-0.020000000000000018,-0.7229380715330507,0.5075218306110887,0.7888,0.0137999999999999
2007-09-24,732.0999755859375,2.33,2.3,0.000956544209422816,0.020000000000000018,-0.03000000000000025,-0.7007700968805685,0.49268703803311253,0.7884,-0.0003999999999999
2007-09-25,731.5999755859375,2.34,2.29,-0.0006832001586776215,0.009999999999999787,-0.009999999999999787,-0.6662418175176761,0.4817179262542087,0.7837,-0.0047
2007-09-26,728.2999877929688,2.34,2.29,-0.004520848683053913,0.0,0.0,-0.629404319279461,0.46911451447947444,0.7918,0.0080999999999999
2007-09-27,732.7000122070312,2.27,2.31,0.0060233233633821825,-0.06999999999999984,0.020000000000000018,-0.6185636477908415,0.43969317382799183,0.7783,-0.0134999999999999
2007-09-28,742.7999877929688,2.27,2.32,0.013690455218486441,0.0,0.009999999999999787,-0.5952492322296978,0.39054113311843563,0.773,-0.0052999999999999
2007-10-01,747.2000122070312,2.26,2.3,0.005906090206921455,-0.010000000000000231,-0.020000000000000018,-0.5588249573703855,0.3529776948209474,0.7555,-0.0175
2007-10-02,729.7999877929688,2.23,2.31,-0.02356239597586196,-0.029999999999999805,0.010000000000000231,-0.5299922920342409,0.3331256169915173,0.7302,-0.0252999999999999
2007-10-03,729.2999877929688,2.25,2.3,-0.0006853540236280153,0.020000000000000018,-0.010000000000000231,-0.5066373682246317,0.31301451887181014,0.7309,0.0007
2007-10-04,737.7999877929688,2.24,2.3,0.011587615365222348,-0.009999999999999787,0.0,-0.4629879931200159,0.3095775635258722,0.7208,-0.0100999999999999
2007-10-05,741.2999877929688,2.34,2.31,0.004732616578215776,0.09999999999999964,0.010000000000000231,-0.35814884101242295,0.28830628593874336,0.7628,0.042
2007-10-10,740.4000244140625,2.33,2.32,0.0040600947651476815,-0.009999999999999787,-0.010000000000000231,-0.14105598626853882,0.27366013706801245,0.7701,-0.003
2007-10-11,751.2999877929688,2.32,2.34,0.014614409453741928,-0.010000000000000231,0.020000000000000018,-0.053402242934752285,0.2368610185971292,0.763,-0.0070999999999999
2007-10-12,748.7000122070312,2.36,2.34,-0.0034666375862943966,0.040000000000000036,0.0,0.12618455478866775,0.2158042405366281,0.7735,0.0104999999999999
2007-10-15,757.0999755859375,2.34,2.35,0.01115692732150464,-0.020000000000000018,0.010000000000000231,0.25171017387814676,0.17902489614773412,0.7569,-0.0165999999999999
2007-10-16,757.0,2.31,2.35,-0.00013205942499805445,-0.029999999999999805,0.0,0.38834653157961524,0.1776706264707034,0.7365,-0.0203999999999999
2007-10-17,757.5,2.22,2.35,0.000660283946075424,-0.08999999999999986,0.0,0.4804609509790476,0.1756887121305652,0.7091,-0.0274
2007-10-18,764.0999755859375,2.2,2.32,0.008675101318599943,-0.020000000000000018,-0.03000000000000025,0.46248317929132976,0.14767372999999195,0.7079,-0.0011999999999999
2007-10-19,764.0,2.09,2.32,-0.00013084953560316137,-0.11000000000000032,0.0,0.33744376511003865,0.13115535683970436,0.6667,-0.0412
2007-10-22,755.7999877929688,2.11,2.31,-0.010791014402271593,0.020000000000000018,-0.009999999999999787,0.19042711703490256,0.1590719770431072,0.6571,-0.0095999999999999
2007-10-23,759.0,2.11,2.3,0.004225002631381258,0.0,-0.010000000000000231,0.005783868487984027,0.16646702131943167,0.6507,-0.0064
2007-10-24,761.5999755859375,2.07,2.29,0.003419674025245456,-0.040000000000000036,-0.009999999999999787,-0.16117732513879804,0.14597930617470833,0.636,-0.0146999999999999
2007-10-25,767.2999877929688,2.04,2.33,0.00745639185367164,-0.029999999999999805,0.040000000000000036,-0.32200857259139987,0.1391200555430384,0.6347,-0.0012999999999999
2007-10-26,783.9000244140625,2.05,2.36,0.021403649064486885,0.009999999999999787,0.029999999999999805,-0.4534704999076693,0.1932487985159512,0.6485,0.0137999999999999
2007-10-29,789.0999755859375,2.04,2.35,0.006611532248831153,-0.009999999999999787,-0.009999999999999787,-0.5910596989266784,0.1841440787841297,0.6433,-0.0051999999999999
2007-10-30,784.2999877929688,2.06,2.34,-0.006101439933481778,0.020000000000000018,-0.010000000000000231,-0.673702812146436,0.15383199423970031,0.6473,0.004
2007-10-31,792.0,2.14,2.34,0.009769807160042276,0.08000000000000007,0.0,-0.7275890267075299,0.18489183394548084,0.6847,0.0373999999999999
2007-11-01,790.7000122070312,2.0,2.36,-0.0016427472992859293,-0.14000000000000012,0.020000000000000018,-0.796156595763897,0.20276419185849154,0.654,-0.0306999999999999
2007-11-02,805.7000122070312,1.92,2.39,0.01879283541884913,-0.08000000000000007,0.03000000000000025,-0.8277882966476376,0.011804237360464605,0.6432,-0.0108
2007-11-05,808.0999755859375,1.94,2.41,0.002974303093727926,0.020000000000000018,0.020000000000000018,-0.8479269964498017,0.005096880294647883,0.6542,0.011
2007-11-06,820.7999877929688,1.93,2.45,0.01559367651667376,-0.010000000000000009,0.040000000000000036,-0.8599516112782941,0.014020791811909818,0.6692,0.015
2007-11-07,831.0,1.91,2.43,0.01235033531105767,-0.020000000000000018,-0.020000000000000018,-0.8682137690084238,0.01851283456227092,0.6742,0.005
2007-11-08,835.2000122070312,1.88,2.4,0.00504143688862424,-0.030000000000000027,-0.03000000000000025,-0.8772772283281808,0.028159153498488826,0.6674,-0.0068
2007-11-09,832.5,1.82,2.41,-0.0032380098894737586,-0.05999999999999983,0.010000000000000231,-0.8926530124222474,0.06074643999380159,0.6644,-0.003
2007-11-14,813.0,1.88,2.4,0.01962550589678802,0.019999999999999796,0.0,-0.8877887551145691,-0.07030591918331822,0.6835,0.0105999999999999
2007-11-15,785.9000244140625,1.81,2.36,-0.033901520610580604,-0.06999999999999984,-0.040000000000000036,-0.865800779993817,0.014990636259506494,0.6465,-0.037
2007-11-16,785.7000122070312,1.8,2.35,-0.0002545332189498595,-0.010000000000000009,-0.009999999999999787,-0.8419749710577065,0.01986984016520667,0.6342,-0.0122999999999999
2007-11-19,776.7999877929688,1.7,2.37,-0.011392154455674763,-0.10000000000000009,0.020000000000000018,-0.7773017683634327,0.0685655976864352,0.5964,-0.0377999999999999
2007-11-20,790.2999877929688,1.68,2.38,0.017229703502251503,-0.020000000000000018,0.009999999999999787,-0.7339127351214829,0.05703065986037707,0.5978,0.0013999999999999
2007-11-21,797.5999755859375,1.62,2.38,0.00919458327336553,-0.05999999999999983,0.0,-0.6932923207657896,0.052910730112545004,0.5932,-0.0046
2007-11-26,826.0,1.45,2.38,0.0024242436115056165,-0.17999999999999994,0.0,-0.6962969867807437,0.08098343605765396,0.5329,-0.0673999999999999
2007-11-27,813.7000122070312,1.58,2.37,-0.015003010816484696,0.13000000000000012,-0.009999999999999787,-0.6751749651459655,-0.014354118257338148,0.5655,0.0325999999999999
2007-11-28,800.0999755859375,1.71,2.32,-0.016855073362179063,0.1299999999999999,-0.050000000000000266,-0.6465520595710482,-0.1081153024179696,0.6147,0.0492
2007-11-29,795.2999877929688,1.61,2.33,-0.006017302728189122,-0.09999999999999987,0.010000000000000231,-0.5936629608957515,-0.0869775286329384,0.596,-0.0187
2007-11-30,782.2000122070312,1.63,2.34,-0.016608908686688295,0.019999999999999796,0.009999999999999787,-0.5140294584752924,-0.11050126985075547,0.5911,-0.0049
2007-12-03,788.2999877929688,1.57,2.32,0.007768234653164896,-0.05999999999999983,-0.020000000000000018,-0.43985591243960215,-0.11825051699217536,0.5551,-0.0359999999999999
2007-12-04,801.2999877929688,1.59,2.3,0.01635668096938936,0.020000000000000018,-0.020000000000000018,-0.40277519799766565,-0.10536795372922088,0.55,-0.0050999999999999
2007-12-05,797.5,1.66,2.26,-0.004753558890991272,0.06999999999999984,-0.040000000000000036,-0.33872500242992876,-0.10707885457067648,0.5593,0.0092999999999999
2007-12-06,801.2000122070312,1.77,2.25,0.004628784368598815,0.1100000000000001,-0.009999999999999787,-0.2650809213863423,-0.09255975386420853,0.6002,0.0408999999999999
2007-12-07,794.4000244140625,1.86,2.26,-0.008523475563928962,0.09000000000000008,0.009999999999999787,-0.18830914113309435,-0.11611245986562077,0.6533,0.0531
2007-12-10,807.7000122070312,1.89,2.26,0.01660357409790425,0.029999999999999805,0.0,-0.10230933663955484,-0.09550660297361091,0.6792,0.0259
2007-12-11,811.4000244140625,1.73,2.25,0.004570463299585548,-0.15999999999999992,-0.009999999999999787,-0.055683093496650675,-0.11404629902611603,0.626,-0.0532
2007-12-12,813.5,1.78,2.27,0.00258474579793333,0.050000000000000044,0.020000000000000018,-0.011339405828559775,-0.11077723320652492,0.652,0.026
2007-12-13,799.0,1.87,2.31,-0.01798498089281786,0.09000000000000008,0.040000000000000036,0.06063649232345304,-0.1478252957870567,0.708,0.0559999999999999
2007-12-14,793.2999877929688,1.9,2.34,-0.007159500845978606,0.029999999999999805,0.029999999999999805,0.11529969521637404,-0.17889838281705797,0.7492,0.0412
2007-12-17,794.7999877929688,1.86,2.34,0.0018890503987458729,-0.039999999999999813,0.0,0.15906034393132462,-0.19508883310734024,0.7201,-0.0291
2007-12-18,803.0,1.8,2.34,0.010264218627719757,-0.06000000000000005,0.0,0.15769316762495597,-0.17627385584650565,0.6854,-0.0346999999999999
2007-12-19,801.0999755859375,1.73,2.33,-0.002368961201365316,-0.07000000000000006,-0.009999999999999787,0.15087648795854464,-0.17298252486497118,0.6527,-0.0327
2007-12-20,799.2000122070312,1.74,2.3,-0.002374510136989194,0.010000000000000009,-0.03000000000000025,0.10071509348009752,-0.17525023767675021,0.64,-0.0126999999999999
2007-12-21,811.5999755859375,1.84,2.34,0.015396335261854688,0.10000000000000009,0.040000000000000036,0.030216454199049437,-0.11811633709700475,0.6861,0.0461
2007-12-24,812.7999877929688,1.88,2.35,0.0014774839354627645,0.039999999999999813,0.010000000000000231,-0.036226943994983496,-0.11094989443227184,0.6913,0.0051999999999999
2007-12-27,828.5999755859375,1.85,2.36,0.003142726658091455,-0.09999999999999987,0.009999999999999787,0.09113202800961899,-0.05252903458686833,0.6878,-0.0228
2007-12-28,839.5999755859375,1.78,2.33,0.013188058689201476,-0.07000000000000006,-0.029999999999999805,0.08265857760691474,-0.08957582074512546,0.6442,-0.0435999999999999
2007-12-31,834.9000244140625,1.73,2.31,-0.005613572426415914,-0.050000000000000044,-0.020000000000000018,0.09645597473171623,-0.17184349141546415,0.5981,-0.0461
2008-01-03,866.4000244140625,1.58,2.33,0.01090880526774285,-0.010000000000000009,0.010000000000000231,-0.14443949454729166,-0.30883819024218256,0.5226,-0.0139
2008-01-04,863.0999755859375,1.56,2.32,-0.003816192926393569,-0.020000000000000018,-0.010000000000000231,-0.24628181936936452,-0.302810597476282,0.503,-0.0195999999999999
2008-01-07,859.5999755859375,1.57,2.29,-0.004063394572429324,0.010000000000000009,-0.029999999999999805,-0.32753727860954246,-0.2956542680254115,0.4882,-0.0147999999999999
2008-01-08,878.0,1.57,2.29,0.021179457268416968,0.0,0.0,-0.3767474578517143,-0.32740807334636735,0.4849,-0.0033
2008-01-09,879.5,1.56,2.26,0.0017069705424956894,-0.010000000000000009,-0.03000000000000025,-0.43719161576632354,-0.3541675125422935,0.4667,-0.0181999999999999
2008-01-10,891.7000122070312,1.68,2.23,0.013776202652837632,0.11999999999999988,-0.029999999999999805,-0.44153590409070287,-0.22663475870608624,0.4989,0.0322
2008-01-11,896.0999755859375,1.56,2.26,0.00492221981492591,-0.11999999999999988,0.029999999999999805,-0.49575539440181704,-0.13837143291281923,0.4809,-0.018
2008-01-14,901.5999755859375,1.53,2.28,0.006118949001593599,-0.030000000000000027,0.020000000000000018,-0.5826714082827841,-0.188532138360435,0.4807,-0.0001999999999999
2008-01-15,901.0,1.45,2.27,-0.0006656780386320449,-0.08000000000000007,-0.009999999999999787,-0.6828130343801756,-0.15737994281709036,0.4499,-0.0307999999999999
2008-01-16,880.5999755859375,1.5,2.24,-0.022901792011034594,0.050000000000000044,-0.029999999999999805,-0.7731775033752455,-0.19277339316858355,0.452,0.0020999999999999
2008-01-17,879.5,1.43,2.23,-0.0012499014196905023,-0.07000000000000006,-0.010000000000000231,-0.8273521618460596,-0.19471627735496672,0.4253,-0.0267
2008-01-18,880.7999877929688,1.42,2.24,0.001477007371830652,-0.010000000000000009,0.010000000000000231,-0.8595123722498842,-0.17364769985552675,0.4314,0.0060999999999999
2008-01-23,882.5,1.31,2.2,-0.008013107245000484,0.030000000000000027,-0.040000000000000036,-0.8451438140239331,-0.1876749013145274,0.4552,0.0384999999999999
2008-01-24,905.5,1.44,2.24,0.025728488516016057,0.1299999999999999,0.040000000000000036,-0.8465255436726242,-0.06582905846003577,0.5383,0.0831
2008-01-25,910.5,1.34,2.27,0.005506621844195259,-0.09999999999999987,0.029999999999999805,-0.860945802506987,-0.07004569288771349,0.5426,0.0042999999999999
2008-01-28,927.0999755859375,1.33,2.28,0.01806750911147681,-0.010000000000000009,0.009999999999999787,-0.8699109589512375,-0.06299122113433826,0.5455,0.0029
2008-01-29,925.0999755859375,1.37,2.32,-0.002159594892595429,0.040000000000000036,0.040000000000000036,-0.8684168517334082,0.0200829337942126,0.5829,0.0373999999999999
2008-01-30,920.5999755859375,1.45,2.33,-0.004876208523132419,0.07999999999999985,0.010000000000000231,-0.854746250119643,0.003005867842289297,0.6343,0.0514
2008-01-31,922.7000122070312,1.33,2.34,0.002278562950784213,-0.11999999999999988,0.009999999999999787,-0.8520952251763654,0.011596144117060515,0.6225,-0.0117999999999999
2008-02-01,908.7000122070312,1.31,2.31,-0.015289147679384385,-0.020000000000000018,-0.029999999999999805,-0.8491204882444205,0.023387037027096033,0.6026,-0.0199
2008-02-04,904.9000244140625,1.38,2.3,-0.004190552797878944,0.06999999999999984,-0.010000000000000231,-0.8584604826272012,-0.01894073044824474,0.6044,0.0018
2008-02-05,885.9000244140625,1.34,2.27,-0.02122036236046121,-0.039999999999999813,-0.029999999999999805,-0.8591681167397357,0.012804832969258384,0.5746,-0.0298
2008-02-06,900.7000122070312,1.36,2.25,0.016568147366052166,0.020000000000000018,-0.020000000000000018,-0.8451980729833326,-0.021650340025763562,0.5891,0.0144999999999999
2008-02-07,906.0999755859375,1.47,2.27,0.005977395941376251,0.10999999999999988,0.020000000000000018,-0.8130331128736927,-0.005535649691155244,0.6425,0.0534
2008-02-08,918.4000244140625,1.36,2.28,0.013483403864658072,-0.10999999999999988,0.009999999999999787,-0.7797441706815379,-0.07955798494738886,0.6143,-0.0282
2008-02-11,922.9000244140625,1.32,2.3,0.004887860576610947,-0.040000000000000036,0.020000000000000018,-0.7389022315394728,-0.08335742810971329,0.5947,-0.0195999999999999
2008-02-12,907.4000244140625,1.36,2.3,-0.016937518589792866,0.040000000000000036,0.0,-0.6889768330371665,-0.10126189986479851,0.6055,0.0108
2008-02-13,906.5,1.42,2.28,-0.000992363940470753,0.05999999999999983,-0.020000000000000018,-0.6053121423793242,-0.12152765362005193,0.6205,0.015
2008-02-14,907.4000244140625,1.57,2.28,0.000992363940470753,0.15000000000000013,0.0,-0.5256774564299391,-0.014298567670765303,0.6737,0.0531999999999999
2008-02-15,902.7999877929688,1.48,2.28,-0.005082362713297428,-0.09000000000000008,0.0,-0.4809840750123676,0.010699714308104397,0.6713,-0.0023999999999999
2008-02-20,934.5999755859375,1.55,2.38,0.008596657509311711,-0.010000000000000009,0.04999999999999982,-0.17260954442883553,0.07430422573897054,0.7559,0.0341
2008-02-21,946.0999755859375,1.43,2.34,0.012229641761595467,-0.1200000000000001,-0.040000000000000036,-0.09689640216347614,0.03379389757347901,0.6966,-0.0593
2008-02-22,944.7000122070312,1.44,2.35,-0.0014808162087653898,0.010000000000000009,0.010000000000000231,-0.01609701926126665,0.03167006388108894,0.6884,-0.0081999999999999
2008-02-25,937.5999755859375,1.53,2.38,-0.007544036912825014,0.09000000000000008,0.029999999999999805,0.14183275067512166,-0.04992583510824327,0.7421,0.0536999999999999
2008-02-26,946.0999755859375,1.44,2.44,0.009024853121590404,-0.09000000000000008,0.06000000000000005,0.20046918846751544,-0.05942580005927722,0.7405,-0.0015999999999999
2008-02-27,958.2000122070312,1.42,2.43,0.01270829128311668,-0.020000000000000018,-0.009999999999999787,0.22052535037420698,-0.061057646335854185,0.7426,0.0020999999999999
2008-02-28,964.5,1.26,2.45,0.006553295157218031,-0.15999999999999992,0.020000000000000018,0.06788339396397819,-0.08785450177537787,0.6961,-0.0464999999999999
2008-02-29,972.0999755859375,1.1,2.43,0.00784882236647455,-0.15999999999999992,-0.020000000000000018,-0.13083336279351057,-0.06432770516782746,0.6181,-0.078
2008-03-03,981.5,1.08,2.46,0.009623359004257814,-0.020000000000000018,0.029999999999999805,-0.3078958733520121,-0.07562855788619138,0.6162,-0.0019
2008-03-04,963.9000244140625,1.15,2.48,-0.01809443359817564,0.06999999999999984,0.020000000000000018,-0.3724016038917699,-0.12568306192434606,0.6549,0.0387
2008-03-05,986.2000122070312,1.16,2.54,0.022871606049530868,0.010000000000000009,0.06000000000000005,-0.49749628638917254,-0.08649442518258822,0.7055,0.0505999999999999
2008-03-06,975.0,1.07,2.55,-0.011421715170023994,-0.08999999999999986,0.009999999999999787,-0.6061383787402299,-0.03258210601630292,0.6999,-0.0056
2008-03-07,972.2000122070312,1.01,2.55,-0.002875913830401977,-0.06000000000000005,0.0,-0.6364163860342347,-0.1381482838394419,0.6848,-0.0151
2008-03-10,969.9000244140625,0.9,2.56,-0.0023685585962169853,-0.10999999999999999,0.010000000000000231,-0.6626008032907518,-0.11257909888936375,0.6522,-0.0325999999999999
2008-03-11,974.2000122070312,1.05,2.55,0.004423635331527009,0.15000000000000002,-0.010000000000000231,-0.6865213132990408,-0.09664926840918407,0.7095,0.0573
2008-03-12,978.7999877929688,0.95,2.54,0.004710685194335262,-0.10000000000000009,-0.009999999999999787,-0.710076780748699,-0.09756319781862005,0.6677,-0.0418
2008-03-13,992.2999877929688,1.05,2.51,0.013698149521350622,0.10000000000000009,-0.03000000000000025,-0.725524986721199,-0.03170938440500341,0.6864,0.0187
2008-03-14,998.2000122070312,1.01,2.43,0.005928200646111215,-0.040000000000000036,-0.07999999999999963,-0.7473700584189685,-0.03655558897123725,0.6456,-0.0408
2008-03-17,1001.4000244140625,1.05,2.29,0.003200655011221798,0.040000000000000036,-0.14000000000000012,-0.769098945150398,-0.0440146469867955,0.6059,-0.0396999999999999
2008-03-18,1003.2000122070312,1.08,2.4,0.001795857770975573,0.030000000000000027,0.10999999999999988,-0.7761980958216238,-0.02596209213280606,0.6714,0.0655
2008-03-19,944.7000122070312,1.04,2.34,-0.060082752350066215,-0.040000000000000036,-0.06000000000000005,-0.7812014381259733,0.010767087938175789,0.6782,0.0068
2008-03-20,919.5999755859375,1.02,2.32,-0.026928663356224902,-0.020000000000000018,-0.020000000000000018,-0.7235594623164597,0.005507976069301906,0.6784,0.0001999999999999
2008-03-25,934.5999755859375,1.25,2.26,0.017594482817452572,0.010000000000000009,-0.06000000000000005,-0.6883941457579313,0.016985835560155975,0.7111,-0.0211999999999999
2008-03-26,949.0,1.24,2.27,0.015290194466074603,-0.010000000000000009,0.010000000000000231,-0.6877819395603587,0.01801010244030526,0.6914,-0.0196999999999999
2008-03-27,948.7999877929688,1.23,2.33,-0.00021078323222489814,-0.010000000000000009,0.06000000000000005,-0.6875272109576042,0.036929947037186106,0.7041,0.0126999999999999
2008-03-28,930.5999755859375,1.13,2.34,-0.01936850220191033,-0.10000000000000009,0.009999999999999787,-0.6502574524997016,0.08155030996545164,0.6738,-0.0302999999999999
2008-03-31,916.2000122070312,1.11,2.34,-0.015594818399606858,-0.019999999999999796,0.0,-0.5565304146062376,0.08610104740811933,0.6515,-0.0222999999999999
2008-04-01,882.9000244140625,1.22,2.35,-0.037022723216523445,0.10999999999999988,0.010000000000000231,-0.46097137950378486,-0.02448326046587461,0.7011,0.0495999999999999
2008-04-02,895.2000122070312,1.26,2.34,0.013835199074146765,0.040000000000000036,-0.010000000000000231,-0.42733516030325003,-0.062353378914970836,0.7312,0.0301
2008-04-03,905.0,1.28,2.33,0.010887773066116324,0.020000000000000018,-0.009999999999999787,-0.43041794616036183,-0.05422213203340501,0.7407,0.0095
2008-04-04,909.0,1.18,2.32,0.00441015047755311,-0.10000000000000009,-0.010000000000000231,-0.42796946404305697,-0.03330603639855108,0.699,-0.0417
2008-04-07,922.7000122070312,1.23,2.34,0.014959073636717335,0.050000000000000044,0.020000000000000018,-0.4467480367708569,-0.012342211205850415,0.718,0.019
2008-04-08,914.0,1.26,2.32,-0.009473596360046521,0.030000000000000027,-0.020000000000000018,-0.4852491636364734,-0.005235252419837398,0.7209,0.0029
2008-04-09,933.5999755859375,1.19,2.3,0.021217483367744094,-0.07000000000000006,-0.020000000000000018,-0.5279618135404314,-0.01726581521161666,0.6879,-0.033
2008-04-10,928.2999877929688,1.26,2.29,-0.005693111565884479,0.07000000000000006,-0.009999999999999787,-0.6217408129466465,-0.021587376067821504,0.7133,0.0254
2008-04-11,923.5999755859375,1.19,2.3,-0.005075892209258193,-0.07000000000000006,0.009999999999999787,-0.6633103592836883,0.010918109133150125,0.7038,-0.0095
2008-04-14,925.4000244140625,1.23,2.3,0.0019470518083206656,0.040000000000000036,0.0,-0.6681865640726201,0.051928641890014324,0.7257,0.0219
2008-04-15,928.7000122070312,1.28,2.32,0.0035596690711043877,0.050000000000000044,0.020000000000000018,-0.6641595716771456,0.06488272909676757,0.7622,0.0364999999999999
2008-04-16,945.0999755859375,1.41,2.31,0.017504944242580756,0.1299999999999999,-0.009999999999999787,-0.6080680156664454,0.14188932480864,0.8213,0.0591
2008-04-17,939.7999877929688,1.44,2.31,-0.005623642489008596,0.030000000000000027,0.0,-0.5815385493901141,0.1432909937695594,0.8454,0.0241
2008-04-18,912.2000122070312,1.45,2.32,-0.029807796020180355,0.010000000000000009,0.009999999999999787,-0.5847067278937339,0.11926437437864215,0.8481,0.0026999999999999
2008-04-21,914.7000122070312,1.44,2.31,0.0027368783481440673,-0.010000000000000009,-0.009999999999999787,-0.5765594080186497,0.11659533384742576,0.8378,-0.0102999999999999
2008-04-22,922.2999877929688,1.43,2.31,0.008274380998537723,-0.010000000000000009,0.0,-0.5556900715057854,0.11293308461232554,0.8387,0.0009
2008-04-23,906.2000122070312,1.44,2.33,-0.017610491302641584,0.010000000000000009,0.020000000000000018,-0.5531508055785321,0.09755104522703349,0.8514,0.0127
2008-04-24,886.7999877929688,1.56,2.31,-0.021640581726710018,0.1200000000000001,-0.020000000000000018,-0.5580077278636428,0.06898973297210807,0.9048,0.0534
2008-04-25,887.2000122070312,1.6,2.31,0.00045098581831126694,0.040000000000000036,0.0,-0.5626061638731642,0.03560029515792475,0.9318,0.0269999999999999
2008-04-28,892.9000244140625,1.56,2.3,0.006404170070398507,-0.040000000000000036,-0.010000000000000231,-0.5344087400090687,0.03481990729435342,0.8997,-0.0320999999999999
2008-04-29,874.2000122070312,1.56,2.29,-0.02116542347273409,0.0,-0.009999999999999787,-0.534532573509771,0.03816734825847227,0.8815,-0.0182000000000001
2008-04-30,862.7999877929688,1.5,2.27,-0.013126296026030992,-0.06000000000000005,-0.020000000000000018,-0.5350785474075656,0.05160508240599541,0.8545,-0.0269999999999999
2008-05-01,848.9000244140625,1.52,2.26,-0.01624147786327601,0.020000000000000018,-0.010000000000000231,-0.5385474279916869,-0.03811485605035311,0.8552,0.0006999999999999
2008-05-02,856.0999755859375,1.53,2.36,0.00844574072710369,0.010000000000000009,0.10000000000000009,-0.5940563865564676,-0.07112396695359198,0.8965,0.0413
2008-05-05,872.2999877929688,1.53,2.35,0.01874622421442762,0.0,-0.009999999999999787,-0.6156016493375189,-0.09889868121489236,0.8904,-0.0060999999999999
2008-05-06,876.0,1.55,2.38,0.004232703491293677,0.020000000000000018,0.029999999999999805,-0.6268136944854371,-0.09897943620708345,0.8952,0.0048
2008-05-07,869.5999755859375,1.51,2.36,-0.00733278320444164,-0.040000000000000036,-0.020000000000000018,-0.6310851074192693,-0.07657255848771377,0.8728,-0.0223999999999999
2008-05-08,880.5999755859375,1.43,2.36,0.012570157865352982,-0.08000000000000007,0.0,-0.6186809140520959,-0.12198129149431336,0.8347,-0.0381
2008-05-09,884.5,1.39,2.38,0.004419048002536563,-0.040000000000000036,0.020000000000000018,-0.5936933824953459,-0.21892306149722324,0.8193,-0.0153999999999999
2008-05-12,883.7000122070312,1.41,2.37,-0.0009048612623345775,0.020000000000000018,-0.009999999999999787,-0.5945932879491986,-0.2403430720229814,0.8105,-0.0088
2008-05-13,868.5,1.51,2.39,-0.017350066656345753,0.10000000000000009,0.020000000000000018,-0.6578249143310309,-0.1677944553052367,0.8546,0.0441
2008-05-14,865.4000244140625,1.49,2.43,-0.003575729679071493,-0.020000000000000018,0.040000000000000036,-0.6816986834656583,-0.18939091161741467,0.8772,0.0225999999999999
2008-05-15,879.0,1.4,2.43,0.015593041683088948,-0.09000000000000008,0.0,-0.6772889643994734,-0.256492911995962,0.8373,-0.0398999999999999
2008-05-16,899.0,1.41,2.44,0.02249813678644319,0.010000000000000009,0.009999999999999787,-0.6942504372240439,-0.23089507290342015,0.8358,-0.0015
2008-05-19,905.0,1.36,2.47,0.006651909228305719,-0.04999999999999982,0.03000000000000025,-0.6839364034404056,-0.28228681037591985,0.823,-0.0128
2008-05-20,919.5,1.31,2.47,0.01589510034445052,-0.050000000000000044,0.0,-0.6906816554478231,-0.30132532576503784,0.7945,-0.0284999999999999
2008-05-21,928.0,1.3,2.51,0.009201688741824476,-0.010000000000000009,0.03999999999999959,-0.6806969617263404,-0.2538956982124577,0.8083,0.0138
2008-05-22,917.9000244140625,1.41,2.51,-0.01094325396341933,0.10999999999999988,0.0,-0.6585640469493514,-0.27707840365755265,0.8616,0.0533
2008-05-23,925.5999755859375,1.36,2.49,0.008353670680213199,-0.04999999999999982,-0.019999999999999574,-0.6640685425626565,-0.3177876534508568,0.8399,-0.0217
2008-05-28,900.5,1.58,2.45,-0.007963776364880992,0.1200000000000001,-0.020000000000000018,-0.5796975339014694,-0.39328126049444817,0.9201,0.0489
2008-05-29,877.2000122070312,1.62,2.46,-0.026215134156373665,0.040000000000000036,0.009999999999999787,-0.5824816515883846,-0.5423392373386127,0.9544,0.0343
2008-05-30,887.2999877929688,1.58,2.48,0.011448099624153052,-0.040000000000000036,0.020000000000000018,-0.5939924081357707,-0.5525752401256766,0.9559,0.0014999999999999
2008-06-02,892.9000244140625,1.51,2.47,0.006291489781817816,-0.07000000000000006,-0.009999999999999787,-0.5917393206294312,-0.5902278354962945,0.9114,-0.0444999999999999
2008-06-03,881.5999755859375,1.51,2.41,-0.012736209159860401,0.0,-0.06000000000000005,-0.5927315623042458,-0.5809365777296627,0.8743,-0.0371
2008-06-04,879.9000244140625,1.59,2.39,-0.0019301183078272999,0.08000000000000007,-0.020000000000000018,-0.5906994572051354,-0.5667327916900219,0.8905,0.0161999999999999
2008-06-05,871.7999877929688,1.63,2.43,-0.009248266595728971,0.039999999999999813,0.040000000000000036,-0.5950950717202607,-0.5828790439702332,0.9251,0.0346
2008-06-06,895.4000244140625,1.47,2.47,0.026710547270769602,-0.15999999999999992,0.040000000000000036,-0.6029017805672043,-0.6113534394198712,0.8844,-0.0407
2008-06-09,894.7000122070312,1.54,2.48,-0.0007820928756965273,0.07000000000000006,0.009999999999999787,-0.6072614055024798,-0.6060488179080439,0.9253,0.0409
2008-06-10,867.9000244140625,1.62,2.49,-0.03041195141702424,0.08000000000000007,0.010000000000000231,-0.63939687214965,-0.6274110996045386,0.9625,0.0372
2008-06-11,879.7000122070312,1.62,2.48,0.013504425354745386,0.0,-0.010000000000000231,-0.6256816737747345,-0.6420602962986686,0.9547,-0.0078
2008-06-12,869.2000122070312,1.73,2.5,-0.012007691708726398,0.10999999999999988,0.020000000000000018,-0.6360883995325917,-0.7017959342627319,1.0065,0.0517999999999999
2008-06-13,870.2999877929688,1.77,2.5,0.0012647033429749044,0.040000000000000036,0.0,-0.6613373705105595,-0.7083382147305854,1.0326,0.0261
2008-06-16,883.5999755859375,1.76,2.49,0.015166478146507956,-0.010000000000000009,-0.009999999999999787,-0.6473866743062368,-0.7082379689206462,1.0225,-0.0100999999999999
2008-06-17,884.2999877929688,1.75,2.48,0.0007919138617733523,-0.010000000000000009,-0.010000000000000231,-0.6281243733106479,-0.7228445704792703,1.0059,-0.0165999999999999
2008-06-18,890.9000244140625,1.68,2.48,0.0074358573529016425,-0.07000000000000006,0.0,-0.6076293874017323,-0.7268789552476879,0.9779,-0.028
2008-06-19,901.7000122070312,1.75,2.47,0.012049668913240552,0.07000000000000006,-0.009999999999999787,-0.5544248702406811,-0.7068727252928345,1.0086,0.0306999999999999
2008-06-20,901.2999877929688,1.72,2.44,-0.00044373202509806475,-0.030000000000000027,-0.03000000000000025,-0.5285600337397749,-0.6925188541821959,0.9871,-0.0214999999999999
2008-06-23,884.7999877929688,1.75,2.44,-0.01847653504686253,0.030000000000000027,0.0,-0.5499971486002294,-0.6832884701063413,1.0011,0.0140000000000001
2008-06-24,889.2000122070312,1.64,2.46,0.004960578846449515,-0.1100000000000001,0.020000000000000018,-0.573739341338443,-0.6681373329850427,0.9604,-0.0407
2008-06-25,880.0,1.65,2.47,-0.01040028834589446,0.010000000000000009,0.010000000000000231,-0.6143615983742332,-0.643679431660027,0.9619,0.0014999999999999
2008-06-26,913.0999755859375,1.55,2.52,0.036923469412486476,-0.09999999999999987,0.04999999999999982,-0.6606900740068956,-0.679677019234844,0.9338,-0.0281
2008-06-27,929.2999877929688,1.48,2.51,0.017586224542828433,-0.07000000000000006,-0.010000000000000231,-0.7094346213575942,-0.680217812558003,0.9089,-0.0248999999999999
2008-06-30,926.2000122070312,1.48,2.51,-0.0033413942012225917,0.0,0.0,-0.7145528700198063,-0.7061835009185518,0.8904,-0.0185
2008-07-01,942.5,1.49,2.52,0.017445712095821797,0.010000000000000009,0.010000000000000231,-0.6998175722711321,-0.6880286811186641,0.8854,-0.005
2008-07-02,944.7999877929688,1.43,2.56,0.00243733264075896,-0.06000000000000005,0.040000000000000036,-0.7011019215475432,-0.6735039379362922,0.8772,-0.0081999999999999
2008-07-03,931.9000244140625,1.42,2.57,-0.013747712973158244,-0.010000000000000009,0.009999999999999787,-0.6989049614300058,-0.6569872804362744,0.8721,-0.0050999999999999
2008-07-08,921.9000244140625,1.45,2.46,-0.005840340355240947,0.020000000000000018,-0.06000000000000005,-0.7011271014690444,-0.64729351788278,0.8318,-0.0187
2008-07-09,927.2999877929688,1.39,2.46,0.005840340355240947,-0.06000000000000005,0.0,-0.7218199637931736,-0.6240164167935084,0.802,-0.0297999999999999
2008-07-10,940.9000244140625,1.4,2.43,0.014559765318161055,0.010000000000000009,-0.029999999999999805,-0.7460147920839396,-0.610713800366025,0.8025,0.0004999999999999
2008-07-11,959.5,1.48,2.48,0.0195754254874716,0.08000000000000007,0.04999999999999982,-0.7349773039689718,-0.5170730033314079,0.8687,0.0662
2008-07-14,972.7000122070312,1.43,2.47,0.013663406977276082,-0.050000000000000044,-0.009999999999999787,-0.741343620358436,-0.5204277155087311,0.8639,-0.0048
2008-07-15,977.7000122070312,1.4,2.47,0.005127164572051868,-0.030000000000000027,0.0,-0.766772569867937,-0.5227933069872899,0.8559,-0.008
2008-07-16,961.7999877929688,1.48,2.49,-0.01639637084538048,0.08000000000000007,0.020000000000000018,-0.7882399937893686,-0.5599698533653661,0.9033,0.0474
2008-07-17,970.0,1.6,2.47,0.008489555345726707,0.1200000000000001,-0.020000000000000018,-0.7391613229726315,-0.5046134042206951,0.9644,0.0611
2008-07-18,957.2999877929688,1.65,2.46,-0.013179262296642236,0.04999999999999982,-0.010000000000000231,-0.6893706572253941,-0.5094900214312622,0.9985,0.0341
2008-07-21,963.0999755859375,1.66,2.43,0.0060404140165744025,0.010000000000000009,-0.029999999999999805,-0.6611043887423783,-0.43622089185009866,0.9953,-0.0032
2008-07-22,948.0,1.71,2.43,-0.015802720962339478,0.050000000000000044,0.0,-0.6270503004776152,-0.45347152390099116,1.0137,0.0184
2008-07-23,922.4000244140625,1.8,2.36,-0.02737550683219503,0.09000000000000008,-0.07000000000000028,-0.6098161094666297,-0.46007373463258094,1.0281,0.0143999999999999
2008-07-24,922.0,1.69,2.34,-0.00043377186623239083,-0.1100000000000001,-0.020000000000000018,-0.6126730005457157,-0.426764258985176,0.9684,-0.0596999999999999
2008-07-25,926.5999755859375,1.79,2.34,0.004976723077947831,0.10000000000000009,0.0,-0.569606279530951,-0.3654851900862404,0.9883,0.0198999999999999
2008-07-28,927.5999755859375,1.7,2.36,0.0010786324272329395,-0.09000000000000008,0.020000000000000018,-0.5281324575131395,-0.3505282145028907,0.9525,-0.0357999999999999
2008-07-29,916.4000244140625,1.76,2.33,-0.012147601841161482,0.06000000000000005,-0.029999999999999805,-0.49898205329182377,-0.3729587989335247,0.959,0.0064999999999999
2008-07-30,902.9000244140625,1.71,2.36,-0.01484114486757182,-0.050000000000000044,0.029999999999999805,-0.48174838123639896,-0.33233297975200454,0.953,-0.006
2008-07-31,913.9000244140625,1.65,2.34,0.012109350639264882,-0.06000000000000005,-0.020000000000000018,-0.4734635945328673,-0.3393169440664021,0.9109,-0.0420999999999999
2008-08-01,909.0,1.63,2.34,-0.00537608881482754,-0.020000000000000018,0.0,-0.4520370453396348,-0.3770351964295248,0.897,-0.0139
2008-08-04,900.0999755859375,1.64,2.34,-0.009839253038162354,0.010000000000000009,0.0,-0.4356449279859828,-0.38023220894631987,0.8896,-0.0074
2008-08-05,878.5999755859375,1.74,2.3,-0.024176137385097718,0.10000000000000009,-0.040000000000000036,-0.4359842469874449,-0.4256254932106444,0.9028,0.0132000000000001
2008-08-06,875.5999755859375,1.79,2.27,-0.0034203659881777426,0.050000000000000044,-0.029999999999999805,-0.4897594646003094,-0.4274592498203182,0.9242,0.0213999999999999
2008-08-07,870.7000122070312,1.68,2.24,-0.0056118379116814054,-0.1100000000000001,-0.029999999999999805,-0.49802003304840814,-0.3853196022393111,0.875,-0.0492
2008-08-08,857.7999877929688,1.72,2.22,-0.014926542002205778,0.040000000000000036,-0.020000000000000018,-0.5264107966511052,-0.30679117144143114,0.877,0.002
2008-08-11,821.5,1.8,2.19,-0.043239020374831405,0.08000000000000007,-0.03000000000000025,-0.5738054199624175,-0.32259694473859885,0.8842,0.0071999999999999
2008-08-12,808.2000122070312,1.72,2.19,-0.01632236972897605,-0.08000000000000007,0.0,-0.5695267765671157,-0.2699784872588687,0.8403,-0.0438999999999999
2008-08-13,825.0,1.75,2.19,0.020573818586334447,0.030000000000000027,0.0,-0.5798291100937359,-0.2482836037343898,0.8471,0.0067999999999999
2008-08-14,808.2000122070312,1.67,2.22,-0.020573818586334447,-0.08000000000000007,0.03000000000000025,-0.5478090727386118,-0.17642228565688836,0.8244,-0.0226999999999999
2008-08-15,786.0,1.66,2.18,-0.027852775319139766,-0.010000000000000009,-0.040000000000000036,-0.5133965943901568,-0.16220315625507678,0.8005,-0.0239
2008-08-18,799.7000122070312,1.67,2.15,0.01727988017315063,0.010000000000000009,-0.03000000000000025,-0.49901748240843286,-0.1549803381908943,0.7814,-0.0191
2008-08-19,811.0999755859375,1.68,2.15,0.014154648374000267,0.010000000000000009,0.0,-0.49511905487234853,-0.14970658460412797,0.7845,0.0030999999999999
2008-08-20,810.2999877929688,1.6,2.19,-0.0009867865745070148,-0.07999999999999985,0.040000000000000036,-0.458510883059727,-0.1366502649465924,0.7721,-0.0123999999999999
2008-08-21,833.0,1.61,2.23,0.02762910776499261,0.010000000000000009,0.040000000000000036,-0.4179106480591414,-0.12982543540230346,0.7951,0.023
2008-08-22,827.4000244140625,1.69,2.18,-0.006745358632567644,0.07999999999999985,-0.04999999999999982,-0.3781582387142325,-0.19437345155003405,0.8216,0.0264999999999999
2008-08-25,819.7999877929688,1.64,2.15,-0.0092278903542935,-0.050000000000000044,-0.03000000000000025,-0.2766985291708971,-0.15741216599813437,0.7849,-0.0366999999999999
2008-08-26,822.2000122070312,1.63,2.16,0.0029232961305867278,-0.010000000000000009,0.010000000000000231,-0.09596609719778036,-0.15033225843831347,0.7798,-0.0050999999999999
2008-08-27,828.0999755859375,1.58,2.19,0.007150201247062782,-0.04999999999999982,0.029999999999999805,0.11394053496486416,-0.1473200090794669,0.7683,-0.0115
2008-08-28,830.9000244140625,1.62,2.17,0.0033755894959766053,0.040000000000000036,-0.020000000000000018,0.24122053128603738,-0.1997336599734514,0.7719,0.0036
2008-08-29,829.2999877929688,1.68,2.15,-0.0019275233161311078,0.05999999999999983,-0.020000000000000018,0.2963767048762099,-0.17971535277733885,0.7875,0.0155999999999999
2008-09-03,802.7000122070312,1.71,2.0,-0.0028612170735691222,0.020000000000000018,-0.04999999999999982,0.32800186892177835,-0.1689404177246143,0.7336,-0.0205999999999999
2008-09-04,797.9000244140625,1.7,1.94,-0.0059977534328616855,-0.010000000000000009,-0.06000000000000005,0.2419423585293313,-0.10774183888820574,0.7022,-0.0313999999999999
2008-09-05,797.5999755859375,1.71,1.95,-0.00037611887391086896,0.010000000000000009,0.010000000000000009,0.22944949958320993,-0.09379263048479741,0.7075,0.0052999999999999
2008-09-08,797.5,1.68,1.98,-0.00012535337922248146,-0.030000000000000027,0.030000000000000027,0.12687262309674133,-0.1451481058864854,0.7138,0.0062999999999999
2008-09-09,787.0999755859375,1.69,1.93,-0.013126560528334608,0.010000000000000009,-0.050000000000000044,0.10524031332409557,-0.13210637842437328,0.6976,-0.0161999999999999
2008-09-10,757.9000244140625,1.7,1.95,-0.037803791099906725,0.010000000000000009,0.020000000000000018,-0.01974223929349397,-0.12544489154140354,0.7061,0.0084999999999999
2008-09-11,741.2999877929688,1.67,1.97,-0.022146097835143763,-0.030000000000000027,0.020000000000000018,-0.040549388640333216,-0.12373094016320331,0.7011,-0.005
2008-09-12,760.2999877929688,1.79,1.95,0.025307690983231268,0.1200000000000001,-0.020000000000000018,-0.10060698624638195,0.06571778158244095,0.7542,0.0531
2008-09-15,783.0999755859375,1.7,1.77,0.02954729440187087,-0.09000000000000008,-0.17999999999999994,-0.029076903921675886,-0.04773843203772258,0.6755,-0.0786999999999999
2008-09-16,776.5,1.85,1.63,-0.008463727991975034,0.15000000000000013,-0.14000000000000012,-0.05567053504662178,-0.05747836000789785,0.7038,0.0282999999999999
2008-09-17,846.5999755859375,1.81,1.6,0.08643165666030406,-0.040000000000000036,-0.029999999999999805,-0.037651999764328974,-0.09019244794381488,0.7454,0.0415999999999999
2008-09-18,892.7000122070312,1.94,1.6,0.053022292610552135,0.1299999999999999,0.0,0.16440151347958235,0.058814520036117646,0.8467,0.1013
2008-09-19,860.5999755859375,1.85,1.93,-0.03662079982375133,-0.08999999999999986,0.32999999999999985,0.27533184661397025,0.11406070420352724,0.9366,0.0898999999999999
2008-09-22,903.9000244140625,1.85,1.98,0.04908896977821264,0.0,0.050000000000000044,0.3827997930668705,0.11521962506494518,0.9233,-0.0132999999999999
2008-09-23,885.5,1.99,1.86,-0.020566304591170592,0.1399999999999999,-0.11999999999999988,0.4911840176171757,0.1194136603598329,0.931,0.0077
2008-09-24,889.0,2.05,1.75,0.003944778291016249,0.05999999999999983,-0.1100000000000001,0.5724728061404446,0.0914546515094809,0.9355,0.0044999999999999
2008-09-25,877.7000122070312,2.09,1.79,-0.012792372007855768,0.040000000000000036,0.040000000000000036,0.611541760380931,0.07646951706148128,0.9765,0.041
2008-09-26,882.9000244140625,2.1,1.75,0.005907108053613719,0.010000000000000231,-0.040000000000000036,0.646820188261054,0.036971223824935964,0.9647,-0.0118
2008-09-29,888.2000122070312,2.03,1.58,0.005984985041900259,-0.07000000000000028,-0.16999999999999993,0.6710840810025521,0.018068350035389216,0.8399,-0.1248
2008-09-30,874.2000122070312,2.25,1.6,-0.015887760208689095,0.2200000000000002,0.020000000000000018,0.6659015004375178,-0.05134682219593288,0.9242,0.0843
2008-10-01,880.7000122070312,2.26,1.51,0.007407863279141225,0.009999999999999787,-0.09000000000000008,0.6759174525690038,-0.050393736685559735,0.9109,-0.0132999999999999
2008-10-02,839.0,2.17,1.49,-0.048506353204809116,-0.08999999999999986,-0.020000000000000018,0.6502455565435229,0.037222448247432996,0.8807,-0.0302
2008-10-03,828.9000244140625,2.18,1.45,-0.012111156416157343,0.010000000000000231,-0.040000000000000036,0.6318605697035781,0.04356422227902328,0.8885,0.0077999999999999
2008-10-06,862.7000122070312,2.21,1.27,0.039967470181283105,0.029999999999999805,-0.17999999999999994,0.640085532294567,0.05742712846835136,0.8352,-0.0532999999999999
2008-10-07,878.4000244140625,2.32,1.18,0.018035078316721354,0.10999999999999988,-0.09000000000000008,0.6556793758746181,0.06750951183971127,0.8197,-0.0155
2008-10-08,903.0999755859375,2.69,1.03,0.027731163674079795,0.3700000000000001,-0.1499999999999999,0.6776439633833616,0.1540032311199982,0.931,0.1113
2008-10-09,883.0999755859375,2.79,1.05,-0.022394845394240193,0.10000000000000009,0.020000000000000018,0.6713960893232227,0.1393124938181519,1.0171,0.0860999999999998
2008-10-10,855.4000244140625,2.97,0.92,-0.03186919249497855,0.18000000000000016,-0.13,0.6117326308406408,0.07994303370915168,1.0786,0.0615000000000001
2008-10-15,835.5,3.02,1.02,-0.000957037755558332,-0.029999999999999805,-0.010000000000000009,0.46790233287901106,0.060521746254387505,1.2172,0.0256
2008-10-16,801.5,3.02,0.97,-0.04154537598583996,0.0,-0.050000000000000044,0.3610012545078029,0.07778269830849424,1.1986,-0.0185999999999999
2008-10-17,785.0999755859375,2.87,1.11,-0.020673904942153598,-0.1499999999999999,0.14000000000000012,0.2594924211677598,0.11035852052523752,1.1726,-0.026
2008-10-20,787.5999755859375,2.76,1.15,0.003179248659467504,-0.11000000000000032,0.039999999999999813,0.1807569861105352,0.10172083602149459,1.0934,-0.0792000000000001
2008-10-21,766.0999755859375,2.63,1.13,-0.027677638112130865,-0.1299999999999999,-0.020000000000000018,0.10080049373624747,0.13970027163073462,0.9935,-0.0998999999999998
2008-10-22,733.2999877929688,2.59,1.06,-0.04375779920174594,-0.040000000000000036,-0.06999999999999984,0.006328333002145372,0.16036367025263107,0.9328,-0.0607
2008-10-23,713.2999877929688,2.67,0.96,-0.02765280628251343,0.08000000000000007,-0.10000000000000009,-0.12270709760783172,0.14301151508805052,0.9226,-0.0101999999999999
2008-10-24,729.0999755859375,3.02,0.74,0.021908791156648455,0.3500000000000001,-0.21999999999999997,-0.3050068199369293,0.17666887308490586,0.9684,0.0458
2008-10-27,741.7000122070312,3.02,0.77,0.017134001873510663,0.0,0.030000000000000027,-0.4357805762879954,0.15512589412932487,1.0029,0.0344999999999998
2008-10-28,739.2999877929688,3.06,0.83,-0.0032410891492435923,0.040000000000000036,0.05999999999999994,-0.5517340241517683,0.1967865927818872,1.0658,0.0629000000000001
2008-10-29,752.7999877929688,3.05,0.88,0.018095796004218734,-0.010000000000000231,0.050000000000000044,-0.6483038461619794,0.19507980132856062,1.1171,0.0512999999999999
2008-10-30,737.2000122070312,3.06,0.94,-0.02094032970135551,0.010000000000000231,0.05999999999999994,-0.6843143572455134,0.30890960186644145,1.1854,0.0683
2008-10-31,716.7999877929688,3.14,0.87,-0.028062397723488175,0.08000000000000007,-0.06999999999999995,-0.693820198101177,0.26709444543812544,1.2185,0.0330999999999999
2008-11-03,725.4000244140625,3.09,0.87,0.011926415873979579,-0.050000000000000266,0.0,-0.7138293411466042,0.20972798379935836,1.2038,-0.0146999999999999
2008-11-04,756.0,2.88,0.93,0.04131811567473154,-0.20999999999999996,0.06000000000000005,-0.6967761360483039,0.09521562433386133,1.1379,-0.0659
2008-11-05,741.2999877929688,2.76,0.97,-0.019635990983918994,-0.1200000000000001,0.039999999999999925,-0.675563082106845,0.13421635771233403,1.1011,-0.0367999999999999
2008-11-06,731.2000122070312,2.81,0.94,-0.013718348361156707,0.050000000000000266,-0.030000000000000027,-0.6504789030983242,0.12864716793403078,1.0986,-0.0024999999999999
2008-11-07,733.2000122070312,2.86,0.97,0.002731495780071036,0.04999999999999982,0.030000000000000027,-0.6301563425766857,0.1318865193215447,1.1395,0.0408999999999999
2008-11-10,745.5999755859375,2.84,0.98,0.01677069801267006,-0.020000000000000018,0.010000000000000009,-0.6009065114774299,0.12114968354808282,1.1368,-0.0026999999999999
2008-11-13,704.9000244140625,2.95,0.89,-0.017995688029951218,0.16000000000000014,-0.06999999999999995,-0.5136244594317183,0.16177117709437452,1.1138,0.0186999999999999
2008-11-14,742.4000244140625,2.87,0.85,0.051832230942693513,-0.08000000000000007,-0.040000000000000036,-0.4601120533695819,0.09099099594368357,1.0725,-0.0412999999999998
2008-11-17,741.9000244140625,2.85,0.83,-0.0006737182543474773,-0.020000000000000018,-0.020000000000000018,-0.4236999961007583,0.044034824567236716,1.0417,-0.0307999999999999
2008-11-18,732.5999755859375,2.92,0.61,-0.012614679083479352,0.06999999999999984,-0.21999999999999997,-0.39654224990478565,0.03871767720175388,0.9798,-0.0619
2008-11-19,735.9000244140625,2.98,0.4,0.00449445608885668,0.06000000000000005,-0.20999999999999996,-0.2971193578332401,0.04185698702204983,0.9159,-0.0638999999999999
2008-11-20,748.5999755859375,3.06,0.04,0.01711048974902596,0.08000000000000007,-0.36000000000000004,-0.1065439354388599,0.03386021803201382,0.8203,-0.0956
2008-11-21,791.7000122070312,3.15,0.05,0.055977784738779235,0.08999999999999986,0.010000000000000002,0.07992853378757382,-0.04780179970270468,0.839,0.0186999999999999
2008-11-24,819.4000244140625,3.11,0.24,0.034389847311672384,-0.040000000000000036,0.19,0.2518122401635802,-0.05100998852267767,0.9063,0.0673
2008-11-25,818.4000244140625,2.79,0.32,-0.0012211504389476602,-0.31999999999999984,0.08000000000000002,0.18805687780879218,0.00697974203828205,0.8317,-0.0746
2008-11-26,808.5,2.68,0.31,-0.012170565451709692,-0.10999999999999988,-0.010000000000000009,0.0447336541231978,0.039396870503820014,0.7822,-0.0494999999999999
2008-12-01,774.5999755859375,2.38,0.34,-0.05231270236526875,-0.2200000000000002,0.010000000000000009,-0.2152181755480914,0.14077928605504608,0.6515,-0.096
2008-12-02,781.2999877929688,2.26,0.42,0.008612447816330082,-0.1200000000000001,0.07999999999999996,-0.2695647054117895,0.10724672146581553,0.6115,-0.0399999999999999
2008-12-03,768.7999877929688,2.14,0.53,-0.016128341600647467,-0.11999999999999966,0.11000000000000004,-0.2718355765956154,0.1254551167295302,0.5914,-0.0201
2008-12-04,763.7999877929688,1.98,0.57,-0.006524882968608203,-0.16000000000000014,0.039999999999999925,-0.2594986844173225,0.10501742555835147,0.5526,-0.0388
2008-12-05,750.5,2.23,0.44,-0.017566307735926046,0.25,-0.12999999999999995,-0.2581822166036265,0.044707192504058524,0.6129,0.0603
2008-12-08,767.4000244140625,2.47,0.3,0.02226855855333376,0.2400000000000002,-0.14,-0.2942662152964931,0.11734002073008215,0.6589,0.046
2008-12-09,772.4000244140625,2.41,0.26,0.006494372535565063,-0.06000000000000005,-0.03999999999999998,-0.29304336654314506,0.05354306923066057,0.621,-0.0379
2008-12-10,807.0999755859375,2.44,0.25,0.043944963918793434,0.029999999999999805,-0.010000000000000009,-0.3205257729402776,0.06990116424001519,0.6261,0.0050999999999999
2008-12-11,824.9000244140625,2.35,0.29,0.021814650381867473,-0.08999999999999986,0.03999999999999998,-0.3583438632386422,0.06023256669376532,0.6004,-0.0256999999999999
2008-12-12,818.9000244140625,2.43,0.17,-0.00730019037369356,0.08000000000000007,-0.11999999999999997,-0.3839076136975223,0.04683577873162294,0.5885,-0.0119
2008-12-15,835.4000244140625,2.43,0.1,0.019948675198090626,0.0,-0.07,-0.3926741516372229,0.058624138283895205,0.5588,-0.0297
2008-12-16,841.7000122070312,2.21,0.16,0.00751298943288603,-0.2200000000000002,0.06,-0.4074353187115493,0.08934146569961388,0.4826,-0.0761999999999999
2008-12-17,867.5,1.86,0.34,0.030191841100655203,-0.34999999999999987,0.18000000000000002,-0.4817792430077785,0.009197811884708541,0.4242,-0.0583999999999999
2008-12-18,859.5999755859375,1.85,0.23,-0.009148375454314461,-0.010000000000000009,-0.11000000000000001,-0.5438417130526257,0.06753603805986227,0.3576,-0.0666
2008-12-19,836.4000244140625,1.98,0.15,-0.027360139622763846,0.1299999999999999,-0.08000000000000002,-0.5676652950359579,-0.003461605392107278,0.3652,0.0076
2008-12-22,846.2000122070312,2.01,0.15,0.011648755967735624,0.029999999999999805,0.0,-0.5859723852881481,0.013941510986927171,0.3749,0.0096999999999999
2008-12-23,837.2000122070312,2.03,0.15,-0.01069274755904459,0.020000000000000018,0.0,-0.59118704241092,0.008312279327815097,0.3805,0.0055999999999999
2008-12-24,847.0999755859375,2.07,0.13,0.011755717464121851,0.040000000000000036,-0.01999999999999999,-0.5968951170342662,0.012292237375852371,0.3915,0.011
2008-12-29,874.5999755859375,2.02,0.11,0.0048137069133504795,-0.009999999999999787,-0.020000000000000004,-0.596534622975051,0.04793604017467512,0.3518,-0.0226999999999999
2008-12-30,869.2999877929688,2.02,0.09,-0.00607833502162336,0.0,-0.020000000000000004,-0.591112839083648,0.07308322230043326,0.3423,-0.0095
2008-12-31,883.5999755859375,2.14,0.11,0.01631616787309209,0.1200000000000001,0.020000000000000004,-0.5690421570792802,0.0893837113370005,0.393,0.0507
2009-01-05,857.2000122070312,2.34,0.15,-0.024886048779878323,0.04999999999999982,-0.020000000000000018,-0.4457891425355456,0.06096935046993038,0.5094,0.0202999999999999
2009-01-06,865.4000244140625,2.09,0.42,0.009520578162079296,-0.25,0.27,-0.37610933066006685,0.03536321684873452,0.5204,0.011
2009-01-07,841.0999755859375,2.05,0.47,-0.02848132606004583,-0.040000000000000036,0.04999999999999999,-0.3513263784331201,-0.032996596210230336,0.5267,0.0062999999999999
2009-01-08,853.9000244140625,1.97,0.5,0.015103589562761144,-0.07999999999999985,0.030000000000000027,-0.4140515769735962,-0.039749726525722506,0.5135,-0.0131999999999999
2009-01-09,854.2999877929688,1.87,0.56,0.00046828636384166344,-0.09999999999999987,0.06000000000000005,-0.4532255656111614,-0.05099219271688327,0.4887,-0.0247999999999999
2009-01-12,820.2999877929688,1.75,0.59,-0.04061229374111974,-0.1200000000000001,0.029999999999999916,-0.41020180674602497,-0.01694111816362126,0.4533,-0.0354
2009-01-13,820.0999755859375,1.74,0.59,-0.00024385785477676336,-0.010000000000000009,0.0,-0.37721998108606886,-0.011796548017625088,0.4378,-0.0154999999999999
2009-01-14,808.2000122070312,1.79,0.45,-0.014616686524401956,0.050000000000000044,-0.13999999999999996,-0.2928180884119802,-0.16802332730702846,0.3974,-0.0404
2009-01-15,806.7000122070312,1.78,0.45,-0.0018577006733595525,-0.010000000000000009,0.0,-0.2262699994623077,-0.16022646789209063,0.3871,-0.0102999999999999
2009-01-16,839.2999877929688,1.81,0.55,0.03961632946949489,0.030000000000000027,0.10000000000000003,-0.22595779992089216,-0.15806384148618025,0.4314,0.0443
2009-01-21,849.5999755859375,1.98,0.58,-0.005867872890375381,0.15999999999999992,0.0,-0.27037338560095503,-0.13320392304748832,0.5389,0.0788
2009-01-22,858.2000122070312,1.97,0.65,0.010071565029693197,-0.010000000000000009,0.07000000000000006,-0.1434087814913266,-0.21751209769145333,0.5834,0.0444999999999999
2009-01-23,895.2999877929688,1.93,0.72,0.04232165722412162,-0.040000000000000036,0.06999999999999995,-0.014354492485557029,-0.21708788935832066,0.6153,0.0318999999999999
2009-01-26,908.5,1.92,0.78,0.014636043830686063,-0.010000000000000009,0.06000000000000005,0.06430710211563824,-0.2588252505735692,0.6429,0.0276
2009-01-27,899.2000122070312,1.77,0.82,-0.010289395121364286,-0.1499999999999999,0.039999999999999925,0.04983371356792921,-0.20823630704758916,0.6104,-0.0324999999999999
2009-01-28,888.0999755859375,1.81,0.9,-0.012421170940621451,0.040000000000000036,0.08000000000000007,0.12882716516927734,-0.20734705525567607,0.6413,0.0308999999999999
2009-01-29,905.0999755859375,1.83,1.04,0.018961086085000467,0.020000000000000018,0.14,0.1652171962354276,-0.20259706367851427,0.706,0.0646999999999999
2009-01-30,927.2999877929688,1.73,1.14,0.024231716782881385,-0.10000000000000009,0.09999999999999987,0.07375786782198836,-0.22176111804859736,0.719,0.013
2009-02-02,906.7000122070312,1.69,1.07,-0.022465476526969397,-0.040000000000000036,-0.06999999999999984,-0.0077331749413674595,-0.07455910901260471,0.6746,-0.0443999999999999
2009-02-03,892.0,1.76,1.13,-0.01634551553514285,0.07000000000000006,0.05999999999999983,-0.044256564538927824,-0.09953440995209444,0.7091,0.0344999999999999
2009-02-04,901.5999755859375,1.78,1.17,0.010704803066960089,0.020000000000000018,0.040000000000000036,-0.0711593033473446,-0.020798149456900346,0.7332,0.0241
2009-02-05,913.5999755859375,1.84,1.11,0.013221876531853027,0.06000000000000005,-0.05999999999999983,-0.08315396883008115,-0.012843003499502256,0.7367,0.0035
2009-02-06,913.9000244140625,1.82,1.23,0.00032837081348358055,-0.020000000000000018,0.11999999999999988,-0.08708381858607199,-0.0049285189919964605,0.7713,0.0345999999999999
2009-02-09,892.4000244140625,1.66,1.41,-0.023806693076172003,-0.16000000000000014,0.17999999999999994,-0.094310716218458,0.06191322976251902,0.7842,0.0129
2009-02-10,913.7000122070312,1.65,1.25,0.0235878134484393,-0.010000000000000009,-0.15999999999999992,-0.14787771818272064,0.07715514998579691,0.7105,-0.0736999999999999
2009-02-11,943.7999877929688,1.66,1.12,0.03241196299379645,0.010000000000000009,-0.1299999999999999,-0.2199908367422438,0.08673111731266987,0.6661,-0.0443999999999999
2009-02-12,948.5,1.61,1.14,0.004967523016699005,-0.04999999999999982,0.019999999999999796,-0.28871203654141614,0.08731551084284737,0.6379,-0.0282
2009-02-13,941.5,1.68,1.21,-0.00740744127786197,0.06999999999999984,0.07000000000000006,-0.3444295638987891,0.03778148219963024,0.69,0.0520999999999999
2009-02-18,977.7000122070312,1.63,1.11,0.011004391543788294,0.09999999999999987,0.0,-0.5403867955947304,0.06372680264657284,0.6227,0.024
2009-02-19,976.0999755859375,1.73,1.12,-0.0016378718280085636,0.10000000000000009,0.010000000000000009,-0.550911170746272,0.08229807444172701,0.6711,0.0484
2009-02-20,1001.7999877929688,1.67,1.11,0.025988633569344444,-0.06000000000000005,-0.010000000000000009,-0.5458083232784596,0.041552900960657564,0.6541,-0.017
2009-02-23,994.5999755859375,1.7,1.08,-0.007213027004394412,0.030000000000000027,-0.030000000000000027,-0.5352242404102332,0.04513746634295766,0.654,-9.9999999999989e-05
2009-02-24,969.0999755859375,1.82,0.98,-0.02597284118603138,0.1200000000000001,-0.10000000000000009,-0.4821940297375776,-0.046632136339226096,0.6653,0.0112999999999999
2009-02-25,965.7000122070312,1.98,0.97,-0.003514540934516752,0.15999999999999992,-0.010000000000000009,-0.3986246947765824,-0.20487877710342076,0.7232,0.0578999999999999
2009-02-26,941.7999877929688,2.02,0.96,-0.0250603147654056,0.040000000000000036,-0.010000000000000009,-0.363779342972344,-0.2187404911604907,0.7537,0.0305
2009-02-27,941.5,2.06,0.96,-0.00031857675086310877,0.040000000000000036,0.0,-0.31886315365514334,-0.20879145877147676,0.7636,0.0098999999999999
2009-03-02,939.0,2.0,0.91,-0.002658868888944177,-0.06000000000000005,-0.04999999999999993,-0.32497823390811387,-0.1977017983511674,0.7178,-0.0457999999999999
2009-03-03,912.9000244140625,2.02,0.91,-0.028189106893814042,0.020000000000000018,0.0,-0.3428356950361221,-0.22709347182049572,0.7192,0.0013999999999999
2009-03-04,906.0,2.09,0.92,-0.007587066271469212,0.06999999999999984,0.010000000000000009,-0.3673427685241042,-0.24074500522494247,0.7599,0.0407
2009-03-05,927.0,1.98,0.85,0.02291425952287529,-0.10999999999999988,-0.07000000000000006,-0.313332939247486,-0.2668740291858923,0.7063,-0.0535999999999999
2009-03-06,942.0999755859375,2.02,0.81,0.016157834574253904,0.040000000000000036,-0.039999999999999925,-0.2385735267273346,-0.2513895014061103,0.6979,-0.0084
2009-03-09,917.7000122070312,2.06,0.83,-0.02624084701337459,0.040000000000000036,0.019999999999999907,-0.2307902176078195,-0.2462290568521519,0.713,0.0151
2009-03-10,895.5999755859375,2.15,0.84,-0.02437669566214229,0.08999999999999986,0.010000000000000009,-0.2756896461682466,-0.2776944395362786,0.7533,0.0403
2009-03-11,910.4000244140625,2.03,0.92,0.01639023272432638,-0.1200000000000001,0.08000000000000007,-0.3126296624247032,-0.36497473102401085,0.7425,-0.0107999999999999
2009-03-12,923.7000122070312,1.88,1.01,0.014503266625009559,-0.1499999999999999,0.08999999999999997,-0.3334023307497759,-0.37973856346821583,0.7148,-0.0277
2009-03-13,929.7999877929688,1.87,1.02,0.006582139313892732,-0.009999999999999787,0.010000000000000009,-0.3406119409811151,-0.39358151849307654,0.6963,-0.0184999999999999
2009-03-16,921.5999755859375,1.88,1.09,-0.008858232677147804,0.009999999999999787,0.07000000000000006,-0.3504593026804255,-0.35963129903122476,0.7161,0.0197999999999999
2009-03-17,916.4000244140625,1.9,1.12,-0.005658286230059595,0.020000000000000018,0.030000000000000027,-0.39371762849060765,-0.3964210403391741,0.7496,0.0335
2009-03-18,888.7000122070312,1.28,1.23,-0.03069324274035523,-0.6199999999999999,0.10999999999999988,-0.20708869346294426,0.041016495525926386,0.5636,-0.186
2009-03-19,958.2999877929688,1.31,1.3,0.07540113413124327,0.030000000000000027,0.07000000000000006,-0.25920591894418954,0.06550682755532096,0.531,-0.0325999999999999
2009-03-20,955.7999877929688,1.43,1.22,-0.002612195238976156,0.11999999999999988,-0.08000000000000007,-0.28034726797397136,0.049780665421413524,0.5262,-0.0048
2009-03-23,952.0999755859375,1.4,1.28,-0.003878627723209682,-0.030000000000000027,0.06000000000000005,-0.2929828897567974,0.05056135031585235,0.5281,0.0019
2009-03-24,923.2999877929688,1.36,1.32,-0.03071585009182254,-0.039999999999999813,0.040000000000000036,-0.28671410583227697,0.021003451460890915,0.5279,-0.0001999999999999
2009-03-25,935.4000244140625,1.44,1.37,0.013020075834423217,0.07999999999999985,0.050000000000000044,-0.2919382486755854,0.03284844176508843,0.577,0.0490999999999999
2009-03-26,939.5999755859375,1.3,1.46,0.00447995540937729,-0.1399999999999999,0.08999999999999986,-0.2739522407337332,0.020796171127284994,0.5721,-0.0048999999999999
2009-03-27,923.0,1.38,1.4,-0.0178249922984417,0.07999999999999985,-0.06000000000000005,-0.23139837439345406,0.006208296756152162,0.5782,0.0060999999999999
2009-03-30,915.5,1.39,1.34,-0.008158870388286665,0.010000000000000009,-0.05999999999999983,-0.18579743686429454,0.010274859781697539,0.5525,-0.0257
2009-03-31,922.5999755859375,1.43,1.28,0.007725380546914629,0.040000000000000036,-0.06000000000000005,-0.13970086663414766,0.060372243453995035,0.5283,-0.0242
2009-04-01,926.0999755859375,1.37,1.31,0.003786449152511473,-0.05999999999999983,0.030000000000000027,-0.10623229903131733,0.0424894811458064,0.5076,-0.0206999999999999
2009-04-02,907.4000244140625,1.44,1.33,-0.02039879967861502,0.06999999999999984,0.020000000000000018,-0.07391963697738614,0.025298996450512673,0.5393,0.0316999999999999
2009-04-03,895.5999755859375,1.53,1.38,-0.013089536670784163,0.09000000000000008,0.04999999999999982,-0.03210398773304348,0.03233113283132228,0.6051,0.0657999999999999
2009-04-06,871.5,1.52,1.43,-0.02727799250451657,-0.010000000000000009,0.050000000000000044,0.025400057178804964,0.03422168953345889,0.6409,0.0358
2009-04-07,882.2000122070312,1.61,1.32,0.012202936547797805,0.09000000000000008,-0.10999999999999988,0.021203702632085313,0.08459919295831526,0.6456,0.0046999999999999
2009-04-08,884.7999877929688,1.57,1.29,0.002942815463823578,-0.040000000000000036,-0.030000000000000027,-0.017879285457443096,0.08560450636032836,0.6305,-0.0151
2009-04-09,882.2000122070312,1.62,1.34,-0.002942815463823578,0.050000000000000044,0.050000000000000044,-0.044122794013573864,0.10124700999583003,0.6593,0.0288
2009-04-14,890.9000244140625,1.52,1.28,-0.004256265066847398,-0.030000000000000027,-0.050000000000000044,-0.10704463058146278,0.08887767875061471,0.5961,-0.0369
2009-04-15,892.7999877929688,1.55,1.27,0.0021303628238795724,0.030000000000000027,-0.010000000000000009,-0.09453708925890641,0.10492157883455959,0.5873,-0.0087999999999999
2009-04-16,879.2999877929688,1.59,1.27,-0.015236455452009245,0.040000000000000036,0.0,-0.06977000283512443,0.10191091766292876,0.6181,0.0307999999999999
2009-04-17,867.4000244140625,1.7,1.28,-0.013625862954765644,0.10999999999999988,0.010000000000000009,-0.12016526868409513,0.11429132596394691,0.674,0.0559
2009-04-20,887.0,1.66,1.22,0.02234472276205768,-0.040000000000000036,-0.06000000000000005,-0.2128038487962236,0.09322607739184595,0.648,-0.026
2009-04-21,882.0999755859375,1.69,1.25,-0.005539581722063147,0.030000000000000027,0.030000000000000027,-0.2656549969560074,0.10954782965426947,0.6659,0.0179
2009-04-22,891.7999877929688,1.65,1.33,0.010936477917778298,-0.040000000000000036,0.08000000000000007,-0.25895683970078137,0.1405617428353903,0.6924,0.0264999999999999
2009-04-23,905.9000244140625,1.52,1.44,0.015687073120011163,-0.1299999999999999,0.10999999999999988,-0.29625932159187185,0.13930407513842036,0.6936,0.0011999999999999
2009-04-24,913.5999755859375,1.53,1.5,0.008463860553517222,0.010000000000000009,0.06000000000000005,-0.36322826319164747,0.17175982141247872,0.7237,0.0301
2009-04-27,907.4000244140625,1.48,1.47,-0.006809418043446591,-0.050000000000000044,-0.030000000000000027,-0.4672229638157159,0.17447235259713081,0.6957,-0.028
2009-04-28,892.7999877929688,1.54,1.51,-0.016220816181079734,0.06000000000000005,0.040000000000000036,-0.5799554864050704,0.16034562194490914,0.7272,0.0314999999999999
2009-04-29,899.7999877929688,1.59,1.53,0.0078099248863923165,0.050000000000000044,0.020000000000000018,-0.7375566701560865,0.168276371179672,0.7615,0.0343
2009-04-30,890.7000122070312,1.69,1.47,-0.010164818697878886,0.09999999999999987,-0.06000000000000005,-0.8346835780289333,-0.1788543860506087,0.78,0.0185
2009-05-01,887.5999755859375,1.8,1.41,-0.0034865205900747043,0.1100000000000001,-0.06000000000000005,-0.78238489130621,-0.30616883746517565,0.8004,0.0203999999999999
2009-05-04,901.5999755859375,1.77,1.42,0.01564977209423457,-0.030000000000000027,0.010000000000000009,-0.7527713595438489,-0.3347992189573812,0.7953,-0.0050999999999999
2009-05-05,903.7000122070312,1.77,1.43,0.0023265247687760393,0.0,0.010000000000000009,-0.7040587949353315,-0.34144439889045436,0.7978,0.0024999999999999
2009-05-06,910.5,1.74,1.44,0.007496438751917189,-0.030000000000000027,0.010000000000000009,-0.6265788719841452,-0.4501618534932596,0.7987,0.0009
2009-05-07,915.0,1.74,1.55,0.004930166107858014,0.0,0.1100000000000001,-0.5418456537620858,-0.5084099711727463,0.8424,0.0437
2009-05-08,914.4000244140625,1.77,1.52,-0.000655926095377346,0.030000000000000027,-0.030000000000000027,-0.3620756510943671,-0.5254057128538971,0.8547,0.0122999999999999
2009-05-11,913.0,1.7,1.47,-0.0015322585851755832,-0.07000000000000006,-0.050000000000000044,-0.2538334455552972,-0.4791661093684772,0.8124,-0.0423
2009-05-12,923.5,1.69,1.48,0.011434919044326364,-0.010000000000000009,0.010000000000000009,-0.14204385539333653,-0.4856342414469473,0.7979,-0.0144999999999999
2009-05-13,925.5,1.67,1.44,0.002163332374257365,-0.020000000000000018,-0.040000000000000036,-0.02302473826661645,-0.5029384942996751,0.7718,-0.0261
2009-05-14,928.0,1.68,1.42,0.0026976007726489115,0.010000000000000009,-0.020000000000000018,0.17131494061569766,-0.5023318222079499,0.764,-0.0078
2009-05-15,930.9000244140625,1.66,1.48,0.0031201535625431376,-0.020000000000000018,0.06000000000000005,0.23064093511605846,-0.4757616891405968,0.7735,0.0094999999999999
2009-05-18,921.2999877929688,1.66,1.56,-0.010366183483647262,0.0,0.08000000000000007,0.23104862933886536,-0.42988757587600884,0.8079,0.0343999999999999
2009-05-19,926.2999877929688,1.65,1.6,0.005412440216615799,-0.010000000000000009,0.040000000000000036,0.16176707391112435,-0.5184602120494376,0.8281,0.0201999999999999
2009-05-20,937.0,1.56,1.63,0.011485139156709678,-0.08999999999999986,0.029999999999999805,0.07279981629230055,-0.6290921439641028,0.8085,-0.0195999999999999
2009-05-21,950.7999877929688,1.67,1.68,0.014620440408921631,0.10999999999999988,0.050000000000000044,0.06049186318097286,-0.5008783693259252,0.8584,0.0499
2009-05-22,958.5,1.72,1.73,0.008065839838355515,0.050000000000000044,0.050000000000000044,0.11027466006127781,-0.47120858241947866,0.909,0.0505999999999999
2009-05-27,953.2000122070312,1.83,1.88,0.00010495370280239058,0.1100000000000001,0.09999999999999987,0.19338107564489923,-0.44648730137581766,1.0329,0.0817999999999999
2009-05-28,961.5,1.87,1.8,0.00866980699787856,0.040000000000000036,-0.07999999999999985,0.27906247197263845,-0.4313794233227015,1.0539,0.0210000000000001
2009-05-29,978.7999877929688,1.67,1.8,0.01783275406825613,-0.20000000000000018,0.0,0.2116496214251192,-0.49577230410485,0.9989,-0.055
2009-06-01,978.5999755859375,1.8,1.91,-0.0002043651900160981,0.13000000000000012,0.10999999999999988,0.3101862799246733,-0.4459975864237909,1.0744,0.0755
2009-06-02,983.2000122070312,1.69,1.96,0.004689616760363613,-0.1100000000000001,0.050000000000000044,0.28901075297874496,-0.42889464429593405,1.0824,0.008
2009-06-03,964.5,1.68,1.88,-0.019202738321654422,-0.010000000000000009,-0.08000000000000007,0.2934357804874162,-0.3674650730536446,1.0523,-0.0301
2009-06-04,981.2000122070312,1.83,1.89,0.017166492479470996,0.15000000000000013,0.010000000000000009,0.34978745928461175,-0.22848633246118452,1.1039,0.0516
2009-06-05,961.7000122070312,1.88,1.96,-0.02007376041363873,0.04999999999999982,0.07000000000000006,0.3595158025996836,-0.18607110224333412,1.1926,0.0887
2009-06-08,951.7000122070312,1.94,1.97,-0.010452692506764727,0.06000000000000005,0.010000000000000009,0.35692602399569023,-0.20607452486627284,1.2372,0.0445999999999999
2009-06-09,954.0,1.88,1.98,0.0024137995434356796,-0.06000000000000005,0.010000000000000009,0.33925085433313334,-0.23386424811669088,1.2213,-0.0159
2009-06-10,954.0,1.91,2.07,0.0,0.030000000000000027,0.08999999999999986,0.2865968399694373,-0.21025675094954177,1.2529,0.0315999999999998
2009-06-11,961.2999877929688,1.89,1.99,0.007622850925021574,-0.020000000000000018,-0.07999999999999985,0.2593141602670022,-0.22891594143407062,1.2303,-0.0225999999999999
2009-06-12,940.0999755859375,1.91,1.9,-0.022300295758447497,0.020000000000000018,-0.09000000000000008,0.22154551647016296,-0.1800566727892748,1.2041,-0.0262
2009-06-15,926.9000244140625,1.9,1.86,-0.01414051539359562,-0.010000000000000009,-0.039999999999999813,0.23277120898893228,-0.14532797429286726,1.1701,-0.034
2009-06-16,931.5999755859375,1.88,1.79,0.0050578005823265215,-0.020000000000000018,-0.07000000000000006,0.22404874269020597,-0.13177812544009576,1.1347,-0.0353999999999998
2009-06-17,935.4000244140625,1.95,1.73,0.0040707595883242575,0.07000000000000006,-0.06000000000000005,0.20342860060933168,-0.12073999077743598,1.1241,-0.0105999999999999
2009-06-18,934.0,1.98,1.88,-0.001497833163073281,0.030000000000000027,0.1499999999999999,0.15156361865631737,-0.11334944183461745,1.1904,0.0662999999999998
2009-06-19,935.5999755859375,1.91,1.88,0.0017115703866288356,-0.07000000000000006,0.0,0.1170267502886612,-0.11340466040159557,1.1876,-0.0027999999999999
2009-06-22,920.5999755859375,1.89,1.83,-0.016162403752059795,-0.020000000000000018,-0.04999999999999982,0.07155232804272502,-0.08952262172212441,1.1513,-0.0363
2009-06-23,923.9000244140625,1.84,1.81,0.0035782622382924956,-0.04999999999999982,-0.020000000000000018,0.012029646790842143,-0.10391761574076726,1.1211,-0.0302
2009-06-24,934.0999755859375,1.93,1.79,0.010979605640643264,0.08999999999999986,-0.020000000000000018,-0.050454531913582686,-0.0561690892320678,1.1361,0.0150000000000001
2009-06-25,939.0999755859375,1.82,1.73,0.005338471070921891,-0.10999999999999988,-0.06000000000000005,-0.10009982169836779,-0.07547924730282966,1.0753,-0.0608000000000001
2009-06-26,940.7000122070312,1.85,1.67,0.001702348141176202,0.030000000000000027,-0.06000000000000005,-0.14937350940870758,-0.07456874383778674,1.0438,-0.0314999999999998
2009-06-29,940.4000244140625,1.83,1.68,-0.0003189493271724686,-0.020000000000000018,0.010000000000000009,-0.2029026203186463,-0.07101753312603862,1.0306,-0.0132000000000001
2009-06-30,927.0999755859375,1.78,1.75,-0.014243934348133536,-0.050000000000000044,0.07000000000000006,-0.2755210101065216,-0.03951693432544263,1.0322,0.0016
2009-07-01,941.0,1.83,1.72,0.014881731306239487,0.050000000000000044,-0.030000000000000027,-0.3720814717801904,-0.009928651035814307,1.0321,-9.9999999999989e-05
2009-07-02,930.7000122070312,1.87,1.64,-0.01100613527774641,0.040000000000000036,-0.08000000000000007,-0.508948509850412,0.020079825452887154,1.0089,-0.0232000000000001
2009-07-07,928.7999877929688,1.87,1.6,0.005181345599199361,-0.1599999999999997,0.1100000000000001,-0.563532926817512,-0.12676299630740084,0.9839,-0.0163999999999999
2009-07-08,909.0,1.79,1.54,-0.021548323063404595,-0.08000000000000007,-0.06000000000000005,-0.47451037491184267,-0.0599974447593779,0.9192,-0.0646999999999999
2009-07-09,915.9000244140625,1.87,1.57,0.007562120887279811,0.08000000000000007,0.030000000000000027,-0.46218692070227085,-0.041517081697097315,0.9455,0.0262999999999999
2009-07-10,912.2000122070312,1.8,1.52,-0.004047937405190716,-0.07000000000000006,-0.050000000000000044,-0.4160809755380268,-0.05010820047569332,0.908,-0.0374999999999999
2009-07-13,922.2000122070312,1.84,1.54,0.010902855349896434,0.040000000000000036,0.020000000000000018,-0.304744495158499,0.12090693998148602,0.9187,0.0106999999999999
2009-07-14,922.5,1.86,1.64,0.0003252429052178485,0.020000000000000018,0.09999999999999987,-0.26321437842057865,0.11888765052804685,0.9683,0.0496
2009-07-15,939.0999755859375,1.87,1.76,0.017834567898587395,0.010000000000000009,0.1200000000000001,-0.07393125835107538,0.1540295393908348,1.0372,0.0688999999999998
2009-07-16,935.0999755859375,1.82,1.77,-0.004268494480373697,-0.050000000000000044,0.010000000000000009,0.1241296281583868,0.15428213885379088,1.0366,-0.0005999999999999
2009-07-17,937.2000122070312,1.81,1.86,0.002243270325745783,-0.010000000000000009,0.09000000000000008,0.23476085439582023,0.0397181502216923,1.0685,0.0319
2009-07-20,948.5,1.73,1.88,0.011985069716427432,-0.08000000000000007,0.019999999999999796,0.12500025333562942,0.04076649441136107,1.0521,-0.0163999999999999
2009-07-21,946.5999755859375,1.71,1.79,-0.002005197694241012,-0.020000000000000018,-0.08999999999999986,-0.020968536110528718,0.07783726670436532,1.0048,-0.0473000000000001
2009-07-22,953.0,1.75,1.83,0.006738311973373712,0.040000000000000036,0.040000000000000036,-0.12191569822611611,0.10065216974110404,1.0199,0.0151000000000001
2009-07-23,954.5,1.8,1.92,0.0015727395116007514,0.050000000000000044,0.08999999999999986,-0.2122851217175712,0.1042363295715512,1.0859,0.066
2009-07-24,952.7999877929688,1.81,1.89,-0.0017826379364578315,0.010000000000000009,-0.030000000000000027,-0.3005972456008785,0.11087607713814995,1.0948,0.0088999999999999
2009-07-27,953.2999877929688,1.85,1.9,0.0005246314651614625,0.040000000000000036,0.010000000000000009,-0.3078197284349061,0.14993170877693665,1.1184,0.0236
2009-07-28,939.0,1.86,1.86,-0.01511415748624323,0.010000000000000009,-0.039999999999999813,-0.2939541020479956,0.13215372321789537,1.1197,0.0012999999999998
2009-07-29,927.2000122070312,1.84,1.85,-0.012646174017243439,-0.020000000000000018,-0.010000000000000009,-0.2880830871096766,0.14654066158482343,1.1203,0.0006000000000001
2009-07-30,934.9000244140625,1.78,1.89,0.008270292620339958,-0.06000000000000005,0.039999999999999813,-0.304168322173548,0.10430224113162283,1.1107,-0.0096
2009-07-31,953.7000122070312,1.71,1.81,0.01990957157316231,-0.07000000000000006,-0.07999999999999985,-0.3958218939867597,0.03864369332122954,1.049,-0.0617
2009-08-03,956.5999755859375,1.78,1.88,0.0030361363399702412,0.07000000000000006,0.06999999999999984,-0.42839726101528836,0.0503153621245091,1.084,0.0350000000000001
2009-08-04,967.5,1.81,1.89,0.011330119179445042,0.030000000000000027,0.010000000000000009,-0.3882317332146011,0.05456129863729912,1.1027,0.0186999999999999
2009-08-05,964.2000122070312,1.85,1.95,-0.00341667027214676,0.040000000000000036,0.06000000000000005,-0.3395715106073613,0.049160313133489494,1.1393,0.0365999999999999
2009-08-06,960.7000122070312,1.87,1.92,-0.00363655650970518,0.020000000000000018,-0.030000000000000027,-0.2861457902560465,-0.0016526624364055639,1.148,0.0086999999999999
2009-08-07,957.2999877929688,1.88,2.01,-0.003545388921298631,0.009999999999999787,0.08999999999999986,-0.24052875614330332,0.024022764573715893,1.1936,0.0456
2009-08-10,945.0,1.83,1.97,-0.012931881707043402,-0.04999999999999982,-0.039999999999999813,-0.2405112140354449,0.05769700286077767,1.1655,-0.0281
2009-08-11,945.7999877929688,1.8,1.91,0.0008461898094651588,-0.030000000000000027,-0.06000000000000005,-0.2442818607292036,0.05599702343593942,1.1301,-0.0353999999999998
2009-08-12,950.7000122070312,1.84,1.88,0.005167450901821802,0.040000000000000036,-0.030000000000000027,-0.2633197064250929,0.026586722967697977,1.134,0.0038999999999997
2009-08-13,954.7000122070312,1.8,1.79,0.004198599585206075,-0.040000000000000036,-0.08999999999999986,-0.2711431606544901,-0.02189306979223491,1.0847,-0.0492999999999999
2009-08-14,947.0,1.85,1.7,-0.008098074604157901,0.050000000000000044,-0.09000000000000008,-0.25163167991826974,-0.020139609723918265,1.0525,-0.0322
2009-08-17,934.2999877929688,1.79,1.69,-0.013501520452598115,-0.06000000000000005,-0.010000000000000009,-0.14056175164576068,0.11001241478409485,1.0102,-0.0423
2009-08-18,937.7000122070312,1.78,1.73,0.003632508710155413,-0.010000000000000009,0.040000000000000036,-0.09954021583391477,0.18466423454808778,1.0113,0.0011000000000001
2009-08-19,943.2999877929688,1.7,1.75,0.005954271271399136,-0.08000000000000007,0.020000000000000018,-0.13624557010962426,0.026396186380420364,0.9912,-0.0201000000000001
2009-08-20,940.2999877929688,1.6,1.82,-0.0031853924140641254,-0.09999999999999987,0.07000000000000006,-0.0070417338402084225,0.012881685898066625,0.9791,-0.0121
2009-08-21,953.2000122070312,1.69,1.87,0.0136257977299854,0.08999999999999986,0.050000000000000044,-0.04553224693129811,0.07949203702062767,1.0349,0.0557999999999999
2009-08-24,942.2999877929688,1.67,1.81,-0.011501075772751612,-0.020000000000000018,-0.06000000000000005,0.028552390581464714,0.06039682315502105,1.0152,-0.0196999999999998
2009-08-25,944.5,1.72,1.73,0.002332004683360367,0.050000000000000044,-0.08000000000000007,0.1313825154614812,0.06681755315460221,0.9989,-0.0163
2009-08-26,944.2999877929688,1.72,1.72,-0.00021178759961060223,0.0,-0.010000000000000009,0.18343838978923582,0.05024311868437883,0.9927,-0.0061999999999999
2009-08-27,945.5,1.75,1.72,0.0012699887565581491,0.030000000000000027,0.0,0.2207107195794266,0.036191281509704895,0.9994,0.0066999999999999
2009-08-28,957.0,1.76,1.7,0.012089503354442144,0.010000000000000009,-0.020000000000000018,0.2334444374226231,0.04729832646244169,0.994,-0.0053999999999999
2009-08-31,951.7000122070312,1.76,1.64,-0.005553519548103125,0.0,-0.06000000000000005,0.23135599658243175,0.12989047693743974,0.9688,-0.0252
2009-09-01,954.7000122070312,1.74,1.64,0.003147295885384871,-0.020000000000000018,0.0,0.211194381407462,0.12047601238741351,0.9472,-0.0215999999999999
2009-09-02,976.5999755859375,1.71,1.58,0.022679958838283554,-0.030000000000000027,-0.05999999999999983,0.09556023534574355,0.03869639948821272,0.9113,-0.0359
2009-09-03,995.7999877929688,1.69,1.64,0.0194692953210458,-0.020000000000000018,0.05999999999999983,-0.07717712662795019,0.011139585763178403,0.9148,0.0034999999999999
2009-09-04,994.9000244140625,1.7,1.75,-0.0009041678150394361,0.010000000000000009,0.1100000000000001,-0.1655948700543937,0.012052261274448603,0.9553,0.0405
2009-09-09,995.2999877929688,1.66,1.82,-0.002608908368364027,0.0,0.010000000000000009,-0.32097840786411996,0.031803593060855784,0.98,0.0085999999999999
2009-09-10,995.4000244140625,1.59,1.77,0.00010050396399741146,-0.06999999999999984,-0.050000000000000044,-0.3804475720918069,0.027630881000179387,0.9351,-0.0448999999999999
2009-09-11,1004.9000244140625,1.59,1.75,0.00949864639858955,0.0,-0.020000000000000018,-0.46396694933511495,0.05786635860211746,0.9188,-0.0163
2009-09-14,999.9000244140625,1.65,1.77,-0.004988038951621476,0.05999999999999983,0.020000000000000018,-0.5035674686366342,0.12537901376086197,0.9418,0.023
2009-09-15,1005.0,1.64,1.83,0.005087522094868291,-0.010000000000000009,0.06000000000000005,-0.5343686717759091,0.1193165213577559,0.9678,0.026
2009-09-16,1018.9000244140625,1.62,1.86,0.013736096448258905,-0.019999999999999796,0.030000000000000027,-0.583827088102066,0.07200802503682191,0.9893,0.0214999999999999
2009-09-17,1012.2999877929688,1.62,1.8,-0.006498680395438328,0.0,-0.06000000000000005,-0.6293390797150256,0.08955204945644661,0.9699,-0.0193999999999999
2009-09-18,1009.2000122070312,1.68,1.81,-0.003067007683343448,0.05999999999999983,0.010000000000000009,-0.6475643449416154,0.07125905570548488,0.9988,0.0289
2009-09-21,1003.7000122070312,1.69,1.8,-0.005464765880867084,0.010000000000000009,-0.010000000000000009,-0.6652236258795908,0.06811733576783201,1.0007,0.0018999999999999
2009-09-22,1014.2000122070312,1.65,1.81,0.010406952415250359,-0.040000000000000036,0.010000000000000009,-0.662075059422012,-0.01555086689220437,0.9919,-0.0087999999999999
2009-09-23,1013.0,1.63,1.81,-0.001183911148353367,-0.020000000000000018,0.0,-0.663478695699973,-0.014275636775728764,0.9784,-0.0134999999999999
2009-09-24,997.5,1.64,1.76,-0.015419355484664443,0.010000000000000009,-0.050000000000000044,-0.6691705561415203,-0.05146386163339109,0.9578,-0.0206
2009-09-25,990.2000122070312,1.6,1.74,-0.007345193508852432,-0.039999999999999813,-0.020000000000000018,-0.6629323258245724,-0.017320729115230533,0.9386,-0.0191999999999999
2009-09-28,992.5,1.57,1.74,0.002320057306179457,-0.030000000000000027,0.0,-0.6515193984258547,0.030067713910169668,0.9174,-0.0211999999999999
2009-09-29,993.0999755859375,1.59,1.72,0.0006043267642770189,0.020000000000000018,-0.020000000000000018,-0.611449699501864,-0.04866145487943482,0.9108,-0.0065999999999999
2009-09-30,1008.0,1.56,1.75,0.014892109305691292,-0.030000000000000027,0.030000000000000027,-0.5844342252807836,-0.0736431600374213,0.9012,-0.0096
2009-10-01,999.5,1.5,1.71,-0.008468294690858968,-0.06000000000000005,-0.040000000000000036,-0.5578795662979796,0.005121159892288843,0.8611,-0.0401
2009-10-02,1003.2000122070312,1.54,1.7,0.003695028106294629,0.040000000000000036,-0.010000000000000009,-0.6540629180930142,-0.03842278753348275,0.86,-0.0010999999999999
2009-10-05,1016.7000122070312,1.51,1.73,0.013367197240888196,-0.030000000000000027,0.030000000000000027,-0.6710053144861715,-0.20220794328547081,0.8583,-0.0017
2009-10-06,1038.5999755859375,1.53,1.74,0.021311528615876263,0.020000000000000018,0.010000000000000009,-0.7261814939541216,-0.16555582452622894,0.8707,0.0124
2009-10-07,1043.300048828125,1.45,1.76,0.004515184372023029,-0.08000000000000007,0.020000000000000018,-0.7600023424706394,-0.16415259469291474,0.8386,-0.0321
2009-10-08,1055.4000244140625,1.49,1.78,0.011531051828550964,0.040000000000000036,0.020000000000000018,-0.7821065915327884,-0.11386585673782634,0.859,0.0203999999999999
2009-10-09,1047.800048828125,1.56,1.84,-0.007227090529354108,0.07000000000000006,0.06000000000000005,-0.7549262651976877,-0.17641549201553205,0.922,0.063
2009-10-14,1063.9000244140625,1.51,1.94,-0.00028187280977309825,0.050000000000000044,0.06000000000000005,-0.7337997480705332,-0.27447172089437655,0.9467,0.0381
2009-10-15,1049.800048828125,1.5,1.99,-0.013341708139990693,-0.010000000000000009,0.050000000000000044,-0.7125522827167835,-0.2593924000912283,0.9735,0.0268
2009-10-16,1050.699951171875,1.45,1.98,0.0008568458926996314,-0.050000000000000044,-0.010000000000000009,-0.7135995086268342,-0.2312701095586194,0.9594,-0.0141
2009-10-19,1057.300048828125,1.38,2.03,0.006261972697648943,-0.07000000000000006,0.04999999999999982,-0.7368755090360297,-0.24261814423668115,0.9485,-0.0109
2009-10-20,1057.800048828125,1.37,1.98,0.00047279087156937294,-0.009999999999999787,-0.04999999999999982,-0.7526345843016496,-0.2386474648084466,0.9212,-0.0272999999999999
2009-10-21,1063.699951171875,1.43,1.99,0.005562024561628576,0.05999999999999983,0.010000000000000009,-0.764803019264958,-0.20744589147897122,0.9435,0.0222999999999999
2009-10-22,1057.800048828125,1.49,1.95,-0.005562024561628576,0.06000000000000005,-0.040000000000000036,-0.7572633604642197,-0.23746945423716798,0.9563,0.0128
2009-10-23,1055.5999755859375,1.51,2.0,-0.002082023290920887,0.020000000000000018,0.050000000000000044,-0.7559412650167868,-0.26263870173862636,0.9868,0.0304999999999999
2009-10-26,1042.0999755859375,1.59,2.0,-0.012871417930402806,0.08000000000000007,0.0,-0.7362527887730888,-0.33317763186248206,1.0232,0.0364000000000001
2009-10-27,1034.699951171875,1.49,2.0,-0.007126402150334776,-0.10000000000000009,0.0,-0.7236824750167289,-0.23061666312627818,0.989,-0.0342000000000001
2009-10-28,1029.9000244140625,1.48,1.96,-0.004649748583262614,-0.010000000000000009,-0.040000000000000036,-0.7080029845109385,-0.22662603562290679,0.9631,-0.0259
2009-10-29,1046.4000244140625,1.5,2.03,0.01589399119738477,0.020000000000000018,0.06999999999999984,-0.7098686953000781,-0.18241261877744191,0.9922,0.0291
2009-10-30,1039.699951171875,1.41,2.0,-0.006423562014159501,-0.09000000000000008,-0.029999999999999805,-0.6940231284818251,-0.12880787194213436,0.9519,-0.0403
2009-11-02,1053.4000244140625,1.41,2.04,0.01309088820547366,0.0,0.040000000000000036,-0.6973018447284275,-0.10305697584343979,0.9493,-0.0025999999999999
2009-11-03,1084.300048828125,1.45,2.05,0.028911611284338612,0.040000000000000036,0.009999999999999787,-0.6837419709006303,-0.0026678734645468757,0.9671,0.0177999999999999
2009-11-04,1086.699951171875,1.45,2.12,0.0022108736262573814,0.0,0.07000000000000028,-0.6825785439969984,0.01341586158339569,0.9928,0.0257
2009-11-05,1088.699951171875,1.41,2.16,0.001838742900872603,-0.040000000000000036,0.040000000000000036,-0.6962382801460136,0.011557849134621797,0.9946,0.0018
2009-11-06,1095.0999755859375,1.37,2.17,0.005861381950603928,-0.039999999999999813,0.009999999999999787,-0.7004578007646897,0.027146218304120145,0.9823,-0.0123
2009-11-09,1100.800048828125,1.3,2.22,0.005191571548221141,-0.07000000000000006,0.050000000000000266,-0.7110575343831032,-0.0013661645411588953,0.974,-0.0082999999999999
2009-11-10,1101.9000244140625,1.31,2.19,0.0009987521140404354,0.010000000000000009,-0.03000000000000025,-0.7266661721815382,-0.0061189801221581954,0.9726,-0.0013999999999999
2009-11-13,1116.0999755859375,1.31,2.12,0.009090540704948857,-0.020000000000000018,0.0,-0.7408249534642037,0.011682899256742634,0.9489,-0.0100999999999999
2009-11-16,1138.5999755859375,1.21,2.12,0.019958972287575705,-0.10000000000000009,0.0,-0.8129202559155545,-0.12087125536270436,0.9046,-0.0443
2009-11-17,1138.800048828125,1.2,2.13,0.00017570320589843647,-0.010000000000000009,0.009999999999999787,-0.845363174791353,-0.12058243856660895,0.8911,-0.0134999999999999
2009-11-18,1140.699951171875,1.21,2.15,0.0016669469477434973,0.010000000000000009,0.020000000000000018,-0.8709576609759336,-0.11374000017610876,0.8989,0.0078
2009-11-19,1141.4000244140625,1.21,2.14,0.0006135342637367813,0.0,-0.009999999999999787,-0.8827970014074359,-0.16031383117315864,0.8945,-0.0044
2009-11-20,1146.4000244140625,1.21,2.15,0.004371018318064301,0.0,0.009999999999999787,-0.8982017060125225,-0.15759334070686712,0.9011,0.0066
2009-11-23,1164.300048828125,1.2,2.17,0.015493471170473505,-0.010000000000000009,0.020000000000000018,-0.9052130799344822,-0.18740610923601642,0.9023,0.0011999999999999
2009-11-24,1165.5,1.21,2.11,0.001030089495090536,0.010000000000000009,-0.06000000000000005,-0.911637179554288,-0.13842575530562393,0.8744,-0.0279
2009-11-25,1186.9000244140625,1.16,2.12,0.018194707156251155,-0.050000000000000044,0.010000000000000231,-0.9188766499200771,-0.1047613135957216,0.8507,-0.0236999999999999
2009-11-30,1181.0999755859375,1.13,2.08,0.005859163901265951,-0.020000000000000018,0.020000000000000018,-0.935412143072814,-0.09080216214312188,0.7964,-0.0187
2009-12-01,1199.0999755859375,1.14,2.14,0.015125068077877835,0.010000000000000009,0.06000000000000005,-0.9373720008663412,-0.08108434233630639,0.8106,0.0141999999999999
2009-12-02,1212.0,1.18,2.14,0.010700632604194737,0.040000000000000036,0.0,-0.9338863446201209,-0.047992963623977085,0.833,0.0223999999999999
2009-12-03,1217.4000244140625,1.24,2.15,0.004445569484829548,0.06000000000000005,0.009999999999999787,-0.9161574603852264,-0.048805891561089214,0.8643,0.0312999999999999
2009-12-04,1168.800048828125,1.34,2.14,-0.04073983390131275,0.10000000000000009,-0.009999999999999787,-0.8955727420457777,-0.3022147184137358,0.9147,0.0504
2009-12-07,1163.4000244140625,1.31,2.13,-0.004630849751017685,-0.030000000000000027,-0.010000000000000231,-0.882999764010178,-0.26665697778155345,0.9091,-0.0055999999999999
2009-12-08,1142.800048828125,1.31,2.09,-0.017865339378396072,0.0,-0.040000000000000036,-0.8753324353566114,-0.25690092417756494,0.8883,-0.0208
2009-12-09,1120.4000244140625,1.36,2.09,-0.019795647906921232,0.050000000000000044,0.0,-0.8684228065590723,-0.25565171389052926,0.8971,0.0088
2009-12-10,1125.699951171875,1.4,2.09,0.004719234808527872,0.039999999999999813,0.0,-0.8421210396077236,-0.32435935612952127,0.9206,0.0234999999999999
2009-12-11,1119.4000244140625,1.41,2.14,-0.005612171717756631,0.010000000000000009,0.050000000000000266,-0.8148906932610327,-0.3332911486088207,0.9518,0.0312
2009-12-14,1123.300048828125,1.37,2.19,0.003477975848773518,-0.039999999999999813,0.04999999999999982,-0.7857159833157831,-0.35758099124969145,0.9682,0.0163999999999999
2009-12-15,1122.4000244140625,1.37,2.23,-0.0008015535760756975,0.0,0.040000000000000036,-0.7796391693055953,-0.4406204431252209,0.9875,0.0193
2009-12-16,1135.5,1.34,2.27,0.011603811005702624,-0.030000000000000027,0.040000000000000036,-0.7682053409771273,-0.45632556646100103,0.9922,0.0046999999999999
2009-12-17,1106.800048828125,1.28,2.22,-0.025600069516358737,-0.06000000000000005,-0.04999999999999982,-0.7328415925513212,-0.42997524033257256,0.9494,-0.0427999999999999
2009-12-18,1110.800048828125,1.31,2.24,0.0036075073610097874,0.030000000000000027,0.020000000000000018,-0.7055198254425897,-0.4183214026638804,0.9625,0.0131
2009-12-21,1095.4000244140625,1.39,2.3,-0.013960904752837955,0.07999999999999985,0.05999999999999961,-0.6992124869638641,-0.4571367468901257,1.0166,0.0540999999999999
2009-12-22,1086.0,1.43,2.33,-0.008618394143545594,0.040000000000000036,0.03000000000000025,-0.7138602398103299,-0.4616842413183793,1.0553,0.0386999999999999
2009-12-23,1093.300048828125,1.46,2.31,0.00669946860778925,0.030000000000000027,-0.020000000000000018,-0.7434595815936634,-0.4458774676068946,1.0744,0.0191000000000001
2009-12-24,1104.0999755859375,1.5,2.32,0.009829811231236718,0.040000000000000036,0.009999999999999787,-0.7547776422709997,-0.4163456121898097,1.1042,0.0298
2009-12-29,1097.0,1.46,2.36,-0.009255080487627687,-0.040000000000000036,0.009999999999999787,-0.7782661635354537,-0.3769965489833491,1.1174,-0.0051000000000001
2009-12-30,1091.5,1.44,2.36,-0.005026284285231775,-0.020000000000000018,0.0,-0.8000966189358268,-0.27585993830373395,1.1129,-0.0044999999999999
2009-12-31,1095.199951171875,1.48,2.37,0.003384053400488085,0.040000000000000036,0.010000000000000231,-0.8228685690677353,-0.26075634927919,1.1347,0.0218
2010-01-05,1118.0999755859375,1.43,2.34,0.00035783561269830955,-0.040000000000000036,-0.040000000000000036,-0.8401491356240016,-0.27120184042074297,1.1012,-0.0313000000000001
2010-01-06,1135.9000244140625,1.48,2.37,0.015794515412509647,0.050000000000000044,0.03000000000000025,-0.8272368234094444,-0.21545972184610543,1.1205,0.0193
2010-01-07,1133.0999755859375,1.44,2.41,-0.0024680918902548754,-0.040000000000000036,0.040000000000000036,-0.8173175344294507,-0.19175027927920865,1.13,0.0094999999999998
2010-01-08,1138.199951171875,1.41,2.42,0.00449080642933275,-0.030000000000000027,0.009999999999999787,-0.8079017429906193,-0.2011679003076875,1.1216,-0.0083999999999999
2010-01-11,1150.699951171875,1.47,2.38,0.010922386126404504,0.06000000000000005,-0.040000000000000036,-0.7585376936446256,-0.09794151245754615,1.1267,0.0051000000000001
2010-01-12,1128.9000244140625,1.35,2.39,-0.019126681502084075,-0.11999999999999988,0.010000000000000231,-0.7470291013389636,0.03118056098425944,1.0869,-0.0398
2010-01-13,1136.4000244140625,1.43,2.37,0.006621663569801761,0.07999999999999985,-0.020000000000000018,-0.7213790193398518,0.07014572254053278,1.1029,0.016
2010-01-14,1142.5999755859375,1.4,2.36,0.005440953459530107,-0.030000000000000027,-0.010000000000000231,-0.6573530058792387,0.0561121995513513,1.0861,-0.0167999999999999
2010-01-15,1130.0999755859375,1.34,2.36,-0.011000243160598444,-0.05999999999999983,0.0,-0.5376702023537115,0.06489738160477142,1.0601,-0.026
2010-01-20,1112.300048828125,1.31,2.37,-0.024335039522402013,-0.040000000000000036,-0.009999999999999787,-0.3163140029905542,0.35354853095677996,1.0485,-0.0172000000000001
2010-01-21,1102.699951171875,1.29,2.33,-0.008668314012208356,-0.020000000000000018,-0.040000000000000036,-0.16542662934894406,0.35618026743756936,1.0179,-0.0305999999999999
2010-01-22,1089.199951171875,1.31,2.31,-0.01231823651385966,0.020000000000000018,-0.020000000000000018,-0.023134510139123182,0.34832569250854206,1.0059,-0.012
2010-01-25,1095.199951171875,1.33,2.33,0.0054935134202303,0.020000000000000018,0.020000000000000018,0.023539712073231637,0.44025930563473503,1.0158,0.0099
2010-01-26,1097.9000244140625,1.31,2.34,0.0024623360872553235,-0.020000000000000018,0.009999999999999787,0.06377320921013593,0.42712037588323976,1.015,-0.0008000000000001
2010-01-27,1084.4000244140625,1.35,2.31,-0.012372425339341575,0.040000000000000036,-0.029999999999999805,0.09356355708371214,0.3871704703632535,1.0234,0.0084000000000001
2010-01-28,1083.5999755859375,1.35,2.33,-0.0007380524579723158,0.0,0.020000000000000018,0.12754846015024743,0.4049702381363254,1.026,0.0025999999999999
2010-01-29,1083.0,1.3,2.33,-0.0005538406794372008,-0.050000000000000044,0.0,0.18803718507466474,0.3951769184190465,1.0065,-0.0195
2010-02-01,1104.300048828125,1.29,2.39,0.019476726268452538,-0.010000000000000009,0.06000000000000005,0.23154531828535382,0.39641695228936136,1.0161,0.0096
2010-02-02,1117.4000244140625,1.26,2.41,0.011792885604595682,-0.030000000000000027,0.020000000000000018,0.19806512780984262,0.3051301336099103,1.0124,-0.0037
2010-02-03,1111.4000244140625,1.3,2.43,-0.005384076061273113,0.040000000000000036,0.020000000000000018,0.19579757423378835,0.27980464706964414,1.0309,0.0184999999999999
2010-02-04,1062.4000244140625,1.27,2.35,-0.04508998111049234,-0.030000000000000027,-0.08000000000000007,0.28749069499358443,0.3784836520920009,0.9935,-0.0373999999999998
2010-02-05,1052.199951171875,1.32,2.27,-0.009647358811312401,0.050000000000000044,-0.08000000000000007,0.3481186072445214,0.36684435082720807,0.9659,-0.0276
2010-02-08,1065.699951171875,1.35,2.27,0.01274865051805918,0.030000000000000027,0.0,0.38204487703235535,0.374255081561768,0.968,0.0020999999999999
2010-02-09,1076.699951171875,1.37,2.3,0.010268948062854832,0.020000000000000018,0.029999999999999805,0.40133111330571203,0.3668175604119541,0.9893,0.0212999999999999
2010-02-10,1075.800048828125,1.44,2.28,-0.0008361462449988366,0.06999999999999984,-0.020000000000000018,0.3664652922424588,0.3497545812673549,1.0205,0.0312
2010-02-11,1094.199951171875,1.47,2.26,0.01695884177835083,0.030000000000000027,-0.020000000000000018,0.35665749034853184,0.3551909033590567,1.0323,0.0118
2010-02-12,1089.5,1.46,2.23,-0.004304582620552111,-0.010000000000000009,-0.029999999999999805,0.34371780214057873,0.35320495725540746,1.0209,-0.0114
2010-02-17,1119.5,1.46,2.28,0.00017862351978337188,0.040000000000000036,0.03999999999999959,0.39376137464434596,0.2865518774321498,1.0367,0.0289999999999999
2010-02-18,1118.0,1.48,2.31,-0.0013407823237647776,0.020000000000000018,0.03000000000000025,0.39241408469194095,0.28896336745377293,1.0678,0.0311000000000001
2010-02-19,1121.300048828125,1.52,2.26,0.0029473952977854267,0.040000000000000036,-0.050000000000000266,0.36710723168521203,0.26124532173539183,1.0798,0.012
2010-02-22,1112.5999755859375,1.55,2.25,-0.007789173314889375,0.030000000000000027,-0.009999999999999787,0.3347179296245559,0.24691532584434558,1.0825,0.0026999999999999
2010-02-23,1102.699951171875,1.5,2.19,-0.008937923213824917,-0.050000000000000044,-0.06000000000000005,0.30929098057099114,0.275546890033099,1.0419,-0.0405999999999999
2010-02-24,1096.5,1.51,2.19,-0.005638384626172943,0.010000000000000009,0.0,0.23071847020767733,0.244940933786815,1.0334,-0.0084999999999999
2010-02-25,1107.800048828125,1.51,2.13,0.010252821817720914,0.0,-0.06000000000000005,0.25624339997681816,0.14027367078849942,1.0071,-0.0262999999999999
2010-02-26,1118.300048828125,1.48,2.13,0.00943360802129245,-0.030000000000000027,0.0,0.26160476587242687,0.0850859159006894,0.9873,-0.0198000000000001
2010-03-01,1117.800048828125,1.46,2.15,-0.000447207179014697,-0.020000000000000018,0.020000000000000018,0.2870766683500786,0.09981550457523006,0.9774,-0.0098999999999999
2010-03-02,1136.9000244140625,1.46,2.16,0.016942770091358028,0.0,0.010000000000000231,0.35470125208982195,0.04902848433588074,0.9726,-0.0048
2010-03-03,1142.699951171875,1.46,2.17,0.005088558812882837,0.0,0.009999999999999787,0.43097209013717,0.043866638561055625,0.9744,0.0018
2010-03-04,1132.5999755859375,1.44,2.17,-0.008877987298245849,-0.020000000000000018,0.0,0.4643186326373291,-0.023936960755815723,0.9689,-0.0055
2010-03-05,1134.800048828125,1.48,2.21,0.0019406138387152438,0.040000000000000036,0.040000000000000036,0.5003144455494504,-0.04025883343072465,0.9964,0.0274999999999999
2010-03-08,1123.5999755859375,1.49,2.23,-0.009918672460991651,0.010000000000000009,0.020000000000000018,0.5058749509651491,-0.02882443694196137,1.0088,0.0123999999999999
2010-03-09,1122.0,1.48,2.23,-0.0014249874190186418,-0.010000000000000009,0.0,0.5131363115328573,-0.031335900232396394,1.0069,-0.0019
2010-03-10,1107.800048828125,1.49,2.24,-0.012736696406977721,0.010000000000000009,0.010000000000000231,0.5146490835413244,-0.032059859370805625,1.0182,0.0113
2010-03-11,1108.0,1.49,2.24,0.00018047763156570085,0.0,0.0,0.49932847783227885,0.005068023330644363,1.0277,0.0095
2010-03-12,1101.5,1.45,2.26,-0.0058837010648318255,-0.040000000000000036,0.019999999999999574,0.48079524842319193,0.028037834412509146,1.0214,-0.0062999999999999
2010-03-15,1105.0999755859375,1.46,2.25,0.0032629192601643098,0.010000000000000009,-0.009999999999999787,0.4508497287565056,0.02535387438319518,1.0181,-0.0033
2010-03-16,1122.199951171875,1.42,2.24,0.015355194303237063,-0.040000000000000036,-0.009999999999999787,0.46304585026244854,-0.007585583658990877,0.9971,-0.021
2010-03-17,1124.0,1.4,2.25,0.0016027506478373255,-0.020000000000000018,0.009999999999999787,0.5411139829456256,0.02395901961712538,0.9877,-0.0093999999999999
2010-03-18,1127.4000244140625,1.45,2.23,0.003020366849029621,0.050000000000000044,-0.020000000000000018,0.6029278023832195,0.05146129433204104,0.9999,0.0121999999999999
2010-03-19,1107.4000244140625,1.5,2.2,-0.017899170867508474,0.050000000000000044,-0.029999999999999805,0.5008277712038003,-0.20404150732906726,1.0119,0.012
2010-03-22,1099.300048828125,1.48,2.19,-0.007341289432869935,-0.020000000000000018,-0.010000000000000231,0.30529119327621174,-0.13098516240583982,1.0011,-0.0107999999999999
2010-03-23,1103.5,1.49,2.2,0.0038132886945039246,0.010000000000000009,0.010000000000000231,0.07661267472706237,-0.16658972623494772,1.0023,0.0011999999999998
2010-03-24,1088.5999755859375,1.6,2.24,-0.01359450212371982,0.1100000000000001,0.040000000000000036,-0.30505070894067815,-0.292694740725473,1.0648,0.0625
2010-03-25,1092.699951171875,1.65,2.26,0.0037592083178719093,0.04999999999999982,0.019999999999999574,-0.4963846141379386,-0.27909502206936854,1.1061,0.0413000000000001
2010-03-26,1104.199951171875,1.62,2.24,0.010469393738636867,-0.029999999999999805,-0.019999999999999574,-0.5238452030194053,-0.3604701155559373,1.0996,-0.0065000000000001
2010-03-29,1110.300048828125,1.66,2.22,0.005509246408054835,0.039999999999999813,-0.020000000000000018,-0.5408598602166795,-0.3463208256873689,1.1039,0.0043000000000001
2010-03-30,1104.5,1.66,2.22,-0.005237549177463663,0.0,0.0,-0.5393727627337728,-0.2586560566902119,1.1063,0.0023999999999999
2010-03-31,1113.300048828125,1.6,2.24,0.007935877733399543,-0.05999999999999983,0.020000000000000018,-0.5196537920871358,-0.3056213383908269,1.0908,-0.0155
2010-04-01,1125.0999755859375,1.61,2.28,0.010543277283995067,0.010000000000000009,0.03999999999999959,-0.4539205126166399,-0.29044729504332395,1.103,0.0121999999999999
2010-04-05,1132.9000244140625,1.7,2.31,0.006908839551936552,0.08999999999999986,0.03000000000000025,-0.2919815812731354,-0.2211493369989322,1.1683,0.0307999999999999
2010-04-06,1135.0999755859375,1.68,2.3,0.0019399928234982156,-0.020000000000000018,-0.010000000000000231,-0.1711603182045963,-0.20725606319879392,1.1616,-0.0066999999999999
2010-04-07,1152.300048828125,1.55,2.34,0.01503925614145718,-0.1299999999999999,0.040000000000000036,-0.13964971718909927,-0.379672808177765,1.1216,-0.04
2010-04-08,1152.199951171875,1.58,2.33,-8.687147434383036e-05,0.030000000000000027,-0.009999999999999787,-0.09398374192074578,-0.380449403211194,1.1242,0.0026000000000001
2010-04-09,1161.0999755859375,1.56,2.34,0.0076946946861795595,-0.020000000000000018,0.009999999999999787,-0.060018136707518675,-0.39216987570949075,1.1215,-0.0027000000000001
2010-04-12,1161.5999755859375,1.52,2.35,0.0004305334466216948,-0.040000000000000036,0.010000000000000231,-0.06592010934102041,-0.36993986887270786,1.1024,-0.0190999999999998
2010-04-13,1152.800048828125,1.5,2.34,-0.007604536011492691,-0.020000000000000018,-0.010000000000000231,-0.08871578514507779,-0.3507254755376051,1.0877,-0.0147000000000001
2010-04-14,1159.0,1.54,2.34,0.005363756298328859,0.040000000000000036,0.0,-0.061607812797800116,-0.34846402834309537,1.0975,0.0098
2010-04-15,1159.699951171875,1.49,2.37,0.0006037445188047386,-0.050000000000000044,0.03000000000000025,-0.06357869275958108,-0.34239488565361903,1.0891,-0.0083999999999999
2010-04-16,1136.300048828125,1.46,2.33,-0.02038389596343748,-0.030000000000000027,-0.040000000000000036,-0.0660384280031411,-0.27872587598039594,1.0586,-0.0304999999999999
2010-04-19,1135.199951171875,1.49,2.34,-0.0009686090620819598,0.030000000000000027,0.009999999999999787,-0.06453667358201966,-0.28887020901921584,1.0674,0.0087999999999999
2010-04-20,1138.5999755859375,1.47,2.35,0.002990612241767998,-0.020000000000000018,0.010000000000000231,-0.0817709037642277,-0.2903123554639631,1.0707,0.0033
2010-04-21,1148.199951171875,1.42,2.35,0.008396040132929272,-0.050000000000000044,0.0,-0.1285934452969771,-0.3137241769743288,1.0515,-0.0191999999999998
2010-04-22,1142.300048828125,1.46,2.34,-0.005151639722385859,0.040000000000000036,-0.010000000000000231,-0.16272925301908608,-0.32849184839432793,1.0632,0.0116999999999998
2010-04-23,1153.0999755859375,1.47,2.37,0.009410130119176685,0.010000000000000009,0.03000000000000025,-0.20264072148558024,-0.3159110568829648,1.0807,0.0175
2010-04-26,1153.5,1.46,2.37,0.0003468520092830829,-0.010000000000000009,0.0,-0.27569211810719646,-0.34649736939305914,1.0793,-0.0014
2010-04-27,1161.699951171875,1.37,2.34,0.007083608874006941,-0.08999999999999986,-0.03000000000000025,-0.37412334634722966,-0.3655786386444588,1.0261,-0.0531999999999999
2010-04-28,1171.300048828125,1.4,2.4,0.008229877275134356,0.029999999999999805,0.06000000000000005,-0.45190001732723656,-0.3196777044532787,1.0453,0.0191999999999998
2010-04-29,1168.4000244140625,1.31,2.45,-0.002478972354069242,-0.08999999999999986,0.050000000000000266,-0.5385424704570642,-0.27741918655181014,1.0331,-0.0121999999999999
2010-04-30,1180.0999755859375,1.29,2.4,0.00996384753469215,-0.020000000000000018,-0.050000000000000266,-0.6093435336032356,-0.2944543883534462,1.0051,-0.0279999999999998
2010-05-03,1182.699951171875,1.32,2.4,0.0022007590281978295,0.030000000000000027,0.0,-0.6692684284300086,-0.2339746651236793,1.0107,0.0055999999999998
2010-05-04,1168.5999755859375,1.31,2.32,-0.011993488743152092,-0.010000000000000009,-0.08000000000000007,-0.7279768765273591,-0.2334455965677815,0.9766,-0.0340999999999999
2010-05-05,1174.5999755859375,1.3,2.28,0.005121213074799513,-0.010000000000000009,-0.040000000000000036,-0.779562602852806,-0.23677896980072358,0.9482,-0.0283999999999999
2010-05-06,1196.9000244140625,1.25,2.16,0.018807257973652902,-0.050000000000000044,-0.11999999999999966,-0.821530326433265,-0.1429126059072929,0.8813,-0.0669
2010-05-07,1210.0,1.3,2.15,0.010885458313715901,0.050000000000000044,-0.010000000000000231,-0.8246936014894931,-0.10119662920016756,0.881,-0.0002999999999999
2010-05-10,1200.4000244140625,1.33,2.24,-0.007965504686302083,0.030000000000000027,0.0900000000000003,-0.8249128586447032,-0.1253497492700141,0.9169,0.0359
2010-05-11,1219.9000244140625,1.31,2.25,0.016114053263374117,-0.020000000000000018,0.009999999999999787,-0.8049144645202377,-0.14425659478234124,0.921,0.0040999999999999
2010-05-12,1242.699951171875,1.28,2.28,0.018517484352124747,-0.030000000000000027,0.029999999999999805,-0.7760384842080678,-0.1526098521813494,0.9365,0.0154999999999999
2010-05-13,1228.800048828125,1.28,2.27,-0.011248269390146781,0.0,-0.009999999999999787,-0.7717922441605531,-0.14596975963175426,0.9306,-0.0059
2010-05-14,1227.4000244140625,1.26,2.18,-0.0011399922839627763,-0.020000000000000018,-0.08999999999999986,-0.7708407119094655,-0.1573345262591128,0.8854,-0.0452
2010-05-17,1227.699951171875,1.31,2.16,0.0002443295688872027,0.050000000000000044,-0.020000000000000018,-0.7648436721283505,-0.21707142907886845,0.8875,0.0020999999999999
2010-05-18,1214.300048828125,1.25,2.13,-0.010974641144064101,-0.06000000000000005,-0.03000000000000025,-0.7739014788599788,-0.15480976045511102,0.8501,-0.0373999999999999
2010-05-19,1192.5999755859375,1.32,2.04,-0.018032042052983144,0.07000000000000006,-0.08999999999999986,-0.7742377663353351,-0.1608502218521896,0.8396,-0.0104999999999999
2010-05-20,1187.800048828125,1.36,1.89,-0.0040328795279185314,0.040000000000000036,-0.15000000000000013,-0.7794556600841684,-0.17542808807948979,0.796,-0.0435999999999999
2010-05-21,1175.699951171875,1.33,1.87,-0.010239224347209586,-0.030000000000000027,-0.019999999999999796,-0.7921106213858515,-0.14522250440632126,0.7702,-0.0258
2010-05-24,1193.800048828125,1.35,1.88,0.01527786429339173,0.020000000000000018,0.009999999999999787,-0.8020123573422533,-0.1103016585325604,0.7708,0.0006
2010-05-25,1197.800048828125,1.33,1.85,0.003345043959224192,-0.020000000000000018,-0.029999999999999805,-0.7995874353266211,-0.12422029972320986,0.7547,-0.0161
2010-05-26,1213.300048828125,1.3,1.91,0.012857378706691236,-0.030000000000000027,0.05999999999999983,-0.8240280582058295,-0.16031696640179355,0.7636,0.0088999999999999
2010-05-27,1211.9000244140625,1.33,2.01,-0.001154564182172635,0.030000000000000027,0.09999999999999987,-0.8274024395619395,-0.1720412826216901,0.8148,0.0512
2010-05-28,1212.199951171875,1.32,1.99,0.0002474541168790978,-0.010000000000000009,-0.019999999999999796,-0.8089023853819775,-0.2365940494770079,0.807,-0.0077999999999999
2010-06-02,1220.5999755859375,1.36,1.99,-0.003435084100971153,0.040000000000000036,0.020000000000000018,-0.7061576617271772,-0.2397783506253262,0.8247,0.023
2010-06-03,1208.300048828125,1.34,2.05,-0.010128067664846085,-0.020000000000000018,0.05999999999999983,-0.672338496169023,-0.19650557799767054,0.844,0.0192999999999999
2010-06-04,1216.199951171875,1.26,1.94,0.006516750094045065,-0.08000000000000007,-0.10999999999999988,-0.6183070117833294,-0.19281872829212124,0.7773,-0.0666999999999999
2010-06-07,1239.300048828125,1.25,1.92,0.018815539932685255,-0.010000000000000009,-0.020000000000000018,-0.5842980453364142,-0.20013137003872708,0.7495,-0.0277999999999999
2010-06-08,1244.0,1.29,1.89,0.0037852508285354247,0.040000000000000036,-0.030000000000000027,-0.4935273673880271,-0.19169889336918286,0.7469,-0.0026
2010-06-09,1228.5,1.28,1.92,-0.01253808133789125,-0.010000000000000009,0.030000000000000027,-0.4521980937328931,-0.1589957222623447,0.751,0.0040999999999999
2010-06-10,1220.800048828125,1.35,1.98,-0.006287491434215475,0.07000000000000006,0.06000000000000005,-0.3288971610017559,-0.2137294926934198,0.8032,0.0522
2010-06-11,1228.9000244140625,1.29,1.95,0.0066130586301316185,-0.06000000000000005,-0.030000000000000027,-0.35125175185262975,-0.2782383427535737,0.7819,-0.0212999999999999
2010-06-14,1223.300048828125,1.31,1.97,-0.0045673151891936214,0.020000000000000018,0.020000000000000018,-0.38648172219810906,-0.27559437318907803,0.7957,0.0137999999999999
2010-06-15,1233.199951171875,1.32,2.0,0.008060212449386484,0.010000000000000009,0.030000000000000027,-0.356237156113122,-0.2729792024436094,0.8155,0.0198
2010-06-16,1229.300048828125,1.28,1.99,-0.0031674360237801125,-0.040000000000000036,-0.010000000000000009,-0.3962141429561704,-0.2703818519359192,0.7995,-0.016
2010-06-17,1247.5,1.22,1.99,0.014696607232111525,-0.06000000000000005,0.0,-0.524307913291517,-0.3119108903735667,0.7725,-0.027
2010-06-18,1257.199951171875,1.25,1.99,0.007745438458949039,0.030000000000000027,0.0,-0.6587351353597536,-0.24454619212098147,0.7769,0.0044
2010-06-21,1239.699951171875,1.24,2.02,-0.014017611627571647,-0.010000000000000009,0.030000000000000027,-0.6788337658686623,-0.2758812037567484,0.7832,0.0062999999999999
2010-06-22,1239.9000244140625,1.2,1.98,0.0001613754190925576,-0.040000000000000036,-0.040000000000000036,-0.6731460304265905,-0.25093972497593575,0.7526,-0.0305999999999999
2010-06-23,1234.0999755859375,1.19,1.94,-0.004688811199894616,-0.010000000000000009,-0.040000000000000036,-0.6570931792387738,-0.23606913047195024,0.7204,-0.0322
2010-06-24,1245.5,1.23,1.91,0.009195116025986216,0.040000000000000036,-0.030000000000000027,-0.6806403600870612,-0.16368307234649898,0.7148,-0.0056
2010-06-25,1255.800048828125,1.21,1.91,0.008235802859860364,-0.020000000000000018,0.0,-0.7095190613523131,-0.1763049651109232,0.7039,-0.0109
2010-06-28,1238.199951171875,1.17,1.88,-0.01411418591172886,-0.040000000000000036,-0.030000000000000027,-0.6989134485352423,-0.12214923509554265,0.6669,-0.0369999999999999
2010-06-29,1242.0,1.14,1.83,0.0030643108430572497,-0.030000000000000027,-0.04999999999999982,-0.698127856782254,-0.1309212180683142,0.6313,-0.0356
2010-06-30,1245.5,1.15,1.82,0.002814072208811247,0.010000000000000009,-0.010000000000000009,-0.7192699742947284,-0.1967506493218195,0.6169,-0.0143999999999999
2010-07-01,1206.300048828125,1.21,1.75,-0.031979191653301875,0.06000000000000005,-0.07000000000000006,-0.6626079087205131,-0.23773275067493727,0.6114,-0.0054999999999999
2010-07-02,1207.4000244140625,1.27,1.73,0.0009114435337522764,0.06000000000000005,-0.020000000000000018,-0.622290028107517,-0.21360636640813063,0.6237,0.0122999999999999
2010-07-07,1198.5999755859375,1.3,1.7,0.0031753404461198897,0.040000000000000036,0.010000000000000009,-0.5439788857379139,-0.255506604522534,0.6185,0.0139
2010-07-08,1195.800048828125,1.25,1.79,-0.0023387303754462963,-0.050000000000000044,0.09000000000000008,-0.4724165276585435,-0.23548829053757994,0.6337,0.0151999999999999
2010-07-09,1209.5999755859375,1.26,1.81,0.01147424796186236,0.010000000000000009,0.020000000000000018,-0.45449572098074736,-0.1957568811988168,0.653,0.0192999999999999
2010-07-12,1198.5,1.26,1.82,-0.009218931367246164,0.0,0.010000000000000009,-0.41783638076581814,-0.1944563450003258,0.6582,0.0051999999999999
2010-07-13,1213.300048828125,1.28,1.87,0.01227318542745337,0.020000000000000018,0.050000000000000044,-0.40617990265031084,-0.16623373498703276,0.682,0.0238
2010-07-14,1206.800048828125,1.23,1.84,-0.005371691556161018,-0.050000000000000044,-0.030000000000000027,-0.386474862056361,-0.1459128222625931,0.6595,-0.0225
2010-07-15,1208.0999755859375,1.21,1.79,0.001076588571142345,-0.020000000000000018,-0.050000000000000044,-0.3598043115613656,-0.13974359739513098,0.6263,-0.0332
2010-07-16,1188.0,1.25,1.71,-0.016777636394283313,0.040000000000000036,-0.08000000000000007,-0.30975920770188936,-0.20329935209675257,0.5961,-0.0302
2010-07-19,1181.699951171875,1.29,1.7,-0.0053171825978592935,0.040000000000000036,-0.010000000000000009,-0.3412745312545175,-0.18245762387989936,0.5964,0.0003
2010-07-20,1191.5,1.28,1.7,0.008258979214065931,-0.010000000000000009,0.0,-0.36243755068924527,-0.18110585144679753,0.5916,-0.0048
2010-07-21,1191.5999755859375,1.19,1.71,8.39038118582991e-05,-0.09000000000000008,0.010000000000000009,-0.3327422236388603,-0.19789010233885346,0.5635,-0.0281
2010-07-22,1195.5,1.21,1.75,0.0032675865477242994,0.020000000000000018,0.040000000000000036,-0.31151968733875435,-0.19886429034416506,0.5723,0.0088
2010-07-23,1187.699951171875,1.24,1.78,-0.006545885229683357,0.030000000000000027,0.030000000000000027,-0.3368241843208196,-0.19001884894933713,0.5978,0.0254999999999999
2010-07-26,1183.0,1.24,1.79,-0.003965037690309536,0.0,0.010000000000000009,-0.35426026161316904,-0.15924216547014358,0.6095,0.0117
2010-07-27,1158.0,1.26,1.82,-0.021359205845446816,0.020000000000000018,0.030000000000000027,-0.39666129048135473,-0.18123245119970985,0.6349,0.0253999999999999
2010-07-28,1160.4000244140625,1.22,1.81,0.002070415153659688,-0.040000000000000036,-0.010000000000000009,-0.43246429667143693,-0.20459614012530725,0.6147,-0.0201999999999999
2010-07-29,1168.4000244140625,1.21,1.82,0.006870518122280345,-0.010000000000000009,0.010000000000000009,-0.4266859050119023,-0.2152284608039267,0.6012,-0.0135
2010-07-30,1181.699951171875,1.14,1.8,0.011318725915851147,-0.07000000000000006,-0.020000000000000018,-0.31994413412262246,-0.20974105275050145,0.5591,-0.0420999999999999
2010-08-02,1183.4000244140625,1.13,1.86,0.0014376335483019531,-0.010000000000000009,0.06000000000000005,-0.28364540914839576,-0.2460079728821141,0.5656,0.0064999999999999
2010-08-03,1185.199951171875,1.07,1.87,0.0015198236281603883,-0.05999999999999983,0.010000000000000009,-0.19406871839070466,-0.26438412261554245,0.5364,-0.0292
2010-08-04,1193.699951171875,1.12,1.86,0.0071461906949439324,0.050000000000000044,-0.010000000000000009,-0.15484472396816784,-0.21225626607328404,0.5505,0.0141
2010-08-05,1197.199951171875,1.07,1.87,0.002927769997135954,-0.050000000000000044,0.010000000000000009,-0.11444632306209812,-0.22510223203591645,0.5356,-0.0149
2010-08-06,1203.4000244140625,1.04,1.82,0.005165447880548513,-0.030000000000000027,-0.050000000000000044,-0.14385492511403306,-0.2841895830337389,0.5025,-0.0331
2010-08-09,1200.699951171875,1.04,1.82,-0.00224622470353264,0.0,0.0,-0.16845714231972933,-0.27794728896507875,0.4968,-0.0056999999999999
2010-08-10,1196.199951171875,0.95,1.84,-0.0037548545791992183,-0.09000000000000008,0.020000000000000018,-0.13231470849536692,-0.2882445890264099,0.4659,-0.0309
2010-08-11,1197.5,0.95,1.77,0.0010862254939798532,0.0,-0.07000000000000006,-0.09773835258172951,-0.28062206929738054,0.4344,-0.0314999999999999
2010-08-12,1214.800048828125,1.05,1.69,0.014343444080896717,0.10000000000000009,-0.08000000000000007,-0.13724975492027644,-0.12966829244042835,0.4342,-0.0002
2010-08-13,1214.9000244140625,1.0,1.68,8.229459026232178e-05,-0.050000000000000044,-0.010000000000000009,-0.22263811759088056,0.028314500353907816,0.4178,-0.0163999999999999
2010-08-16,1224.5,0.95,1.63,0.007870808435993304,-0.050000000000000044,-0.050000000000000044,-0.36075845980174726,-0.00423782339808267,0.3739,-0.0438999999999999
2010-08-17,1226.5999755859375,1.01,1.63,0.0017134968958103514,0.06000000000000005,0.0,-0.41916580907880485,0.0020572008913861814,0.3834,0.0095
2010-08-18,1229.699951171875,1.02,1.62,0.002524103183020543,0.010000000000000009,-0.009999999999999787,-0.4783014630469878,-0.005685814733135231,0.3875,0.0040999999999999
2010-08-19,1233.800048828125,1.02,1.56,0.003328679879881058,0.0,-0.06000000000000005,-0.5142442656530415,-0.017025538555998768,0.3686,-0.0189
2010-08-20,1227.199951171875,1.05,1.57,-0.005363765526181119,0.030000000000000027,0.010000000000000009,-0.5645912356143515,-0.05784314401104853,0.3828,0.0141999999999999
2010-08-23,1226.9000244140625,1.05,1.55,-0.0002444291286334277,0.0,-0.020000000000000018,-0.5873401935736233,-0.05315190244604065,0.375,-0.0077999999999999
2010-08-24,1231.800048828125,1.01,1.49,0.003985871196475976,-0.040000000000000036,-0.06000000000000005,-0.664983361700103,-0.10035324491205855,0.3387,-0.0363
2010-08-25,1239.5,1.01,1.53,0.006231518582649365,0.0,0.040000000000000036,-0.7004014311655634,-0.12419936742106402,0.3477,0.009
2010-08-26,1235.4000244140625,0.95,1.55,-0.0033132484513753724,-0.06000000000000005,0.020000000000000018,-0.7431934012851699,-0.09831907988508573,0.3337,-0.014
2010-08-27,1236.0,1.05,1.61,0.0004855349937660236,0.10000000000000009,0.06000000000000005,-0.7356882403522639,-0.017322219079695507,0.3859,0.0522
2010-08-30,1237.0999755859375,0.99,1.55,0.0008895521162353148,-0.06000000000000005,-0.06000000000000005,-0.7405046879558713,0.02110046322692333,0.3552,-0.0307
2010-08-31,1248.300048828125,0.95,1.52,0.009012753638830695,-0.040000000000000036,-0.030000000000000027,-0.7721867146308097,-0.0033742040048547863,0.323,-0.0322
2010-09-01,1246.300048828125,1.02,1.56,-0.0016034637619029013,0.07000000000000006,0.040000000000000036,-0.7637387963152311,-0.04269242606736798,0.3542,0.0312
2010-09-02,1251.5,1.05,1.58,0.004163630861030221,0.030000000000000027,0.020000000000000018,-0.7453732062857826,-0.03711708581298616,0.3777,0.0234999999999999
2010-09-03,1249.199951171875,1.1,1.62,-0.0018395245504221336,0.050000000000000044,0.040000000000000036,-0.6967357593923484,-0.02706397075688866,0.4229,0.0452
2010-09-08,1255.5999755859375,1.02,1.64,-0.0013530769111760321,0.040000000000000036,0.010000000000000009,-0.6196743464739304,-0.03307202407819305,0.4043,0.0132999999999999
2010-09-09,1248.9000244140625,1.05,1.72,-0.005350343106166555,0.030000000000000027,0.08000000000000007,-0.5074048091477641,-0.07196661233871139,0.4499,0.0456
2010-09-10,1244.5,1.02,1.79,-0.0035293406098446667,-0.030000000000000027,0.07000000000000006,-0.37896510788484905,-0.050608962949691694,0.4793,0.0293999999999999
2010-09-13,1245.0999755859375,0.94,1.8,0.00048198554260547866,-0.08000000000000007,0.010000000000000009,-0.31320199990266856,0.043029747835748866,0.4559,-0.0233999999999999
2010-09-14,1269.699951171875,0.93,1.75,0.019564785269065688,-0.009999999999999898,-0.050000000000000044,-0.2876933980577632,0.02817857003210072,0.4254,-0.0305
2010-09-15,1266.699951171875,0.97,1.77,-0.0023655586772370896,0.039999999999999925,0.020000000000000018,-0.2663769562916567,0.00010484179351896329,0.4339,0.0085
2010-09-16,1271.9000244140625,1.0,1.77,0.004096809710311788,0.030000000000000027,0.0,-0.14992913227766486,-0.022872836001598326,0.45,0.0161
2010-09-17,1275.5999755859375,1.0,1.75,0.0029047723442321427,0.0,-0.020000000000000018,-0.07345167700577249,-0.01849907777630919,0.4474,-0.0025999999999999
2010-09-20,1279.0,0.94,1.78,0.0026618855822180265,-0.06000000000000005,0.030000000000000027,-0.1197382169553307,-0.012583622799029607,0.4322,-0.0152
2010-09-21,1272.4000244140625,0.78,1.83,-0.005173622516442933,-0.15999999999999992,0.050000000000000044,-0.2337707797936753,0.10082185388211108,0.388,-0.0441999999999999
2010-09-22,1290.199951171875,0.74,1.82,0.013892307190348063,-0.040000000000000036,-0.010000000000000009,-0.47814676147292,0.014523153237047861,0.3608,-0.0272
2010-09-23,1294.300048828125,0.77,1.79,0.0031728389211513885,0.030000000000000027,-0.030000000000000027,-0.6527248724275151,0.01753067272624644,0.353,-0.0078
2010-09-24,1296.0,0.81,1.81,0.0013125517383203444,0.040000000000000036,0.020000000000000018,-0.6900924820472497,-0.1246296210349929,0.371,0.018
2010-09-27,1296.699951171875,0.79,1.75,0.0005399399869343569,-0.020000000000000018,-0.06000000000000005,-0.7446205170923096,-0.13330153395514943,0.3413,-0.0297
2010-09-28,1306.5999755859375,0.69,1.79,0.007605786822311167,-0.10000000000000009,0.040000000000000036,-0.8155094623267873,-0.15668928223457504,0.3083,-0.0329999999999999
2010-09-29,1308.5,0.74,1.78,0.0014531182487349525,0.050000000000000044,-0.010000000000000009,-0.8429333307204181,-0.15881619455659357,0.3123,0.004
2010-09-30,1307.800048828125,0.75,1.78,-0.0005350695069461509,0.010000000000000009,0.0,-0.8586548659396592,-0.1643835333147047,0.3129,0.0005999999999999
2010-10-01,1316.0999755859375,0.75,1.79,0.006326425826713944,0.0,0.010000000000000009,-0.868431512888502,-0.16004065012179236,0.3139,0.001
2010-10-04,1315.4000244140625,0.72,1.78,-0.0005319788625364197,-0.030000000000000027,-0.010000000000000009,-0.8772365727791849,-0.1265186676297641,0.3012,-0.0126999999999999
2010-10-05,1338.9000244140625,0.65,1.85,0.017707579110320282,-0.06999999999999995,0.07000000000000006,-0.8908033201245616,-0.19117722221776168,0.2928,-0.0084
2010-10-06,1346.4000244140625,0.52,1.89,0.005585982471688844,-0.13,0.039999999999999813,-0.9122656739742903,-0.2049369695436718,0.2631,-0.0297
2010-10-07,1333.9000244140625,0.53,1.88,-0.009327381559674386,0.010000000000000009,-0.010000000000000009,-0.9190521254407434,-0.22453853564361054,0.2517,-0.0114
2010-10-08,1344.199951171875,0.45,1.96,0.007692003761054167,-0.08000000000000002,0.08000000000000007,-0.9359498983974645,-0.27244166642480705,0.2452,-0.0064999999999999
2010-10-13,1369.5,0.44,2.02,0.017531422240192107,-0.04999999999999999,0.07000000000000006,-0.9516765965998606,-0.29551939432502083,0.2568,0.0019999999999999
2010-10-14,1376.699951171875,0.41,2.11,0.005243585898250913,-0.030000000000000027,0.08999999999999986,-0.9596247458658689,-0.2906430805444685,0.2805,0.0237
2010-10-15,1371.0999755859375,0.5,2.09,-0.004075976044960683,0.09000000000000002,-0.020000000000000018,-0.9579206176127064,-0.31162044340988465,0.3084,0.0278999999999999
2010-10-18,1371.199951171875,0.47,2.05,7.291367731543374e-05,-0.030000000000000027,-0.040000000000000036,-0.9580311764802518,-0.3151235239730532,0.2892,-0.0191999999999999
2010-10-19,1335.0999755859375,0.44,2.06,-0.02668005612400659,-0.02999999999999997,0.010000000000000231,-0.9495676128965527,-0.21647776401865193,0.2734,-0.0158
2010-10-20,1343.300048828125,0.47,2.04,0.006123132308617052,0.02999999999999997,-0.020000000000000018,-0.9472365226708832,-0.18262971479211165,0.2709,-0.0025
2010-10-21,1324.699951171875,0.5,2.07,-0.013943327587893961,0.030000000000000027,0.029999999999999805,-0.9376914854942104,-0.2110995072570215,0.2927,0.0218
2010-10-22,1324.4000244140625,0.5,2.09,-0.00022643672330868725,0.0,0.020000000000000018,-0.9254819104634687,-0.1948625287318825,0.3066,0.0138999999999999
2010-10-25,1338.300048828125,0.45,2.14,0.010440643180368525,-0.04999999999999999,0.050000000000000266,-0.9152945123324144,-0.2139066313795259,0.3139,0.0073
2010-10-26,1338.0,0.52,2.15,-0.00022422659934129285,0.07,0.009999999999999787,-0.9149649128075358,-0.23258672354437931,0.3508,0.0368999999999999
2010-10-27,1322.199951171875,0.62,2.13,-0.011878982718150688,0.09999999999999998,-0.020000000000000018,-0.9079232705767157,-0.32318855300116384,0.3906,0.0398
2010-10-28,1342.0999755859375,0.57,2.12,0.014938554242795554,-0.050000000000000044,-0.009999999999999787,-0.8967257460012812,-0.33269678877978337,0.3718,-0.0187999999999999
2010-10-29,1357.0999755859375,0.5,2.13,0.011114518884629554,-0.06999999999999995,0.009999999999999787,-0.8863359452136772,-0.36136550321597194,0.3436,-0.0282
2010-11-01,1350.199951171875,0.49,2.17,-0.005097358653301853,-0.010000000000000009,0.040000000000000036,-0.8784347947649672,-0.36206893578466637,0.3412,-0.0024
2010-11-02,1356.4000244140625,0.49,2.14,0.004581455806499157,0.0,-0.029999999999999805,-0.8664773829164527,-0.3600077618932568,0.3277,-0.0135
2010-11-03,1337.0999755859375,0.5,2.17,-0.014331077888990684,0.010000000000000009,0.029999999999999805,-0.8567774161493557,-0.47626284981133093,0.322,-0.0056999999999999
2010-11-04,1382.699951171875,0.44,2.09,0.03353500271930976,-0.06,-0.08000000000000007,-0.8454658847468944,-0.48231237710933134,0.2705,-0.0514999999999999
2010-11-05,1397.300048828125,0.48,2.1,0.010503763950063139,0.03999999999999998,0.010000000000000231,-0.7955198093555982,-0.45527137321467975,0.2745,0.004
2010-11-08,1402.800048828125,0.48,2.12,0.003928436042611949,0.0,0.020000000000000018,-0.739162081141938,-0.45732064628219193,0.2803,0.0057999999999999
2010-11-09,1409.800048828125,0.58,2.14,0.004977610900923857,0.09999999999999998,0.020000000000000018,-0.5998100666682581,-0.417123623686068,0.3301,0.0498
2010-11-10,1399.0999755859375,0.56,2.09,-0.007618729685156644,-0.019999999999999907,-0.050000000000000266,-0.5180733553104397,-0.39894874397645347,0.3237,-0.0064
2010-11-15,1368.4000244140625,0.87,2.05,0.0021947480800701413,0.16000000000000003,0.0,-0.18988621443934534,-0.45475873232268915,0.4456,0.0759
2010-11-16,1338.300048828125,0.87,1.98,-0.02224200365725526,0.0,-0.06999999999999984,-0.1472174325320923,-0.4266408563594545,0.4491,0.0035
2010-11-17,1336.800048828125,0.84,2.05,-0.0011214534802057585,-0.030000000000000027,0.06999999999999984,-0.12468012602647957,-0.42580286598414285,0.4649,0.0157999999999999
2010-11-18,1352.9000244140625,0.83,2.07,0.011971719847731599,-0.010000000000000009,0.020000000000000018,-0.10746058000701798,-0.3972060866749713,0.4805,0.0156
2010-11-19,1352.199951171875,0.77,2.11,-0.000517595108599167,-0.05999999999999994,0.040000000000000036,-0.11539085364708564,-0.38928294877274283,0.4847,0.0042
2010-11-22,1357.699951171875,0.7,2.1,0.004059196095939299,-0.07000000000000006,-0.009999999999999787,-0.12119573049382713,-0.39340122021199514,0.4519,-0.0327999999999999
2010-11-23,1377.5,0.69,2.08,0.01447820638468933,-0.010000000000000009,-0.020000000000000018,-0.11197416546768384,-0.3840852208965189,0.4293,-0.0226
2010-11-24,1372.9000244140625,0.8,2.13,-0.003344953340669754,0.1100000000000001,0.04999999999999982,-0.08814369435989067,-0.3859412492417073,0.488,0.0586999999999999
2010-11-29,1366.0,0.73,2.11,0.0027122775163039847,-0.020000000000000018,-0.010000000000000231,-0.025505824726642794,-0.32806721718417525,0.4719,-0.0121
2010-11-30,1385.0,0.74,2.07,0.01381337849070352,0.010000000000000009,-0.040000000000000036,0.02198248287795172,-0.3167349077712597,0.4543,-0.0176
2010-12-01,1387.300048828125,0.83,2.14,0.0016593076617548164,0.08999999999999997,0.07000000000000028,0.09393335507519096,-0.3064602383999757,0.5176,0.0632999999999999
2010-12-02,1388.5,0.84,2.17,0.000864580463660225,0.010000000000000009,0.029999999999999805,0.10307233273740316,-0.38950736535606084,0.5516,0.034
2010-12-03,1405.4000244140625,0.86,2.17,0.0120979493828548,0.020000000000000018,0.0,0.1509269951640627,-0.3858795350007032,0.5619,0.0102999999999999
2010-12-06,1415.300048828125,0.79,2.16,0.007019580110277701,-0.06999999999999995,-0.009999999999999787,0.15309220632345624,-0.3920586138064597,0.5309,-0.0309999999999999
2010-12-07,1408.300048828125,0.92,2.23,-0.004958219364303851,0.13,0.06999999999999984,0.17564309796454913,-0.40657834158826106,0.6129,0.0819999999999999
2010-12-08,1382.5,1.07,2.19,-0.01848988347919267,0.15000000000000002,-0.040000000000000036,0.14804705128498852,-0.4544304723783763,0.6835,0.0706
2010-12-09,1392.0999755859375,1.09,2.14,0.006919926460453141,0.020000000000000018,-0.04999999999999982,0.15474859686215198,-0.4538078758385504,0.7068,0.0232999999999999
2010-12-10,1384.300048828125,1.16,2.16,-0.005618748890463543,0.06999999999999984,0.020000000000000018,0.1481910427221497,-0.43774130663473826,0.7482,0.0413999999999999
2010-12-13,1397.300048828125,1.11,2.18,0.009347206064547642,-0.04999999999999982,0.020000000000000018,0.16212054832943437,-0.4284727916547687,0.7411,-0.0070999999999999
2010-12-14,1403.5999755859375,1.27,2.22,0.004498509284143637,0.15999999999999992,0.040000000000000036,0.20511343268042845,-0.36362533923014145,0.8121,0.071
2010-12-15,1385.5,1.22,2.31,-0.012979262012137838,-0.050000000000000044,0.08999999999999986,0.16708706934186168,-0.3194764082100051,0.849,0.0368999999999999
2010-12-16,1370.4000244140625,1.15,2.32,-0.010958399477841496,-0.07000000000000006,0.009999999999999787,0.09854092506395432,-0.26384697517124095,0.8356,-0.0133999999999999
2010-12-17,1378.5999755859375,1.05,2.28,0.005965787917044274,-0.09999999999999987,-0.040000000000000036,-0.0009910262699906463,-0.28803810690598314,0.7905,-0.0451
2010-12-20,1385.5,1.07,2.29,0.004992611560797222,0.020000000000000018,0.010000000000000231,0.012470942390793995,-0.22707408696564385,0.7823,-0.0081999999999999
2010-12-21,1388.199951171875,1.06,2.29,0.0019468234287538522,-0.010000000000000009,0.0,0.07762953936610326,-0.2427715682789307,0.7769,-0.0053999999999999
2010-12-22,1386.800048828125,1.03,2.33,-0.0010089387117142579,-0.030000000000000027,0.040000000000000036,0.17470334186613623,-0.23709333058100032,0.7827,0.0057999999999999
2010-12-23,1380.0,1.08,2.33,-0.004915470868822602,0.050000000000000044,0.0,0.28493504898264976,-0.2681796502303122,0.8079,0.0252
2010-12-28,1405.199951171875,1.17,2.33,0.016358469933077657,0.10999999999999988,0.03000000000000025,0.4112131933128621,-0.07564504700877184,0.8418,0.0453
2010-12-29,1413.0999755859375,1.06,2.29,0.005606248668242664,-0.10999999999999988,-0.040000000000000036,0.41940558849216286,-0.11397933166229708,0.7941,-0.0476999999999999
2010-12-30,1405.5999755859375,1.08,2.3,-0.0053216148079986425,0.020000000000000018,0.009999999999999787,0.4341829711530862,-0.1414303410140302,0.796,0.0019
2010-12-31,1421.0999755859375,1.0,2.3,0.01096696191437374,-0.08000000000000007,0.0,0.40944400364828526,-0.18475200321746094,0.7701,-0.0259
2011-01-03,1422.5999755859375,1.05,2.31,0.0010549637197136974,0.050000000000000044,0.010000000000000231,0.38949276593122,-0.18124200257674286,0.7746,0.0044999999999999
2011-01-04,1378.5,1.01,2.35,-0.03149021467398416,-0.040000000000000036,0.040000000000000036,0.33031835914750207,-0.08244135906088564,0.7754,0.0008
2011-01-05,1373.4000244140625,1.08,2.42,-0.0037065165009089185,0.07000000000000006,0.06999999999999984,0.21818909219264118,-0.08161438738600264,0.8329,0.0574999999999999
2011-01-06,1371.4000244140625,1.03,2.41,-0.001457301310387571,-0.050000000000000044,-0.009999999999999787,0.16731043399585394,-0.06435735259956846,0.8234,-0.0094999999999999
2011-01-07,1368.5,0.98,2.36,-0.0021168841718210984,-0.050000000000000044,-0.050000000000000266,0.12838030994864943,-0.04477139825627887,0.7796,-0.0438
2011-01-10,1373.699951171875,0.96,2.36,0.003792544305454726,-0.020000000000000018,0.0,0.037246282361442215,-0.07168188461253983,0.7549,-0.0246999999999999
2011-01-11,1384.0,0.97,2.4,0.007470063391425974,0.010000000000000009,0.040000000000000036,-0.08221237071798577,-0.06731805973913589,0.7672,0.0122999999999999
2011-01-12,1385.699951171875,0.98,2.42,0.0012275346898995565,0.010000000000000009,0.020000000000000018,-0.12011608018070317,-0.07084908931441576,0.7719,0.0047
2011-01-13,1386.9000244140625,0.97,2.37,0.0008656663981083668,-0.010000000000000009,-0.04999999999999982,-0.13705353766896197,-0.08026911060485463,0.7527,-0.0191999999999999
2011-01-14,1360.4000244140625,1.0,2.35,-0.019292266186344165,0.030000000000000027,-0.020000000000000018,-0.11873869084901027,-0.09809070851519852,0.7556,0.0029
2011-01-19,1370.199951171875,0.99,2.38,0.0015337808521973528,0.0,-0.020000000000000018,0.1874992115082622,-0.08818174147003012,0.7624,-0.0043
2011-01-20,1346.5,1.22,2.25,-0.017448045681379476,0.22999999999999998,-0.1299999999999999,0.09303805193721132,-0.21099974640467106,0.8056,0.0432
2011-01-21,1341.0,1.2,2.24,-0.004093028969974988,-0.020000000000000018,-0.009999999999999787,-0.04284343675558145,-0.1132175184614629,0.8064,0.0008
2011-01-24,1344.5,1.18,2.25,0.002606592427240706,-0.020000000000000018,0.009999999999999787,-0.12471666811690829,-0.12472533779844201,0.8026,-0.0038
2011-01-25,1332.300048828125,1.11,2.24,-0.009115388093256627,-0.06999999999999984,-0.009999999999999787,-0.15434184505511084,-0.08218212840682043,0.7687,-0.0338999999999999
2011-01-26,1333.0,1.16,2.29,0.000525232563046707,0.04999999999999982,0.04999999999999982,-0.22371203770669643,-0.05267471609452164,0.7936,0.0248999999999999
2011-01-27,1318.4000244140625,1.16,2.26,-0.011013142505554185,0.0,-0.03000000000000025,-0.4019460649821862,-0.1120773367687638,0.7865,-0.0070999999999999
2011-01-28,1340.699951171875,1.09,2.27,0.01677293051448636,-0.06999999999999984,0.010000000000000231,-0.46068925588027454,-0.1955980121788716,0.76,-0.0264999999999999
2011-01-31,1333.800048828125,1.08,2.34,-0.005159781381155248,-0.010000000000000009,0.06999999999999984,-0.4606234506543848,-0.23525873490184493,0.7729,0.0129
2011-02-01,1339.5999755859375,1.11,2.37,0.00433899588867348,0.030000000000000027,0.03000000000000025,-0.471181548065063,-0.19857817869015387,0.8032,0.0302999999999999
2011-02-02,1331.5,1.16,2.36,-0.006064917441172213,0.04999999999999982,-0.010000000000000231,-0.5051404158091887,-0.21600190547279738,0.8323,0.0291
2011-02-03,1352.300048828125,1.23,2.35,0.015500756332791354,0.07000000000000006,-0.009999999999999787,-0.5082813792578706,-0.14499372595366336,0.868,0.0356999999999999
2011-02-04,1348.300048828125,1.3,2.38,-0.002962306732165132,0.07000000000000006,0.029999999999999805,-0.5009531269099026,-0.15015421619854244,0.9174,0.0494
2011-02-07,1347.5999755859375,1.32,2.36,-0.0005193614389140677,0.020000000000000018,-0.020000000000000018,-0.5025078264474487,-0.14271876659601626,0.9348,0.0173999999999999
2011-02-08,1363.4000244140625,1.39,2.36,0.011656383419734517,0.06999999999999984,0.0,-0.4459975134107062,-0.09779919479211018,0.9764,0.0416
2011-02-09,1364.800048828125,1.34,2.31,0.0010263356787421074,-0.04999999999999982,-0.04999999999999982,-0.4614894635276827,-0.2031808716159569,0.9592,-0.0171999999999999
2011-02-10,1361.9000244140625,1.39,2.31,-0.0021271320127924653,0.04999999999999982,0.0,-0.4301556281928422,-0.17351608271351,0.9783,0.0190999999999998
2011-02-11,1359.9000244140625,1.36,2.28,-0.0014696159336340386,-0.029999999999999805,-0.03000000000000025,-0.4159746586556033,-0.1698422546402096,0.9678,-0.0104999999999999
2011-02-14,1364.5999755859375,1.34,2.28,0.0034501419225705376,-0.020000000000000018,0.0,-0.3573230765859456,-0.12253337446137899,0.958,-0.0098
2011-02-15,1373.5999755859375,1.33,2.28,0.006573685319167133,-0.010000000000000009,0.0,-0.29885635136135436,-0.13689564564299725,0.9462,-0.0117999999999999
2011-02-16,1374.699951171875,1.37,2.25,0.000800477148772849,0.040000000000000036,-0.029999999999999805,-0.20746791415874433,-0.282079644945895,0.9486,0.0023999999999999
2011-02-17,1384.699951171875,1.31,2.27,0.007247984439805677,-0.06000000000000005,0.020000000000000018,-0.13412930411150206,-0.29724148411388085,0.9302,-0.0183999999999999
2011-02-18,1388.199951171875,1.25,2.34,0.0025244343337211816,-0.06000000000000005,0.06999999999999984,-0.0789053301241691,-0.31336666785335293,0.9293,-0.0009
2011-02-23,1413.4000244140625,1.1,2.39,0.009168850829876618,-0.020000000000000018,0.050000000000000266,-0.09000590400671335,-0.37466598779626253,0.8716,-0.0016999999999999
2011-02-24,1415.300048828125,1.05,2.41,0.0013433907099464903,-0.050000000000000044,0.020000000000000018,-0.1104923598340802,-0.37878473619962943,0.8595,-0.0121
2011-02-25,1408.699951171875,1.02,2.4,-0.00467429863555946,-0.030000000000000027,-0.010000000000000231,-0.1362677051488936,-0.3639633571132072,0.8426,-0.0169
2011-02-28,1409.300048828125,1.03,2.39,0.0004259032401146001,0.010000000000000009,-0.009999999999999787,-0.15467439669035693,-0.36389008773639264,0.8288,-0.0138
2011-03-01,1430.699951171875,1.0,2.41,0.015070638998910368,-0.030000000000000027,0.020000000000000018,-0.25999091396835183,-0.374979108367577,0.8199,-0.0089
2011-03-02,1437.199951171875,1.01,2.45,0.004532941421429015,0.010000000000000009,0.040000000000000036,-0.341726145577554,-0.37109760927941154,0.8389,0.019
2011-03-03,1416.0,1.09,2.49,-0.014860747011216091,0.08000000000000007,0.040000000000000036,-0.3774057626786159,-0.4165153820862408,0.8966,0.0576999999999999
2011-03-04,1428.199951171875,1.0,2.49,0.008578880672767575,-0.09000000000000008,0.0,-0.42701423057968163,-0.24621876476247198,0.8706,-0.0259999999999999
2011-03-07,1434.0999755859375,1.0,2.51,0.004122581784772983,0.0,0.019999999999999574,-0.4736298032391284,-0.25458162299851744,0.8744,0.0037999999999999
2011-03-08,1426.9000244140625,1.01,2.55,-0.005033181664813924,0.010000000000000009,0.040000000000000036,-0.5090130719332193,-0.25985576468415766,0.8915,0.0171
2011-03-09,1429.300048828125,0.98,2.5,0.0016805720309420735,-0.030000000000000027,-0.04999999999999982,-0.5748529356757143,-0.34067322774325787,0.8686,-0.0228999999999999
2011-03-10,1412.199951171875,0.91,2.46,-0.012036110571015612,-0.06999999999999995,-0.040000000000000036,-0.6065552792483322,-0.23620368955457535,0.8221,-0.0464999999999999
2011-03-11,1421.5,0.96,2.44,0.0065639145847367075,0.04999999999999993,-0.020000000000000018,-0.6607740407669683,-0.21215786206561335,0.8194,-0.0027
2011-03-14,1424.5999755859375,0.93,2.43,0.002178403315712174,-0.029999999999999916,-0.009999999999999787,-0.7188732410383649,-0.14452220484812148,0.7954,-0.024
2011-03-15,1392.5999755859375,0.93,2.4,-0.022718569429602375,0.0,-0.03000000000000025,-0.76239728373775,-0.13563078390557823,0.7803,-0.0151
2011-03-16,1396.0,0.85,2.37,0.0024385183451531844,-0.08000000000000007,-0.029999999999999805,-0.7769757430730196,-0.1469317963220315,0.7274,-0.0528999999999999
2011-03-17,1404.0,0.82,2.43,0.005714301263438415,-0.030000000000000027,0.06000000000000005,-0.802088574991555,-0.12115799265420434,0.7268,-0.0006
2011-03-18,1415.9000244140625,0.85,2.43,0.008440082947956284,0.030000000000000027,0.0,-0.8070355659125217,-0.20387387591917347,0.7431,0.0162999999999999
2011-03-21,1426.199951171875,0.9,2.44,0.007248141823970045,0.050000000000000044,0.009999999999999787,-0.8112960107787264,-0.1424916930256011,0.7699,0.0268
2011-03-22,1427.5,0.95,2.39,0.0009111321724830646,0.04999999999999993,-0.04999999999999982,-0.810103692677774,-0.13839456614809742,0.7808,0.0109
2011-03-23,1437.9000244140625,0.98,2.38,0.0072590702825001685,0.030000000000000027,-0.010000000000000231,-0.7865534840254323,-0.19926427215509585,0.7907,0.0098999999999999
2011-03-24,1434.800048828125,0.95,2.47,-0.0021582321232278545,-0.030000000000000027,0.0900000000000003,-0.7685249862817426,-0.196376911276051,0.8215,0.0308
2011-03-25,1426.0999755859375,1.02,2.44,-0.006082072066177169,0.07000000000000006,-0.03000000000000025,-0.7297290785534134,-0.2255034360474817,0.8509,0.0293999999999999
2011-03-28,1419.800048828125,1.01,2.46,-0.004427377627128415,-0.010000000000000009,0.020000000000000018,-0.6802117319163846,-0.23011131614497252,0.8639,0.013
2011-03-29,1416.0,1.03,2.47,-0.0026800557424673244,0.020000000000000018,0.010000000000000231,-0.6136387438955843,-0.2371833746954591,0.8778,0.0139
2011-03-30,1423.800048828125,1.0,2.47,0.005493392710337552,-0.030000000000000027,0.0,-0.5279729134519952,-0.2447964188724853,0.8679,-0.0099
2011-03-31,1438.9000244140625,0.99,2.48,0.010549561772540628,-0.010000000000000009,0.009999999999999787,-0.35594554255656585,-0.23989677796362727,0.8735,0.0056
2011-04-01,1428.0999755859375,0.94,2.52,-0.007534077373141379,-0.050000000000000044,0.040000000000000036,-0.16748281982513694,-0.1854890326434819,0.8754,0.0018999999999999
2011-04-04,1432.199951171875,0.91,2.54,0.0028668171163461764,-0.029999999999999916,0.020000000000000018,0.07758389713004865,-0.1848002495740534,0.8664,-0.009
2011-04-05,1451.800048828125,0.94,2.56,0.013592510003809899,0.029999999999999916,0.020000000000000018,0.16071260962134068,-0.06555113964079494,0.8911,0.0247
2011-04-06,1457.699951171875,0.99,2.57,0.004055618099718217,0.050000000000000044,0.009999999999999787,0.23234046842045608,-0.0379134258129688,0.9194,0.0282999999999999
2011-04-07,1458.5,0.99,2.59,0.0005486927245001993,0.0,0.020000000000000018,0.2777812672209431,-0.03731508645817916,0.9283,0.0089
2011-04-08,1473.4000244140625,0.95,2.64,0.01016416151081767,-0.040000000000000036,0.050000000000000266,0.2592746654893851,-0.0844684356625978,0.9409,0.0125999999999999
2011-04-11,1467.4000244140625,0.96,2.63,-0.004080527901066944,0.010000000000000009,-0.010000000000000231,0.2878739639761254,-0.08911553605032853,0.9452,0.0043
2011-04-12,1452.9000244140625,0.9,2.62,-0.00993056803655712,-0.05999999999999994,-0.009999999999999787,0.23465013622303518,0.005829663508855742,0.9133,-0.0319
2011-04-13,1454.9000244140625,0.88,2.61,0.0013756106209505958,-0.020000000000000018,-0.010000000000000231,0.16051745169137333,-0.0008781621820768622,0.8928,-0.0204999999999999
2011-04-14,1471.699951171875,0.89,2.62,0.011480975490103518,0.010000000000000009,0.010000000000000231,0.1587341462808263,0.1568779389433696,0.8959,0.0030999999999999
2011-04-15,1485.300048828125,0.82,2.61,0.009198642917713329,-0.07000000000000006,-0.010000000000000231,-0.0226048762655941,0.1727224724757662,0.8639,-0.032
2011-04-18,1492.300048828125,0.8,2.6,0.004701781747730394,-0.019999999999999907,-0.009999999999999787,-0.1877153431415058,0.1654104453260912,0.8385,-0.0253999999999999
2011-04-19,1494.5,0.76,2.63,0.0014731160665251153,-0.040000000000000036,0.029999999999999805,-0.3210759378230111,0.17807667830703108,0.8283,-0.0101999999999999
2011-04-20,1498.300048828125,0.82,2.61,0.002539461914122576,0.05999999999999994,-0.020000000000000018,-0.38191632472775017,0.1782576123953241,0.8473,0.019
2011-04-21,1503.199951171875,0.83,2.59,0.0032649719783526265,0.010000000000000009,-0.020000000000000018,-0.44126309557100696,0.0943693817196016,0.8462,-0.0011000000000001
2011-04-26,1503.0,0.76,2.58,-0.0037189414832985435,-0.030000000000000027,-0.020000000000000018,-0.5443956510520905,0.0774002332274011,0.8066,-0.0237
2011-04-27,1516.699951171875,0.81,2.58,0.009073779110715385,0.050000000000000044,0.0,-0.5844896272065558,0.16259177298881689,0.8121,0.0055
2011-04-28,1530.800048828125,0.78,2.56,0.009253616584985913,-0.030000000000000027,-0.020000000000000018,-0.6927248620778597,0.1383609532339911,0.7948,-0.0173
2011-04-29,1556.0,0.75,2.57,0.01632791928966082,-0.030000000000000027,0.009999999999999787,-0.8129762069491915,0.08907020737664836,0.7799,-0.0148999999999999
2011-05-02,1556.699951171875,0.75,2.56,0.00044973893703392775,0.0,-0.009999999999999787,-0.8766284529773815,0.06639558722400742,0.7726,-0.0073
2011-05-03,1540.0999755859375,0.73,2.55,-0.010720831163208544,-0.020000000000000018,-0.010000000000000231,-0.9023920148039186,0.06056991330532319,0.7642,-0.0083999999999999
2011-05-04,1514.9000244140625,0.7,2.55,-0.016497887231928132,-0.030000000000000027,0.0,-0.8978204781897077,0.1191929972382857,0.7518,-0.0123999999999999
2011-05-05,1480.9000244140625,0.7,2.48,-0.022699418750813827,0.0,-0.06999999999999984,-0.8575235050295456,0.057649556268663436,0.721,-0.0308
2011-05-06,1491.199951171875,0.71,2.48,0.006931104657723175,0.010000000000000009,0.0,-0.8382882826478157,0.06162100014328426,0.7124,-0.0085999999999999
2011-05-09,1502.9000244140625,0.69,2.48,0.007815458997540325,-0.020000000000000018,0.0,-0.8189389813862114,0.13323498401670783,0.6989,-0.0135
2011-05-10,1516.5999755859375,0.74,2.49,0.009074379984260084,0.050000000000000044,0.010000000000000231,-0.8089777318549899,0.17422769929884974,0.7203,0.0214
2011-05-11,1501.0999755859375,0.76,2.43,-0.010272814766928207,0.020000000000000018,-0.06000000000000005,-0.7855335730572813,0.14504607345824155,0.7095,-0.0108
2011-05-12,1506.5999755859375,0.79,2.43,0.0036572837848378725,0.030000000000000027,0.0,-0.7628142476060649,0.1591984741120379,0.7173,0.0078
2011-05-13,1493.4000244140625,0.79,2.39,-0.008800024237279658,0.0,-0.040000000000000036,-0.7392659502776068,0.15362678197212248,0.7045,-0.0128
2011-05-16,1490.4000244140625,0.81,2.34,-0.0020108592813157244,0.020000000000000018,-0.050000000000000266,-0.7194985528986356,0.10474857176081386,0.6862,-0.0182999999999999
2011-05-17,1479.800048828125,0.82,2.3,-0.00713758018037236,0.009999999999999898,-0.040000000000000036,-0.7082578956327558,0.09597995298314066,0.6702,-0.016
2011-05-18,1495.5999755859375,0.82,2.36,0.010620471291147737,0.0,0.06000000000000005,-0.6831733740562497,0.05423030784495299,0.6884,0.0181999999999999
2011-05-19,1492.199951171875,0.91,2.26,-0.002275939463858734,0.09000000000000008,-0.10000000000000009,-0.6406051757868169,0.0004856047720283177,0.6864,-0.002
2011-05-20,1508.800048828125,0.85,2.3,0.011063156926242712,-0.06000000000000005,0.040000000000000036,-0.5834397394905995,-0.056240778840452796,0.6775,-0.0089
2011-05-23,1515.300048828125,0.84,2.29,0.0042988061241029385,-0.010000000000000009,-0.009999999999999787,-0.5409367337488004,-0.026267510877228055,0.6647,-0.0128
2011-05-24,1523.199951171875,0.79,2.33,0.005199881615300939,-0.04999999999999993,0.040000000000000036,-0.48833081391344546,-0.03686250565276196,0.6594,-0.0052999999999999
2011-05-25,1526.5999755859375,0.8,2.33,0.0022296713911060806,0.010000000000000009,0.0,-0.3971827024345867,-0.10591837795051004,0.6566,-0.0028
2011-05-26,1522.800048828125,0.76,2.31,-0.002492246798885489,-0.040000000000000036,-0.020000000000000018,-0.3192376062981035,-0.08882140231500177,0.6269,-0.0296999999999999
2011-05-27,1536.300048828125,0.79,2.28,0.00882618234650856,0.030000000000000027,-0.03000000000000025,-0.21177017493643258,-0.07699035276965621,0.6199,-0.007
2011-06-01,1542.4000244140625,0.74,2.22,0.004223116367711555,-0.06000000000000005,-0.029999999999999805,-0.18798329806370737,-0.035435042098366835,0.5676,-0.0385999999999999
2011-06-02,1532.0,0.78,2.26,-0.006765589384364112,0.040000000000000036,0.03999999999999959,-0.20143868736050072,-0.06646987647340048,0.5813,0.0137
2011-06-03,1541.699951171875,0.75,2.24,0.006311600694144381,-0.030000000000000027,-0.019999999999999574,-0.20274648286961613,-0.09728489071456295,0.5664,-0.0149
2011-06-06,1546.5,0.76,2.25,0.0031086411304430683,0.010000000000000009,0.009999999999999787,-0.19475315037279514,-0.0975134668890512,0.563,-0.0034
2011-06-07,1543.300048828125,0.76,2.25,-0.002071300579561175,0.0,0.0,-0.1990622754001588,-0.0882449708684447,0.5636,0.0006
2011-06-08,1538.0999755859375,0.76,2.22,-0.0033751399606689603,0.0,-0.029999999999999805,-0.2147626644872515,-0.10483091917294567,0.5406,-0.023
2011-06-09,1542.0999755859375,0.8,2.21,0.0025972354470180647,0.040000000000000036,-0.010000000000000231,-0.19055786203804298,-0.14847651163766656,0.5593,0.0187
2011-06-10,1528.5999755859375,0.79,2.2,-0.00879284019464599,-0.010000000000000009,-0.009999999999999787,-0.18820749632564496,-0.10726475721913191,0.5539,-0.0054
2011-06-13,1515.0,0.8,2.2,-0.008936828893796545,0.010000000000000009,0.0,-0.16969822736036572,-0.057797956263866905,0.558,0.0041000000000001
2011-06-14,1523.800048828125,0.83,2.28,0.0057918081390964105,0.029999999999999916,0.07999999999999963,-0.12960966353523362,-0.03332770488092919,0.6031,0.0450999999999999
2011-06-15,1525.5999755859375,0.74,2.24,0.0011805122007180202,-0.08999999999999997,-0.03999999999999959,-0.10454638037335956,-0.07337849873124863,0.5598,-0.0433
2011-06-16,1529.300048828125,0.73,2.2,0.0024223869992088254,-0.010000000000000009,-0.040000000000000036,-0.13601460427669387,-0.14599844694607328,0.532,-0.0277999999999999
2011-06-17,1538.5999755859375,0.75,2.19,0.00606274987462907,0.020000000000000018,-0.010000000000000231,-0.29662438105395544,-0.16560924753688477,0.5299,-0.0020999999999999
2011-06-20,1541.5,0.79,2.18,0.001883072169083455,0.040000000000000036,-0.009999999999999787,-0.4029518519645833,-0.16795855048797476,0.5361,0.0061999999999999
2011-06-21,1546.0,0.78,2.21,0.0029149818211617884,-0.010000000000000009,0.029999999999999805,-0.5312701108347431,-0.15205117226767606,0.5485,0.0123999999999999
2011-06-22,1552.9000244140625,0.82,2.19,0.0044532161493702205,0.039999999999999925,-0.020000000000000018,-0.4928839933386122,-0.1980125168339814,0.5584,0.0099
2011-06-23,1520.0999755859375,0.71,2.22,-0.021348060207589725,-0.10999999999999999,0.03000000000000025,-0.49039845421109046,0.16560527311796244,0.5279,-0.0304999999999999
2011-06-24,1500.5,0.64,2.24,-0.012977720208725785,-0.06999999999999995,0.020000000000000018,-0.27404366419546966,0.2347010140433428,0.4972,-0.0307
2011-06-27,1496.0,0.67,2.28,-0.0030035063459994404,0.030000000000000027,0.03999999999999959,-0.13941392727827864,0.230591999821654,0.5158,0.0186
2011-06-28,1499.699951171875,0.73,2.32,0.0024701759946168522,0.05999999999999994,0.040000000000000036,-0.0641086667141122,0.24493217796396827,0.5697,0.0538999999999999
2011-06-29,1509.9000244140625,0.74,2.4,0.006778384090709189,0.010000000000000009,0.08000000000000007,0.025541800488718652,0.26541834597097214,0.6186,0.0489
2011-06-30,1502.300048828125,0.75,2.43,-0.0050461400491244035,0.010000000000000009,0.03000000000000025,0.10260285125068931,0.26179148250318923,0.6537,0.0350999999999999
2011-07-01,1482.300048828125,0.77,2.45,-0.013402331110025756,0.020000000000000018,0.020000000000000018,0.31414923453628957,0.25392315049295633,0.6863,0.0326
2011-07-06,1528.699951171875,0.74,2.38,0.010785966022019977,-0.030000000000000027,-0.010000000000000231,0.4594553444015624,0.2793519620364707,0.6454,-0.02
2011-07-07,1530.199951171875,0.75,2.42,0.0009807448220735537,0.010000000000000009,0.040000000000000036,0.4652149061876749,0.3136770019092712,0.6672,0.0218
2011-07-08,1541.199951171875,0.69,2.34,0.007162888181999172,-0.06000000000000005,-0.08000000000000007,0.39947836218033284,0.2570484494990605,0.6103,-0.0569
2011-07-11,1548.800048828125,0.63,2.31,0.00491916697862127,-0.05999999999999994,-0.029999999999999805,0.23498609622420422,0.2161749456489104,0.5619,-0.0484
2011-07-12,1561.9000244140625,0.6,2.32,0.008422575445943714,-0.030000000000000027,0.009999999999999787,0.016243078098388024,0.1690764147193459,0.5335,-0.0283999999999999
2011-07-13,1585.199951171875,0.59,2.33,0.014807507019098942,-0.010000000000000009,0.010000000000000231,-0.22096090689021428,0.15884441994572404,0.5195,-0.014
2011-07-14,1589.0,0.68,2.3,0.0023943360229381483,0.09000000000000008,-0.03000000000000025,-0.27419992370520374,0.17866527949321143,0.5397,0.0201999999999999
2011-07-15,1589.800048828125,0.61,2.33,0.0005033653156711893,-0.07000000000000006,0.03000000000000025,-0.3789281359200108,0.21237624175548933,0.5287,-0.011
2011-07-18,1602.0999755859375,0.58,2.36,0.007707000561492983,-0.030000000000000027,0.029999999999999805,-0.4864535106575826,0.20849936118805332,0.522,-0.0066999999999999
2011-07-19,1600.9000244140625,0.54,2.37,-0.0007492670796214185,-0.039999999999999925,0.010000000000000231,-0.5785324666912688,0.21009688197108006,0.5088,-0.0131999999999999
2011-07-20,1596.699951171875,0.62,2.34,-0.0026270175692548747,0.07999999999999996,-0.03000000000000025,-0.6120902531636722,0.17234631776240286,0.5232,0.0143999999999999
2011-07-21,1586.800048828125,0.68,2.35,-0.00621952835338746,0.06000000000000005,0.010000000000000231,-0.6121094688176131,0.12959293099062608,0.5539,0.0306999999999999
2011-07-22,1601.300048828125,0.61,2.38,0.009096389409616101,-0.07000000000000006,0.029999999999999805,-0.6513053241226514,0.07960577773127671,0.5465,-0.0073999999999999
2011-07-25,1612.0,0.58,2.45,0.006659814245340456,-0.030000000000000027,0.07000000000000028,-0.6819310780035026,0.06844308313584958,0.557,0.0105
2011-07-26,1616.5999755859375,0.57,2.42,0.00284951913106557,-0.010000000000000009,-0.03000000000000025,-0.7010811129607413,0.08599099235638007,0.5395,-0.0175
2011-07-27,1615.0,0.56,2.45,-0.0009902065408819993,-0.009999999999999898,0.03000000000000025,-0.7292319015378591,0.07541476463087853,0.5442,0.0047
2011-07-28,1613.4000244140625,0.52,2.46,-0.0009911880218247404,-0.040000000000000036,0.009999999999999787,-0.7465451530649527,0.08128433516842341,0.5347,-0.0095
2011-07-29,1628.300048828125,0.38,2.44,0.009192787122421997,-0.14,-0.020000000000000018,-0.7591614131141862,-0.00036468483006564024,0.458,-0.0766999999999999
2011-08-01,1619.0,0.33,2.44,-0.005727881079718777,-0.04999999999999999,0.0,-0.7539736795261022,0.010706386977027867,0.4204,-0.0376
2011-08-02,1641.9000244140625,0.29,2.37,0.014045448009743389,-0.040000000000000036,-0.06999999999999984,-0.7791622185356474,-0.011634283793740397,0.3698,-0.0505999999999999
2011-08-03,1663.4000244140625,0.36,2.28,0.013009592424412908,0.07,-0.0900000000000003,-0.8117033121632038,0.05236876987330655,0.3582,-0.0116
2011-08-04,1656.199951171875,0.24,2.23,-0.004337922994214871,-0.12,-0.04999999999999982,-0.8417892604125087,0.08701623614721078,0.2921,-0.0660999999999999
2011-08-05,1648.800048828125,0.32,2.26,-0.004478011926987158,0.08000000000000002,0.029999999999999805,-0.8492537099336525,-0.1172561317963939,0.3197,0.0275999999999999
2011-08-08,1710.199951171875,0.2,2.2,0.03656251398014465,-0.12,-0.05999999999999961,-0.8877254498891993,-0.3581523910466311,0.2665,-0.0531999999999999
2011-08-09,1740.0,0.0,2.2,0.017274819037840672,-0.2,0.0,-0.9200950159662026,-0.4077425744862615,0.1714,-0.0951
2011-08-10,1781.300048828125,-0.13,2.3,0.02345834900137511,-0.13,0.09999999999999964,-0.9417691330221575,-0.46015810079461306,0.1397,-0.0317
2011-08-11,1748.800048828125,0.06,2.28,-0.01841359586674507,0.19,-0.020000000000000018,-0.9484622179326931,-0.5667707052046146,0.1826,0.0429
2011-08-12,1740.199951171875,-0.02,2.26,-0.004929845270196687,-0.08,-0.020000000000000018,-0.9539785518477503,-0.5299493324764047,0.1613,-0.0213
2011-08-15,1755.5,0.06,2.23,0.008753695535478556,0.08,-0.029999999999999805,-0.9614395384907768,-0.49613345550244503,0.1709,0.0095999999999999
2011-08-16,1782.4000244140625,0.05,2.18,0.015207067821775055,-0.009999999999999995,-0.04999999999999982,-0.9586565666202791,-0.5140058034764824,0.1518,-0.0191
2011-08-17,1791.199951171875,0.01,2.16,0.004924974594275433,-0.04,-0.020000000000000018,-0.9573051418690488,-0.5145017150485429,0.1252,-0.0265999999999999
2011-08-18,1818.9000244140625,0.09,1.99,0.01534617714369002,0.08,-0.17000000000000015,-0.9405675765039174,-0.45136164697703196,0.0945,-0.0307
2011-08-19,1848.9000244140625,0.02,2.05,0.016358944672721698,-0.06999999999999999,0.05999999999999983,-0.9283046250112367,-0.4603730607707117,0.0815,-0.0129999999999999
2011-08-22,1888.699951171875,0.03,2.07,0.02129785500808179,0.009999999999999998,0.020000000000000018,-0.9073709120364031,-0.4313415650723888,0.089,0.0074999999999999
2011-08-23,1858.300048828125,0.13,2.02,-0.01622661829373051,0.1,-0.04999999999999982,-0.8874687121189987,-0.47882815166092646,0.1037,0.0147
2011-08-24,1754.0999755859375,0.25,2.04,-0.05770622662384994,0.12,0.020000000000000018,-0.8802065658074383,-0.5256861090085242,0.1565,0.0528
2011-08-25,1759.800048828125,0.13,2.1,0.0032443030264150963,-0.12,0.06000000000000005,-0.8776510390436202,-0.5228686235332962,0.1477,-0.0088
2011-08-26,1794.0999755859375,0.15,2.04,0.01930329585950119,0.01999999999999999,-0.06000000000000005,-0.8699311446262783,-0.507659474278197,0.1326,-0.0151
2011-08-29,1788.4000244140625,0.22,2.06,-0.003182110806197791,0.07,0.020000000000000018,-0.8569908455770322,-0.5113233349635538,0.1565,0.0239
2011-08-30,1826.699951171875,0.14,2.05,0.021189654541231562,-0.07999999999999999,-0.010000000000000231,-0.8441566800748713,-0.527417999592598,0.1328,-0.0237
2011-08-31,1828.5,0.18,2.05,0.000984925037035289,0.03999999999999998,0.0,-0.8224791374533377,-0.5244202233606021,0.1409,0.0080999999999999
2011-09-01,1826.0,0.07,2.08,-0.0013681764345223613,-0.10999999999999999,0.03000000000000025,-0.8092017276746969,-0.49315191327172214,0.1139,-0.0269999999999999
2011-09-02,1873.699951171875,0.0,2.02,0.02578727738981801,-0.07,-0.06000000000000005,-0.7993316476249691,-0.4992578468009629,0.0709,-0.043
2011-09-07,1814.199951171875,0.09,1.96,-0.030240394272828652,0.039999999999999994,0.030000000000000027,-0.7641576212609039,-0.5083623863623447,0.0603,0.0144999999999999
2011-09-08,1854.4000244140625,0.0,2.0,0.021916634484532516,-0.09,0.040000000000000036,-0.7459062110723115,-0.5204669134123905,0.0454,-0.0148999999999999
2011-09-09,1856.4000244140625,-0.03,1.96,0.001077934767350186,-0.03,-0.040000000000000036,-0.7185847390813943,-0.5228601330046262,0.0168,-0.0286
2011-09-12,1809.9000244140625,0.0,1.94,-0.02536753291431193,0.03,-0.020000000000000018,-0.6793500234418132,-0.5300105206293633,0.0203,0.0034999999999999
2011-09-13,1826.800048828125,0.07,1.93,0.009294220435614342,0.07,-0.010000000000000009,-0.6311476247368774,-0.5247008195804697,0.036,0.0157
2011-09-14,1823.5,0.12,1.91,-0.0018080977908825346,0.04999999999999999,-0.020000000000000018,-0.5755372694123181,-0.5237990316198508,0.0515,0.0155
2011-09-15,1778.5,0.13,1.96,-0.02498741886022504,0.010000000000000009,0.050000000000000044,-0.49141318465098444,-0.5376026871759262,0.079,0.0275
2011-09-16,1812.0999755859375,0.13,1.95,0.018716067856801466,0.0,-0.010000000000000009,-0.41551600812661227,-0.5611874332265401,0.0855,0.0065
2011-09-19,1776.4000244140625,0.09,1.88,-0.019897522083803132,-0.04000000000000001,-0.07000000000000006,-0.21818954158576112,-0.5314261779669303,0.047,-0.0385
2011-09-20,1806.5999755859375,0.04,1.91,0.01685775404041756,-0.049999999999999996,0.030000000000000027,-0.12045752109182963,-0.5012241726843408,0.0328,-0.0141999999999999
2011-09-21,1805.5,0.02,1.86,-0.0006090504844129541,-0.02,-0.04999999999999982,-0.17977236037195457,-0.48847370183218775,0.0169,-0.0159
2011-09-22,1739.199951171875,0.01,1.71,-0.03741235242561736,-0.01,-0.15000000000000013,-0.20778923747763522,-0.4132973684371094,-0.0412,-0.0581
2011-09-23,1637.5,0.1,1.74,-0.06025452078248872,0.09000000000000001,0.030000000000000027,-0.21590147153779587,-0.44861850866110176,-0.0163,0.0249
2011-09-26,1592.5,0.12,1.79,-0.02786558006308848,0.01999999999999999,0.050000000000000044,-0.29654296413137277,-0.46540784379329286,0.0118,0.0281
2011-09-27,1650.5999755859375,0.12,1.88,0.03583373492124231,0.0,0.08999999999999986,-0.32017386334398074,-0.4800199708420083,0.0494,0.0376
2011-09-28,1616.300048828125,0.16,1.87,-0.02099922674198229,0.04000000000000001,-0.009999999999999787,-0.372512988043452,-0.48737600365700684,0.0674,0.018
2011-09-29,1615.5,0.17,1.82,-0.0004951103610251195,0.010000000000000009,-0.050000000000000044,-0.4243200016870525,-0.483684758572371,0.0636,-0.0037999999999999
2011-09-30,1620.4000244140625,0.17,1.75,0.0030285411306705257,0.0,-0.07000000000000006,-0.4588657169257269,-0.535101019966895,0.043,-0.0206
2011-10-03,1656.0,0.07,1.73,0.021732008549981252,-0.1,-0.020000000000000018,-0.4088926462027807,-0.5450993628465423,-0.0051,-0.0481
2011-10-04,1614.699951171875,0.05,1.76,-0.025255905297380643,-0.020000000000000004,0.030000000000000027,-0.3189426361323467,-0.5431162734247981,-0.0114,-0.0063
2011-10-05,1640.300048828125,0.12,1.8,0.015730031038416747,0.06999999999999999,0.040000000000000036,-0.34814535966337046,-0.49139923963916154,0.0207,0.0321
2011-10-06,1651.9000244140625,0.13,1.88,0.007046973654236233,0.010000000000000009,0.07999999999999985,-0.3932438054318614,-0.39459731824258754,0.0576,0.0369
2011-10-07,1634.5,0.16,1.94,-0.010589208176211784,0.03,0.06000000000000005,-0.4229848005815718,-0.4126793015051929,0.104,0.0464
2011-10-12,1681.300048828125,0.26,1.98,0.01293049901994614,0.03,0.030000000000000027,-0.5267433209934937,-0.3725843488197179,0.1754,0.0302
2011-10-13,1667.300048828125,0.27,1.92,-0.008361751874609524,0.010000000000000009,-0.06000000000000005,-0.5574126191620663,-0.33682684176946137,0.1678,-0.0075999999999999
2011-10-14,1681.800048828125,0.28,1.98,0.008659096579890502,0.010000000000000009,0.06000000000000005,-0.5979802011307953,-0.3403552272318003,0.1835,0.0156999999999999
2011-10-17,1675.5,0.24,1.94,-0.0037530492546844485,-0.040000000000000036,-0.040000000000000036,-0.5959289784767194,-0.36172947722548876,0.1634,-0.0201
2011-10-18,1651.699951171875,0.22,1.97,-0.014306597212666361,-0.01999999999999999,0.030000000000000027,-0.57553536883975,-0.296742577105611,0.1584,-0.0049999999999999
2011-10-19,1646.0,0.23,1.95,-0.0034569287276839944,0.010000000000000009,-0.020000000000000018,-0.5735576380980528,-0.30499080374591875,0.1506,-0.0078
2011-10-20,1611.9000244140625,0.22,1.98,-0.020934479687990226,-0.010000000000000009,0.030000000000000027,-0.5890983583319392,-0.2687584397149173,0.1548,0.0041999999999999
2011-10-21,1635.0999755859375,0.23,2.0,0.014290327060280994,0.010000000000000009,0.020000000000000018,-0.5595898864579444,-0.19122293548952263,0.167,0.0122
2011-10-24,1651.5,0.23,2.02,0.009980016221538435,0.0,0.020000000000000018,-0.4966758296909627,-0.18939687248035586,0.1815,0.0144999999999999
2011-10-25,1699.5999755859375,0.12,2.02,0.028708949045219256,-0.11000000000000001,0.0,-0.4416240465238538,-0.2782771349132241,0.143,-0.0385
2011-10-26,1722.699951171875,0.15,2.08,0.01349988423230819,0.03,0.06000000000000005,-0.40311254230837035,-0.2990642542086951,0.1652,0.0222
2011-10-27,1746.699951171875,0.24,2.18,0.013835466371475036,0.09,0.10000000000000009,-0.3473125960077234,-0.23524511602044976,0.2346,0.0693999999999999
2011-10-28,1746.199951171875,0.19,2.15,-0.0002862950656439267,-0.04999999999999999,-0.03000000000000025,-0.31973496657464096,-0.230586543712214,0.2245,-0.0100999999999999
2011-10-31,1724.199951171875,0.08,2.09,-0.012678823957672058,-0.11,-0.06000000000000005,-0.3388312217204325,-0.17171450144483494,0.1603,-0.0642
2011-11-01,1711.0,-0.04,2.05,-0.007685151564337467,-0.12,-0.040000000000000036,-0.3295325045658817,-0.15966401586646434,0.0913,-0.0689999999999999
2011-11-02,1728.699951171875,-0.07,2.1,0.010291657790972408,-0.030000000000000006,0.050000000000000266,-0.3154996870794987,-0.14566378117893097,0.0696,-0.0217
2011-11-03,1764.199951171875,0.0,2.09,0.02032764946429566,0.07,-0.010000000000000231,-0.30716327600972154,-0.09283612577823122,0.0795,0.0099
2011-11-04,1755.300048828125,-0.06,2.12,-0.005057491867623831,-0.06,0.03000000000000025,-0.3482538304878132,-0.0976130000089808,0.0699,-0.0095999999999999
2011-11-07,1790.300048828125,-0.1,2.14,0.019743420551100677,-0.04000000000000001,0.020000000000000018,-0.4754766924963464,0.07960213521563667,0.061,-0.0089
2011-11-08,1798.4000244140625,-0.03,2.13,0.0045141634438685685,0.07,-0.010000000000000231,-0.5594896987601472,0.11880472101248957,0.0788,0.0177999999999999
2011-11-09,1790.9000244140625,-0.04,2.04,-0.004179093869826289,-0.010000000000000002,-0.08999999999999986,-0.6050460671235216,0.1230781696318484,0.0514,-0.0273999999999999
2011-11-10,1758.9000244140625,-0.04,2.08,-0.018029672886400228,0.0,0.040000000000000036,-0.6322002251211919,0.1695476499131272,0.0622,0.0107999999999999
2011-11-15,1781.699951171875,0.04,2.02,0.002191265011515675,0.05,-0.029999999999999805,-0.6572338673132683,0.1774891243558585,0.0692,0.0068
2011-11-16,1773.800048828125,0.05,1.96,-0.0044437718148016,0.010000000000000002,-0.06000000000000005,-0.6773789234356046,0.27628944651540666,0.056,-0.0131999999999999
2011-11-17,1719.800048828125,0.06,1.9,-0.030916132101222793,0.009999999999999995,-0.06000000000000005,-0.7402887094291131,0.22753925248977097,0.0358,-0.0202
2011-11-18,1724.699951171875,0.05,1.96,0.002845060617729267,-0.009999999999999995,0.06000000000000005,-0.757943080455963,0.19071768977737988,0.0522,0.0164
2011-11-21,1678.300048828125,0.07,1.9,-0.02727168857833817,0.020000000000000004,-0.06000000000000005,-0.7545432090261702,0.14639919711885105,0.0429,-0.0093
2011-11-22,1702.199951171875,0.05,1.89,0.014140097949622898,-0.020000000000000004,-0.010000000000000009,-0.7566284763638952,0.15351385180300423,0.0287,-0.0142
2011-11-23,1695.699951171875,-0.01,1.9,-0.0038258972397358093,-0.060000000000000005,0.010000000000000009,-0.7221660679957045,0.12038468737105266,0.0068,-0.0219
2011-11-28,1710.800048828125,0.02,1.95,0.014898870219743898,-0.030000000000000002,0.030000000000000027,-0.6871965248023153,0.0687637962199556,0.0278,0.0011999999999999
2011-11-29,1713.4000244140625,0.01,1.99,0.0015185888849824636,-0.01,0.040000000000000036,-0.6804500205021232,0.062417762022118045,0.0413,0.0135
2011-11-30,1745.5,0.03,2.05,0.018561332766248384,0.019999999999999997,0.05999999999999983,-0.6720237676173771,0.07639153746909969,0.0693,0.0279999999999999
2011-12-01,1735.300048828125,0.06,2.05,-0.0058607103104861835,0.03,0.0,-0.6448338559319066,0.055019403328121816,0.0875,0.0181999999999999
2011-12-02,1747.0,0.0,2.05,0.006719693899452039,-0.06,0.0,-0.6085876120716791,0.04631660793304778,0.0707,-0.0167999999999999
2011-12-05,1730.699951171875,-0.01,2.05,-0.009374108416037252,-0.01,0.0,-0.5377203276002203,0.04667309051904512,0.0668,-0.0039
2011-12-06,1727.9000244140625,0.01,2.07,-0.0016191102696172521,0.02,0.020000000000000018,-0.43586016496046626,0.03236207935296877,0.079,0.0122
2011-12-07,1740.9000244140625,-0.01,2.03,0.007495422440086941,-0.02,-0.040000000000000036,-0.30063829748094906,0.026217084023929037,0.058,-0.0209999999999999
2011-12-08,1709.800048828125,0.01,1.98,-0.01802580173855617,0.02,-0.04999999999999982,-0.2520968998085937,0.15370088909330637,0.0378,-0.0202
2011-12-09,1712.800048828125,0.05,2.02,0.001753053633319901,0.04,0.040000000000000036,-0.24443914557557359,0.13585524263382132,0.0568,0.019
2011-12-12,1664.199951171875,-0.01,2.04,-0.02878498865722179,-0.060000000000000005,0.020000000000000018,-0.28673910355013615,0.13970967695205458,0.0501,-0.0067
2011-12-13,1659.9000244140625,-0.05,2.01,-0.0025871238457044754,-0.04,-0.03000000000000025,-0.283333726746174,0.14505281254821265,0.0273,-0.0227999999999999
2011-12-14,1584.300048828125,-0.04,1.96,-0.046614674079330065,0.010000000000000002,-0.04999999999999982,-0.12261253056560119,0.048064772373992565,0.0101,-0.0172
2011-12-15,1574.5999755859375,-0.01,1.93,-0.006141443955558934,0.03,-0.030000000000000027,-0.08872410037685631,0.016255270674203473,0.0058,-0.0043
2011-12-16,1595.5999755859375,-0.05,1.91,0.013248569484948014,-0.04,-0.020000000000000018,0.01622448338479038,0.002045270590682301,-0.0183,-0.0241
2011-12-19,1594.4000244140625,-0.12,1.94,-0.0007523205194175375,-0.06999999999999999,0.030000000000000027,0.18377085108409963,-0.10427606683417408,-0.0374,-0.0191
2011-12-20,1615.5999755859375,-0.1,2.04,0.013208884366838092,0.01999999999999999,0.10000000000000009,0.29874384645067376,-0.09077056051464158,-0.0077,0.0297
2011-12-21,1611.9000244140625,-0.07,2.05,-0.0022927670287806734,0.03,0.009999999999999787,0.47043689400824695,-0.037145625431759005,0.0169,0.0245999999999999
2011-12-22,1608.9000244140625,-0.07,2.04,-0.0018628917176544135,0.0,-0.009999999999999787,0.557817837040183,-0.07773428235747475,0.0249,0.008
2011-12-23,1604.699951171875,-0.04,2.07,-0.0026139380542522517,0.030000000000000006,0.029999999999999805,0.6384181860305106,-0.07493174691017779,0.0524,0.0275
2011-12-28,1562.9000244140625,-0.07,2.0,-0.01982892689606608,-0.05,-0.040000000000000036,0.7379580751876724,-0.05564948134759195,0.0306,-0.0271
2011-12-29,1539.9000244140625,-0.05,1.96,-0.014825590380465492,0.020000000000000004,-0.040000000000000036,0.731327397434763,-0.09609618576970475,0.0131,-0.0174999999999999
2011-12-30,1565.800048828125,-0.07,1.96,0.01667941156926922,-0.020000000000000004,0.0,0.7321275194515873,-0.11530343288241997,-0.004,-0.0171
2012-01-04,1611.9000244140625,-0.08,2.08,0.007597541424776644,-0.04,0.07000000000000028,0.717833944384649,-0.057246849329780185,0.0308,0.013
2012-01-05,1619.4000244140625,-0.1,2.12,0.004642102778981361,-0.020000000000000004,0.040000000000000036,0.7316139194951179,-0.024471190550124262,0.0363,0.0054999999999999
2012-01-06,1616.0999755859375,-0.11,2.09,-0.00203990108018548,-0.009999999999999995,-0.03000000000000025,0.7190660894627309,-0.009583484287938034,0.0285,-0.0077999999999999
2012-01-09,1607.5,-0.13,2.11,-0.005335647136046617,-0.020000000000000004,0.020000000000000018,0.7072916179088504,-0.014157050241025397,0.0222,-0.0063
2012-01-10,1631.0,-0.08,2.08,0.014513146509239405,0.05,-0.029999999999999805,0.7075392639313622,0.06711131429280161,0.0277,0.0054999999999999
2012-01-11,1639.199951171875,-0.1,2.03,0.005014964515898335,-0.020000000000000004,-0.050000000000000266,0.6801248392629407,0.09163638415473395,0.0052,-0.0225
2012-01-12,1647.300048828125,-0.1,2.04,0.004929325457331046,0.0,0.010000000000000231,0.6477432405649644,0.09443780497532499,0.004,-0.0011999999999999
2012-01-13,1630.4000244140625,-0.14,2.03,-0.010312215151505377,-0.04000000000000001,-0.010000000000000231,0.585068587883417,0.08159134353899188,-0.0161,-0.0201
2012-01-18,1659.5,-0.15,2.07,0.0025945342285300654,0.020000000000000018,0.029999999999999805,0.3496668565779024,0.10707081534428607,-0.0187,0.0104999999999999
2012-01-19,1654.0999755859375,0.0,2.01,-0.0032593126715800835,0.15,-0.06000000000000005,0.31876923741284685,0.06318019504931827,0.0123,0.031
2012-01-20,1663.699951171875,0.01,2.04,0.005786968828131123,0.01,0.03000000000000025,0.27357023131547314,0.06733986126651954,0.0386,0.0263
2012-01-23,1678.0,0.02,2.07,0.008558599710570824,0.01,0.029999999999999805,0.2673085519074938,0.08289068810336186,0.0593,0.0206999999999999
2012-01-24,1664.199951171875,-0.01,2.09,-0.008258109901120747,-0.03,0.020000000000000018,0.2196576948324242,0.11607569553569716,0.0629,0.0035999999999999
2012-01-25,1699.800048828125,-0.12,2.13,0.021166127664300483,-0.11,0.040000000000000036,-0.02895990316987468,-0.020877143685613546,0.0303,-0.0326
2012-01-26,1726.300048828125,-0.16,2.12,0.015469792317015063,-0.04000000000000001,-0.009999999999999787,-0.21488050022266542,-0.13813120304748308,0.0007,-0.0296
2012-01-27,1731.800048828125,-0.18,2.11,0.003180940101367824,-0.01999999999999999,-0.010000000000000231,-0.35039762158153814,-0.14862931948422206,-0.0203,-0.0209999999999999
2012-01-30,1731.0,-0.24,2.11,-0.0004620820325049735,-0.06,0.0,-0.45620294720648585,-0.1283364177163819,-0.0442,-0.0239
2012-01-31,1737.800048828125,-0.28,2.11,0.003920697326562639,-0.040000000000000036,0.0,-0.5307283327259078,-0.10692662505398437,-0.0661,-0.0219
2012-02-01,1747.0999755859375,-0.28,2.15,0.0053372830035769425,0.0,0.040000000000000036,-0.5974293493167506,-0.08434329519306707,-0.063,0.0031
2012-02-02,1756.800048828125,-0.3,2.16,0.005536743602649885,-0.019999999999999962,0.010000000000000231,-0.6716316319098053,-0.10856829639084792,-0.0717,-0.0087
2012-02-03,1737.9000244140625,-0.21,2.18,-0.010816498290285637,0.09,0.020000000000000018,-0.6915542244527425,-0.21029224170339675,-0.0391,0.0326
2012-02-06,1722.800048828125,-0.26,2.19,-0.008726599296451809,-0.05000000000000002,0.009999999999999787,-0.7054658813718847,-0.1598667984319835,-0.0426,-0.0034999999999999
2012-02-07,1746.4000244140625,-0.21,2.21,0.013605637693124173,0.05000000000000002,0.020000000000000018,-0.7135798474152986,-0.11091310582697253,-0.0156,0.027
2012-02-08,1729.300048828125,-0.21,2.22,-0.009839809647734121,0.0,0.010000000000000231,-0.7148447008876333,-0.10184441778366324,-0.007,0.0086
2012-02-09,1739.0,-0.17,2.21,0.005593504786632231,0.03999999999999998,-0.010000000000000231,-0.6993595762253579,-0.07777674289573798,0.0103,0.0173
2012-02-10,1723.300048828125,-0.24,2.2,-0.009069149732669146,-0.06999999999999998,-0.009999999999999787,-0.7081444566549443,-0.09787819300522697,-0.01,-0.0203
2012-02-13,1723.0,-0.22,2.21,-0.0001741280936844447,0.01999999999999999,0.009999999999999787,-0.7140775853940617,-0.07619544501696744,-0.003,0.007
2012-02-14,1715.9000244140625,-0.27,2.19,-0.004129219008215834,-0.05000000000000002,-0.020000000000000018,-0.7203438762739975,-0.03891879576751973,-0.0241,-0.0211
2012-02-15,1726.300048828125,-0.26,2.19,0.006042679587632271,0.010000000000000009,0.0,-0.7092501652762391,-0.09330796353782005,-0.0306,-0.0064999999999999
2012-02-16,1726.800048828125,-0.24,2.23,0.0002895948506296264,0.020000000000000018,0.040000000000000036,-0.708046126216518,-0.08446401309648732,-0.0067,0.0238999999999999
2012-02-17,1724.5,-0.23,2.24,-0.0013328595810797594,0.009999999999999981,0.010000000000000231,-0.7109445300957918,-0.08557665377293672,0.0084,0.0150999999999999
2012-02-22,1770.0,-0.27,2.28,0.007314837698549681,-0.05000000000000002,0.009999999999999787,-0.7578241533878023,-0.09061895019999243,0.0182,-0.0116
2012-02-23,1784.9000244140625,-0.3,2.29,0.008382858345699518,-0.02999999999999997,0.010000000000000231,-0.7651550184213042,-0.15539001851480247,0.0118,-0.0064
2012-02-24,1775.0999755859375,-0.29,2.27,-0.005505659316442646,0.010000000000000009,-0.020000000000000018,-0.7730914052870089,-0.1617949414252169,0.0082,-0.0035999999999999
2012-02-27,1773.5999755859375,-0.32,2.24,-0.0008453800602881145,-0.030000000000000027,-0.029999999999999805,-0.7814221767548305,-0.15613343024819723,-0.0165,-0.0247
2012-02-28,1787.0,-0.31,2.25,0.00752687062258417,0.010000000000000009,0.009999999999999787,-0.8222511802078291,-0.19168579969419075,-0.0201,-0.0035999999999999
2012-02-29,1709.9000244140625,-0.28,2.26,-0.04410333262681565,0.02999999999999997,0.009999999999999787,-0.8295380367067292,-0.21175528648676864,-0.0064,0.0137
2012-03-01,1721.0999755859375,-0.23,2.26,0.006528703558172921,0.05000000000000002,0.0,-0.8475169481347549,-0.19331286662028893,0.0152,0.0216
2012-03-02,1708.800048828125,-0.24,2.23,-0.007172208750398035,-0.009999999999999981,-0.029999999999999805,-0.800702861666246,-0.18371345898743405,0.0054,-0.0098
2012-03-05,1703.0,-0.2,2.2,-0.0033999966776985246,0.03999999999999998,-0.029999999999999805,-0.7495413102971593,-0.2001206020704517,0.0113,0.0058999999999999
2012-03-06,1671.4000244140625,-0.21,2.17,-0.01872978848839857,-0.009999999999999981,-0.03000000000000025,-0.6800227482039439,-0.19997312731593714,-0.0062,-0.0174999999999999
2012-03-07,1683.300048828125,-0.22,2.2,0.007094568258127154,-0.010000000000000009,0.03000000000000025,-0.5664058514809779,-0.2153039936942722,-0.0007,0.0055
2012-03-08,1698.0999755859375,-0.21,2.24,0.008753783142556593,0.010000000000000009,0.040000000000000036,-0.5491593428604018,-0.07096744476699554,0.0165,0.0172
2012-03-09,1710.9000244140625,-0.24,2.28,0.007509597525348077,-0.03,0.03999999999999959,-0.5708307953248406,-0.04321708721486825,0.0275,0.011
2012-03-12,1699.199951171875,-0.24,2.28,-0.006862038788651326,0.0,0.0,-0.5931828389446334,-0.03924155962204586,0.0314,0.0038999999999999
2012-03-13,1693.699951171875,-0.2,2.34,-0.003242067243859559,0.03999999999999998,0.06000000000000005,-0.6148408964750012,-0.04766527442970726,0.0682,0.0368
2012-03-14,1642.5,-0.07,2.36,-0.030695984709045554,0.13,0.020000000000000018,-0.7210674173327754,-0.25897549018790544,0.1403,0.0721
2012-03-15,1659.0999755859375,-0.08,2.37,0.010055800575299756,-0.009999999999999995,0.010000000000000231,-0.7546725038718615,-0.26551815549182234,0.1579,0.0176
2012-03-16,1655.5,-0.09,2.4,-0.002172193946764267,-0.009999999999999995,0.029999999999999805,-0.7777592808051184,-0.255148069430129,0.1737,0.0157999999999999
2012-03-19,1666.9000244140625,-0.03,2.42,0.006862550608128792,0.06,0.020000000000000018,-0.7834113642380489,-0.18496047019078074,0.2092,0.0355
2012-03-20,1646.699951171875,-0.04,2.42,-0.012192373023584224,-0.010000000000000002,0.0,-0.8107493286574793,-0.20573491052225845,0.2225,0.0133
2012-03-21,1650.0,-0.08,2.39,0.0020020323227809556,-0.04,-0.029999999999999805,-0.8348680757195249,-0.2693836980217891,0.1999,-0.0226
2012-03-22,1642.300048828125,-0.08,2.37,-0.0046775598195614165,0.0,-0.020000000000000018,-0.849898128903685,-0.2726174151084031,0.1894,-0.0104999999999999
2012-03-23,1662.300048828125,-0.11,2.36,0.01210448684018317,-0.03,-0.010000000000000231,-0.8738337590121744,-0.3195057099793026,0.1717,-0.0177
2012-03-26,1685.5,-0.08,2.34,0.013860040758867598,0.03,-0.020000000000000018,-0.8642456907437834,-0.3463313193288813,0.1632,-0.0084999999999999
2012-03-27,1684.800048828125,-0.13,2.33,-0.0004153643128494977,-0.05,-0.009999999999999787,-0.8644014984431313,-0.3369760620739642,0.1371,-0.0261
2012-03-28,1657.9000244140625,-0.11,2.32,-0.016095135389950777,0.020000000000000004,-0.010000000000000231,-0.8732110084713667,-0.3698448680007982,0.1345,-0.0025999999999999
2012-03-29,1652.199951171875,-0.13,2.31,-0.003444052396309516,-0.020000000000000004,-0.009999999999999787,-0.8721996675594561,-0.3678322378866457,0.1197,-0.0148
2012-03-30,1669.300048828125,-0.09,2.32,0.010296702536995106,0.04000000000000001,0.009999999999999787,-0.8714183429979726,-0.3320533992732115,0.1337,0.014
2012-04-02,1677.5,-0.14,2.36,0.004900183733836272,-0.05000000000000002,0.040000000000000036,-0.8705923023458111,-0.34096824225166766,0.1316,-0.0021
2012-04-03,1670.0,-0.06,2.36,-0.004480963435036678,0.08000000000000002,0.0,-0.8740186131825587,-0.3567076200606576,0.1621,0.0305
2012-04-04,1612.300048828125,-0.05,2.3,-0.035161865156342564,0.009999999999999995,-0.06000000000000005,-0.8771569375293808,-0.3098698976252894,0.1488,-0.0133
2012-04-05,1628.5,-0.08,2.27,0.0099975844618303,-0.03,-0.029999999999999805,-0.8711030526199618,-0.3124823748264859,0.1262,-0.0225999999999999
2012-04-09,1642.5,-0.17,2.23,0.00856012564247699,-0.09000000000000001,-0.040000000000000036,-0.8399519233311642,-0.34199943170818187,0.0496,-0.0208
2012-04-10,1659.5,-0.24,2.25,0.01029688080126423,-0.06999999999999998,0.020000000000000018,-0.7690716461885403,-0.37130786242068736,0.0199,-0.0296999999999999
2012-04-11,1659.0,-0.25,2.3,-0.00030134096958533974,-0.010000000000000009,0.04999999999999982,-0.6855621054625719,-0.3792136043991114,0.0256,0.0057
2012-04-12,1679.5,-0.22,2.3,0.012281118861903195,0.03,0.0,-0.6547728072347306,-0.3463759324134395,0.037,0.0113999999999999
2012-04-13,1659.0999755859375,-0.25,2.27,-0.01222085811828233,-0.03,-0.029999999999999805,-0.5900677625910246,-0.34915750284907765,0.0197,-0.0173
2012-04-16,1648.699951171875,-0.26,2.26,-0.006288202983069091,-0.010000000000000009,-0.010000000000000231,-0.4882498920742555,-0.35005280984445497,0.0097,-0.0099999999999999
2012-04-17,1650.300048828125,-0.26,2.29,0.0009700501859493116,0.0,0.03000000000000025,-0.41979454347066114,-0.34920544737332926,0.017,0.0073
2012-04-18,1638.800048828125,-0.26,2.26,-0.006992822669181109,0.0,-0.03000000000000025,-0.3389418950491492,-0.37128091297621446,0.0122,-0.0048
2012-04-19,1640.5999755859375,-0.21,2.19,0.0010977172197064178,0.05000000000000002,-0.06999999999999984,-0.2849650187429147,-0.35523736864658284,0.0035,-0.0087
2012-04-20,1642.0999755859375,-0.24,2.23,0.0009138819427354505,-0.03,0.040000000000000036,-0.21338187300104028,-0.36705815988949214,0.0047,0.0012
2012-04-23,1631.9000244140625,-0.26,2.22,-0.006230900532803396,-0.020000000000000018,-0.009999999999999787,-0.06527618235978727,-0.3481286285989329,-0.0086,-0.0133
2012-04-24,1643.0,-0.25,2.25,0.0067788439398652756,0.010000000000000009,0.029999999999999805,0.04946798342071834,-0.34053652678601853,-0.0002,0.0084
2012-04-25,1641.4000244140625,-0.24,2.25,-0.0009742879677308025,0.010000000000000009,0.0,0.1285595111287723,-0.3393868707759288,0.0029,0.0031
2012-04-26,1659.5999755859375,-0.29,2.27,0.011027043678364379,-0.04999999999999999,0.020000000000000018,0.1294587778787032,-0.1383726547034665,-0.0052,-0.0081
2012-04-27,1664.0,-0.3,2.26,0.002647747633252706,-0.010000000000000009,-0.010000000000000231,0.0830679273840231,-0.13865072853802513,-0.0142,-0.009
2012-04-30,1663.4000244140625,-0.3,2.25,-0.000360627269362368,0.0,-0.009999999999999787,0.051023508805818615,-0.13956988746424817,-0.0204,-0.0062
2012-05-01,1661.699951171875,-0.28,2.26,-0.0010225697890646757,0.019999999999999962,0.009999999999999787,-0.009512516164734067,-0.19293560341544058,-0.0119,0.0085
2012-05-02,1653.4000244140625,-0.28,2.24,-0.0050073567381776485,0.0,-0.019999999999999574,0.019039130404865857,-0.20278600132375751,-0.0198,-0.0079
2012-05-03,1634.199951171875,-0.27,2.23,-0.011680430512859274,0.010000000000000009,-0.010000000000000231,0.0672534544695863,-0.21264590939396538,-0.0202,-0.0003999999999999
2012-05-04,1644.699951171875,-0.3,2.21,0.0064046089873679435,-0.02999999999999997,-0.020000000000000018,0.12493328390311942,-0.22164029163565868,-0.0383,-0.0181
2012-05-07,1638.5999755859375,-0.27,2.19,-0.0037157632506863436,0.02999999999999997,-0.020000000000000018,0.12815593644647502,-0.2092073714552541,-0.0438,-0.0054999999999999
2012-05-08,1604.0,-0.28,2.16,-0.02134169438191158,-0.010000000000000009,-0.029999999999999805,0.09512261021380734,-0.24835977887063143,-0.0568,-0.013
2012-05-09,1593.699951171875,-0.27,2.14,-0.006442183199088625,0.010000000000000009,-0.020000000000000018,0.08232821850597245,-0.2547854850760069,-0.0635,-0.0066999999999999
2012-05-10,1595.0999755859375,-0.25,2.14,0.0008780886453685355,0.020000000000000018,0.0,0.0794048217389817,-0.2227149544155701,-0.06,0.0035
2012-05-11,1583.5999755859375,-0.28,2.12,-0.007235694057576403,-0.030000000000000027,-0.020000000000000018,0.11829933392699953,-0.20912970921466736,-0.0731,-0.0131
2012-05-14,1560.5999755859375,-0.33,2.11,-0.014630373776525651,-0.04999999999999999,-0.010000000000000231,0.17085100053098992,-0.20999817150570854,-0.095,-0.0219
2012-05-15,1556.800048828125,-0.36,2.12,-0.0024378832424805097,-0.02999999999999997,0.010000000000000231,0.23832280198137906,-0.18515137062072,-0.1058,-0.0108
2012-05-16,1536.199951171875,-0.33,2.09,-0.013320661016581248,0.02999999999999997,-0.03000000000000025,0.24721523983413513,-0.22743031422142734,-0.1106,-0.0047999999999999
2012-05-17,1574.5,-0.35,2.05,0.02462595876150342,-0.019999999999999962,-0.040000000000000036,0.442484333975012,-0.20243726100531098,-0.1273,-0.0166999999999999
2012-05-18,1591.5999755859375,-0.39,2.1,0.01080202267237329,-0.040000000000000036,0.050000000000000266,0.6004157569328585,-0.21512881967609804,-0.1271,0.0002
2012-05-21,1588.4000244140625,-0.41,2.16,-0.0020125485861335335,-0.019999999999999962,0.06000000000000005,0.6329988203453252,-0.14505328386602262,-0.1226,0.0044999999999999
2012-05-22,1576.300048828125,-0.38,2.17,-0.007646876018406523,0.02999999999999997,0.009999999999999787,0.6487033840435574,-0.08287689967659621,-0.1086,0.0139999999999999
2012-05-23,1548.0999755859375,-0.41,2.14,-0.018052002832832592,-0.02999999999999997,-0.029999999999999805,0.6881154266264391,-0.022137768556333086,-0.1216,-0.0129999999999999
2012-05-24,1557.300048828125,-0.37,2.14,0.005925227079559114,0.03999999999999998,0.0,0.687816158374232,-0.04147940288925919,-0.109,0.0126
2012-05-25,1568.800048828125,-0.38,2.13,0.00735744315100284,-0.010000000000000009,-0.010000000000000231,0.6940002741195611,-0.08460417034437144,-0.1138,-0.0047999999999999
2012-05-30,1563.4000244140625,-0.45,2.08,0.009511671214860407,-0.08000000000000002,-0.029999999999999805,0.7014937808648141,-0.19543375216757716,-0.1555,-0.0385999999999999
2012-05-31,1562.5999755859375,-0.5,2.09,-0.0005118674635919973,-0.04999999999999999,0.009999999999999787,0.6868634516545595,-0.19139602680397352,-0.179,-0.0234999999999999
2012-06-01,1620.5,-0.59,2.06,0.03638365864295867,-0.08999999999999997,-0.029999999999999805,0.49879405569829616,-0.42515672087435197,-0.223,-0.044
2012-06-04,1612.199951171875,-0.56,2.09,-0.005135068018744526,0.029999999999999916,0.029999999999999805,0.40661401700451905,-0.4291739131206573,-0.2134,0.0095999999999999
2012-06-05,1615.199951171875,-0.56,2.13,0.0018590822053798917,0.0,0.040000000000000036,0.3337922898249277,-0.43324954227395834,-0.201,0.0123999999999999
2012-06-06,1632.800048828125,-0.5,2.16,0.010837604631932507,0.06000000000000005,0.03000000000000025,0.25401246626122836,-0.3511992534329989,-0.1676,0.0334
2012-06-07,1586.5999755859375,-0.49,2.15,-0.02870301591992863,0.010000000000000009,-0.010000000000000231,0.22851436097433375,-0.36022287968404415,-0.1615,0.0060999999999999
2012-06-08,1590.0999755859375,-0.5,2.15,0.0022035454843187807,-0.010000000000000009,0.0,0.19815327011287695,-0.3350949525709052,-0.1603,0.0012
2012-06-11,1595.5,-0.53,2.13,0.0033902747537384315,-0.030000000000000027,-0.020000000000000018,0.15444246477487986,-0.33994393821330204,-0.1767,-0.0163999999999999
2012-06-12,1612.699951171875,-0.48,2.15,0.010722595990918293,0.050000000000000044,0.020000000000000018,0.0869212140241442,-0.2721749968283985,-0.1537,0.0229999999999999
2012-06-13,1618.0999755859375,-0.51,2.12,0.0033428436084408375,-0.030000000000000027,-0.029999999999999805,-0.022697620666668233,-0.2794164271578468,-0.172,-0.0182999999999999
2012-06-14,1618.4000244140625,-0.47,2.11,0.00018541562118556953,0.040000000000000036,-0.010000000000000231,-0.1323814090663194,-0.26689938277403213,-0.1634,0.0085999999999999
2012-06-15,1627.0,-0.54,2.14,0.005299806280194552,-0.07000000000000006,0.03000000000000025,-0.2605062726705497,-0.26896830819408135,-0.1782,-0.0148
2012-06-18,1625.699951171875,-0.54,2.13,-0.0007993660139984371,0.0,-0.010000000000000231,-0.39914392426503775,-0.2618417538872707,-0.1828,-0.0045999999999999
2012-06-19,1622.199951171875,-0.53,2.17,-0.0021552396687365416,0.010000000000000009,0.040000000000000036,-0.5611996240692537,-0.25888075650360914,-0.1709,0.0118999999999999
2012-06-20,1614.800048828125,-0.51,2.16,-0.00457208231963957,0.020000000000000018,-0.009999999999999787,-0.6281100815606835,-0.28072796624988944,-0.157,0.0138999999999999
2012-06-21,1564.5,-0.47,2.1,-0.03164485610772605,0.040000000000000036,-0.06000000000000005,-0.6564979620595824,-0.33773431392847314,-0.1599,-0.0028999999999999
2012-06-22,1566.0,-0.42,2.11,0.0009583134418109651,0.04999999999999999,0.009999999999999787,-0.7388347499288473,-0.32571149818836,-0.1431,0.0167999999999999
2012-06-25,1587.5,-0.47,2.1,0.013635854216098586,-0.04999999999999999,-0.009999999999999787,-0.7899216672322011,-0.3643466964617351,-0.1592,-0.0161
2012-06-26,1574.0,-0.45,2.11,-0.008540301789498272,0.019999999999999962,0.009999999999999787,-0.7833476937730348,-0.42980499427909663,-0.1533,0.0059
2012-06-27,1577.5,-0.45,2.1,0.0022211654380193124,0.0,-0.009999999999999787,-0.7713391433679289,-0.4374209153013253,-0.1584,-0.0051
2012-06-28,1549.699951171875,-0.48,2.08,-0.017779983130193244,-0.02999999999999997,-0.020000000000000018,-0.6962103442030751,-0.3753534305524582,-0.1774,-0.0189999999999999
2012-06-29,1603.5,-0.46,2.13,0.03412740784803514,0.019999999999999962,0.04999999999999982,-0.699336216382727,-0.2853858672015209,-0.1621,0.0153
2012-07-02,1597.199951171875,-0.5,2.11,-0.0039366745152218385,-0.03999999999999998,-0.020000000000000018,-0.7257063766682964,-0.2554458747253302,-0.1832,-0.0211
2012-07-03,1621.300048828125,-0.48,2.13,0.014976261054685303,0.020000000000000018,0.020000000000000018,-0.7243033657821077,-0.23321553823797933,-0.1736,0.0095999999999999
2012-07-06,1578.4000244140625,-0.53,2.1,-0.019139039655363455,-0.020000000000000018,-0.029999999999999805,-0.6839744180769712,-0.21494482780139543,-0.1979,-0.0172999999999999
2012-07-09,1588.5999755859375,-0.57,2.1,0.006441418654736353,-0.039999999999999925,0.0,-0.6121606598927471,-0.24307144540303735,-0.2141,-0.0162
2012-07-10,1579.300048828125,-0.59,2.12,-0.005871368037160707,-0.020000000000000018,0.020000000000000018,-0.5120337757526937,-0.23653299734992522,-0.2225,-0.0083999999999999
2012-07-11,1575.199951171875,-0.57,2.11,-0.0025995244667154083,0.020000000000000018,-0.010000000000000231,-0.3459691720889667,-0.22998457963982485,-0.2213,0.0012
2012-07-12,1564.9000244140625,-0.58,2.08,-0.006560277556704186,-0.010000000000000009,-0.029999999999999805,-0.20576541925526107,-0.19998547251435614,-0.2311,-0.0098
2012-07-13,1591.5999755859375,-0.59,2.11,0.01691784444328981,-0.010000000000000009,0.029999999999999805,-0.1764689485179695,-0.2102083346298365,-0.2302,0.0009
2012-07-16,1591.199951171875,-0.61,2.11,-0.00025136636004408075,-0.020000000000000018,0.0,-0.10043772650744742,-0.0034554396027032543,-0.2397,-0.0095
2012-07-17,1589.0999755859375,-0.59,2.12,-0.0013206149982707416,0.020000000000000018,0.010000000000000231,-0.05961569595773059,0.006773232810500745,-0.233,0.0066999999999999
2012-07-18,1570.4000244140625,-0.6,2.12,-0.011837423346489295,-0.010000000000000009,0.0,0.03144056541512287,0.0143888963100132,-0.235,-0.0019999999999999
2012-07-19,1580.0999755859375,-0.62,2.16,0.006157741197844402,-0.020000000000000018,0.040000000000000036,0.047916070800559526,-0.05991246762274447,-0.2277,0.0072999999999999
2012-07-20,1582.5,-0.67,2.16,0.001517754311837649,-0.050000000000000044,0.0,0.08688819590642005,-0.0332060664140625,-0.2422,-0.0144999999999999
2012-07-23,1577.0999755859375,-0.68,2.15,-0.003418173005170111,-0.010000000000000009,-0.010000000000000231,0.13459256314893106,-0.0311270799149903,-0.2545,-0.0123
2012-07-24,1576.0,-0.68,2.12,-0.0006977105953360763,0.0,-0.029999999999999805,0.1734587644321403,-0.023202443174036917,-0.2672,-0.0126999999999999
2012-07-25,1608.0,-0.67,2.1,0.020101179321087237,0.010000000000000009,-0.020000000000000018,0.09109379709422578,-0.05131685916928144,-0.2728,-0.0055999999999999
2012-07-26,1615.0,-0.66,2.11,0.004343785917845011,0.010000000000000009,0.009999999999999787,0.009547962273826498,-0.037104902938538166,-0.266,0.0067999999999999
2012-07-27,1617.9000244140625,-0.61,2.19,0.001794070444503859,0.050000000000000044,0.08000000000000007,-0.07238541391243157,-0.02792490399396877,-0.224,0.042
2012-07-30,1619.699951171875,-0.64,2.17,0.0011118896446893345,-0.030000000000000027,-0.020000000000000018,-0.13688929298913013,0.0024997229514734467,-0.2293,-0.0052999999999999
2012-07-31,1610.5,-0.69,2.2,-0.005696226974696295,-0.04999999999999993,0.03000000000000025,-0.20627760038739337,0.026732963772976424,-0.2371,-0.0078
2012-08-01,1603.699951171875,-0.67,2.23,-0.004231260703660311,0.019999999999999907,0.029999999999999805,-0.2650037900041872,0.019836546957627793,-0.2179,0.0191999999999999
2012-08-02,1587.4000244140625,-0.69,2.2,-0.010215956030912743,-0.019999999999999907,-0.029999999999999805,-0.2961918460499672,0.04337520797083794,-0.229,-0.0110999999999999
2012-08-03,1606.0,-0.66,2.26,0.011649142470026241,0.029999999999999916,0.05999999999999961,-0.27684957859454984,0.2525394206243149,-0.2,0.0289999999999999
2012-08-06,1612.9000244140625,-0.68,2.27,0.004287200553179105,-0.020000000000000018,0.010000000000000231,-0.24612781634125672,0.2662638433518811,-0.1966,0.0034
2012-08-07,1609.699951171875,-0.65,2.31,-0.0019860201813832745,0.030000000000000027,0.040000000000000036,-0.26208559167846535,0.3290401367508324,-0.1681,0.0284999999999999
2012-08-08,1612.9000244140625,-0.61,2.29,0.0019860201813832745,0.040000000000000036,-0.020000000000000018,-0.21509025389399622,0.3561708977810595,-0.1534,0.0146999999999999
2012-08-09,1617.0999755859375,-0.58,2.27,0.0026005904265771207,0.030000000000000027,-0.020000000000000018,-0.14768664276146376,0.3526976958021326,-0.1462,0.0072
2012-08-10,1619.699951171875,-0.6,2.25,0.0016065102594868819,-0.020000000000000018,-0.020000000000000018,0.015454019377715773,0.3156769867900822,-0.1549,-0.0087
2012-08-13,1609.5999755859375,-0.58,2.23,-0.0062552310083123785,0.020000000000000018,-0.020000000000000018,-0.002265244300482005,0.24367574318460078,-0.1586,-0.0036999999999999
2012-08-14,1599.4000244140625,-0.53,2.26,-0.006357111575335139,0.04999999999999993,0.029999999999999805,0.004314887743558051,0.16453706173478558,-0.1343,0.0242999999999999
2012-08-15,1603.699951171875,-0.45,2.25,0.002684854905290912,0.08000000000000002,-0.009999999999999787,-0.07009423332148874,0.14480038115297092,-0.1004,0.0339
2012-08-16,1616.0999755859375,-0.42,2.25,0.007702395180227306,0.030000000000000027,0.0,0.013110906411984194,0.14205015130275203,-0.0766,0.0238
2012-08-17,1616.300048828125,-0.43,2.24,0.0001237923777575034,-0.010000000000000009,-0.009999999999999787,0.1459973083867544,0.09124833415881944,-0.0738,0.0027999999999999
2012-08-20,1620.0999755859375,-0.43,2.25,0.0023482440213156153,0.0,0.009999999999999787,0.2323100114433171,0.1348742846451383,-0.0745,-0.0006999999999999
2012-08-21,1639.9000244140625,-0.45,2.25,0.012147418590036985,-0.020000000000000018,0.0,0.34198416937987597,0.0617616447331255,-0.0793,-0.0047999999999999
2012-08-22,1637.4000244140625,-0.55,2.26,-0.0015256463843211776,-0.10000000000000003,0.009999999999999787,0.3832570888809644,0.09985862284073477,-0.1167,-0.0374
2012-08-23,1669.5999755859375,-0.62,2.3,0.01947442928767984,-0.06999999999999995,0.040000000000000036,0.3264618334535017,-0.06612740470904163,-0.1379,-0.0211999999999999
2012-08-24,1669.800048828125,-0.6,2.28,0.0001198258615104919,0.020000000000000018,-0.020000000000000018,0.2882953269709431,-0.05787242967054011,-0.1402,-0.0022999999999999
2012-08-27,1672.4000244140625,-0.64,2.29,0.0015558470788290535,-0.040000000000000036,0.010000000000000231,0.21693152920244557,-0.06124337035601343,-0.1544,-0.0142
2012-08-28,1666.5,-0.68,2.32,-0.003534116332835069,-0.040000000000000036,0.029999999999999805,0.14415584585981453,-0.02883324372314938,-0.1631,-0.0086999999999999
2012-08-29,1659.800048828125,-0.64,2.3,-0.004028476165369277,0.040000000000000036,-0.020000000000000018,0.1216084467144578,-0.0730454495318226,-0.1625,0.0005999999999999
2012-08-30,1653.5,-0.63,2.26,-0.0038028891605774717,0.010000000000000009,-0.040000000000000036,0.09876461171550466,-0.06970545602679576,-0.1734,-0.0108999999999999
2012-08-31,1684.5999755859375,-0.68,2.25,0.018633878966917372,-0.050000000000000044,-0.009999999999999787,-0.010638723421344216,-0.16007595617015863,-0.2029,-0.0295
2012-09-05,1690.800048828125,-0.69,2.29,-0.001241230493302048,-0.009999999999999898,0.020000000000000018,-0.24926152586755732,-0.16325487369565192,-0.2007,0.002
2012-09-06,1702.5999755859375,-0.63,2.31,0.006954661539328555,0.05999999999999994,0.020000000000000018,-0.277259781255315,-0.15941764418190704,-0.1727,0.0279999999999999
2012-09-07,1737.5,-0.68,2.35,0.02029081832827284,-0.050000000000000044,0.040000000000000036,-0.33653134937858764,-0.23959409266544338,-0.1727,0.0
2012-09-10,1728.699951171875,-0.68,2.36,-0.00507764575578129,0.0,0.009999999999999787,-0.3719030483714872,-0.2404601483491367,-0.1669,0.0058
2012-09-11,1731.800048828125,-0.68,2.38,0.0017917055255480818,0.0,0.020000000000000018,-0.4092528526212187,-0.24598069678155696,-0.1598,0.0070999999999999
2012-09-12,1730.5999755859375,-0.61,2.38,-0.0006932031433573016,0.07000000000000006,0.0,-0.4277468572774133,-0.31059085422964305,-0.137,0.0227999999999999
2012-09-13,1769.0999755859375,-0.72,2.47,0.022002773808938336,-0.10999999999999999,0.0900000000000003,-0.5148987167919511,-0.43319667944168605,-0.142,-0.0049999999999999
2012-09-14,1769.800048828125,-0.76,2.64,0.00039564454858354026,-0.040000000000000036,0.16999999999999993,-0.6386638761201103,-0.4614740004003878,-0.1003,0.0416999999999999
2012-09-17,1767.699951171875,-0.74,2.59,-0.0011873345034461025,0.020000000000000018,-0.050000000000000266,-0.7037951149666392,-0.5044004832276303,-0.094,0.0063
2012-09-18,1768.4000244140625,-0.73,2.55,0.0003959578383909701,0.010000000000000009,-0.040000000000000036,-0.7653244663913625,-0.5054230589355814,-0.1003,-0.0063
2012-09-19,1769.0,-0.75,2.54,0.00033921840196171615,-0.020000000000000018,-0.009999999999999787,-0.81496558724387,-0.4907182169409429,-0.11,-0.0097
2012-09-20,1767.699951171875,-0.7,2.5,-0.0007351762403526862,0.050000000000000044,-0.040000000000000036,-0.8321910340897444,-0.499765520698074,-0.112,-0.002
2012-09-21,1775.5,-0.71,2.48,0.00440283446371037,-0.010000000000000009,-0.020000000000000018,-0.8393239030302493,-0.503221155278549,-0.1236,-0.0116
2012-09-24,1762.0999755859375,-0.73,2.47,-0.007575807663553036,-0.020000000000000018,-0.009999999999999787,-0.8565914768054321,-0.4754149611930174,-0.1367,-0.0130999999999999
2012-09-25,1763.800048828125,-0.74,2.44,0.000964334417972168,-0.010000000000000009,-0.03000000000000025,-0.8727119850006702,-0.46554842854878237,-0.1547,-0.018
2012-09-26,1750.5999755859375,-0.77,2.41,-0.007512027785335995,-0.030000000000000027,-0.029999999999999805,-0.8755699408137936,-0.3983623811123899,-0.1815,-0.0267999999999999
2012-09-27,1777.5999755859375,-0.78,2.44,0.01530555379885623,-0.010000000000000009,0.029999999999999805,-0.8677115019457556,-0.4088513780856509,-0.1826,-0.0011
2012-09-28,1771.0999755859375,-0.77,2.42,-0.003663317473184158,0.010000000000000009,-0.020000000000000018,-0.8600277052189547,-0.44444081009820885,-0.1891,-0.0064999999999999
2012-10-01,1780.5,-0.78,2.42,0.005293415039934857,-0.010000000000000009,0.0,-0.8498691582125377,-0.44406399709328975,-0.192,-0.0029
2012-10-02,1772.699951171875,-0.83,2.47,-0.004390443242589193,-0.04999999999999993,0.050000000000000266,-0.8320583258120343,-0.4041694512797968,-0.1941,-0.0020999999999999
2012-10-03,1777.300048828125,-0.83,2.47,0.0025916057639054912,0.0,0.0,-0.832977543334888,-0.40617382581206196,-0.1978,-0.0037
2012-10-04,1794.0999755859375,-0.86,2.56,0.009408103578217641,-0.030000000000000027,0.08999999999999986,-0.8122324520241643,-0.4923782768896507,-0.1815,0.0163
2012-10-05,1778.5999755859375,-0.82,2.57,-0.00867696557838915,0.040000000000000036,0.009999999999999787,-0.8035540681890103,-0.46557231455884673,-0.1564,0.0250999999999999
2012-10-10,1763.199951171875,-0.8,2.52,0.00011340886782296167,0.010000000000000009,-0.029999999999999805,-0.7642786971031157,-0.47787242222497645,-0.1589,-0.0062
2012-10-11,1768.800048828125,-0.77,2.47,0.0031710658827703853,0.030000000000000027,-0.04999999999999982,-0.7745323759294608,-0.4988663380111387,-0.1631,-0.0041999999999999
2012-10-12,1758.0,-0.78,2.47,-0.00612457890334106,-0.010000000000000009,0.0,-0.7570077819838175,-0.4713080735048163,-0.1669,-0.0037999999999999
2012-10-15,1736.0,-0.78,2.48,-0.01259318302482626,0.0,0.009999999999999787,-0.7097105176992023,-0.4514289784668135,-0.1675,-0.0006
2012-10-16,1744.699951171875,-0.71,2.46,0.004998976879014627,0.07000000000000006,-0.020000000000000018,-0.7117124386923459,-0.34327179867216906,-0.1483,0.0192
2012-10-17,1751.5,-0.65,2.48,0.0038899705382311467,0.05999999999999994,0.020000000000000018,-0.6940253675656507,-0.31172307989908876,-0.1092,0.0390999999999999
2012-10-18,1743.300048828125,-0.66,2.52,-0.004692666879352103,-0.010000000000000009,0.040000000000000036,-0.7370833313343015,-0.30528168830743874,-0.0873,0.0219
2012-10-19,1722.800048828125,-0.71,2.5,-0.011828994235928647,-0.04999999999999993,-0.020000000000000018,-0.6840833222294729,-0.27521737987774286,-0.0978,-0.0104999999999999
2012-10-22,1725.0999755859375,-0.7,2.53,0.001334103125178565,0.010000000000000009,0.029999999999999805,-0.6707789260301924,-0.19423592871036133,-0.0872,0.0105999999999999
2012-10-23,1708.300048828125,-0.71,2.5,-0.009786253111553123,-0.010000000000000009,-0.029999999999999805,-0.6261840301522849,-0.17916578402265698,-0.0997,-0.0124999999999999
2012-10-24,1700.5,-0.69,2.49,-0.004576427088636592,0.020000000000000018,-0.009999999999999787,-0.6103239754320212,-0.18788829746916688,-0.1027,-0.003
2012-10-25,1712.0,-0.63,2.49,0.006739952254437576,0.05999999999999994,0.0,-0.6435372209384164,-0.1339961149295443,-0.0797,0.023
2012-10-26,1710.9000244140625,-0.69,2.47,-0.0006427156013657509,-0.05999999999999994,-0.020000000000000018,-0.6722798197454758,0.22159078258697365,-0.0988,-0.0191
2012-11-01,1714.0999755859375,-0.77,2.52,-0.0019815978265720346,0.010000000000000009,0.020000000000000018,-0.5762929413045534,0.1439031332512261,-0.1304,0.0052999999999999
2012-11-02,1674.0999755859375,-0.73,2.48,-0.023612454431588326,0.040000000000000036,-0.040000000000000036,-0.5457539685048158,0.008485062524781694,-0.1283,0.0020999999999999
2012-11-05,1682.199951171875,-0.75,2.47,0.004826738663643582,-0.020000000000000018,-0.009999999999999787,-0.5063934129543132,-0.002342562565780659,-0.141,-0.0126999999999999
2012-11-06,1714.0999755859375,-0.72,2.5,0.018785715767944744,0.030000000000000027,0.029999999999999805,-0.5449402722676504,0.06169339327906256,-0.1213,0.0196999999999999
2012-11-07,1713.199951171875,-0.8,2.48,-0.0005252090298402123,-0.08000000000000007,-0.020000000000000018,-0.541193061600189,0.05764368090481814,-0.1554,-0.0341
2012-11-08,1725.4000244140625,-0.85,2.47,0.007095983552185103,-0.04999999999999993,-0.009999999999999787,-0.5005900818563083,0.00765702173618313,-0.1823,-0.0268999999999999
2012-11-09,1730.300048828125,-0.83,2.44,0.0028359102897814736,0.020000000000000018,-0.03000000000000025,-0.48748137295187327,0.0168633180493031,-0.1902,-0.0079
2012-11-14,1729.5,-0.81,2.4,0.003069202920692682,0.029999999999999916,-0.03000000000000025,-0.4383277738308501,0.027101313869859395,-0.2066,-0.0029
2012-11-15,1713.300048828125,-0.8,2.38,-0.009410985538837124,0.010000000000000009,-0.020000000000000018,-0.42168463544827955,0.020034320852899298,-0.2107,-0.0040999999999999
2012-11-16,1714.300048828125,-0.81,2.39,0.0005834986578836521,-0.010000000000000009,0.010000000000000231,-0.4021737553196824,0.024721480196877636,-0.211,-0.0002999999999999
2012-11-19,1734.0,-0.78,2.39,0.011426015844216764,0.030000000000000027,0.0,-0.3716070427506213,0.044850793589776415,-0.2012,0.0098
2012-11-20,1723.199951171875,-0.74,2.4,-0.006247879274090096,0.040000000000000036,0.009999999999999787,-0.3335380904485038,0.02421697598341592,-0.1806,0.0205999999999999
2012-11-21,1727.9000244140625,-0.71,2.4,0.0027238133820048915,0.030000000000000027,0.0,-0.22567131631731474,0.07310435378678751,-0.1652,0.0153999999999999
2012-11-26,1749.5,-0.73,2.39,-0.0010283643519493069,-0.010000000000000009,-0.029999999999999805,-0.06485480479809222,0.08746627744553749,-0.1662,-0.0096999999999999
2012-11-27,1742.199951171875,-0.74,2.38,-0.004181378449656492,-0.010000000000000009,-0.010000000000000231,-0.007349573262636237,0.09163926983153294,-0.1768,-0.0106
2012-11-28,1716.5,-0.75,2.38,-0.014861320460339833,-0.010000000000000009,0.0,0.026907630149236833,0.09341922293595173,-0.1876,-0.0107999999999999
2012-11-29,1727.199951171875,-0.78,2.4,0.006214238032745456,-0.030000000000000027,0.020000000000000018,0.06432315137373606,0.06574017543037024,-0.1942,-0.0066
2012-11-30,1710.9000244140625,-0.79,2.41,-0.009482009830170668,-0.010000000000000009,0.010000000000000231,0.0970681641608481,0.07563240618236688,-0.1971,-0.0028999999999999
2012-12-03,1719.5999755859375,-0.81,2.44,0.005072129324280361,-0.020000000000000018,0.029999999999999805,0.0722953583340744,0.027656300076505137,-0.1949,0.0022
2012-12-04,1694.4000244140625,-0.83,2.45,-0.01476298116878283,-0.019999999999999907,0.010000000000000231,0.03125753845959772,0.018521987391349685,-0.1987,-0.0037999999999999
2012-12-05,1692.4000244140625,-0.85,2.45,-0.0011810559842020396,-0.020000000000000018,0.0,0.02747751655502859,0.01722961101546741,-0.2064,-0.0077
2012-12-06,1700.300048828125,-0.87,2.46,0.004657080509181455,-0.020000000000000018,0.009999999999999787,0.07517136027684926,-0.04559944146078453,-0.2136,-0.0072
2012-12-07,1704.0,-0.86,2.5,0.0021736936084622016,0.010000000000000009,0.040000000000000036,0.09001553537343765,-0.04411957280660967,-0.2009,0.0127
2012-12-10,1713.0,-0.87,2.5,0.005267790934858851,-0.010000000000000009,0.0,0.11376706306097932,-0.05273261674307322,-0.1986,0.0022999999999999
2012-12-11,1708.199951171875,-0.84,2.5,-0.002806063396620928,0.030000000000000027,0.0,0.18136093413176785,-0.05071532254598559,-0.188,0.0105999999999999
2012-12-12,1716.5999755859375,-0.79,2.51,0.004905420134284633,0.04999999999999993,0.009999999999999787,0.2345674182656948,-0.07119300464287942,-0.1671,0.0209
2012-12-13,1695.5999755859375,-0.73,2.47,-0.012308929981781347,0.06000000000000005,-0.03999999999999959,0.2123852284599592,-0.15691309688115643,-0.1459,0.0211999999999999
2012-12-14,1695.800048828125,-0.74,2.46,0.00011798858346345753,-0.010000000000000009,-0.010000000000000231,0.16736696849160404,-0.13195911423247095,-0.1403,0.0055999999999999
2012-12-17,1697.0,-0.7,2.48,0.0007073515707611833,0.040000000000000036,0.020000000000000018,0.10179752162459252,-0.12202347316582811,-0.117,0.0233
2012-12-18,1669.5,-0.67,2.51,-0.01633780585051703,0.029999999999999916,0.029999999999999805,-0.003488726109879047,-0.07379917279683978,-0.0915,0.0255
2012-12-19,1666.5,-0.66,2.48,-0.0017985616359155188,0.010000000000000009,-0.029999999999999805,-0.14219146391522042,-0.061159564687870996,-0.0877,0.0037999999999999
2012-12-20,1644.9000244140625,-0.69,2.5,-0.013046011827404058,-0.029999999999999916,0.020000000000000018,-0.26603425228015487,-0.08763483626423242,-0.088,-0.0002999999999999
2012-12-21,1659.0999755859375,-0.71,2.48,0.008595665013674925,-0.020000000000000018,-0.020000000000000018,-0.3173150183286659,-0.12215292453052899,-0.0997,-0.0117
2012-12-24,1658.5999755859375,-0.69,2.48,-0.0003014136366426001,0.020000000000000018,0.0,-0.3585525954313487,-0.053119963892849426,-0.0975,0.0021999999999999
2012-12-27,1662.5999755859375,-0.73,2.47,0.001685484830296069,-0.020000000000000018,-0.009999999999999787,-0.36826688940942637,-0.08911795844732026,-0.124,-0.0186
2012-12-28,1654.9000244140625,-0.73,2.46,-0.0046420286352324425,0.0,-0.010000000000000231,-0.36357934976567297,-0.10970283369382168,-0.128,-0.004
2012-12-31,1674.800048828125,-0.67,2.45,0.011953185522100007,0.05999999999999994,-0.009999999999999787,-0.38177103850576516,0.024824004971626925,-0.1174,0.0105999999999999
2013-01-03,1673.699951171875,-0.54,2.46,-0.008448451813216629,0.07999999999999996,-0.020000000000000018,-0.3844653028503201,-0.03848319788838513,-0.06,0.0311
2013-01-04,1648.0999755859375,-0.55,2.48,-0.01541362091915488,-0.010000000000000009,0.020000000000000018,-0.46042189357220115,0.01651738641168993,-0.0447,0.0153
2013-01-07,1645.5,-0.6,2.52,-0.0015788050432803402,-0.04999999999999993,0.040000000000000036,-0.5257566721778503,0.002300394428564908,-0.0417,0.0029999999999999
2013-01-08,1661.5,-0.6,2.49,0.009676519411254247,0.0,-0.029999999999999805,-0.5932870777404247,0.024332242189411834,-0.053,-0.0112999999999999
2013-01-09,1654.800048828125,-0.64,2.52,-0.004040623700428014,-0.040000000000000036,0.029999999999999805,-0.6576363425685937,0.037495835857030584,-0.0601,-0.0071
2013-01-10,1677.300048828125,-0.62,2.53,0.01350520171763403,0.020000000000000018,0.009999999999999787,-0.6967261375691732,0.06138629130817852,-0.0494,0.0107
2013-01-11,1660.0,-0.63,2.52,-0.010367784461266183,-0.010000000000000009,-0.009999999999999787,-0.7143800499501558,0.05507794641283544,-0.0535,-0.0040999999999999
2013-01-14,1668.9000244140625,-0.66,2.55,0.005347139027603198,-0.030000000000000027,0.029999999999999805,-0.724812387155225,0.05892758940949597,-0.0582,-0.0047
2013-01-15,1683.4000244140625,-0.66,2.52,0.008650830902112716,0.0,-0.029999999999999805,-0.7097574899900543,0.0386423493227826,-0.0714,-0.0132
2013-01-16,1682.699951171875,-0.65,2.49,-0.0004159551156286412,0.010000000000000009,-0.029999999999999805,-0.6862201550141941,0.05747258465998816,-0.0802,-0.0087999999999999
2013-01-17,1690.4000244140625,-0.64,2.53,0.0045655845799430494,0.010000000000000009,0.03999999999999959,-0.6524103207538885,0.013712887845735187,-0.0622,0.0179999999999999
2013-01-18,1686.5999755859375,-0.66,2.53,-0.002250548079390846,-0.020000000000000018,0.0,-0.6372139239238767,0.017491138495390794,-0.0657,-0.0034999999999999
2013-01-23,1686.300048828125,-0.66,2.52,-0.003847182876657307,0.020000000000000018,-0.020000000000000018,-0.5616529642474404,0.013278140589818322,-0.0756,-0.0039
2013-01-24,1669.5,-0.62,2.5,-0.010012628248205147,0.040000000000000036,-0.020000000000000018,-0.4772283829502495,-0.013625101387776284,-0.0689,0.0066999999999999
2013-01-25,1656.4000244140625,-0.56,2.54,-0.007877592973066783,0.05999999999999994,0.040000000000000036,-0.4058483399381023,-0.052429899694850624,-0.0273,0.0416
2013-01-28,1652.4000244140625,-0.55,2.55,-0.002417796113122428,0.010000000000000009,0.009999999999999787,-0.3124382581658573,-0.08693355826405194,-0.007,0.0203
2013-01-29,1660.699951171875,-0.53,2.56,0.0050103795130516104,0.020000000000000018,0.010000000000000231,-0.275153563560862,0.00012564741424774464,0.0058,0.0127999999999999
2013-01-30,1679.9000244140625,-0.54,2.57,0.011495111538641467,-0.010000000000000009,0.009999999999999787,-0.13901276972423562,-0.0251640148894701,0.0071,0.0013
2013-01-31,1660.5999755859375,-0.57,2.59,-0.011555314223236302,-0.029999999999999916,0.020000000000000018,-0.09278906810756536,0.020781331999636526,0.0066,-0.0005
2013-02-01,1669.4000244140625,-0.55,2.59,0.00528532691511252,0.019999999999999907,0.0,-0.08164145764305779,0.09139734672432205,0.0148,0.0082
2013-02-04,1675.300048828125,-0.59,2.59,0.0035279878042961954,-0.039999999999999925,0.0,-0.07054947520012408,0.07033937210719088,0.0009,-0.0139
2013-02-05,1672.4000244140625,-0.55,2.59,-0.0017325477647567311,0.039999999999999925,0.0,-0.12487835822716728,0.0002098818787250458,0.0114,0.0105
2013-02-06,1677.699951171875,-0.58,2.58,0.003164043591519672,-0.029999999999999916,-0.009999999999999787,-0.15271439666224715,0.015162255755261964,-0.0008,-0.0122
2013-02-07,1670.4000244140625,-0.58,2.57,-0.004360645368130633,0.0,-0.010000000000000231,-0.1929689861049994,0.019104904544195795,-0.0095,-0.0087
2013-02-08,1666.0,-0.57,2.56,-0.0026375895772305924,0.010000000000000009,-0.009999999999999787,-0.25790595357830665,0.018761852828958456,-0.0095,0.0
2013-02-11,1648.199951171875,-0.58,2.57,-0.010741790022626319,-0.010000000000000009,0.009999999999999787,-0.3439779348926875,0.0461264937292548,-0.0085,0.0009999999999999
2013-02-12,1648.699951171875,-0.57,2.59,0.000303315246834579,0.010000000000000009,0.020000000000000018,-0.5145477125243886,0.043553629957814435,0.002,0.0105
2013-02-13,1644.199951171875,-0.54,2.59,-0.0027331549301568003,0.029999999999999916,0.0,-0.55029645192598,-0.06422648129972335,0.021,0.019
2013-02-14,1634.699951171875,-0.56,2.56,-0.00579464263345475,-0.020000000000000018,-0.029999999999999805,-0.5524570961430272,-0.11314774316537742,0.0047,-0.0163
2013-02-15,1608.800048828125,-0.53,2.54,-0.015970681578292734,0.030000000000000027,-0.020000000000000018,-0.6173767720806302,-0.09601780152574806,0.0038,-0.0009
2013-02-20,1577.5999755859375,-0.52,2.54,-0.016346397170893034,0.0,-0.009999999999999787,-0.670287744148168,-0.13192162699714766,0.0065,-0.0050999999999999
2013-02-21,1578.199951171875,-0.54,2.53,0.0003802367748857449,-0.020000000000000018,-0.010000000000000231,-0.6630559059165401,-0.13817051631778537,-0.0056,-0.0121
2013-02-22,1572.4000244140625,-0.57,2.54,-0.0036817960734820687,-0.029999999999999916,0.010000000000000231,-0.6315843861364426,-0.14764450057566442,-0.0159,-0.0103
2013-02-25,1586.199951171875,-0.62,2.5,0.008738057791807918,-0.050000000000000044,-0.040000000000000036,-0.5368609975262891,-0.29661810666445043,-0.0493,-0.0334
2013-02-26,1615.199951171875,-0.62,2.5,0.018117569902100783,0.0,0.0,-0.500082944259013,-0.28706797942538675,-0.0625,-0.0132
2013-02-27,1595.199951171875,-0.61,2.52,-0.01245966817007016,0.010000000000000009,0.020000000000000018,-0.4481806480640883,-0.2698326313689952,-0.0591,0.0034
2013-02-28,1577.699951171875,-0.64,2.53,-0.011031030283688459,-0.030000000000000027,0.009999999999999787,-0.31270409294352275,-0.2156846288137988,-0.0646,-0.0055
2013-03-01,1571.9000244140625,-0.67,2.53,-0.0036829650487248955,-0.030000000000000027,0.0,-0.1368796353061728,-0.20734618212655628,-0.076,-0.0113999999999999
2013-03-04,1572.0999755859375,-0.65,2.53,0.00012719540212824398,0.020000000000000018,0.0,-0.006247227846954515,-0.21174907451683767,-0.0726,0.0034
2013-03-05,1574.5999755859375,-0.65,2.55,0.0015889665775548067,0.0,0.020000000000000018,0.13141188928414885,-0.21252618016055808,-0.0629,0.0097
2013-03-06,1574.5999755859375,-0.61,2.56,0.0,0.040000000000000036,0.010000000000000231,0.28397260439246763,-0.17388515813342473,-0.0448,0.0180999999999999
2013-03-07,1574.800048828125,-0.56,2.56,0.00012705483006669738,0.04999999999999993,0.0,0.37620417078930785,-0.1445368573332594,-0.0178,0.027
2013-03-08,1576.5999755859375,-0.5,2.56,0.0011423030650430377,0.06000000000000005,0.0,0.3296422206694162,-0.07054883026625865,0.0151,0.0329
2013-03-11,1577.800048828125,-0.5,2.57,0.0007608884674095151,0.0,0.009999999999999787,0.24562734425212232,-0.020797821066994758,0.0261,0.011
2013-03-12,1591.5,-0.52,2.55,0.008645465114191175,-0.020000000000000018,-0.020000000000000018,0.20311946679974657,-0.05265535047884059,0.019,-0.0071
2013-03-13,1588.300048828125,-0.52,2.56,-0.002012675138656661,0.0,0.010000000000000231,0.14469146696801954,-0.07331699073658729,0.0193,0.0003
2013-03-14,1590.5999755859375,-0.53,2.57,0.0014469955905793697,-0.010000000000000009,0.009999999999999787,0.09367142665133475,-0.05957290173832356,0.0204,0.0011
2013-03-15,1592.5,-0.55,2.56,0.001193820272248125,-0.020000000000000018,-0.009999999999999787,0.08789584434201715,-0.1250606777936944,0.0053,-0.0151
2013-03-18,1604.5999755859375,-0.6,2.56,0.007569380658191349,-0.04999999999999993,0.0,0.06912856785432597,-0.21363545281028198,-0.0148,-0.0201
2013-03-19,1611.300048828125,-0.61,2.53,0.004166847778572347,-0.010000000000000009,-0.03000000000000025,0.09531538925862537,-0.19619139397040705,-0.0346,-0.0197999999999999
2013-03-20,1607.5,-0.57,2.53,-0.002361159771307797,0.040000000000000036,0.0,0.06810107144261315,-0.200473982439188,-0.0266,0.008
2013-03-21,1613.800048828125,-0.57,2.52,0.003911499559245968,0.0,-0.009999999999999787,0.08941210549429872,-0.180892798228828,-0.0296,-0.003
2013-03-22,1606.199951171875,-0.6,2.53,-0.004720566316438024,-0.030000000000000027,0.009999999999999787,0.10830292617519499,-0.15976661606238593,-0.0352,-0.0056
2013-03-25,1604.5999755859375,-0.6,2.53,-0.0009966212500724936,0.0,0.0,0.10915002082067587,-0.15773575242080082,-0.0397,-0.0044999999999999
2013-03-26,1595.800048828125,-0.61,2.53,-0.005499280632432324,-0.010000000000000009,0.0,0.12861071419469766,-0.1697744948151375,-0.0447,-0.0049999999999999
2013-03-27,1606.199951171875,-0.64,2.51,0.006495901882504818,-0.030000000000000027,-0.020000000000000018,0.10130268862900298,-0.20245998596116047,-0.0665,-0.0218
2013-03-28,1594.800048828125,-0.64,2.51,-0.007122743230299378,0.0,0.0,0.027735705168743657,-0.19800239617898888,-0.0693,-0.0027999999999999
2013-04-02,1575.0999755859375,-0.63,2.51,-0.015684882420190505,0.020000000000000018,0.0,-0.0531694421030191,-0.19435924724705333,-0.0682,0.0076
2013-04-03,1552.800048828125,-0.65,2.48,-0.014258962507669892,-0.020000000000000018,-0.029999999999999805,0.005100111065966263,-0.14295292811153723,-0.0859,-0.0177
2013-04-04,1551.800048828125,-0.7,2.48,-0.0006442053746882337,-0.04999999999999993,0.0,0.18442624839496588,-0.13494159891904048,-0.1085,-0.0225999999999999
2013-04-05,1575.4000244140625,-0.74,2.46,0.015093644840955989,-0.040000000000000036,-0.020000000000000018,0.24953342833488198,-0.20185201837678118,-0.1303,-0.0218
2013-04-08,1572.0,-0.69,2.45,-0.002160529777127884,0.050000000000000044,-0.009999999999999787,0.30650519924404657,-0.22355719213279576,-0.126,0.0042999999999999
2013-04-09,1586.199951171875,-0.67,2.45,0.008992493876984753,0.019999999999999907,0.0,0.30376758253499647,-0.13627448471794223,-0.1224,0.0036
2013-04-10,1558.300048828125,-0.6,2.44,-0.01774567308034225,0.07000000000000006,-0.010000000000000231,0.3043766262222891,-0.2994657459775743,-0.1024,0.0199999999999999
2013-04-11,1564.300048828125,-0.65,2.47,0.0038429559959709536,-0.050000000000000044,0.03000000000000025,0.3236565191211827,-0.3149467625681401,-0.1021,0.0003
2013-04-12,1501.0,-0.68,2.43,-0.04130691814830367,-0.030000000000000027,-0.040000000000000036,0.37167125652502786,-0.13677272975936136,-0.1224,-0.0203
2013-04-15,1360.5999755859375,-0.69,2.41,-0.09820579166610166,-0.009999999999999898,-0.020000000000000018,0.37841354405604405,-0.026530732700209274,-0.1357,-0.0132999999999999
2013-04-16,1386.800048828125,-0.65,2.4,0.019073209052712592,0.039999999999999925,-0.010000000000000231,0.3704866896291595,0.016753675986843984,-0.1295,0.0061999999999999
2013-04-17,1382.199951171875,-0.64,2.37,-0.0033225726891608076,0.010000000000000009,-0.029999999999999805,0.3647129793883327,0.01725457527752013,-0.1333,-0.0037999999999999
2013-04-18,1392.0,-0.55,2.27,0.007065164563453408,0.08999999999999997,-0.10000000000000009,0.2499060904266202,0.0533741607213929,-0.137,-0.0037
2013-04-19,1395.300048828125,-0.59,2.32,0.0023679189985097437,-0.039999999999999925,0.04999999999999982,0.20444161304673764,0.032648334880571055,-0.1338,0.0032
2013-04-22,1421.0,-0.63,2.35,0.01825136820422557,-0.040000000000000036,0.03000000000000025,0.20013086819892464,-0.018772340665417706,-0.1368,-0.003
2013-04-23,1408.5999755859375,-0.64,2.38,-0.008764563117938273,-0.010000000000000009,0.029999999999999805,0.19757717129866564,-0.018370491673989724,-0.1339,0.0029
2013-04-24,1423.4000244140625,-0.65,2.38,0.010452107037941971,-0.010000000000000009,0.0,0.18623855774369225,-0.013133838085311968,-0.1366,-0.0027
2013-04-25,1461.800048828125,-0.66,2.4,0.026620193431925898,-0.010000000000000009,0.020000000000000018,0.1692929933986179,-0.020288083636719623,-0.1322,0.0043999999999999
2013-04-26,1453.5999755859375,-0.68,2.38,-0.005625365162654106,-0.020000000000000018,-0.020000000000000018,0.1553401538242721,-0.017391703523941156,-0.1454,-0.0131999999999999
2013-04-29,1467.4000244140625,-0.67,2.37,0.009448922631150936,0.010000000000000009,-0.009999999999999787,0.12759813525405506,-0.006614890323376883,-0.1507,-0.0052999999999999
2013-04-30,1472.199951171875,-0.64,2.34,0.003265703540304088,0.030000000000000027,-0.03000000000000025,0.10019144129450008,0.024379631410481155,-0.1508,-9.9999999999989e-05
2013-05-01,1446.300048828125,-0.64,2.3,-0.017749242617428607,0.0,-0.040000000000000036,0.07413783256257526,0.026453504580604657,-0.165,-0.0142
2013-05-02,1467.699951171875,-0.62,2.28,0.014687911508286078,0.020000000000000018,-0.020000000000000018,-0.0015776750744183738,0.04226493392254529,-0.1695,-0.0045
2013-05-03,1464.300048828125,-0.53,2.31,-0.0023191704417664383,0.08999999999999997,0.03000000000000025,-0.12097896638301626,0.04089693538637068,-0.1298,0.0397
2013-05-06,1468.0999755859375,-0.51,2.31,0.0025916852087926046,0.020000000000000018,0.0,-0.18239622825632726,0.04327616554455753,-0.1095,0.0203
2013-05-07,1449.0,-0.5,2.32,-0.013095367795032509,0.010000000000000009,0.009999999999999787,-0.2500498765500178,0.04064180650575048,-0.0958,0.0137
2013-05-08,1473.9000244140625,-0.48,2.29,0.017038302086289647,0.020000000000000018,-0.029999999999999805,-0.265237464260991,0.051756746038551994,-0.0953,0.0005
2013-05-09,1468.800048828125,-0.5,2.31,-0.003466191297197163,-0.020000000000000018,0.020000000000000018,-0.26367579087885024,0.06600462634794989,-0.0947,0.0005999999999999
2013-05-10,1436.800048828125,-0.45,2.35,-0.022027321577899883,0.04999999999999999,0.040000000000000036,-0.2838805135666807,0.03003133142727606,-0.0619,0.0328
2013-05-13,1434.5,-0.41,2.33,-0.0016020961104556974,0.040000000000000036,-0.020000000000000018,-0.29125199958026354,0.03686251841138195,-0.0445,0.0174
2013-05-14,1424.699951171875,-0.37,2.33,-0.0068551254707998055,0.03999999999999998,0.0,-0.3146178430490874,0.038046655424771654,-0.0267,0.0177999999999999
2013-05-15,1396.5,-0.36,2.3,-0.01999212456538757,0.010000000000000009,-0.03000000000000025,-0.35136451999907103,0.025395280127332533,-0.024,0.0027
2013-05-16,1387.0999755859375,-0.4,2.27,-0.006753887216782495,-0.040000000000000036,-0.029999999999999805,-0.36082495368046796,0.038922853732204644,-0.0469,-0.0228999999999999
2013-05-17,1364.9000244140625,-0.31,2.26,-0.01613403541922942,0.09000000000000002,-0.010000000000000231,-0.3674774984456779,0.041016048760589806,-0.0263,0.0205999999999999
2013-05-20,1384.300048828125,-0.31,2.28,0.014113448217259794,0.0,0.020000000000000018,-0.365869629354327,0.02816218674350257,-0.0164,0.0098999999999999
2013-05-21,1377.800048828125,-0.34,2.28,-0.004706572368188056,-0.030000000000000027,0.0,-0.3684048572465961,0.024021212831578608,-0.0215,-0.0050999999999999
2013-05-22,1367.5999755859375,-0.24,2.27,-0.007430698684902204,0.10000000000000003,-0.009999999999999787,-0.43102150969190284,0.04182362984113491,0.0101,0.0315999999999999
2013-05-23,1392.0,-0.24,2.26,0.017684200980975895,0.0,-0.010000000000000231,-0.4356906313902107,0.05114253661960739,0.0206,0.0105
2013-05-24,1386.800048828125,-0.26,2.27,-0.0037425918742926,-0.020000000000000018,0.010000000000000231,-0.42188730625436555,-0.011053876322072897,0.0221,0.0015
2013-05-29,1391.300048828125,-0.1,2.23,0.008807502165757874,0.04000000000000001,-0.06000000000000005,-0.6179515629524034,-0.22438761347262717,0.0832,0.0087
2013-05-30,1411.5,-0.05,2.18,0.014414371750389066,0.05,-0.04999999999999982,-0.6437766529199536,-0.19322698910845545,0.0875,0.0042999999999999
2013-05-31,1392.5999755859375,-0.05,2.21,-0.01348048271637925,0.0,0.029999999999999805,-0.6745021658042456,-0.21365502233140848,0.104,0.0165
2013-06-03,1411.699951171875,-0.07,2.2,0.013622131324814823,-0.020000000000000004,-0.009999999999999787,-0.6915851848372472,-0.2376088523992536,0.099,-0.0049999999999999
2013-06-04,1397.0999755859375,-0.05,2.19,-0.010395975120352396,0.020000000000000004,-0.010000000000000231,-0.7074212068683524,-0.18062800627964282,0.1063,0.0073
2013-06-05,1398.4000244140625,-0.06,2.16,0.0009301011782127944,-0.009999999999999995,-0.029999999999999805,-0.7416217382230252,-0.2014269544935874,0.0948,-0.0115
2013-06-06,1415.699951171875,-0.05,2.13,0.012295330550164962,0.009999999999999995,-0.03000000000000025,-0.7418119357489696,-0.1887882555648185,0.0846,-0.0102
2013-06-07,1383.0,0.03,2.14,-0.023369021245246202,0.08,0.010000000000000231,-0.7375874284387126,-0.2195632905548224,0.1175,0.0329
2013-06-10,1386.199951171875,0.11,2.11,0.002311102594680925,0.08,-0.03000000000000025,-0.7288095682325867,-0.21386252039672823,0.1421,0.0246
2013-06-11,1377.0,0.13,2.07,-0.006658935530785115,0.020000000000000004,-0.040000000000000036,-0.7167215025130377,-0.2019100387487802,0.1453,0.0032
2013-06-12,1391.800048828125,0.21,2.04,0.010690688764811718,0.07999999999999999,-0.029999999999999805,-0.6735617639322938,-0.15018786423702352,0.1608,0.0154999999999999
2013-06-13,1377.5999755859375,0.15,2.04,-0.010255071542170313,-0.06,0.0,-0.6691984416693594,-0.12467285716931113,0.1471,-0.0136999999999999
2013-06-14,1387.300048828125,0.09,2.05,0.007016610331898043,-0.06,0.009999999999999787,-0.6339852943217459,-0.16116544949542333,0.119,-0.0281
2013-06-17,1382.800048828125,0.15,2.04,-0.003248982924671573,0.06,-0.009999999999999787,-0.6050202003966761,-0.1664388230464573,0.1264,0.0074
2013-06-18,1366.5999755859375,0.14,2.06,-0.011784578876664398,-0.009999999999999981,0.020000000000000018,-0.585330719484536,-0.14384565912648212,0.1307,0.0042999999999999
2013-06-19,1373.5999755859375,0.29,2.04,0.005109127327629359,0.14999999999999997,-0.020000000000000018,-0.5592425752230571,-0.08788783600695273,0.1918,0.0610999999999999
2013-06-20,1285.9000244140625,0.46,1.95,-0.06597613154712167,0.17000000000000004,-0.09000000000000008,-0.6250985753928388,-0.3744812805557117,0.241,0.0491999999999999
2013-06-21,1291.5999755859375,0.59,1.93,0.004422859719569239,0.12999999999999995,-0.020000000000000018,-0.67977886847718,-0.32947065899339345,0.3002,0.0592
2013-06-24,1276.800048828125,0.64,1.93,-0.011524755043812007,0.050000000000000044,0.0,-0.7308341983448184,-0.3302112847376871,0.3406,0.0403999999999999
2013-06-25,1274.800048828125,0.64,1.96,-0.0015676440923648727,0.0,0.030000000000000027,-0.7628993019923633,-0.3316309447922531,0.3597,0.0191
2013-06-26,1229.5999755859375,0.6,1.95,-0.036100448476660496,-0.040000000000000036,-0.010000000000000009,-0.7741218069025619,-0.22707128776631774,0.3484,-0.0113
2013-06-27,1211.4000244140625,0.5,1.99,-0.0149121576686575,-0.09999999999999998,0.040000000000000036,-0.7739611567074286,-0.1827107666657178,0.32,-0.0283999999999999
2013-06-28,1223.800048828125,0.53,1.99,0.010184076226777528,0.030000000000000027,0.0,-0.7974397279852667,-0.18883477318667236,0.3272,0.0071999999999999
2013-07-01,1255.9000244140625,0.48,2.02,0.025891654536359,-0.050000000000000044,0.030000000000000027,-0.8265222297986932,-0.22478795205564772,0.3216,-0.0055999999999999
2013-07-02,1243.5999755859375,0.44,2.04,-0.009842086910742509,-0.03999999999999998,0.020000000000000018,-0.8379739676396283,-0.1988371526790859,0.3171,-0.0045
2013-07-03,1252.0999755859375,0.48,2.04,0.006811742623574979,0.03999999999999998,0.0,-0.8620375795555393,-0.19803380891282535,0.3315,0.0144
2013-07-08,1234.9000244140625,0.58,2.07,0.01797580845034563,-0.08000000000000007,0.0,-0.9017395551320033,-0.31883173106125035,0.4099,-0.0075999999999999
2013-07-09,1245.9000244140625,0.59,2.06,0.00886816500649168,0.010000000000000009,-0.009999999999999787,-0.9190014389570397,-0.32399475045653237,0.4068,-0.0030999999999999
2013-07-10,1247.4000244140625,0.64,2.06,0.0012032247636408755,0.050000000000000044,0.0,-0.9291180987361554,-0.3246608293876961,0.4218,0.015
2013-07-11,1280.0999755859375,0.56,2.04,0.02587677612608541,-0.07999999999999996,-0.020000000000000018,-0.9295740653607846,-0.3814206650484964,0.3824,-0.0393999999999999
2013-07-12,1277.800048828125,0.55,2.06,-0.0017982934091742564,-0.010000000000000009,0.020000000000000018,-0.9250980308909138,-0.40033856350989705,0.3777,-0.0047
2013-07-15,1283.800048828125,0.47,2.1,0.0046845805308430855,-0.08000000000000007,0.040000000000000036,-0.9240163983647834,-0.41286721991703784,0.3613,-0.0163999999999999
2013-07-16,1290.800048828125,0.41,2.14,0.005437751093870347,-0.06,0.040000000000000036,-0.918455763495218,-0.4121465346606078,0.3492,-0.0121
2013-07-17,1277.9000244140625,0.38,2.14,-0.010044094286119076,-0.02999999999999997,0.0,-0.9122670526891825,-0.4013301827064272,0.3299,-0.0192999999999999
2013-07-18,1284.5999755859375,0.38,2.18,0.005229242099018094,0.0,0.040000000000000036,-0.9063679185395425,-0.4013424745912968,0.3381,0.0081999999999999
2013-07-19,1293.300048828125,0.29,2.21,0.006749762357370237,-0.09000000000000002,0.029999999999999805,-0.8870697595732242,-0.4143988365405032,0.322,-0.0161
2013-07-22,1336.4000244140625,0.28,2.22,0.03278232057525443,-0.009999999999999953,0.010000000000000231,-0.8814801488692526,-0.3862467448832029,0.3156,-0.0064
2013-07-23,1335.0999755859375,0.33,2.2,-0.0009732726413984594,0.04999999999999999,-0.020000000000000018,-0.8707851524814602,-0.3958623348701407,0.3224,0.0068
2013-07-24,1319.699951171875,0.44,2.17,-0.011601776086361149,0.10999999999999999,-0.03000000000000025,-0.8540319586106562,-0.405374330217218,0.3539,0.0314999999999999
2013-07-25,1329.0,0.44,2.17,0.007022378689875097,0.0,0.0,-0.8362156365747289,-0.4337354768883539,0.3618,0.0079
2013-07-26,1321.699951171875,0.43,2.15,-0.005508029892910216,-0.010000000000000009,-0.020000000000000018,-0.8123606318210062,-0.45249454555783875,0.3547,-0.0070999999999999
2013-07-29,1328.4000244140625,0.45,2.16,0.005056479060803198,0.020000000000000018,0.010000000000000231,-0.7671559565116702,-0.4442187082231862,0.3628,0.0080999999999999
2013-07-30,1324.0,0.46,2.17,-0.0033177713841849865,0.010000000000000009,0.009999999999999787,-0.7122320789739557,-0.44522469845884927,0.3703,0.0075
2013-07-31,1312.4000244140625,0.38,2.22,-0.008799916807399555,-0.08000000000000002,0.050000000000000266,-0.6661567850129952,-0.4259343534236453,0.367,-0.0033
2013-08-01,1311.0,0.48,2.26,-0.0010673359258541737,0.09999999999999998,0.03999999999999959,-0.6107281743428387,-0.4635023623956796,0.418,0.0509999999999999
2013-08-02,1310.5999755859375,0.42,2.21,-0.0003051757864609428,-0.06,-0.04999999999999982,-0.6166251226850018,-0.28138030625089977,0.3865,-0.0314999999999999
2013-08-05,1302.5999755859375,0.42,2.25,-0.006122780607500822,0.0,0.040000000000000036,-0.6440741167599902,-0.3204486341735452,0.3892,0.0026999999999999
2013-08-06,1283.199951171875,0.39,2.28,-0.0150053283093321,-0.02999999999999997,0.029999999999999805,-0.6617942352414112,-0.28485301617421,0.3918,0.0025999999999999
2013-08-07,1286.0999755859375,0.35,2.26,0.0022574442286140695,-0.040000000000000036,-0.020000000000000018,-0.6771240727555436,-0.2854675336808615,0.3768,-0.0149999999999999
2013-08-08,1310.699951171875,0.34,2.24,0.0189469440830079,-0.009999999999999953,-0.019999999999999574,-0.6606115486417143,-0.3603096692796129,0.3661,-0.0107
2013-08-09,1312.9000244140625,0.33,2.24,0.001677141163559881,-0.010000000000000009,0.0,-0.6837094714372469,-0.45297119372304856,0.3609,-0.0051999999999999
2013-08-12,1334.699951171875,0.37,2.24,0.016468061360921382,0.03999999999999998,0.0,-0.6846630990445907,-0.43053200832231,0.3682,0.0073
2013-08-13,1321.199951171875,0.48,2.23,-0.010166133337281558,0.10999999999999999,-0.010000000000000231,-0.6626226590694495,-0.4404635852995179,0.4118,0.0435999999999999
2013-08-14,1334.0,0.5,2.21,0.00964156991634102,0.020000000000000018,-0.020000000000000018,-0.6467176032499868,-0.46107920516606377,0.4243,0.0125
2013-08-15,1361.5999755859375,0.6,2.17,0.020478513413118904,0.09999999999999998,-0.040000000000000036,-0.4883269089927965,-0.37035499126231924,0.4502,0.0258999999999999
2013-08-16,1371.699951171875,0.68,2.16,0.007390349998876999,0.08000000000000007,-0.009999999999999787,-0.13930559456815303,-0.14299399044416017,0.4855,0.0353
2013-08-19,1366.199951171875,0.75,2.13,-0.004017683329916366,0.06999999999999995,-0.03000000000000025,0.1330532113997466,-0.1126673630147064,0.5113,0.0257999999999999
2013-08-20,1373.0999755859375,0.67,2.15,0.005037811989806684,-0.07999999999999996,0.020000000000000018,0.3400277335268606,-0.11839529198670817,0.4985,-0.0127999999999999
2013-08-21,1370.5999755859375,0.73,2.14,-0.0018223572084146156,0.05999999999999994,-0.009999999999999787,0.5917996292691501,-0.12719994823849037,0.5213,0.0227999999999999
2013-08-22,1371.199951171875,0.79,2.11,0.0004376508946979385,0.06000000000000005,-0.03000000000000025,0.6975047954082728,-0.03739686419409302,0.5466,0.0252999999999999
2013-08-23,1395.699951171875,0.69,2.13,0.01770981329617438,-0.10000000000000009,0.020000000000000018,0.7838836749013911,-0.1202094208817492,0.529,-0.0175999999999999
2013-08-26,1393.0,0.64,2.15,-0.0019363517501069794,-0.04999999999999993,0.020000000000000018,0.8124679096647244,-0.10019878936343357,0.5078,-0.0211999999999999
2013-08-27,1420.5999755859375,0.57,2.15,0.019619605598163226,-0.07000000000000006,0.0,0.7741467225414786,-0.1502241124854728,0.473,-0.0348
2013-08-28,1419.0,0.63,2.15,-0.0011269022179263288,0.06000000000000005,0.0,0.7704013221418405,-0.18961383515253985,0.4872,0.0142
2013-08-29,1412.9000244140625,0.65,2.1,-0.00430805110888155,0.020000000000000018,-0.04999999999999982,0.7735637707045572,-0.1915919913580904,0.4805,-0.0067
2013-08-30,1396.0999755859375,0.68,2.1,-0.011961729543889632,0.030000000000000027,0.0,0.7712051660815695,-0.18913461986561902,0.492,0.0115
2013-09-04,1389.9000244140625,0.83,2.07,-0.01577531939713772,0.06999999999999995,-0.03000000000000025,0.8245025857124507,-0.1730337078922991,0.5519,0.0281999999999998
2013-09-05,1373.0999755859375,0.92,2.06,-0.012160880108594618,0.09000000000000008,-0.009999999999999787,0.7854763435790101,-0.16343699447691368,0.5981,0.0462
2013-09-06,1386.699951171875,0.87,2.07,0.009855849000619088,-0.050000000000000044,0.009999999999999787,0.7810907370516864,-0.18433601051205964,0.5867,-0.0113999999999999
2013-09-09,1386.800048828125,0.84,2.06,7.218147199861136e-05,-0.030000000000000027,-0.009999999999999787,0.777951168410174,-0.19019554447155218,0.5682,-0.0184999999999999
2013-09-10,1364.0999755859375,0.86,2.1,-0.016504117418558728,0.020000000000000018,0.040000000000000036,0.7541967018649577,-0.1886697595119192,0.5866,0.0183999999999999
2013-09-11,1363.9000244140625,0.8,2.13,-0.00014659176849995958,-0.05999999999999994,0.029999999999999805,0.7394402895892069,-0.18144805665116528,0.5701,-0.0164999999999999
2013-09-12,1330.4000244140625,0.81,2.11,-0.024868593603377676,0.010000000000000009,-0.020000000000000018,0.6810223206674304,-0.2137128731770929,0.5668,-0.0033
2013-09-13,1308.4000244140625,0.8,2.1,-0.01667463190592855,-0.010000000000000009,-0.009999999999999787,0.6038352825971393,-0.1901237840782514,0.5615,-0.0052999999999999
2013-09-16,1317.9000244140625,0.76,2.12,0.007234543851109443,-0.040000000000000036,0.020000000000000018,0.5450618932344427,-0.21027481510813958,0.5439,-0.0175999999999999
2013-09-17,1309.5,0.7,2.16,-0.006394194227050676,-0.06000000000000005,0.040000000000000036,0.48828451619096325,-0.1864551809004204,0.5303,-0.0136
2013-09-18,1307.800048828125,0.49,2.2,-0.0012990114845123912,-0.20999999999999996,0.040000000000000036,0.45617209565539935,-0.1675699387076597,0.4561,-0.0741999999999999
2013-09-19,1369.4000244140625,0.55,2.21,0.046026332051999574,0.06000000000000005,0.009999999999999787,0.36765847268438717,-0.0543340227265791,0.4594,0.0032999999999999
2013-09-20,1332.5,0.52,2.23,-0.027315828475254378,-0.030000000000000027,0.020000000000000018,0.31724011213766884,-0.009937660728544998,0.4592,-0.0001999999999999
2013-09-23,1326.9000244140625,0.46,2.26,-0.004211464098284878,-0.06,0.029999999999999805,0.2739853410142864,0.0002720970161601142,0.4453,-0.0139
2013-09-24,1316.0,0.48,2.19,-0.008248580056451793,0.019999999999999962,-0.06999999999999984,0.2870527139606707,-0.02282202519466577,0.4243,-0.0209999999999999
2013-09-25,1335.9000244140625,0.45,2.18,0.015008407385870726,-0.02999999999999997,-0.009999999999999787,0.2717517304284481,-0.0029389671287300815,0.4021,-0.0221999999999999
2013-09-26,1323.5999755859375,0.47,2.19,-0.009249961668873041,0.019999999999999962,0.009999999999999787,0.2883853801076279,-0.015911215636294555,0.4064,0.0042999999999999
2013-09-27,1338.4000244140625,0.46,2.18,0.01111961031158426,-0.009999999999999953,-0.009999999999999787,0.3121145156014518,-0.09454775176183647,0.3972,-0.0091999999999999
2013-09-30,1326.5,0.45,2.19,-0.008930994336050269,-0.010000000000000009,0.009999999999999787,0.34610633313155875,-0.12161923680666346,0.3935,-0.0036999999999999
2013-10-01,1286.0,0.46,2.2,-0.031007268780229857,0.010000000000000009,0.010000000000000231,0.4013712325882322,-0.12900518017633458,0.4002,0.0066999999999999
2013-10-02,1320.5999755859375,0.43,2.2,0.026549534475807768,-0.030000000000000027,0.0,0.4278764804320442,-0.12912653270101823,0.3882,-0.012
2013-10-03,1317.4000244140625,0.43,2.19,-0.0024260445347756843,0.0,-0.010000000000000231,0.449130032361188,-0.13096948273049452,0.3792,-0.009
2013-10-04,1309.699951171875,0.46,2.2,-0.005862049685156023,0.030000000000000027,0.010000000000000231,0.4662660349411617,-0.1435929364708214,0.3956,0.0164
2013-10-07,1324.800048828125,0.45,2.2,0.011463475434532633,-0.010000000000000009,0.0,0.4746791644717531,-0.08792094876082658,0.395,-0.0005999999999999
2013-10-08,1324.199951171875,0.48,2.18,-0.00045307487090617826,0.02999999999999997,-0.020000000000000018,0.4897145710448776,-0.08681771605919769,0.399,0.004
2013-10-09,1306.9000244140625,0.47,2.21,-0.013150527333181117,-0.010000000000000009,0.029999999999999805,0.5570547410560934,-0.03371555646411965,0.4002,0.0011999999999999
2013-10-10,1296.5999755859375,0.5,2.21,-0.007912504372284523,0.030000000000000027,0.0,0.6018915807500396,-0.04515954095020643,0.4112,0.011
2013-10-11,1268.0,0.5,2.2,-0.022304578914430273,0.0,-0.009999999999999787,0.6287756853826861,-0.04665974386994948,0.4092,-0.002
2013-10-16,1282.0,0.5,2.19,0.007045038923208402,-0.040000000000000036,-0.020000000000000018,0.6207998803754287,-0.08683754495592665,0.3987,-0.0176
2013-10-17,1322.699951171875,0.45,2.16,0.031253706635890666,-0.04999999999999999,-0.029999999999999805,0.5793588738232236,-0.09387123690061074,0.3701,-0.0286
2013-10-18,1314.4000244140625,0.42,2.18,-0.006294758819145763,-0.030000000000000027,0.020000000000000018,0.527867413691133,-0.052365723725568906,0.3626,-0.0075
2013-10-21,1315.699951171875,0.44,2.19,0.0009884999625331403,0.020000000000000018,0.009999999999999787,0.4417789469623235,-0.032371929133333394,0.3719,0.0093
2013-10-22,1342.5,0.37,2.17,0.020164741123126717,-0.07,-0.020000000000000018,0.26692480780981376,-0.07729594958560866,0.3423,-0.0296
2013-10-23,1333.9000244140625,0.36,2.15,-0.0064265469332536185,-0.010000000000000009,-0.020000000000000018,0.09234544590903125,-0.057385551495900654,0.3255,-0.0167999999999999
2013-10-24,1350.199951171875,0.36,2.17,0.012145692994379509,0.0,0.020000000000000018,-0.14438000079302024,-0.048728247881869774,0.3283,0.0027999999999999
2013-10-25,1352.4000244140625,0.34,2.19,0.0016281164419824634,-0.019999999999999962,0.020000000000000018,-0.28939548009175325,-0.02435917060161868,0.3232,-0.0050999999999999
2013-10-28,1352.0,0.35,2.19,-0.0002958322832187221,0.009999999999999953,0.0,-0.3417192305262021,-0.02191222720066099,0.3244,0.0012
2013-10-29,1345.199951171875,0.35,2.18,-0.0050423130348367096,0.0,-0.009999999999999787,-0.45118641952198957,-0.018615621903343624,0.3197,-0.0047
2013-10-30,1349.0,0.37,2.18,0.00282091263968276,0.020000000000000018,0.0,-0.536352477929183,-0.031152192804934253,0.3253,0.0055999999999999
2013-10-31,1323.5999755859375,0.4,2.17,-0.019008298605495355,0.030000000000000027,-0.010000000000000231,-0.524892621959119,-0.12365676876486958,0.3334,0.0080999999999999
2013-11-01,1313.0999755859375,0.5,2.15,-0.007964543329991969,0.09999999999999998,-0.020000000000000018,-0.7472866127985601,-0.38562167616708365,0.3644,0.031
2013-11-04,1314.5999755859375,0.5,2.13,0.0011416829857315847,0.0,-0.020000000000000018,-0.7993479335324016,-0.4722682519968332,0.3673,0.0029
2013-11-05,1308.0,0.55,2.14,-0.00503316524085573,0.050000000000000044,0.010000000000000231,-0.786367741235723,-0.516700572602609,0.3874,0.0201
2013-11-06,1317.699951171875,0.48,2.19,0.007388502478491432,-0.07000000000000006,0.04999999999999982,-0.784946457749732,-0.5105220706074712,0.381,-0.0064
2013-11-07,1308.4000244140625,0.46,2.17,-0.007082720171927903,-0.019999999999999962,-0.020000000000000018,-0.7963828284713959,-0.4794341161704631,0.3647,-0.0162999999999999
2013-11-08,1284.5,0.59,2.18,-0.01843549777376907,0.12999999999999995,0.010000000000000231,-0.8153800481465054,-0.5156120936954758,0.4117,0.0469999999999999
2013-11-13,1268.300048828125,0.58,2.17,-0.0022051885213283384,-0.040000000000000036,-0.010000000000000231,-0.8723162344591195,-0.5187332937956198,0.4269,-0.0121
2013-11-14,1286.199951171875,0.51,2.18,0.01401463716541329,-0.06999999999999995,0.010000000000000231,-0.8895266947053644,-0.5846733438488211,0.3991,-0.0277999999999999
2013-11-15,1287.300048828125,0.53,2.18,0.0008549428585640229,0.020000000000000018,0.0,-0.8925206386858503,-0.5819934993465677,0.3988,-0.0003
2013-11-18,1272.199951171875,0.48,2.19,-0.011799392732389613,-0.050000000000000044,0.009999999999999787,-0.8700759120116317,-0.5242622794981091,0.3831,-0.0156999999999999
2013-11-19,1273.4000244140625,0.53,2.18,0.0009428608914205938,0.050000000000000044,-0.009999999999999787,-0.8716369338432425,-0.5045029115855627,0.394,0.0109
2013-11-20,1257.9000244140625,0.64,2.16,-0.01224682450185366,0.10999999999999999,-0.020000000000000018,-0.8866060733723053,-0.5257658885474079,0.4198,0.0257999999999999
2013-11-21,1243.5,0.6,2.19,-0.011513699009954692,-0.040000000000000036,0.029999999999999805,-0.8997411146860006,-0.49178445261424425,0.4269,0.0070999999999999
2013-11-22,1244.0,0.56,2.19,0.0004020100556649808,-0.039999999999999925,0.0,-0.8931687674193463,-0.5086247774073809,0.4206,-0.0063
2013-11-25,1241.0999755859375,0.56,2.18,-0.0023339308349594745,0.0,-0.009999999999999787,-0.8874163287608683,-0.5033988923313478,0.4135,-0.0070999999999999
2013-11-26,1241.4000244140625,0.54,2.17,0.00024173118194248389,-0.020000000000000018,-0.010000000000000231,-0.8830704705334446,-0.538556018726376,0.3999,-0.0136
2013-11-27,1237.800048828125,0.58,2.16,-0.0029041448933400105,0.039999999999999925,-0.009999999999999787,-0.8831995218744497,-0.5565915214806738,0.4074,0.0075
2013-12-02,1222.300048828125,0.66,2.15,-0.02288904688035931,0.06000000000000005,0.0,-0.9017338376788335,-0.5357195088353858,0.4413,0.0257
2013-12-03,1221.699951171875,0.64,2.15,-0.0004910782883058573,-0.020000000000000018,0.0,-0.908196657325233,-0.5526683816007726,0.4383,-0.003
2013-12-04,1248.199951171875,0.73,2.11,0.021459182938458277,0.08999999999999997,-0.040000000000000036,-0.8930183982396528,-0.36843170258275276,0.4618,0.0234999999999999
2013-12-05,1233.199951171875,0.76,2.12,-0.012090096963768282,0.030000000000000027,0.010000000000000231,-0.8837696247250628,-0.297832532005051,0.4838,0.022
2013-12-06,1230.300048828125,0.77,2.11,-0.0023542956632374157,0.010000000000000009,-0.010000000000000231,-0.8782052880868486,-0.3055479089382652,0.4923,0.0085
2013-12-09,1235.300048828125,0.74,2.12,0.00405581331600402,-0.030000000000000027,0.010000000000000231,-0.8691708393695436,-0.3189722138269273,0.4905,-0.0018
2013-12-10,1262.4000244140625,0.69,2.12,0.021700795360903413,-0.050000000000000044,0.0,-0.8442954225649444,-0.37005543896404053,0.4695,-0.021
2013-12-11,1258.5,0.71,2.15,-0.0030941548556420173,0.020000000000000018,0.029999999999999805,-0.8125774211209095,-0.3702626840584534,0.4792,0.0097
2013-12-12,1226.0,0.75,2.14,-0.026163698079213482,0.040000000000000036,-0.009999999999999787,-0.7932214810682784,-0.3799528952583704,0.4998,0.0206
2013-12-13,1235.699951171875,0.72,2.16,0.0078807340994409,-0.030000000000000027,0.020000000000000018,-0.7601988318006034,-0.4002414426622841,0.5034,0.0035999999999999
2013-12-16,1245.5,0.71,2.18,0.007899484106637544,-0.010000000000000009,0.020000000000000018,-0.725131497917269,-0.403347928025144,0.5072,0.0038
2013-12-17,1231.199951171875,0.67,2.18,-0.011547791836537868,-0.039999999999999925,0.0,-0.7129971631856441,-0.3573552148360342,0.4937,-0.0134999999999999
2013-12-18,1236.0999755859375,0.72,2.17,0.003971978277199639,0.04999999999999993,-0.010000000000000231,-0.7011316842821055,-0.3351425458949801,0.5023,0.0085999999999999
2013-12-19,1195.0,0.79,2.15,-0.03381505677728658,0.07000000000000006,-0.020000000000000018,-0.7373780802075385,-0.3899091250728685,0.5318,0.0295
2013-12-20,1205.0999755859375,0.73,2.16,0.008416345408783776,-0.06000000000000005,0.010000000000000231,-0.7187952272076461,-0.3908857346094438,0.5347,0.0028999999999999
2013-12-23,1198.4000244140625,0.76,2.18,-0.005575176639224466,0.030000000000000027,0.020000000000000018,-0.6901399069804044,-0.40146346464539107,0.5497,0.015
2013-12-24,1205.0999755859375,0.8,2.19,0.005575176639224466,0.040000000000000036,0.009999999999999787,-0.7168629283619817,-0.32365407699717985,0.5756,0.0259
2013-12-27,1216.0999755859375,0.8,2.22,0.0016459554700949397,0.0,0.020000000000000018,-0.7367166188659509,-0.32462544753576666,0.5923,0.0056
2013-12-30,1203.0999755859375,0.76,2.23,-0.010747458164401813,-0.040000000000000036,0.009999999999999787,-0.7135015786724122,-0.2373873348408718,0.5827,-0.0096
2013-12-31,1201.9000244140625,0.8,2.24,-0.0009978804752162063,0.040000000000000036,0.010000000000000231,-0.699608093637317,-0.23559090462497329,0.5992,0.0164999999999999
2014-01-03,1238.4000244140625,0.75,2.26,0.010879399570833392,0.010000000000000009,0.0,-0.579304253739927,-0.34895958288526424,0.5934,0.0029
2014-01-06,1237.800048828125,0.72,2.26,-0.0004845937968926961,-0.030000000000000027,0.0,-0.5607872634948187,-0.30884011608483664,0.5826,-0.0108
2014-01-07,1229.4000244140625,0.7,2.26,-0.006809384421340603,-0.020000000000000018,0.0,-0.5470809500966545,-0.3382384758256453,0.5727,-0.0099
2014-01-08,1225.300048828125,0.72,2.29,-0.003340513526092437,0.020000000000000018,0.03000000000000025,-0.5323942296146178,-0.3449450059742838,0.5957,0.023
2014-01-09,1229.300048828125,0.66,2.31,0.0032591895882276845,-0.05999999999999994,0.020000000000000018,-0.5223507010207573,-0.34586754934703595,0.5906,-0.0050999999999999
2014-01-10,1246.699951171875,0.59,2.29,0.014055079791468472,-0.07000000000000006,-0.020000000000000018,-0.5529789099033874,-0.38617481302902806,0.5468,-0.0438
2014-01-13,1250.9000244140625,0.57,2.27,0.003363290552861997,-0.020000000000000018,-0.020000000000000018,-0.5966156102573114,-0.38657155248191,0.5222,-0.0245999999999999
2014-01-14,1245.199951171875,0.62,2.26,-0.004567191383518576,0.050000000000000044,-0.010000000000000231,-0.5844075781225847,-0.4091054362606095,0.5319,0.0097
2014-01-15,1238.0999755859375,0.62,2.28,-0.005718193646703007,0.0,0.020000000000000018,-0.6067963230066076,-0.3536157544474256,0.5428,0.0108999999999999
2014-01-16,1240.0,0.61,2.25,0.001533452891411713,-0.010000000000000009,-0.029999999999999805,-0.6429823521325616,-0.35642176776128026,0.532,-0.0107999999999999
2014-01-17,1251.699951171875,0.58,2.26,0.009391208725446631,-0.030000000000000027,0.009999999999999787,-0.685751537225741,-0.5756970421393925,0.5212,-0.0108
2014-01-22,1239.0,0.62,2.25,-0.0026599368951050195,0.030000000000000027,-0.009999999999999787,-0.7081208437757541,-0.5626798346208163,0.5386,0.0148999999999999
2014-01-23,1262.5999755859375,0.66,2.13,0.018868464968043064,0.040000000000000036,-0.1200000000000001,-0.7104825022729541,-0.46656748194397246,0.5089,-0.0296999999999999
2014-01-24,1264.5,0.61,2.14,0.001503719512834678,-0.050000000000000044,0.010000000000000231,-0.7536824328709618,-0.41947958635010474,0.4862,-0.0226999999999999
2014-01-27,1263.5999755859375,0.64,2.14,-0.000712016503126911,0.030000000000000027,0.0,-0.7883996611630366,-0.41388191068005903,0.4893,0.0030999999999999
2014-01-28,1251.0,0.62,2.15,-0.010021539139981606,-0.020000000000000018,0.009999999999999787,-0.7965716692313145,-0.34572202658980633,0.483,-0.0063
2014-01-29,1262.199951171875,0.55,2.14,0.008912959998292003,-0.06999999999999995,-0.009999999999999787,-0.8175782093169364,-0.360528877097732,0.4549,-0.0280999999999999
2014-01-30,1242.199951171875,0.57,2.15,-0.01597222964778222,0.019999999999999907,0.009999999999999787,-0.8231952915487597,-0.37659491098839254,0.4582,0.0032999999999999
2014-01-31,1240.0999755859375,0.53,2.14,-0.0016919599958669096,-0.039999999999999925,-0.009999999999999787,-0.7995039944514655,-0.41244687938009544,0.4404,-0.0177999999999999
2014-02-03,1260.4000244140625,0.47,2.14,0.01623714843165569,-0.06000000000000005,0.0,-0.8125902357233087,-0.481481968880115,0.4086,-0.0317999999999999
2014-02-04,1251.699951171875,0.51,2.13,-0.006926561928680464,0.040000000000000036,-0.010000000000000231,-0.798989299797641,-0.37848396969558623,0.4077,-0.0009
2014-02-05,1257.300048828125,0.56,2.14,0.004464015110304587,0.050000000000000044,0.010000000000000231,-0.8061003056255971,-0.3254327911391628,0.4245,0.0167999999999999
2014-02-06,1257.5999755859375,0.57,2.16,0.0002385198268903821,0.009999999999999898,0.020000000000000018,-0.8066647176146666,-0.3088185589174043,0.4391,0.0146
2014-02-07,1263.300048828125,0.53,2.18,0.004522260225517272,-0.039999999999999925,0.020000000000000018,-0.7942106493288343,-0.3436752773851318,0.4305,-0.0085999999999999
2014-02-10,1274.800048828125,0.51,2.19,0.009061958358516087,-0.020000000000000018,0.009999999999999787,-0.7878224090632671,-0.35585879495283296,0.4279,-0.0025999999999999
2014-02-11,1290.0999755859375,0.56,2.19,0.011930373961170027,0.050000000000000044,0.0,-0.7394048408952885,-0.2760883801476866,0.449,0.0211
2014-02-12,1295.300048828125,0.59,2.21,0.004022650425664409,0.029999999999999916,0.020000000000000018,-0.6497311580307208,-0.3222947148851156,0.4703,0.0212999999999999
2014-02-13,1300.4000244140625,0.56,2.17,0.003929561971428797,-0.029999999999999916,-0.040000000000000036,-0.5434033975392688,-0.3153902178440111,0.4536,-0.0166999999999999
2014-02-14,1319.0,0.59,2.16,0.014201945513293346,0.029999999999999916,-0.009999999999999787,-0.43118595339873056,-0.1895851548438543,0.4569,0.0032999999999999
2014-02-19,1320.5999755859375,0.6,2.13,-0.0030998215570825494,0.030000000000000027,-0.010000000000000231,-0.3174650797167194,-0.2357140621122608,0.4494,0.0052
2014-02-20,1317.0999755859375,0.63,2.13,-0.0026538288045969693,0.030000000000000027,0.0,-0.18254631381868613,-0.27144573455870735,0.4624,0.0129999999999999
2014-02-21,1323.9000244140625,0.61,2.12,0.005149612915852586,-0.020000000000000018,-0.009999999999999787,-0.01956950222231645,-0.2644399745586236,0.46,-0.0023999999999999
2014-02-24,1338.300048828125,0.59,2.16,0.01081824390288677,-0.020000000000000018,0.040000000000000036,0.07612531343961079,-0.2814677783956916,0.4647,0.0046999999999999
2014-02-25,1343.0,0.55,2.15,0.0035057292357230097,-0.039999999999999925,-0.010000000000000231,0.024970138735822333,-0.21285732390456868,0.4481,-0.0166
2014-02-26,1328.199951171875,0.51,2.16,-0.011081312179254788,-0.040000000000000036,0.010000000000000231,-0.06264245862551204,-0.13933929417432292,0.4313,-0.0167999999999999
2014-02-27,1331.5999755859375,0.49,2.16,0.002556603022505044,-0.020000000000000018,0.0,-0.1228915351152281,-0.10411779116120613,0.4202,-0.0110999999999999
2014-02-28,1321.4000244140625,0.49,2.17,-0.007689409294796334,0.0,0.009999999999999787,-0.14291992471369255,-0.10421560156316748,0.4227,0.0025
2014-03-03,1350.0999755859375,0.44,2.16,0.02148684660835709,-0.04999999999999999,-0.009999999999999787,-0.23963505479572458,-0.1848918435354264,0.4015,-0.0211999999999999
2014-03-04,1337.800048828125,0.52,2.18,-0.009152135496918845,0.08000000000000002,0.020000000000000018,-0.2597957967376654,-0.24510692946037607,0.4292,0.0277
2014-03-05,1340.199951171875,0.52,2.18,0.0017923099224788075,0.0,0.0,-0.26774583724767537,-0.23877429282962687,0.4356,0.0063999999999999
2014-03-06,1351.699951171875,0.53,2.21,0.00854420326067995,0.010000000000000009,0.029999999999999805,-0.2389600923212985,-0.21614636502707102,0.454,0.0184
2014-03-07,1338.0999755859375,0.57,2.23,-0.010112344300665654,0.039999999999999925,0.020000000000000018,-0.17423385887800827,-0.34903723503844336,0.4841,0.0300999999999999
2014-03-10,1341.4000244140625,0.57,2.22,0.0024631838004482987,0.0,-0.009999999999999787,-0.12370959713440635,-0.36091083025556076,0.4899,0.0058
2014-03-11,1346.5,0.57,2.2,0.003794770385582069,0.0,-0.020000000000000018,-0.04234471760001299,-0.3561924354924352,0.4867,-0.0031999999999999
2014-03-12,1370.300048828125,0.54,2.19,0.01752109633366583,-0.029999999999999916,-0.010000000000000231,0.028737387013359823,-0.4151520286606325,0.4699,-0.0168
2014-03-13,1372.199951171875,0.49,2.17,0.0013855260876454167,-0.050000000000000044,-0.020000000000000018,-0.03816984084512606,-0.3789642480066893,0.44,-0.0298999999999999
2014-03-14,1379.0,0.48,2.17,0.004943343120337396,-0.010000000000000009,0.0,-0.08061728114408762,-0.36631612819498316,0.4319,-0.0080999999999999
2014-03-17,1372.9000244140625,0.52,2.18,-0.004433290106901744,0.040000000000000036,0.010000000000000231,-0.12586015361070838,-0.4232749038515873,0.4449,0.013
2014-03-18,1359.0,0.5,2.18,-0.010176173535256794,-0.020000000000000018,0.0,-0.2637666692856282,-0.31183251590872424,0.4399,-0.005
2014-03-19,1341.4000244140625,0.62,2.16,-0.013035272285072175,0.12,-0.020000000000000018,-0.3026646101524264,-0.4057893094698972,0.4944,0.0544999999999999
2014-03-20,1330.5,0.66,2.13,-0.008159051448327403,0.040000000000000036,-0.03000000000000025,-0.27465611802643747,-0.4484924453939234,0.5063,0.0118999999999999
2014-03-21,1336.0,0.61,2.14,0.004125263678846913,-0.050000000000000044,0.010000000000000231,-0.25621420349000096,-0.44548729627885436,0.5037,-0.0025999999999999
2014-03-24,1311.199951171875,0.59,2.15,-0.01873736390623737,-0.020000000000000018,0.009999999999999787,-0.34731160263754457,-0.3637991275157018,0.5055,0.0017999999999999
2014-03-25,1311.4000244140625,0.61,2.14,0.0001525762559584365,0.020000000000000018,-0.009999999999999787,-0.4934741784267085,-0.35402247199709075,0.5075,0.002
2014-03-26,1303.4000244140625,0.57,2.14,-0.006119033816973207,-0.040000000000000036,0.0,-0.5191243103263284,-0.38655728437503345,0.49,-0.0174999999999999
2014-03-27,1294.699951171875,0.56,2.13,-0.00669728327859076,-0.009999999999999898,-0.010000000000000231,-0.485368078033993,-0.39229666000239627,0.4823,-0.0076999999999999
2014-03-28,1293.800048828125,0.6,2.13,-0.000695308000776329,0.039999999999999925,0.0,-0.5208524679653681,-0.3815369287017595,0.4973,0.015
2014-03-31,1283.4000244140625,0.6,2.13,-0.008070837010600407,0.0,0.0,-0.5261825253977228,-0.43971703314118715,0.4991,0.0017999999999999
2014-04-01,1279.5999755859375,0.63,2.14,-0.002965315343456787,0.030000000000000027,0.010000000000000231,-0.5643549258368521,-0.43461933579843126,0.51,0.0109
2014-04-02,1290.5,0.68,2.14,0.008482230162754512,0.050000000000000044,0.0,-0.6054531809788317,-0.3717308971343295,0.5393,0.0292999999999999
2014-04-03,1284.4000244140625,0.66,2.14,-0.00473803793516403,-0.020000000000000018,0.0,-0.6390482285913734,-0.3589691239997469,0.5439,0.0046
2014-04-04,1303.199951171875,0.61,2.13,0.014531038596461876,-0.050000000000000044,-0.010000000000000231,-0.6496829137209154,-0.3950908297590832,0.5191,-0.0248
2014-04-07,1298.0,0.59,2.12,-0.0039981225559317934,-0.020000000000000018,-0.009999999999999787,-0.6600451154756639,-0.37792038288583696,0.4989,-0.0201999999999999
2014-04-08,1308.699951171875,0.58,2.11,0.008209622486996082,-0.010000000000000009,-0.010000000000000231,-0.6603698657554264,-0.37136876865332574,0.4859,-0.013
2014-04-09,1305.5,0.57,2.14,-0.00244813161184787,-0.010000000000000009,0.03000000000000025,-0.664570642127885,-0.4248168976580325,0.4797,-0.0061999999999999
2014-04-10,1320.0999755859375,0.51,2.14,0.011121363653430194,-0.05999999999999994,0.0,-0.6581304934300196,-0.45781352139198,0.4533,-0.0264
2014-04-11,1318.699951171875,0.5,2.13,-0.00106110700643125,-0.010000000000000009,-0.010000000000000231,-0.6598205633266168,-0.46190124479653427,0.4408,-0.0124999999999999
2014-04-14,1327.199951171875,0.52,2.13,0.006425057299722425,0.020000000000000018,0.0,-0.6541829007514005,-0.3932596953842052,0.4445,0.0036999999999999
2014-04-15,1300.0,0.5,2.14,-0.020707158636276368,-0.020000000000000018,0.010000000000000231,-0.5885070907513584,-0.2808085530095379,0.4454,0.0009
2014-04-16,1303.0999755859375,0.48,2.17,0.002381757965860487,-0.020000000000000018,0.029999999999999805,-0.5146897149309805,-0.28600851179076964,0.4553,0.0098999999999999
2014-04-17,1293.4000244140625,0.52,2.21,-0.007471593527117015,0.040000000000000036,0.040000000000000036,-0.4619334953387929,-0.3202638488450064,0.492,0.0367
2014-04-22,1280.5999755859375,0.52,2.21,-0.005761928644147929,-0.010000000000000009,0.009999999999999787,-0.3875955831639138,-0.29366642874737203,0.5052,0.0060999999999999
2014-04-23,1284.199951171875,0.49,2.21,0.0028072193175834315,-0.030000000000000027,0.0,-0.3363106467564621,-0.3052406412475771,0.4961,-0.0090999999999999
2014-04-24,1290.5,0.49,2.21,0.004893821820934008,0.0,0.0,-0.29101056484014015,-0.27161263813369074,0.4977,0.0015999999999999
2014-04-25,1300.699951171875,0.48,2.2,0.007872803371142822,-0.010000000000000009,-0.009999999999999787,-0.2038078401682727,-0.26538466342915124,0.4919,-0.0057999999999999
2014-04-28,1298.9000244140625,0.52,2.18,-0.001384772320621508,0.040000000000000036,-0.020000000000000018,-0.08555916265124396,-0.2534342636570752,0.4943,0.0024
2014-04-29,1296.0,0.53,2.18,-0.0022351732969703164,0.010000000000000009,0.0,-0.009075784306859817,-0.24770050695459658,0.4965,0.0021999999999999
2014-04-30,1295.5999755859375,0.49,2.18,-0.0003087084588733191,-0.040000000000000036,0.0,0.1303341395644022,-0.27428966621163087,0.4801,-0.0163999999999999
2014-05-01,1283.0999755859375,0.43,2.2,-0.009694883579778768,-0.06,0.020000000000000018,0.12876389816576786,-0.07188119733014112,0.46,-0.0201
2014-05-02,1302.5999755859375,0.41,2.19,0.015083242496170435,-0.020000000000000018,-0.010000000000000231,-0.008860212446938541,-0.05299673654047668,0.4524,-0.0075999999999999
2014-05-05,1309.0,0.45,2.18,0.004901238540162112,0.040000000000000036,-0.009999999999999787,-0.15653945393979102,0.011032008786032088,0.4549,0.0025
2014-05-06,1308.300048828125,0.45,2.16,-0.0005348650712599934,0.0,-0.020000000000000018,-0.21913606423968865,-0.028931769470349016,0.45,-0.0049
2014-05-07,1288.5999755859375,0.42,2.2,-0.015172283080289617,-0.030000000000000027,0.040000000000000036,-0.21332122458512814,0.021941359900187838,0.4422,-0.0078
2014-05-08,1287.4000244140625,0.42,2.19,-0.0009316391759837117,0.0,-0.010000000000000231,-0.1708269969701852,-0.005588989096426,0.4336,-0.0085999999999999
2014-05-09,1287.300048828125,0.44,2.18,-7.765998612985214e-05,0.020000000000000018,-0.009999999999999787,-0.1304601202175774,-0.009872692581191363,0.4344,0.0008
2014-05-12,1295.5999755859375,0.48,2.18,0.006426849857109396,0.03999999999999998,0.0,-0.12006250031669903,0.03495232403350496,0.448,0.0136
2014-05-13,1294.5999755859375,0.45,2.16,-0.0007721412003194317,-0.02999999999999997,-0.020000000000000018,-0.0679203799220878,0.04392558446045928,0.435,-0.013
2014-05-14,1305.699951171875,0.37,2.17,0.008537509764837026,-0.08000000000000002,0.009999999999999787,-0.020043024657092,-0.020645265576585563,0.4059,-0.0291
2014-05-15,1293.5,0.31,2.19,-0.009387535391780055,-0.06,0.020000000000000018,0.07926966132470528,-0.021866926662065404,0.383,-0.0228999999999999
2014-05-16,1293.300048828125,0.34,2.18,-0.00015459345020829574,0.030000000000000027,-0.009999999999999787,0.22863639449139694,-0.02852277646047409,0.3831,9.9999999999989e-05
2014-05-19,1293.699951171875,0.37,2.17,0.00030916300497541016,0.02999999999999997,-0.010000000000000231,0.2293272963662461,0.05360255962493685,0.3863,0.0031999999999999
2014-05-20,1294.5,0.35,2.17,0.0006182280107411842,-0.020000000000000018,0.0,0.2523585309472287,0.04609478523931504,0.3768,-0.0094999999999999
2014-05-21,1288.0,0.36,2.18,-0.005033892527293027,0.010000000000000009,0.010000000000000231,0.24351104230079662,0.03761076679827551,0.3834,0.0065999999999999
2014-05-22,1294.9000244140625,0.35,2.21,0.005342863264508502,-0.010000000000000009,0.029999999999999805,0.21576779732086543,0.034373730286572805,0.3938,0.0103999999999999
2014-05-23,1291.5999755859375,0.32,2.22,-0.0025517499468730165,-0.02999999999999997,0.010000000000000231,0.18192343557552504,0.1379894256130151,0.3895,-0.0042999999999999
2014-05-28,1259.300048828125,0.22,2.22,-0.004832247220515562,-0.09,0.010000000000000231,0.4142150047182636,0.12830700731186784,0.3557,-0.0288999999999999
2014-05-29,1256.300048828125,0.22,2.23,-0.002385117908837664,0.0,0.009999999999999787,0.5311738331414828,0.1144770132390105,0.3523,-0.0034
2014-05-30,1245.5999755859375,0.26,2.22,-0.008553609957438368,0.04000000000000001,-0.009999999999999787,0.5834713056272075,0.06849306270053401,0.361,0.0086999999999999
2014-06-02,1243.699951171875,0.32,2.22,-0.0015265535202235725,0.06,0.0,0.5895489485815482,0.10381726810884577,0.3859,0.0249
2014-06-03,1244.300048828125,0.41,2.19,0.00048239362370416927,0.08999999999999997,-0.03000000000000025,0.5425927041839586,0.11883466281976367,0.4152,0.0292999999999999
2014-06-04,1244.0,0.44,2.17,-0.00024116772390136987,0.030000000000000027,-0.020000000000000018,0.4942038899054064,0.11792390076301491,0.4293,0.0141
2014-06-05,1253.0,0.41,2.18,0.007208681596943656,-0.030000000000000027,0.010000000000000231,0.4760439711613444,0.10179834264627602,0.426,-0.0033
2014-06-06,1252.0999755859375,0.4,2.2,-0.0007185537196594538,-0.009999999999999953,0.020000000000000018,0.4522961328781229,0.10081548031651079,0.4329,0.0069
2014-06-09,1253.5,0.41,2.21,0.0011175164219388023,0.009999999999999953,0.009999999999999787,0.40921366945859644,0.11485899724027059,0.4439,0.011
2014-06-10,1259.800048828125,0.43,2.21,0.005013378348112774,0.020000000000000018,0.0,0.3573310404305451,0.1330562312676507,0.4567,0.0127999999999999
2014-06-11,1260.800048828125,0.43,2.22,0.0007934618850446995,0.0,0.010000000000000231,0.30583215091031946,0.1359127201978774,0.4585,0.0018
2014-06-12,1273.5999755859375,0.39,2.19,0.010101038089279868,-0.03999999999999998,-0.03000000000000025,0.27623068072992957,0.08612200664087584,0.4377,-0.0208
2014-06-13,1273.699951171875,0.41,2.19,7.849533927206664e-05,0.019999999999999962,0.0,0.26850414218188073,0.02609171293762522,0.443,0.0053
2014-06-16,1274.9000244140625,0.41,2.2,0.0009417510338058932,0.0,0.010000000000000231,0.2541432637321782,0.0704000731395759,0.4464,0.0034
2014-06-17,1271.699951171875,0.43,2.23,-0.0025132136631089708,0.020000000000000018,0.029999999999999805,0.20175302461464345,0.0351788046923492,0.4683,0.0218999999999999
2014-06-18,1272.4000244140625,0.38,2.23,0.000550350431645974,-0.04999999999999999,0.0,0.14835788773053615,0.02428587661548149,0.4564,-0.0119
2014-06-19,1313.699951171875,0.39,2.25,0.03194264624466303,0.010000000000000009,0.020000000000000018,0.13953693190680508,0.013433226448568389,0.4578,0.0014
2014-06-20,1316.199951171875,0.35,2.28,0.0019012136171543403,-0.040000000000000036,0.029999999999999805,0.09467291315795925,0.008675523381191068,0.4588,0.001
2014-06-23,1318.0,0.35,2.28,0.0013666761382351567,0.0,0.0,0.052258801547249656,0.010882723517495849,0.4586,-0.0001999999999999
2014-06-24,1320.9000244140625,0.31,2.28,0.0021979048502647203,-0.03999999999999998,0.0,-0.05620619475575418,-0.02146740415554106,0.4467,-0.0119
2014-06-25,1322.199951171875,0.29,2.28,0.0009836380573053916,-0.020000000000000018,0.0,-0.16001423892072308,-0.025832579577878687,0.4334,-0.0132999999999999
2014-06-26,1316.0999755859375,0.26,2.27,-0.004624179680054574,-0.02999999999999997,-0.009999999999999787,-0.23655635418580603,0.05679865082091704,0.4148,-0.0186
2014-06-27,1319.0,0.27,2.27,0.0022010744273464056,0.010000000000000009,0.0,-0.27852919705007,-0.005868900950553725,0.4106,-0.0041999999999999
2014-06-30,1321.800048828125,0.27,2.26,0.0021206072596671177,0.0,-0.010000000000000231,-0.32350491169649565,-0.0022962872480472604,0.4043,-0.0063
2014-07-01,1326.4000244140625,0.32,2.26,0.0034740428103079424,0.04999999999999999,0.0,-0.3392997069220305,0.01652125225931212,0.4192,0.0149
2014-07-02,1330.699951171875,0.38,2.26,0.0032365590688430146,0.06,0.0,-0.29791709373840863,0.03173011088036993,0.4456,0.0263999999999999
2014-07-03,1320.4000244140625,0.37,2.28,-0.007770343387195844,-0.010000000000000009,0.020000000000000018,-0.27850440395369247,0.04825447153787863,0.465,0.0194
2014-07-08,1316.0,0.31,2.27,-0.00037986705110171215,-0.04999999999999999,0.0,-0.2809607226495695,0.052063344861919714,0.4448,-0.0183
2014-07-09,1323.800048828125,0.28,2.29,0.0059095926843788504,-0.02999999999999997,0.020000000000000018,-0.3278444118493979,0.015113261794800723,0.4343,-0.0104999999999999
2014-07-10,1338.699951171875,0.27,2.28,0.011192531747925116,-0.010000000000000009,-0.010000000000000231,-0.45983970844939537,-0.08053199242173298,0.4226,-0.0117
2014-07-11,1337.0,0.25,2.28,-0.0012706592156233043,-0.020000000000000018,0.0,-0.6197814801038665,-0.071186937689376,0.4121,-0.0104999999999999
2014-07-14,1306.300048828125,0.28,2.27,-0.02322954723047488,0.030000000000000027,-0.009999999999999787,-0.7431398655667533,-0.1008221710904469,0.4204,0.0082999999999999
2014-07-15,1296.9000244140625,0.31,2.25,-0.007221930704834456,0.02999999999999997,-0.020000000000000018,-0.8065887688395313,-0.11304135402616412,0.4284,0.008
2014-07-16,1299.5999755859375,0.32,2.23,0.002079685842482526,0.010000000000000009,-0.020000000000000018,-0.8012551324998628,-0.11773660674093656,0.4307,0.0023
2014-07-17,1316.699951171875,0.24,2.23,0.013072063269468082,-0.08000000000000002,0.0,-0.7715377658396697,-0.20594254932346212,0.4021,-0.0286
2014-07-18,1309.199951171875,0.26,2.24,-0.005712342947713722,0.020000000000000018,0.010000000000000231,-0.7497168956687005,-0.2117763065810136,0.4082,0.0060999999999999
2014-07-21,1313.699951171875,0.25,2.24,0.003431319976192171,-0.010000000000000009,0.0,-0.7359339850069849,-0.21448187005640976,0.4074,-0.0008
2014-07-22,1306.0999755859375,0.25,2.23,-0.005801967415925979,0.0,-0.010000000000000231,-0.7000307415043165,-0.21673371684826245,0.4007,-0.0066999999999999
2014-07-23,1304.5,0.25,2.23,-0.0012257533143538168,0.0,0.0,-0.6384068410036874,-0.23364451452160861,0.3966,-0.0040999999999999
2014-07-24,1290.5999755859375,0.25,2.27,-0.010712617991875284,0.0,0.040000000000000036,-0.5216074313553147,-0.2353650131240042,0.4161,0.0195
2014-07-25,1303.0999755859375,0.2,2.28,0.0096388148305806,-0.04999999999999999,0.009999999999999787,-0.4280119630197583,-0.24146322013490168,0.4065,-0.0096
2014-07-28,1303.300048828125,0.22,2.28,0.00015352458617723386,0.01999999999999999,0.0,-0.3164064199821012,-0.2412264282540831,0.4147,0.0082
2014-07-29,1298.300048828125,0.2,2.27,-0.00384379302618143,-0.01999999999999999,-0.009999999999999787,-0.14652813394994152,-0.23248961887042988,0.406,-0.0086999999999999
2014-07-30,1294.9000244140625,0.29,2.28,-0.002622263046676565,0.08999999999999997,0.009999999999999787,0.07599935119536731,-0.22829223428837994,0.437,0.0309999999999999
2014-07-31,1281.300048828125,0.29,2.29,-0.010558265305008696,0.0,0.010000000000000231,0.2709522951971872,-0.23324679416049884,0.4476,0.0105999999999999
2014-08-01,1293.5999755859375,0.25,2.27,0.009553784766136886,-0.03999999999999998,-0.020000000000000018,0.3093268729588253,-0.39603411989435894,0.4225,-0.0251
2014-08-04,1287.699951171875,0.26,2.25,-0.004571367029065243,0.010000000000000009,-0.020000000000000018,0.31568386044392965,-0.3962093225243085,0.4103,-0.0121999999999999
2014-08-05,1284.0,0.25,2.24,-0.0028774381109641922,-0.010000000000000009,-0.009999999999999787,0.3228971198955107,-0.3950598880020419,0.4062,-0.0040999999999999
2014-08-06,1306.699951171875,0.24,2.25,0.017524632377683425,-0.010000000000000009,0.009999999999999787,0.311201919332064,-0.37031582179445816,0.4021,-0.0040999999999999
2014-08-07,1310.800048828125,0.19,2.24,0.0031328374476986554,-0.04999999999999999,-0.009999999999999787,0.2810959962400416,-0.37623029415241915,0.3805,-0.0216
2014-08-08,1308.9000244140625,0.19,2.25,-0.0014505666252642158,0.0,0.009999999999999787,0.272868249670353,-0.39709161193358045,0.3802,-0.0003
2014-08-11,1308.5,0.19,2.25,-0.0003056654798241354,0.0,0.0,0.2635783791380011,-0.4023547845975693,0.3794,-0.0007999999999999
2014-08-12,1308.800048828125,0.22,2.24,0.00022928118583465107,0.03,-0.009999999999999787,0.26011939019397295,-0.3956490397111534,0.3844,0.005
2014-08-13,1312.800048828125,0.2,2.23,0.003051573813724673,-0.01999999999999999,-0.010000000000000231,0.2012381803481837,-0.443557475733984,0.3703,-0.0141
2014-08-14,1313.9000244140625,0.19,2.21,0.0008375342593867074,-0.010000000000000009,-0.020000000000000018,0.05056616563188279,-0.5093036258685255,0.358,-0.0123
2014-08-15,1304.5,0.16,2.18,-0.007180006652363069,-0.03,-0.029999999999999805,-0.026040380932732525,-0.4877487814038433,0.3382,-0.0197999999999999
2014-08-18,1297.699951171875,0.21,2.18,-0.005226396460265903,0.04999999999999999,0.0,-0.08526937908339256,-0.49735215842248864,0.3475,0.0092999999999999
2014-08-19,1295.0999755859375,0.23,2.17,-0.002005535738078379,0.020000000000000018,-0.010000000000000231,-0.1298299462541511,-0.5133620448830895,0.3551,0.0076
2014-08-20,1293.4000244140625,0.26,2.17,-0.0013134644900674175,0.03,0.0,-0.2048374126859026,-0.4957903299934185,0.3719,0.0167999999999999
2014-08-21,1273.699951171875,0.24,2.17,-0.015348416628314432,-0.020000000000000018,0.0,-0.3017112495169066,-0.43745095746385776,0.3714,-0.0005
2014-08-22,1278.5999755859375,0.26,2.14,0.0038396979781980534,0.020000000000000018,-0.029999999999999805,-0.4055745778529836,-0.41892161212227846,0.376,0.0045999999999999
2014-08-25,1277.300048828125,0.24,2.15,-0.0010171969619161558,-0.020000000000000018,0.009999999999999787,-0.41624088500778555,-0.3886044090512249,0.3741,-0.0019
2014-08-26,1283.800048828125,0.25,2.14,0.0050759546353971174,0.010000000000000009,-0.009999999999999787,-0.4388749413623805,-0.3533492416621838,0.3727,-0.0014
2014-08-27,1281.9000244140625,0.23,2.14,-0.0014810965484315375,-0.01999999999999999,0.0,-0.48209828719848735,-0.35494348760823186,0.3613,-0.0113999999999999
2014-08-28,1288.699951171875,0.21,2.13,0.0052905490415975365,-0.020000000000000018,-0.010000000000000231,-0.49177017626562547,-0.24412987654598592,0.3482,-0.0131
2014-08-29,1285.800048828125,0.23,2.12,-0.002252789722417603,0.020000000000000018,-0.009999999999999787,-0.5345004576456907,-0.23313611949761096,0.3473,-0.0009
2014-09-03,1268.9000244140625,0.24,2.17,0.004106515517587006,-0.030000000000000027,0.020000000000000018,-0.6328302541891647,-0.32501760410115366,0.3787,0.0053999999999999
2014-09-04,1265.0999755859375,0.28,2.17,-0.0029992515207100112,0.040000000000000036,0.0,-0.694707293332571,-0.3277488069645203,0.3939,0.0151999999999999
2014-09-05,1265.800048828125,0.31,2.15,0.000553220793622522,0.02999999999999997,-0.020000000000000018,-0.732673128957364,-0.33026112212154435,0.3978,0.0039
2014-09-08,1252.699951171875,0.35,2.13,-0.01040318904427906,0.03999999999999998,-0.020000000000000018,-0.7813221803914864,-0.3057552329439988,0.409,0.0111999999999999
2014-09-09,1246.800048828125,0.39,2.11,-0.004720874815900444,0.040000000000000036,-0.020000000000000018,-0.823806950570443,-0.3214904598271785,0.4239,0.0149
2014-09-10,1243.5,0.44,2.1,-0.002650323812478206,0.04999999999999999,-0.009999999999999787,-0.8461585590646521,-0.3338464666682876,0.4406,0.0166999999999999
2014-09-11,1237.4000244140625,0.42,2.12,-0.0049175604164419795,-0.020000000000000018,0.020000000000000018,-0.8896435421847481,-0.3420200086076915,0.4482,0.0075999999999999
2014-09-12,1229.9000244140625,0.49,2.13,-0.0060795387282084334,0.07,0.009999999999999787,-0.907502034514143,-0.3806695159214035,0.4742,0.026
2014-09-15,1233.5999755859375,0.47,2.13,0.0030038189193488662,-0.020000000000000018,0.0,-0.9192240968512981,-0.33684432880508064,0.4735,-0.0007
2014-09-16,1235.199951171875,0.48,2.12,0.0012961567218114922,0.010000000000000009,-0.009999999999999787,-0.9253871676383404,-0.33431605660141794,0.4721,-0.0013999999999999
2014-09-17,1234.4000244140625,0.56,2.06,-0.0006478189129381917,0.08000000000000007,-0.06000000000000005,-0.9175904039313895,-0.3045427816127534,0.4845,0.0123999999999999
2014-09-18,1225.699951171875,0.61,2.02,-0.007072972316843007,0.04999999999999993,-0.040000000000000036,-0.9217050172674285,-0.3149037395430165,0.4982,0.0136999999999999
2014-09-19,1215.300048828125,0.56,2.03,-0.008521069455597718,-0.04999999999999993,0.009999999999999787,-0.9310711882138608,-0.17615932098753226,0.4893,-0.0088999999999999
2014-09-22,1216.800048828125,0.58,1.99,0.0012335020187990153,0.019999999999999907,-0.039999999999999813,-0.9372462183351902,-0.16763727397236555,0.4758,-0.0135
2014-09-23,1221.0,0.52,2.02,0.00344569303731479,-0.05999999999999994,0.030000000000000027,-0.9403650130578398,-0.2208754530938148,0.4627,-0.0131
2014-09-24,1218.5999755859375,0.54,2.03,-0.001967556330828124,0.020000000000000018,0.009999999999999787,-0.9479161436340594,-0.23044787256102273,0.4714,0.0086999999999999
2014-09-25,1221.199951171875,0.5,2.02,0.002131303097120174,-0.040000000000000036,-0.009999999999999787,-0.9529934416695603,-0.23732556346751513,0.4514,-0.0199999999999999
2014-09-26,1214.0999755859375,0.57,1.97,-0.005830900435841002,0.06999999999999995,-0.050000000000000044,-0.9607326078299535,-0.24866882942717178,0.4611,0.0096999999999999
2014-09-29,1217.5,0.55,1.95,0.002796534515589144,-0.019999999999999907,-0.020000000000000018,-0.9600077645461046,-0.312018303019693,0.4469,-0.0141999999999999
2014-09-30,1210.5,0.55,1.97,-0.0057660785786319835,0.0,0.020000000000000018,-0.9602382958019804,-0.29099979512593244,0.4476,0.0006999999999999
2014-10-01,1214.5999755859375,0.46,1.96,0.003381286984866172,-0.09000000000000002,-0.010000000000000009,-0.9515974198833329,-0.33836207737029517,0.4077,-0.0398999999999999
2014-10-02,1214.199951171875,0.49,1.95,-0.0003294008808820692,0.02999999999999997,-0.010000000000000009,-0.9524257505891182,-0.3346755964496131,0.4063,-0.0014
2014-10-03,1192.199951171875,0.52,1.93,-0.018285084652592154,0.030000000000000027,-0.020000000000000018,-0.9336469592051024,-0.4236001323126243,0.4131,0.0068
2014-10-06,1206.699951171875,0.5,1.93,0.012089021785870457,-0.020000000000000018,0.0,-0.9248895443064796,-0.45200336826895265,0.4017,-0.0114
2014-10-07,1211.699951171875,0.44,1.92,0.0041349713248948206,-0.06,-0.010000000000000009,-0.9061009490583656,-0.4763059910650958,0.3726,-0.0291
2014-10-08,1205.300048828125,0.39,1.96,-0.005295752834792999,-0.04999999999999999,0.040000000000000036,-0.8590549296265548,-0.4511538724778581,0.348,-0.0246
2014-10-09,1224.5999755859375,0.37,1.97,0.015885701002019914,-0.020000000000000018,0.010000000000000009,-0.8263009814843234,-0.4481598827206623,0.3403,-0.0076999999999999
2014-10-10,1221.0,0.35,1.96,-0.00294404499679235,-0.020000000000000018,-0.010000000000000009,-0.7653118190242709,-0.43284102401633895,0.3284,-0.0118999999999999
2014-10-15,1244.0999755859375,0.29,1.86,0.008475653278412487,0.0,-0.05999999999999983,-0.6731490992309993,-0.44334792496864284,0.2421,-0.0407999999999999
2014-10-16,1240.5,0.28,1.89,-0.0028978331647149247,-0.009999999999999953,0.029999999999999805,-0.6199712285672907,-0.4302094475262904,0.237,-0.0051
2014-10-17,1238.300048828125,0.3,1.92,-0.0017750134792242633,0.019999999999999962,0.030000000000000027,-0.5760544810949664,-0.42752611069449137,0.2552,0.0181999999999999
2014-10-20,1244.0,0.29,1.91,0.004592483646493228,-0.010000000000000009,-0.010000000000000009,-0.5616527593819318,-0.4365726165946964,0.2483,-0.0068999999999999
2014-10-21,1251.0,0.33,1.9,0.005611237167786776,0.040000000000000036,-0.010000000000000009,-0.5696116489669208,-0.372266008825633,0.2585,0.0102
2014-10-22,1244.800048828125,0.34,1.91,-0.0049683178171067155,0.010000000000000009,0.010000000000000009,-0.5854873025296972,-0.3612971717537701,0.2695,0.011
2014-10-23,1228.5,0.38,1.91,-0.01318100068857131,0.03999999999999998,0.0,-0.5997334237337191,-0.39085583610339286,0.2923,0.0227999999999999
2014-10-24,1231.199951171875,0.39,1.9,0.0021953509044640995,0.010000000000000009,-0.010000000000000009,-0.6043827672852826,-0.4000072766358657,0.2984,0.0060999999999999
2014-10-27,1229.0999755859375,0.38,1.89,-0.0017070895081285897,-0.010000000000000009,-0.010000000000000009,-0.6154966443530376,-0.3727906785742149,0.2953,-0.0030999999999999
2014-10-28,1229.199951171875,0.39,1.91,8.133717526082052e-05,0.010000000000000009,0.020000000000000018,-0.6291795595651691,-0.36798574723848304,0.3062,0.0109
2014-10-29,1224.300048828125,0.42,1.92,-0.0039942195704769645,0.02999999999999997,0.010000000000000009,-0.648507157327817,-0.37973756975606154,0.3328,0.0265999999999999
2014-10-30,1198.0999755859375,0.42,1.9,-0.021632343693815947,0.0,-0.020000000000000018,-0.6566991522243283,-0.3678826493689939,0.3324,-0.0004
2014-10-31,1171.0999755859375,0.43,1.92,-0.02279349106756534,0.010000000000000009,0.020000000000000018,-0.5921714396779506,-0.3453227929190774,0.347,0.0146
2014-11-03,1169.4000244140625,0.43,1.93,-0.0014526395819753901,0.0,0.010000000000000009,-0.5283365999597692,-0.3931743856584981,0.3541,0.0071
2014-11-04,1167.4000244140625,0.43,1.92,-0.0017117429361119818,0.0,-0.010000000000000009,-0.5038036200823934,-0.4040555868757977,0.3513,-0.0028
2014-11-05,1145.4000244140625,0.43,1.93,-0.01902513240824799,0.0,0.010000000000000009,-0.46295476756263804,-0.3755769528005534,0.3529,0.0015999999999999
2014-11-06,1142.300048828125,0.45,1.94,-0.002710125789287865,0.020000000000000018,0.010000000000000009,-0.4712556937253672,-0.3774116100015984,0.3672,0.0143
2014-11-07,1169.5999755859375,0.38,1.94,0.023617972636309048,-0.07,0.0,-0.4572837443634131,-0.46732908621742136,0.3403,-0.0269
2014-11-10,1159.5999755859375,0.44,1.94,-0.008586692128022655,0.06,0.0,-0.5036279081353023,-0.48680697455392935,0.3558,0.0155
2014-11-13,1161.0999755859375,0.47,1.88,0.001896510199365764,0.009999999999999953,-0.030000000000000027,-0.654042274218916,-0.47134119948305303,0.3527,-0.0052999999999999
2014-11-14,1185.0,0.43,1.89,0.020374963962937365,-0.03999999999999998,0.010000000000000009,-0.6775093743995673,-0.5291897814337143,0.3417,-0.011
2014-11-17,1183.0,0.48,1.86,-0.0016891895908441867,0.04999999999999999,-0.029999999999999805,-0.7207169619946392,-0.5204095837726893,0.3454,0.0036999999999999
2014-11-18,1196.699951171875,0.48,1.84,0.011514142798771942,0.0,-0.020000000000000018,-0.7335187499725988,-0.48666719187511626,0.3411,-0.0042999999999999
2014-11-19,1193.5999755859375,0.53,1.83,-0.002593797781803353,0.050000000000000044,-0.010000000000000009,-0.7369806671938682,-0.468574191117539,0.3552,0.0141
2014-11-20,1190.699951171875,0.49,1.85,-0.0024326015461424433,-0.040000000000000036,0.020000000000000018,-0.7397260399513407,-0.44905443689056823,0.3486,-0.0065999999999999
2014-11-21,1197.5,0.45,1.86,0.005694721835856953,-0.03999999999999998,0.010000000000000009,-0.7359807148855061,-0.5075871367227591,0.3405,-0.0080999999999999
2014-11-24,1195.5,0.44,1.86,-0.0016715423866902057,-0.010000000000000009,0.0,-0.7328579737056583,-0.491958341783009,0.3327,-0.0078
2014-11-25,1197.0999755859375,0.42,1.85,0.0013374369646053097,-0.020000000000000018,-0.010000000000000009,-0.7290529638764576,-0.5022975744740558,0.3151,-0.0176
2014-11-26,1196.5999755859375,0.42,1.82,-0.0004177633099144984,0.0,-0.030000000000000027,-0.7194822817731521,-0.4701117833272416,0.3012,-0.0138999999999999
2014-12-01,1218.0,0.43,1.79,0.03577186495895468,0.03999999999999998,0.0,-0.6390673602112202,-0.18942210837119502,0.2765,0.0055
2014-12-02,1199.199951171875,0.51,1.77,-0.015555542198704586,0.08000000000000002,-0.020000000000000018,-0.5680342034329781,-0.257069419097158,0.303,0.0264999999999999
2014-12-03,1208.5,0.5,1.79,0.007725294072399969,-0.010000000000000009,0.020000000000000018,-0.4558537109128347,-0.2601850321633771,0.3154,0.0124
2014-12-04,1207.5,0.48,1.77,-0.0008278146168105849,-0.020000000000000018,-0.020000000000000018,-0.3304297227550302,-0.2826882485679821,0.3046,-0.0108
2014-12-05,1190.0999755859375,0.56,1.75,-0.014514789852628773,0.08000000000000007,-0.020000000000000018,-0.18603231664488423,-0.3284267274938034,0.3338,0.0292
2014-12-08,1194.699951171875,0.55,1.71,0.0038577502784624684,-0.010000000000000009,-0.040000000000000036,-0.093460648098205,-0.3120568203592004,0.3246,-0.0091999999999999
2014-12-09,1231.5,0.49,1.73,0.030337871608031364,-0.06000000000000005,0.020000000000000018,0.03250670258572469,-0.40265263777972293,0.3016,-0.023
2014-12-10,1228.9000244140625,0.47,1.71,-0.0021134584034427917,-0.020000000000000018,-0.020000000000000018,0.14729763596311327,-0.39903448652752316,0.2739,-0.0277
2014-12-11,1225.0999755859375,0.49,1.7,-0.0030970267852454825,0.020000000000000018,-0.010000000000000009,0.2805621294059069,-0.40097696626135665,0.2788,0.0049
2014-12-12,1222.0,0.46,1.64,-0.002533592640363125,-0.02999999999999997,-0.06000000000000005,0.33320720298225226,-0.3876460946763976,0.2421,-0.0366999999999999
2014-12-15,1207.199951171875,0.5,1.62,-0.012185272725321994,0.03999999999999998,-0.019999999999999796,0.36657370816251306,-0.4261487676793585,0.2454,0.0032999999999999
2014-12-16,1193.9000244140625,0.42,1.65,-0.011078308205875409,-0.08000000000000002,0.029999999999999805,0.3412457897492202,-0.33941142961444937,0.2237,-0.0216999999999999
2014-12-17,1194.300048828125,0.49,1.65,0.00033500075834158594,0.07,0.0,0.32588346276984514,-0.3256233644889763,0.2489,0.0252
2014-12-18,1194.699951171875,0.57,1.65,0.0003347863938758522,0.07999999999999996,0.0,0.2878287579998083,-0.31162247310939806,0.2815,0.0325999999999999
2014-12-19,1195.9000244140625,0.49,1.68,0.0010039934370027481,-0.07999999999999996,0.030000000000000027,0.24918427666250884,-0.3112245275691741,0.2797,-0.0017999999999999
2014-12-22,1179.699951171875,0.47,1.7,-0.01363893293205809,-0.020000000000000018,0.020000000000000018,0.23479818885674267,-0.28206146779220487,0.2777,-0.002
2014-12-23,1177.9000244140625,0.56,1.7,-0.0015269147659973115,0.09000000000000008,0.0,0.08324366523996503,-0.2064971478468638,0.3104,0.0327
2014-12-24,1173.5,0.59,1.68,-0.003742476400430128,0.029999999999999916,-0.020000000000000018,-0.07201441498891253,-0.1884846101403569,0.324,0.0136
2014-12-29,1181.699951171875,0.57,1.65,-0.01144320240930341,-0.010000000000000009,-0.020000000000000018,-0.20116238832540273,-0.18298687568459962,0.3099,-0.0162999999999999
2014-12-30,1200.199951171875,0.56,1.64,0.01553413054735664,-0.009999999999999898,-0.010000000000000009,-0.23041179015545252,-0.1498002089020159,0.2953,-0.0146
2014-12-31,1183.9000244140625,0.49,1.68,-0.013674074832771055,-0.07000000000000006,0.040000000000000036,-0.23774095456971112,-0.08151218091602734,0.2808,-0.0145
2015-01-05,1203.9000244140625,0.4,1.64,0.014980006662454137,-0.009999999999999953,-0.07000000000000006,-0.19367010431316933,-0.0855825950981378,0.2266,-0.0326999999999999
2015-01-06,1219.300048828125,0.41,1.56,0.012710656392123099,0.009999999999999953,-0.07999999999999985,-0.2405921950774775,-0.08200486466943746,0.189,-0.0375999999999999
2015-01-07,1210.5999755859375,0.39,1.57,-0.007160879321572722,-0.019999999999999962,0.010000000000000009,-0.2696892783743498,-0.06442002024656525,0.1719,-0.0171
2015-01-08,1208.4000244140625,0.41,1.62,-0.0018188935745326873,0.019999999999999962,0.050000000000000044,-0.2926072454479403,-0.0677187494766805,0.1837,0.0118
2015-01-09,1216.0,0.36,1.62,0.006269592809969637,-0.04999999999999999,0.0,-0.3433453004327855,-0.08074033812120583,0.1688,-0.0148999999999999
2015-01-12,1232.699951171875,0.35,1.57,0.013640062420647858,-0.010000000000000009,-0.050000000000000044,-0.43365814505155276,-0.08455610871535495,0.1401,-0.0287
2015-01-13,1234.300048828125,0.37,1.54,0.0012972013624876766,0.020000000000000018,-0.030000000000000027,-0.5866904304261642,-0.1182579175623126,0.1265,-0.0136
2015-01-14,1234.4000244140625,0.29,1.57,8.099451778331712e-05,-0.08000000000000002,0.030000000000000027,-0.6316001481746085,-0.21995486637520642,0.102,-0.0245
2015-01-15,1264.699951171875,0.19,1.58,0.024249859450433675,-0.09999999999999998,0.010000000000000009,-0.7359975358555486,-0.25106667990334774,0.0574,-0.0445999999999999
2015-01-16,1276.9000244140625,0.23,1.6,0.009600383272962532,0.04000000000000001,0.020000000000000018,-0.7902701538561862,-0.22363534449788497,0.0739,0.0164999999999999
2015-01-21,1293.699951171875,0.26,1.61,-0.00038641371389047663,0.03,0.020000000000000018,-0.8274932833252533,-0.14751657997061207,0.1001,0.0194999999999999
2015-01-22,1300.699951171875,0.29,1.61,0.00539625134896049,0.02999999999999997,0.0,-0.8234000843612171,-0.13957475318894003,0.116,0.0159
2015-01-23,1292.5999755859375,0.21,1.6,-0.006246868588578813,-0.07999999999999999,-0.010000000000000009,-0.8557959478183962,-0.016569902150082447,0.0937,-0.0223
2015-01-26,1279.4000244140625,0.22,1.61,-0.010264437842764984,0.010000000000000009,0.010000000000000009,-0.8734832891065692,-0.03336361876673879,0.0963,0.0025999999999999
2015-01-27,1291.699951171875,0.17,1.66,0.009567905338057514,-0.04999999999999999,0.04999999999999982,-0.8934412754904255,-0.04512960600850762,0.093,-0.0032999999999999
2015-01-28,1285.9000244140625,0.12,1.61,-0.004500261174159803,-0.05000000000000002,-0.04999999999999982,-0.9005668314758285,-0.03424170777979946,0.0544,-0.0386
2015-01-29,1254.5999755859375,0.15,1.62,-0.02464210405936118,0.03,0.010000000000000009,-0.8893924752422548,-0.05479088477247333,0.0619,0.0075
2015-01-30,1278.5,0.03,1.65,0.018870738528236508,-0.12,0.029999999999999805,-0.8823438649374648,-0.20453315400049704,0.0276,-0.0343
2015-02-02,1276.199951171875,0.03,1.65,-0.0018006415575539947,0.0,0.0,-0.8722901457111517,-0.206987690763799,0.0208,-0.0068
2015-02-03,1259.699951171875,0.09,1.7,-0.013013315577139473,0.06,0.050000000000000044,-0.8606763161316255,-0.26279453136217046,0.0559,0.0351
2015-02-04,1263.800048828125,0.1,1.71,0.0032495353787656,0.010000000000000009,0.010000000000000009,-0.8524682586600472,-0.27057532870685874,0.0695,0.0136
2015-02-05,1262.0,0.13,1.7,-0.0014253298741548903,0.03,-0.010000000000000009,-0.8476320372778081,-0.2920187024907718,0.081,0.0114999999999999
2015-02-06,1233.9000244140625,0.24,1.71,-0.02251785941057527,0.10999999999999999,0.010000000000000009,-0.8290835704112612,-0.4072096152521222,0.1434,0.0624
2015-02-09,1240.800048828125,0.25,1.71,0.005576467523876971,0.010000000000000009,0.0,-0.8059325737879144,-0.3943062075379392,0.1623,0.0189
2015-02-10,1231.5999755859375,0.31,1.7,-0.007442254987159558,0.06,-0.010000000000000009,-0.7932434647067609,-0.4262127209962071,0.1836,0.0213
2015-02-11,1219.0,0.32,1.68,-0.010283266746029085,0.010000000000000009,-0.020000000000000018,-0.7645623178942992,-0.4393243453348548,0.1933,0.0096999999999999
2015-02-12,1220.0999755859375,0.33,1.66,0.0009019520901309974,0.010000000000000009,-0.020000000000000018,-0.7523419267523375,-0.4488900368814926,0.1889,-0.0043999999999999
2015-02-13,1226.5,0.34,1.68,0.005231782127141926,0.010000000000000009,0.020000000000000018,-0.7217487306081177,-0.5227059406674293,0.2027,0.0137999999999999
2015-02-18,1199.699951171875,0.36,1.71,-0.0069773724962711725,-0.07,0.0,-0.7105888935461796,-0.5366772653455038,0.2309,-0.0194
2015-02-19,1207.0999755859375,0.37,1.74,0.006149283661093463,0.010000000000000009,0.030000000000000027,-0.7118995222151053,-0.550262373466084,0.2474,0.0165
2015-02-20,1204.4000244140625,0.38,1.75,-0.0022392306033918175,0.010000000000000009,0.010000000000000009,-0.7120501035344032,-0.5633382865515248,0.2604,0.013
2015-02-23,1200.300048828125,0.34,1.72,-0.0034099716670716873,-0.03999999999999998,-0.030000000000000027,-0.7000046001941173,-0.5501705675773406,0.2402,-0.0202
2015-02-24,1196.9000244140625,0.27,1.72,-0.0028366649341622363,-0.07,0.0,-0.6696479973639523,-0.5184808345620382,0.2038,-0.0363999999999999
2015-02-25,1201.0,0.24,1.72,0.003419641802913098,-0.030000000000000027,0.0,-0.6432131976818788,-0.5316678714724282,0.1866,-0.0172
2015-02-26,1209.5999755859375,0.24,1.79,0.0071351631617018185,0.0,0.07000000000000006,-0.6323163552067464,-0.5298415444911192,0.2066,0.02
2015-02-27,1212.5999755859375,0.17,1.83,0.002477088262295979,-0.06999999999999998,0.040000000000000036,-0.5945179286170059,-0.5422598333229969,0.1994,-0.0072
2015-03-02,1207.699951171875,0.25,1.83,-0.004049110653326693,0.07999999999999999,0.0,-0.5848497551886251,-0.4630852942510638,0.2256,0.0262
2015-03-03,1204.0,0.26,1.86,-0.0030683369818884643,0.010000000000000009,0.030000000000000027,-0.5874556774599794,-0.5085746137502442,0.2491,0.0234999999999999
2015-03-04,1200.5999755859375,0.25,1.87,-0.002827935385908198,-0.010000000000000009,0.010000000000000009,-0.5983236611208278,-0.532041457654981,0.2531,0.004
2015-03-05,1195.9000244140625,0.27,1.84,-0.003922351093294196,0.020000000000000018,-0.030000000000000027,-0.6345958552100052,-0.5404603340695302,0.2457,-0.0073999999999999
2015-03-06,1164.0999755859375,0.41,1.83,-0.026950825107847187,0.13999999999999996,-0.010000000000000009,-0.7454818330413037,-0.6521861629885801,0.2981,0.0523999999999999
2015-03-09,1166.4000244140625,0.44,1.76,0.00197386790380083,0.030000000000000027,-0.07000000000000006,-0.7952470735768876,-0.6788911882573133,0.2931,-0.0049999999999999
2015-03-10,1160.0999755859375,0.41,1.73,-0.005415915948947969,-0.030000000000000027,-0.030000000000000027,-0.8277494696510083,-0.673093209038552,0.2713,-0.0218
2015-03-11,1150.699951171875,0.39,1.72,-0.00813577684056721,-0.019999999999999962,-0.010000000000000009,-0.842843455546014,-0.6458976632164408,0.2567,-0.0146
2015-03-12,1152.0999755859375,0.39,1.71,0.0012159324570824026,0.0,-0.010000000000000009,-0.8381975952970405,-0.6604669610690145,0.2454,-0.0112999999999999
2015-03-13,1152.5999755859375,0.44,1.69,0.00043389596775078587,0.04999999999999999,-0.020000000000000018,-0.8426488864680746,-0.6748958471769471,0.2485,0.0030999999999999
2015-03-16,1153.300048828125,0.45,1.65,0.0006072017488047976,0.010000000000000009,-0.040000000000000036,-0.8300908919910865,-0.5910463816276247,0.237,-0.0115
2015-03-17,1148.300048828125,0.42,1.64,-0.004344810265399346,-0.030000000000000027,-0.010000000000000009,-0.8062554266544398,-0.5792605865171818,0.2211,-0.0158999999999999
2015-03-18,1151.4000244140625,0.23,1.7,0.0026959841412743657,-0.18999999999999997,0.06000000000000005,-0.6963433649453773,-0.5292121794213523,0.1609,-0.0602
2015-03-19,1169.0999755859375,0.19,1.79,0.015255586684474132,-0.04000000000000001,0.09000000000000008,-0.5653884736024026,-0.5410714784818746,0.1691,0.0082
2015-03-20,1184.800048828125,0.17,1.76,0.013339824035723424,-0.01999999999999999,-0.030000000000000027,-0.4377721652538715,-0.5354658139189695,0.1491,-0.0199999999999999
2015-03-23,1188.0,0.17,1.75,0.0026971957568777682,0.0,-0.010000000000000009,-0.38555402157843927,-0.45880877601361597,0.1363,-0.0128
2015-03-24,1191.699951171875,0.11,1.77,0.0031095972006651706,-0.06000000000000001,0.020000000000000018,-0.340148436722679,-0.48005400178025315,0.118,-0.0183
2015-03-25,1197.300048828125,0.12,1.81,0.004688244381404694,0.009999999999999995,0.040000000000000036,-0.35882380169069644,-0.4535094353888154,0.1292,0.0112
2015-03-26,1205.0999755859375,0.21,1.8,0.00649346826973396,0.09,-0.010000000000000009,-0.3904446167425293,-0.380641175550231,0.1612,0.032
2015-03-27,1199.800048828125,0.19,1.76,-0.004407613858515624,-0.01999999999999999,-0.040000000000000036,-0.42803676970104615,-0.37609468522355977,0.1471,-0.0141
2015-03-30,1184.800048828125,0.23,1.73,-0.012580891750165968,0.04000000000000001,-0.030000000000000027,-0.47549923820444373,-0.40476809266006336,0.1454,-0.0017
2015-03-31,1183.0999755859375,0.18,1.76,-0.001435933541767298,-0.05000000000000002,0.030000000000000027,-0.5362659315873666,-0.33857497209961074,0.132,-0.0133999999999999
2015-04-01,1208.0999755859375,0.07,1.8,0.02091076569292838,-0.10999999999999999,0.040000000000000036,-0.5872838144064031,-0.4630196516819873,0.1061,-0.0259
2015-04-02,1200.9000244140625,0.11,1.81,-0.00597756132043159,0.039999999999999994,0.010000000000000009,-0.6462252322752674,-0.4856792792499829,0.1139,0.0078
2015-04-06,1218.5999755859375,0.07,1.85,0.014631342783434143,-0.039999999999999994,0.040000000000000036,-0.7264270671612276,-0.4873810847508696,0.1016,0.0169
2015-04-07,1210.5999755859375,0.04,1.85,-0.006586554489200758,-0.030000000000000006,0.0,-0.767879784671196,-0.48340862535848755,0.104,0.0023999999999999
2015-04-08,1203.0999755859375,0.08,1.84,-0.006214545543826944,0.04,-0.010000000000000009,-0.7791973838421474,-0.5142935610207591,0.1124,0.0084
2015-04-09,1193.5999755859375,0.13,1.84,-0.007927608751493231,0.05,0.0,-0.784389274008881,-0.5245299248782562,0.1356,0.0232
2015-04-10,1204.5999755859375,0.14,1.82,0.009173611346904309,0.010000000000000009,-0.020000000000000018,-0.8058819480179454,-0.5145297526296215,0.1436,0.008
2015-04-13,1199.300048828125,0.14,1.8,-0.004409447390731458,0.0,-0.020000000000000018,-0.812589312527732,-0.5136725417345808,0.1374,-0.0062
2015-04-14,1192.800048828125,0.1,1.8,-0.005434568565282127,-0.04000000000000001,0.0,-0.8309829966723868,-0.4955261730774457,0.1211,-0.0162999999999999
2015-04-15,1201.5,0.07,1.84,0.007267250790277124,-0.03,0.040000000000000036,-0.8553726054187573,-0.4985567104754289,0.1144,-0.0066999999999999
2015-04-16,1198.0,0.05,1.85,-0.0029172765011287183,-0.020000000000000004,0.010000000000000009,-0.8692455289384787,-0.49631492419800344,0.1061,-0.0083
2015-04-17,1202.9000244140625,-0.02,1.89,0.0040818286206354415,-0.07,0.039999999999999813,-0.8811052606939771,-0.497384124510296,0.0998,-0.0063
2015-04-20,1193.5,0.01,1.89,-0.007845161517145094,0.03,0.0,-0.8682728020998983,-0.34665562122930815,0.1054,0.0055999999999999
2015-04-21,1202.9000244140625,0.06,1.86,0.007845161517145094,0.049999999999999996,-0.029999999999999805,-0.8761763192770247,-0.3078471170626661,0.1159,0.0105
2015-04-22,1186.9000244140625,0.12,1.87,-0.013390441663966968,0.06,0.010000000000000009,-0.8670137577214602,-0.37014343508144354,0.1453,0.0294
2015-04-23,1194.4000244140625,0.07,1.89,0.006299101033357957,-0.04999999999999999,0.019999999999999796,-0.8488739348726075,-0.3940453755379704,0.1379,-0.0074
2015-04-24,1175.199951171875,0.04,1.89,-0.016205683354533207,-0.030000000000000006,0.0,-0.779580115578831,-0.34608506624809426,0.1258,-0.0121
2015-04-27,1203.300048828125,0.03,1.91,0.02362951871174168,-0.010000000000000002,0.020000000000000018,-0.7407131690274343,-0.3141784838783652,0.1262,0.0004
2015-04-28,1214.0,0.11,1.89,0.008852869596814195,0.08,-0.020000000000000018,-0.6583009616263242,-0.2564924299449967,0.1485,0.0222999999999999
2015-04-29,1209.800048828125,0.14,1.92,-0.003465595586137127,0.030000000000000013,0.030000000000000027,-0.45772958341058306,-0.27486885672030265,0.1773,0.0288
2015-04-30,1182.4000244140625,0.11,1.94,-0.02290880519148164,-0.030000000000000013,0.020000000000000018,-0.3277717927855848,-0.253435216329172,0.1857,0.0083999999999999
2015-05-01,1174.5,0.18,1.94,-0.006703766742857553,0.06999999999999999,0.0,-0.3082355335879791,-0.25001625370789926,0.2199,0.0342
2015-05-04,1186.800048828125,0.24,1.92,0.010418125460372352,0.06,-0.020000000000000018,-0.32101548612399256,-0.18896985740119188,0.2375,0.0175999999999999
2015-05-05,1193.199951171875,0.25,1.94,0.005378082159257502,0.010000000000000009,0.020000000000000018,-0.3048460216986237,-0.18527340007641213,0.255,0.0175
2015-05-06,1190.300048828125,0.34,1.91,-0.002433315523068025,0.09000000000000002,-0.030000000000000027,-0.32171764211709203,-0.182413611521402,0.2802,0.0252
2015-05-07,1182.4000244140625,0.3,1.88,-0.006659125353704276,-0.040000000000000036,-0.030000000000000027,-0.3798052948388625,-0.16129624458912625,0.2688,-0.0114
2015-05-08,1189.0999755859375,0.28,1.88,0.005650406070160763,-0.019999999999999962,0.0,-0.4305143480853205,-0.21832285448760327,0.2506,-0.0181999999999999
2015-05-11,1183.199951171875,0.4,1.88,-0.004974106783250498,0.12,0.0,-0.47862222138994803,-0.23837839664783633,0.2877,0.0371
2015-05-12,1192.5999755859375,0.4,1.88,0.007913186088978286,0.0,0.0,-0.4380282524916659,-0.22046465787533895,0.2959,0.0081999999999999
2015-05-13,1218.4000244140625,0.41,1.86,0.02140276540104402,0.009999999999999953,-0.019999999999999796,-0.23184745149590236,-0.21385544539645368,0.301,0.0050999999999999
2015-05-14,1225.4000244140625,0.36,1.87,0.005728798596138063,-0.04999999999999999,0.010000000000000009,-0.06062917385337527,-0.10097597405871503,0.2838,-0.0171999999999999
2015-05-15,1225.5,0.31,1.83,8.158275327208031e-05,-0.04999999999999999,-0.040000000000000036,0.028079934600946092,-0.08401525530520051,0.2531,-0.0307
2015-05-18,1227.800048828125,0.37,1.86,0.0018750657940209692,0.06,0.030000000000000027,0.17010737049624614,-0.034241599998273455,0.2756,0.0225
2015-05-19,1206.9000244140625,0.42,1.85,-0.017168880909600226,0.04999999999999999,-0.010000000000000009,0.2311734896703138,-0.09547525014493194,0.3029,0.0272999999999999
2015-05-20,1208.9000244140625,0.38,1.88,0.001655766550627824,-0.03999999999999998,0.029999999999999805,0.2671997051543765,-0.08850453526034999,0.2999,-0.003
2015-05-21,1204.4000244140625,0.35,1.84,-0.003729337524911891,-0.030000000000000027,-0.039999999999999813,0.2709047488984315,-0.05671643197518027,0.2755,-0.0243999999999999
2015-05-22,1204.300048828125,0.34,1.87,-8.301206705230157e-05,-0.009999999999999953,0.030000000000000027,0.2862884998971689,-0.0589146378868198,0.2855,0.0099999999999999
2015-05-27,1185.9000244140625,0.34,1.8,-0.0010955517266060255,0.020000000000000018,-0.020000000000000018,0.22373933420537198,-0.05196876224461811,0.2544,-0.007
2015-05-28,1188.0999755859375,0.33,1.8,0.001853371357715794,-0.010000000000000009,0.0,0.21729887444446538,-0.035956893413280885,0.2469,-0.0075
2015-05-29,1189.4000244140625,0.32,1.8,0.0010936268834482732,-0.010000000000000009,0.0,0.210811131010239,-0.04298688800540031,0.2382,-0.0087
2015-06-01,1188.300048828125,0.39,1.8,-0.000925243412143395,0.07,0.0,0.22447747801085757,-0.021695640193328987,0.2609,0.0227
2015-06-02,1194.0999755859375,0.44,1.83,0.004868987707044248,0.04999999999999999,0.030000000000000027,0.20546200561944566,-0.0005189405413327276,0.2957,0.0348
2015-06-03,1184.699951171875,0.55,1.83,-0.007903206348653491,0.11000000000000004,0.0,0.16381291877398318,-0.06653425565492563,0.3456,0.0499
2015-06-04,1174.9000244140625,0.5,1.81,-0.008306478391888028,-0.050000000000000044,-0.020000000000000018,0.05441369684438823,0.005641323412786077,0.3356,-0.01
2015-06-05,1167.800048828125,0.55,1.86,-0.006061379691723268,0.050000000000000044,0.050000000000000044,-0.061839773370367376,0.022173038780427173,0.3738,0.0382
2015-06-08,1173.199951171875,0.54,1.85,0.004613337822188868,-0.010000000000000009,-0.010000000000000009,-0.23661868689585436,-0.03787156018483181,0.3745,0.0006999999999999
2015-06-09,1177.300048828125,0.56,1.86,0.003488706075129855,0.020000000000000018,0.010000000000000009,-0.2661615784253057,0.010237158413982799,0.3873,0.0127999999999999
2015-06-10,1186.0999755859375,0.63,1.87,0.007446870892936275,0.06999999999999995,0.010000000000000009,-0.21820898641247682,-0.0033492970880389552,0.416,0.0287
2015-06-11,1179.9000244140625,0.56,1.83,-0.0052408836542428006,-0.06999999999999995,-0.040000000000000036,-0.1973496465776341,0.02893545505473949,0.3914,-0.0245999999999999
2015-06-12,1178.800048828125,0.55,1.84,-0.0009326965120806108,-0.010000000000000009,0.010000000000000009,-0.3046116768882409,-0.053615734564492576,0.3863,-0.0051
2015-06-15,1185.300048828125,0.51,1.85,0.005498934994764504,-0.040000000000000036,0.010000000000000009,-0.4258481331053786,-0.04480548598723695,0.3694,-0.0168999999999999
2015-06-16,1180.5,0.44,1.88,-0.004057870754626158,-0.07,0.029999999999999805,-0.4707006938215973,-0.06335835748998145,0.3506,-0.0187999999999999
2015-06-17,1176.4000244140625,0.42,1.9,-0.003479129092530009,-0.020000000000000018,0.020000000000000018,-0.48338598827915674,-0.05810397607320034,0.3347,-0.0159
2015-06-18,1201.5,0.46,1.89,0.021111827743485634,0.040000000000000036,-0.010000000000000009,-0.4809240744950706,0.02457213331958841,0.3416,0.0069
2015-06-19,1201.5,0.4,1.86,0.0,-0.06,-0.029999999999999805,-0.5306803829652025,0.0013325587557265067,0.3146,-0.027
2015-06-22,1183.699951171875,0.47,1.9,-0.014925691467098545,0.06999999999999995,0.039999999999999813,-0.5739722610707191,-0.06372803161496494,0.3476,0.033
2015-06-23,1176.199951171875,0.5,1.92,-0.0063562231970246685,0.030000000000000027,0.020000000000000018,-0.5963339643240482,-0.0362245093603709,0.3715,0.0238999999999999
2015-06-24,1172.5999755859375,0.48,1.9,-0.0030653768027377737,-0.020000000000000018,-0.020000000000000018,-0.6001637859660206,-0.029340668249735836,0.3688,-0.0026999999999999
2015-06-25,1171.5,0.49,1.91,-0.0009385057618116477,0.010000000000000009,0.010000000000000009,-0.6142476222149825,-0.049377019660929854,0.3746,0.0057999999999999
2015-06-26,1172.9000244140625,0.57,1.92,0.0011943563947358626,0.07999999999999996,0.010000000000000009,-0.6215270903268059,0.006740542746533865,0.4055,0.0309
2015-06-29,1178.5,0.46,1.87,0.0047631080335994724,-0.10999999999999993,-0.04999999999999982,-0.5723923677008862,-0.0495131031401103,0.3547,-0.0508
2015-06-30,1171.5,0.48,1.87,-0.005957464428335335,0.019999999999999962,0.0,-0.5723468464549282,-0.0731386249539677,0.3468,-0.0079
2015-07-01,1169.0,0.54,1.89,-0.0021362964757827285,0.06000000000000005,0.019999999999999796,-0.5971986610793047,-0.012587300930740777,0.3754,0.0286
2015-07-02,1163.0,0.49,1.91,-0.005145808953403552,-0.050000000000000044,0.020000000000000018,-0.568039706530076,0.020018382370783464,0.3642,-0.0111999999999999
2015-07-07,1152.4000244140625,0.4,1.87,-0.01763258994680683,-0.02999999999999997,0.0,-0.29999534629776586,0.0051861312451568,0.3055,-0.02
2015-07-08,1163.300048828125,0.39,1.83,0.009414090400743369,-0.010000000000000009,-0.040000000000000036,-0.20189351441955097,-0.03067423521326102,0.2777,-0.0277999999999999
2015-07-09,1159.0,0.47,1.85,-0.0037032714567715175,0.07999999999999996,0.020000000000000018,-0.15737964838645652,-0.04796674925924373,0.3055,0.0277999999999999
2015-07-10,1157.699951171875,0.55,1.87,-0.0011223283049073274,0.08000000000000007,0.020000000000000018,-0.149942806130918,-0.04515085245563396,0.3553,0.0498
2015-07-13,1155.199951171875,0.58,1.86,-0.002161789164397021,0.029999999999999916,-0.010000000000000009,-0.14332807603854225,-0.04443520781321232,0.3763,0.021
2015-07-14,1153.300048828125,0.56,1.85,-0.0016460063008070236,-0.019999999999999907,-0.010000000000000009,-0.14244330597040694,-0.04404044584897467,0.3672,-0.0090999999999999
2015-07-15,1147.199951171875,0.52,1.84,-0.00530329228715587,-0.040000000000000036,-0.010000000000000009,-0.10906530936524512,-0.0520651061933394,0.3445,-0.0227
2015-07-16,1143.800048828125,0.52,1.84,-0.0029680531118785325,0.0,0.0,-0.15120374506488043,0.00847739596403319,0.3441,-0.0003999999999999
2015-07-17,1131.800048828125,0.51,1.83,-0.010546766320175038,-0.010000000000000009,-0.010000000000000009,-0.14710202430568844,-0.015034307324084605,0.3441,0.0
2015-07-20,1106.699951171875,0.56,1.82,-0.02242675870016253,0.050000000000000044,-0.010000000000000009,-0.22404530910791817,-0.0784766926359765,0.3533,0.0091999999999999
2015-07-21,1103.4000244140625,0.53,1.82,-0.002986226185726082,-0.030000000000000027,0.0,-0.24500009123191638,-0.07104537312895633,0.3419,-0.0114
2015-07-22,1091.4000244140625,0.53,1.8,-0.0109350458429196,0.0,-0.020000000000000018,-0.2787959721501252,-0.0805014557658965,0.3333,-0.0085999999999999
2015-07-23,1094.0,0.49,1.79,0.0023794058603039403,-0.040000000000000036,-0.010000000000000009,-0.3416461780306009,-0.1609210553620954,0.3099,-0.0233999999999999
2015-07-24,1085.5999755859375,0.51,1.76,-0.007707896950271298,0.020000000000000018,-0.030000000000000027,-0.37264526941268594,-0.1888164949003058,0.3002,-0.0096999999999999
2015-07-27,1096.5,0.5,1.73,0.009990481826287478,-0.010000000000000009,-0.030000000000000027,-0.3982971812972129,-0.1892884763570779,0.2759,-0.0243
2015-07-28,1096.300048828125,0.51,1.75,-0.00018237063843162815,0.010000000000000009,0.020000000000000018,-0.4173424425376572,-0.16537350875042706,0.2798,0.0039
2015-07-29,1092.699951171875,0.52,1.77,-0.0032892653285676587,0.010000000000000009,0.020000000000000018,-0.4070965311352604,-0.18163673628147414,0.2911,0.0113
2015-07-30,1088.4000244140625,0.51,1.77,-0.003942902550703842,-0.010000000000000009,0.0,-0.3809702267066218,-0.18237263179328272,0.2916,0.0005
2015-07-31,1094.9000244140625,0.46,1.74,0.005954306837122836,-0.04999999999999999,-0.030000000000000027,-0.3072505364430076,-0.3445579907197964,0.2605,-0.0311
2015-08-03,1089.4000244140625,0.46,1.7,-0.005035948817229574,0.0,-0.040000000000000036,-0.16172683951508665,-0.335649468983104,0.2353,-0.0252
2015-08-04,1090.699951171875,0.52,1.71,0.001192538806868093,0.06,0.010000000000000009,-0.1508774151820092,-0.2387586157731404,0.2569,0.0216
2015-08-05,1085.699951171875,0.58,1.7,-0.00459475190306069,0.05999999999999994,-0.010000000000000009,-0.21558194743200876,-0.2353256328978399,0.2785,0.0216
2015-08-06,1090.199951171875,0.56,1.67,0.004136225578012187,-0.019999999999999907,-0.030000000000000027,-0.23490132530628385,-0.24892188863773848,0.2709,-0.0076
2015-08-07,1094.0999755859375,0.52,1.66,0.0035709643265038338,-0.040000000000000036,-0.010000000000000009,-0.23121098719636932,-0.26946448918864346,0.2523,-0.0185999999999999
2015-08-10,1104.199951171875,0.55,1.69,0.009188961461124023,0.030000000000000027,0.030000000000000027,-0.32340095684604686,-0.2643107041947602,0.2585,0.0061999999999999
2015-08-11,1107.5999755859375,0.49,1.66,0.0030744436249161566,-0.06000000000000005,-0.030000000000000027,-0.2777989708995138,-0.23839824215865987,0.2247,-0.0338
2015-08-12,1123.199951171875,0.52,1.62,0.013986220544715877,0.030000000000000027,-0.039999999999999813,-0.2568435831787992,-0.1660315236557949,0.2135,-0.0112
2015-08-13,1115.699951171875,0.57,1.62,-0.0066997439646439005,0.04999999999999993,0.0,-0.3047116100986336,-0.18945038365365266,0.2322,0.0186999999999999
2015-08-14,1112.9000244140625,0.58,1.62,-0.0025127239178521776,0.010000000000000009,0.0,-0.2914381523183152,-0.21691114919282573,0.2437,0.0115
2015-08-17,1118.5999755859375,0.58,1.58,0.005108638645219266,0.0,-0.040000000000000036,-0.18422839924744025,-0.15984470886684052,0.2327,-0.011
2015-08-18,1117.0999755859375,0.62,1.58,-0.0013418618399914095,0.040000000000000036,0.0,-0.05561866310083963,-0.24783491082345993,0.244,0.0113
2015-08-19,1128.0999755859375,0.55,1.57,0.009798760247176297,-0.06999999999999995,-0.010000000000000009,0.19898162253348503,-0.3092433619120706,0.2125,-0.0315
2015-08-20,1153.0,0.53,1.56,0.021832461299938544,-0.020000000000000018,-0.010000000000000009,0.3227195844162739,-0.31752724838022295,0.202,-0.0104999999999999
2015-08-21,1159.5999755859375,0.52,1.53,0.005707855724575772,-0.010000000000000009,-0.030000000000000027,0.2670748424773063,-0.3387146553793377,0.1808,-0.0212
2015-08-24,1153.4000244140625,0.52,1.49,-0.005360973645283984,0.0,-0.040000000000000036,0.1724430875808385,-0.3344775272394571,0.1566,-0.0242
2015-08-25,1138.199951171875,0.59,1.53,-0.01326609907875298,0.06999999999999995,0.040000000000000036,0.1857740768047805,-0.40298898277958545,0.1934,0.0368
2015-08-26,1124.5999755859375,0.65,1.53,-0.012020629120604198,0.06000000000000005,0.0,0.2399384778788764,-0.4742640799226206,0.2216,0.0282
2015-08-27,1122.4000244140625,0.6,1.58,-0.0019581236090830956,-0.050000000000000044,0.050000000000000044,0.2874168661513069,-0.4526492167068913,0.2311,0.0095
2015-08-28,1133.0999755859375,0.58,1.61,0.009487946300354544,-0.020000000000000018,0.030000000000000027,0.3409598565335173,-0.48606279691078624,0.2408,0.0096999999999999
2015-08-31,1131.5999755859375,0.58,1.63,-0.0013246789876699694,0.0,0.019999999999999796,0.36401762045690633,-0.4385006388073085,0.2484,0.0076
2015-09-01,1138.699951171875,0.6,1.57,0.006254679083375514,0.020000000000000018,-0.05999999999999983,0.395099819678036,-0.44301681911147556,0.2343,-0.0141
2015-09-02,1132.5,0.64,1.56,-0.00545963957878115,0.040000000000000036,-0.010000000000000009,0.418734635641984,-0.4810855617144542,0.242,0.0076999999999999
2015-09-03,1123.699951171875,0.64,1.54,-0.007800809896323813,0.0,-0.020000000000000018,0.39944568283218945,-0.47080880779517487,0.2356,-0.0063999999999999
2015-09-04,1120.5999755859375,0.62,1.51,-0.0027625341162806905,-0.020000000000000018,-0.030000000000000027,0.3758332921453551,-0.4500189203970984,0.2201,-0.0155
2015-09-09,1102.199951171875,0.65,1.56,-0.01637764802791075,-0.020000000000000018,0.030000000000000027,0.26397259239081894,-0.3582885514433152,0.2397,0.0032
2015-09-10,1109.5,0.64,1.59,0.006601325224117716,-0.010000000000000009,0.030000000000000027,0.21415706276519128,-0.362688715079985,0.2505,0.0108
2015-09-11,1103.5,0.61,1.59,-0.005422516675857025,-0.030000000000000027,0.0,0.14996652160025276,-0.34267923955559515,0.2398,-0.0106999999999999
2015-09-14,1107.699951171875,0.62,1.56,0.0037988027454547435,0.010000000000000009,-0.030000000000000027,0.05633994172059319,-0.32097246894490333,0.231,-0.0088
2015-09-15,1102.800048828125,0.72,1.56,-0.004433305016104505,0.09999999999999998,0.0,-0.13982525009870134,-0.3414826715541031,0.2674,0.0364
2015-09-16,1119.199951171875,0.73,1.57,0.014761656297426207,0.010000000000000009,0.010000000000000009,-0.20198946633366874,-0.3346109583451438,0.2836,0.0161999999999999
2015-09-17,1117.300048828125,0.63,1.58,-0.0016989964683835623,-0.09999999999999998,0.010000000000000009,-0.23713923920917387,-0.2584053762697033,0.251,-0.0326
2015-09-18,1138.0999755859375,0.58,1.55,0.01844507958106245,-0.050000000000000044,-0.030000000000000027,-0.30156845385130693,-0.3075046513506119,0.2245,-0.0264999999999999
2015-09-21,1133.0999755859375,0.66,1.54,-0.004402965995981667,0.08000000000000007,-0.010000000000000009,-0.38793732330191477,-0.323212220792771,0.2448,0.0202999999999999
2015-09-22,1125.0,0.63,1.51,-0.007174182201744372,-0.030000000000000027,-0.030000000000000027,-0.44601916520197415,-0.3179767902486919,0.2268,-0.0179999999999999
2015-09-23,1131.5999755859375,0.64,1.52,0.005849503214074403,0.010000000000000009,0.010000000000000009,-0.5686571246430383,-0.3120400836774206,0.2289,0.0020999999999999
2015-09-24,1153.800048828125,0.64,1.49,0.01942834628959389,0.0,-0.030000000000000027,-0.5359906083916723,-0.33750559608334174,0.2192,-0.0096999999999999
2015-09-25,1146.0,0.71,1.46,-0.0067832668675036345,0.06999999999999995,-0.030000000000000027,-0.4487515182014528,-0.34355250428796436,0.233,0.0138
2015-09-28,1132.0,0.71,1.39,-0.01229163851155679,0.0,-0.07000000000000006,-0.4453624044574468,-0.3278407304228003,0.2094,-0.0236
2015-09-29,1127.0999755859375,0.66,1.39,-0.004338039176050579,-0.04999999999999993,0.0,-0.4678402195000951,-0.2997410559110177,0.1805,-0.0289
2015-09-30,1115.5,0.65,1.41,-0.010345205714490824,-0.010000000000000009,0.020000000000000018,-0.4801239756150021,-0.28397935824166276,0.1762,-0.0042999999999999
2015-10-01,1114.199951171875,0.59,1.46,-0.001166120109355795,-0.06000000000000005,0.050000000000000044,-0.46522276970832604,-0.232647516725584,0.1742,-0.002
2015-10-02,1137.0999755859375,0.51,1.48,0.020344525396983393,-0.07999999999999996,0.020000000000000018,-0.4164965045356169,-0.31467481772976397,0.145,-0.0292
2015-10-05,1138.0999755859375,0.56,1.51,0.0008790436760319764,0.050000000000000044,0.030000000000000027,-0.33947746558788205,-0.3012900239050721,0.1634,0.0184
2015-10-06,1146.800048828125,0.53,1.52,0.007615313750683583,-0.030000000000000027,0.010000000000000009,-0.30881780378880985,-0.31527682699350934,0.1632,-0.0001999999999999
2015-10-07,1149.0,0.53,1.55,0.0019165012618254096,0.0,0.030000000000000027,-0.36394040653685306,-0.26470317577876423,0.1741,0.0108999999999999
2015-10-08,1144.699951171875,0.54,1.58,-0.0037494475801524985,0.010000000000000009,0.030000000000000027,-0.40310855332908285,-0.2203233411486839,0.1919,0.0177999999999999
2015-10-09,1156.300048828125,0.58,1.54,0.010082743094216085,0.039999999999999925,-0.040000000000000036,-0.4286674128112969,-0.19658810125696247,0.2,0.0081
2015-10-14,1180.0999755859375,0.5,1.49,0.012191571448331828,-0.040000000000000036,-0.030000000000000027,-0.5677417813516842,-0.2306854221454288,0.143,-0.0351
2015-10-15,1187.9000244140625,0.54,1.5,0.006587902904208853,0.040000000000000036,0.010000000000000009,-0.5917842889785504,-0.21956266734874538,0.1541,0.0110999999999999
2015-10-16,1183.5999755859375,0.56,1.48,-0.003626441948680892,0.020000000000000018,-0.020000000000000018,-0.600011288268502,-0.20870535703985796,0.1613,0.0072
2015-10-19,1173.300048828125,0.59,1.45,-0.008740287853461481,0.029999999999999916,-0.030000000000000027,-0.589093672033744,-0.23019315067750612,0.161,-0.0002999999999999
2015-10-20,1178.0,0.6,1.48,0.003997752165893154,0.010000000000000009,0.030000000000000027,-0.5729516617713258,-0.23538062439749444,0.1786,0.0176
2015-10-21,1167.5999755859375,0.59,1.45,-0.008867746141183908,-0.010000000000000009,-0.030000000000000027,-0.5618358468123736,-0.22210506883002681,0.1696,-0.009
2015-10-22,1166.5999755859375,0.57,1.47,-0.0008568246783458022,-0.020000000000000018,0.020000000000000018,-0.5597727537396988,-0.25872065855310034,0.1657,-0.0039
2015-10-23,1163.300048828125,0.58,1.51,-0.002832678595479088,0.010000000000000009,0.040000000000000036,-0.556863141857539,-0.2602539938521608,0.1881,0.0224
2015-10-26,1167.0,0.59,1.48,0.003175517490032753,0.010000000000000009,-0.030000000000000027,-0.5760533670205262,-0.28038180271473717,0.1829,-0.0051999999999999
2015-10-27,1166.800048828125,0.57,1.48,-0.00017135244509436376,-0.020000000000000018,0.0,-0.5928703009526562,-0.27860379607101565,0.1685,-0.0143999999999999
2015-10-28,1177.0999755859375,0.63,1.47,0.008788764836116236,0.06000000000000005,-0.010000000000000009,-0.4915976546586987,-0.19858877639014294,0.1925,0.0239999999999999
2015-10-29,1147.199951171875,0.67,1.52,-0.025729617395093385,0.040000000000000036,0.050000000000000044,-0.42949219144649664,-0.2801039686979001,0.2235,0.031
2015-10-30,1141.5,0.63,1.53,-0.004980961312634591,-0.040000000000000036,0.010000000000000009,-0.42293624006701097,-0.3042918006998935,0.224,0.0005
2015-11-02,1135.800048828125,0.65,1.55,-0.005005895536445593,0.020000000000000018,0.020000000000000018,-0.44805986778842544,-0.252863062476665,0.2382,0.0141999999999999
2015-11-03,1114.199951171875,0.65,1.58,-0.01920067667017289,0.0,0.030000000000000027,-0.4556324590584169,-0.22477312552739148,0.2549,0.0167
2015-11-04,1106.5,0.68,1.57,-0.0069347342721268745,0.030000000000000027,-0.010000000000000009,-0.49639969424052865,-0.26172869288092304,0.2718,0.0168999999999999
2015-11-05,1104.4000244140625,0.71,1.55,-0.0018996573289280505,0.029999999999999916,-0.020000000000000018,-0.5476739263306653,-0.26917456596430284,0.2794,0.0075999999999999
2015-11-06,1087.5999755859375,0.75,1.59,-0.015328811851509805,0.040000000000000036,0.040000000000000036,-0.6342995811836116,-0.31952235228115095,0.3137,0.0343
2015-11-09,1087.9000244140625,0.76,1.6,0.0002758435578282814,0.010000000000000009,0.010000000000000009,-0.7146752732556522,-0.30473008813514485,0.3241,0.0104
2015-11-10,1088.199951171875,0.77,1.55,0.0002756553127856165,0.010000000000000009,-0.050000000000000044,-0.7596329997624071,-0.31157777904357425,0.3151,-0.009
2015-11-13,1080.800048828125,0.76,1.52,0.0,-0.020000000000000018,-0.020000000000000018,-0.8128684841793623,-0.36484467552653665,0.2979,-0.0169
2015-11-16,1083.699951171875,0.76,1.51,0.0026795140483333313,0.0,-0.010000000000000009,-0.8483227972757402,-0.3923118163429957,0.2854,-0.0125
2015-11-17,1068.699951171875,0.72,1.53,-0.013938156030504523,-0.040000000000000036,0.020000000000000018,-0.8766671776858522,-0.1247334934060209,0.2761,-0.0092999999999999
2015-11-18,1068.800048828125,0.71,1.56,9.365862579890916e-05,-0.010000000000000009,0.030000000000000027,-0.8816266462220018,-0.15313540478959228,0.285,0.0088999999999999
2015-11-19,1078.0,0.68,1.56,0.008570903001564822,-0.029999999999999916,0.0,-0.8841757992671146,-0.15723307212813556,0.2805,-0.0044999999999999
2015-11-20,1076.4000244140625,0.66,1.6,-0.0014853099349743104,-0.020000000000000018,0.040000000000000036,-0.8771916434577124,-0.15529716395927992,0.2865,0.0059999999999999
2015-11-23,1066.800048828125,0.64,1.61,-0.008958603455464065,-0.020000000000000018,0.010000000000000009,-0.8528552460835287,-0.12871298461864888,0.2801,-0.0063999999999999
2015-11-24,1074.300048828125,0.62,1.62,0.007005773045099417,-0.020000000000000018,0.010000000000000009,-0.8129239113640615,-0.23083144033017783,0.2675,-0.0126
2015-11-25,1070.5,0.62,1.61,-0.003543503093865752,0.0,-0.010000000000000009,-0.7685884716057282,-0.17712076774628832,0.2604,-0.0070999999999999
2015-11-30,1065.800048828125,0.62,1.59,0.009048221633438658,0.0,-0.010000000000000009,-0.6293011617008107,-0.14784199079815918,0.2441,-0.0078999999999999
2015-12-01,1063.800048828125,0.58,1.57,-0.001878287468333184,-0.040000000000000036,-0.020000000000000018,-0.5240710441326472,-0.15365014116199935,0.2158,-0.0283
2015-12-02,1054.199951171875,0.62,1.56,-0.009065310104538149,0.040000000000000036,-0.010000000000000009,-0.45583292887522964,-0.16116090048352663,0.2206,0.0047999999999999
2015-12-03,1061.699951171875,0.72,1.61,0.007089211925615402,0.09999999999999998,0.050000000000000044,-0.4470105888645534,-0.0033173299327514906,0.2704,0.0497999999999999
2015-12-04,1084.5,0.68,1.6,0.02124770023791367,-0.039999999999999925,-0.010000000000000009,-0.41285382057107867,-0.1298687610372721,0.2659,-0.0044999999999999
2015-12-07,1076.4000244140625,0.67,1.56,-0.007496888732961615,-0.010000000000000009,-0.040000000000000036,-0.35210822857625274,-0.11836694754031153,0.2396,-0.0263
2015-12-08,1076.300048828125,0.68,1.56,-9.288389706618716e-05,0.010000000000000009,0.0,-0.28697877655059106,-0.11617276836230697,0.2311,-0.0085
2015-12-09,1077.5999755859375,0.69,1.53,0.0012070448032925896,0.009999999999999898,-0.030000000000000027,-0.2087487763806917,-0.118072044136507,0.2173,-0.0138
2015-12-10,1073.0999755859375,0.73,1.51,-0.004184690258079549,0.040000000000000036,-0.020000000000000018,-0.07771383741643736,-0.1157525561194431,0.2263,0.009
2015-12-11,1076.9000244140625,0.67,1.46,0.003534932823407111,-0.05999999999999994,-0.050000000000000044,0.036168635336307486,-0.23606329700813888,0.1862,-0.0401
2015-12-14,1064.699951171875,0.78,1.45,-0.011393542545885538,0.10999999999999999,-0.010000000000000009,0.017195945921353838,-0.23452603486943588,0.2146,0.0284
2015-12-15,1062.9000244140625,0.8,1.48,-0.0016919789508067495,0.020000000000000018,0.030000000000000027,0.07759466895685736,-0.25126362645176226,0.2388,0.0242
2015-12-16,1078.0,0.84,1.46,0.014106427960112633,0.039999999999999925,-0.020000000000000018,0.19218857642388007,-0.17349201853520288,0.2625,0.0237
2015-12-17,1050.800048828125,0.77,1.47,-0.02555564718998582,-0.06999999999999995,0.010000000000000009,0.2153041874694466,0.0005343118646952488,0.2511,-0.0114
2015-12-18,1066.199951171875,0.73,1.46,0.014549054313300225,-0.040000000000000036,-0.010000000000000009,0.2670709282829815,-0.04677983304641707,0.2329,-0.0181999999999999
2015-12-21,1081.9000244140625,0.75,1.45,0.014617897667185353,0.020000000000000018,-0.010000000000000009,0.31578704493304277,-0.018823172664161843,0.2243,-0.0085999999999999
2015-12-22,1074.800048828125,0.78,1.46,-0.006584134088143401,0.030000000000000027,0.010000000000000009,0.2975436543087116,0.01511557330154168,0.2411,0.0168
2015-12-23,1069.4000244140625,0.76,1.51,-0.005036876826984837,-0.020000000000000018,0.050000000000000044,0.25667388777372285,0.02242301345430161,0.2584,0.0173
2015-12-24,1077.199951171875,0.73,1.52,0.007267270264383008,-0.030000000000000027,0.010000000000000009,0.2184752348378198,0.002216093225736701,0.2578,-0.0006
2015-12-29,1077.5,0.79,1.53,0.006517713948165138,0.050000000000000044,0.030000000000000027,0.18061130078919452,0.03077809204765558,0.28,0.0276
2015-12-30,1060.0999755859375,0.77,1.54,-0.016280322728812635,-0.020000000000000018,0.010000000000000009,0.0949092568055545,0.055425689309112826,0.2862,0.0061999999999999
2015-12-31,1060.300048828125,0.73,1.54,0.00018871273389731158,-0.040000000000000036,0.0,0.07935560684011789,0.010904979816533449,0.2776,-0.0085999999999999
2016-01-05,1078.4000244140625,0.69,1.56,0.0030648260146568518,0.0,0.010000000000000009,0.07867291698149739,-0.012968192885050963,0.2568,-0.003
2016-01-06,1091.9000244140625,0.65,1.53,0.012440836582072734,-0.039999999999999925,-0.030000000000000027,0.02029585877154703,-0.052333749068759726,0.226,-0.0307999999999999
2016-01-07,1107.699951171875,0.66,1.5,0.014366429062977915,0.010000000000000009,-0.030000000000000027,-0.07265211691823505,-0.05675274065089258,0.2045,-0.0215
2016-01-08,1097.800048828125,0.65,1.48,-0.008977527848297306,-0.010000000000000009,-0.020000000000000018,-0.1230201201107758,-0.03891073542062359,0.1865,-0.0179999999999999
2016-01-11,1096.5,0.72,1.45,-0.0011849327360060613,0.06999999999999995,-0.030000000000000027,-0.1190768875104619,-0.047533412180781394,0.1893,0.0027999999999999
2016-01-12,1085.5999755859375,0.69,1.43,-0.009990481826287478,-0.030000000000000027,-0.020000000000000018,-0.20958905813403897,-0.024893283525447587,0.1711,-0.0181999999999999
2016-01-13,1087.5,0.65,1.43,0.0017486769311840789,-0.039999999999999925,0.0,-0.2870556107940781,-0.026645476993053856,0.1485,-0.0226
2016-01-14,1073.9000244140625,0.67,1.43,-0.012584579364649962,0.020000000000000018,0.0,-0.3934047025878717,-0.05011454798562525,0.1496,0.0011
2016-01-15,1091.5,0.67,1.36,0.01625599239180886,0.0,-0.06999999999999984,-0.5776352559773643,-0.026252914305445796,0.1267,-0.0229
2016-01-20,1107.0999755859375,0.69,1.32,0.015657990517612852,0.009999999999999898,-0.05999999999999983,-0.5837087773726141,-0.0031539545410180624,0.112,-0.0187999999999999
2016-01-21,1099.0999755859375,0.74,1.28,-0.007252320951077529,0.050000000000000044,-0.040000000000000036,-0.5547574163080577,-0.04122476886115083,0.1092,-0.0027999999999999
2016-01-22,1097.199951171875,0.72,1.35,-0.0017302053011150065,-0.020000000000000018,0.07000000000000006,-0.5535780978190208,-0.036376647255328576,0.1235,0.0142999999999999
2016-01-25,1106.199951171875,0.69,1.34,0.008169238859200512,-0.030000000000000027,-0.010000000000000009,-0.5658086680413197,-0.05378158153332898,0.1115,-0.0119999999999999
2016-01-26,1121.699951171875,0.65,1.36,0.013914673700545777,-0.039999999999999925,0.020000000000000018,-0.6012542847720889,-0.07362382318640033,0.0988,-0.0127
2016-01-27,1116.0999755859375,0.62,1.4,-0.005004904333480553,-0.030000000000000027,0.039999999999999813,-0.6668896252776986,-0.051533124823784755,0.0936,-0.0051999999999999
2016-01-28,1115.5999755859375,0.58,1.42,-0.0004480889181390779,-0.040000000000000036,0.020000000000000018,-0.692084895364508,0.0804027337019725,0.0811,-0.0124999999999999
2016-01-29,1116.4000244140625,0.53,1.41,0.000716889661638298,-0.04999999999999993,-0.010000000000000009,-0.7023219358391151,0.09115312394256916,0.0528,-0.0283
2016-02-01,1127.9000244140625,0.57,1.4,0.010248273760733895,0.039999999999999925,-0.010000000000000009,-0.7659503503872606,0.0747005757341678,0.0599,0.0071
2016-02-02,1127.300048828125,0.51,1.36,-0.0005320819267531363,-0.05999999999999994,-0.039999999999999813,-0.7843280284386805,-0.08052066534880739,0.0187,-0.0412
2016-02-03,1141.300048828125,0.5,1.38,0.012342569977745299,-0.010000000000000009,0.019999999999999796,-0.8226982178970106,-0.04173195575531282,0.0087,-0.01
2016-02-04,1157.5999755859375,0.51,1.36,0.014180868884579034,0.010000000000000009,-0.019999999999999796,-0.8465143799736581,-0.05668617235172606,0.0043,-0.0043999999999999
2016-02-05,1157.800048828125,0.53,1.33,0.00017281959106441036,0.020000000000000018,-0.030000000000000027,-0.8551674048792108,-0.026309963910272002,0.0006,-0.0037
2016-02-08,1197.9000244140625,0.52,1.23,0.034048349299905745,-0.010000000000000009,-0.10000000000000009,-0.8333617401611235,-0.03758051771017784,-0.0424,-0.043
2016-02-09,1198.699951171875,0.53,1.21,0.0006675513608165318,0.010000000000000009,-0.020000000000000018,-0.8234517913240097,-0.034846682696514183,-0.0544,-0.0119999999999999
2016-02-10,1194.699951171875,0.5,1.21,-0.0033425285262591586,-0.030000000000000027,0.0,-0.8319295270855005,-0.002640954149899143,-0.0642,-0.0097999999999999
2016-02-11,1247.9000244140625,0.45,1.18,0.04356709112536539,-0.04999999999999999,-0.030000000000000027,-0.8516109083175083,-0.1465367956975058,-0.0906,-0.0264
2016-02-12,1239.0999755859375,0.49,1.25,-0.00707686815854025,0.03999999999999998,0.07000000000000006,-0.8457521265177277,-0.21357943293258785,-0.056,0.0346
2016-02-17,1211.0999755859375,0.53,1.28,0.002645682545197481,0.0,0.030000000000000027,-0.8319042820720908,-0.294344930278197,-0.0177,0.0187
2016-02-18,1226.0999755859375,0.51,1.24,0.012309362957954484,-0.020000000000000018,-0.040000000000000036,-0.8290517121177281,-0.30020778479671517,-0.0367,-0.019
2016-02-19,1230.4000244140625,0.5,1.26,0.0035009592673835854,-0.010000000000000009,0.020000000000000018,-0.8327051629327881,-0.28524248300120125,-0.0349,0.0018
2016-02-22,1209.5,0.46,1.31,-0.017132288543675323,-0.03999999999999998,0.050000000000000044,-0.8388182828187232,-0.23378196081114327,-0.033,0.0018999999999999
2016-02-23,1222.300048828125,0.42,1.32,0.010527318680876085,-0.040000000000000036,0.010000000000000009,-0.8457822877620563,-0.25220532221030445,-0.044,-0.0109999999999999
2016-02-24,1238.699951171875,0.39,1.36,0.013328033410348716,-0.02999999999999997,0.040000000000000036,-0.855264817202916,-0.26025736710032543,-0.0457,-0.0017
2016-02-25,1238.199951171875,0.32,1.39,-0.00040373049094011293,-0.07,0.029999999999999805,-0.8491316777106913,-0.2500047457991419,-0.0658,-0.0201
2016-02-26,1219.800048828125,0.35,1.41,-0.014971721758396228,0.02999999999999997,0.020000000000000018,-0.8429862528944022,-0.30249134734425476,-0.0427,0.0230999999999999
2016-02-29,1233.9000244140625,0.32,1.42,0.011492953798612149,-0.02999999999999997,0.010000000000000009,-0.8391336634127574,-0.2824535863184767,-0.0465,-0.0037999999999999
2016-03-01,1230.300048828125,0.35,1.48,-0.0029218229364778026,0.02999999999999997,0.06000000000000005,-0.8351101899768937,-0.31033601422470025,-0.0103,0.0361999999999999
2016-03-02,1241.0999755859375,0.33,1.51,0.008739981710060185,-0.019999999999999962,0.030000000000000027,-0.8309337921682258,-0.30645896755422064,0.0068,0.0171
2016-03-03,1257.4000244140625,0.3,1.53,0.013048052901100782,-0.030000000000000027,0.020000000000000018,-0.8312757719813945,-0.3402525487048108,0.0105,0.0037
2016-03-04,1269.9000244140625,0.37,1.51,0.009892060054906615,0.07,-0.020000000000000018,-0.8207321427179154,-0.2411796998372753,0.0355,0.0249999999999999
2016-03-07,1263.199951171875,0.43,1.48,-0.005290031133051265,0.06,-0.030000000000000027,-0.7903390114112672,-0.2774522236837236,0.0518,0.0163
2016-03-08,1262.0999755859375,0.37,1.46,-0.0008711643665364477,-0.06,-0.020000000000000018,-0.7718668782677418,-0.24699576020321715,0.0258,-0.026
2016-03-09,1256.5999755859375,0.39,1.51,-0.0043673393804049,0.020000000000000018,0.050000000000000044,-0.7525489257381293,-0.24452164432284132,0.0394,0.0135999999999999
2016-03-10,1272.0,0.45,1.48,0.012180823359887682,0.06,-0.030000000000000027,-0.6983107454290931,-0.21214872381013047,0.0613,0.0219
2016-03-11,1258.699951171875,0.44,1.54,-0.010511061395113153,-0.010000000000000009,0.06000000000000005,-0.655649573498759,-0.21696248645864327,0.0824,0.0211
2016-03-14,1244.4000244140625,0.45,1.52,-0.011425897862329393,0.010000000000000009,-0.020000000000000018,-0.6370291700353721,-0.24023223574185837,0.0822,-0.0002
2016-03-15,1230.4000244140625,0.47,1.5,-0.011314166048867591,0.019999999999999962,-0.020000000000000018,-0.5838424926806578,-0.28162078843588495,0.0823,0.0001
2016-03-16,1229.300048828125,0.36,1.58,-0.0008943982001952122,-0.10999999999999999,0.08000000000000007,-0.571023350445406,-0.24492916279366062,0.0607,-0.0216
2016-03-17,1264.5,0.34,1.57,0.02823184571645765,-0.019999999999999962,-0.010000000000000009,-0.5921448775340471,-0.25229162899331187,0.0483,-0.0123999999999999
2016-03-18,1253.800048828125,0.27,1.61,-0.008497808326042744,-0.07,0.040000000000000036,-0.5840081398074434,-0.2135559854231228,0.0333,-0.015
2016-03-21,1243.800048828125,0.28,1.64,-0.008007729856973178,0.010000000000000009,0.029999999999999805,-0.5395993679819395,-0.21951373796506257,0.0455,0.0121999999999999
2016-03-22,1248.199951171875,0.31,1.63,0.003531225454106668,0.02999999999999997,-0.010000000000000009,-0.5061485166984556,-0.22801225294754945,0.0607,0.0151999999999999
2016-03-23,1223.699951171875,0.3,1.58,-0.019823458291527984,-0.010000000000000009,-0.04999999999999982,-0.39853421125993954,-0.21667997801134495,0.0393,-0.0213999999999999
2016-03-24,1221.4000244140625,0.34,1.57,-0.0018812543119599567,0.040000000000000036,-0.010000000000000009,-0.3032430202437561,-0.22558353868141479,0.0442,0.0049
2016-03-29,1235.5999755859375,0.2,1.61,0.012787754117695727,-0.13,0.050000000000000044,-0.2506943638219654,-0.2056822725031119,0.0039,-0.0329
2016-03-30,1226.9000244140625,0.18,1.65,-0.007065979589434335,-0.020000000000000018,0.039999999999999813,-0.08846911547525292,-0.1359092189228293,0.0018,-0.0021
2016-03-31,1234.199951171875,0.16,1.62,0.005932264628275341,-0.01999999999999999,-0.029999999999999805,0.04789140654472424,-0.1400087142760482,-0.0181,-0.0199
2016-04-01,1222.199951171875,0.17,1.62,-0.009770473814591618,0.010000000000000009,0.0,0.17075980822810152,-0.14842863483210827,-0.0155,0.0026
2016-04-04,1218.0,0.14,1.64,-0.003442304239960947,-0.03,0.019999999999999796,0.28857916943344736,-0.14462019148764957,-0.0242,-0.0087
2016-04-05,1228.4000244140625,0.14,1.59,0.008502360171509515,0.0,-0.04999999999999982,0.42735089576812724,-0.1776422040266139,-0.045,-0.0208
2016-04-06,1222.5,0.17,1.59,-0.004814587092324629,0.03,0.0,0.5137304105295587,-0.17112422436428767,-0.0377,0.0073
2016-04-07,1236.199951171875,0.12,1.58,0.011144176377580806,-0.05000000000000002,-0.010000000000000009,0.5059898187587815,-0.1831261108977711,-0.0616,-0.0239
2016-04-08,1242.5,0.14,1.58,0.005083360244175772,0.020000000000000018,0.0,0.47951900446601015,-0.17902150684205312,-0.0605,0.0011
2016-04-11,1256.699951171875,0.17,1.56,0.011363719796072758,0.03,-0.020000000000000018,0.4602517798170382,-0.11432359809501873,-0.0575,0.0029999999999999
2016-04-12,1259.4000244140625,0.22,1.57,0.0021462376732568345,0.04999999999999999,0.010000000000000009,0.43161789740301376,-0.08973234357010912,-0.0334,0.0241
2016-04-13,1246.800048828125,0.21,1.56,-0.01005512838417566,-0.010000000000000009,-0.010000000000000009,0.4428697702979586,-0.07601865989844848,-0.0318,0.0015999999999999
2016-04-14,1225.0,0.24,1.56,-0.017639464077110922,0.03,0.0,0.4503549341167417,-0.10393525706064467,-0.0191,0.0127
2016-04-15,1233.0999755859375,0.2,1.56,0.006590460098726325,-0.03999999999999998,0.0,0.45857206859389243,-0.0984948222316109,-0.0312,-0.0121
2016-04-18,1233.5999755859375,0.21,1.57,0.00040539994060484474,0.009999999999999981,0.010000000000000009,0.4415711031970897,-0.16207880614665526,-0.0261,0.0050999999999999
2016-04-19,1253.0,0.19,1.6,0.015603971877910183,-0.01999999999999999,0.030000000000000027,0.36819519344552354,-0.1549399437576125,-0.0153,0.0108
2016-04-20,1253.199951171875,0.23,1.62,0.00015956521921189903,0.04000000000000001,0.020000000000000018,0.3219730653977526,-0.15702243847013772,0.0112,0.0265
2016-04-21,1249.0,0.24,1.64,-0.003357009989702675,0.009999999999999981,0.019999999999999796,0.28161243099454103,-0.1535574479469174,0.0259,0.0147
2016-04-22,1228.699951171875,0.25,1.64,-0.01638657099171681,0.010000000000000009,0.0,0.1558029446980639,-0.24167106353713086,0.0384,0.0124999999999999
2016-04-25,1238.9000244140625,0.26,1.65,0.00826724869407336,0.010000000000000009,0.010000000000000009,0.05520238576400784,-0.23276474357976254,0.046,0.0076
2016-04-26,1242.199951171875,0.27,1.67,0.002660052989487127,0.010000000000000009,0.020000000000000018,0.017646673390033164,-0.2192834285405574,0.0597,0.0137
2016-04-27,1249.199951171875,0.19,1.68,0.005619345503985684,-0.08000000000000002,0.010000000000000009,0.06952255925028518,-0.219017293985696,0.0372,-0.0225
2016-04-28,1265.5,0.12,1.72,0.012963993663771767,-0.07,0.040000000000000036,0.00973658891416811,-0.30031223814219443,0.0146,-0.0225999999999999
2016-04-29,1289.199951171875,0.12,1.71,0.018554532081355823,0.0,-0.010000000000000009,-0.25733420320809547,-0.28243524719518504,0.0066,-0.008
2016-05-02,1294.699951171875,0.2,1.68,0.004257137284213286,0.08000000000000002,-0.030000000000000027,-0.2638674289688179,-0.30473711666142433,0.023,0.0163999999999999
2016-05-03,1290.699951171875,0.17,1.64,-0.003094301340337502,-0.03,-0.040000000000000036,-0.29513706020255054,-0.2870786773103831,0.0005,-0.0225
2016-05-04,1273.300048828125,0.16,1.63,-0.013572675083322494,-0.010000000000000009,-0.010000000000000009,-0.3483451765896057,-0.28052945548680297,-0.0112,-0.0117
2016-05-05,1271.4000244140625,0.13,1.63,-0.001493319222276135,-0.03,0.0,-0.34701660198707657,-0.3049300497446343,-0.0284,-0.0172
2016-05-06,1292.9000244140625,0.18,1.61,0.01676910143887511,0.04999999999999999,-0.019999999999999796,-0.2818126636208187,-0.20580227967093262,-0.0207,0.0077
2016-05-09,1265.5999755859375,0.18,1.59,-0.021341477420802057,0.0,-0.020000000000000018,-0.195840806101761,-0.1987911515420056,-0.0326,-0.0118999999999999
2016-05-10,1263.9000244140625,0.15,1.62,-0.001344100753353672,-0.03,0.030000000000000027,-0.20366820134515834,-0.09626471805561074,-0.0347,-0.0021
2016-05-11,1274.5999755859375,0.14,1.59,0.008430186756369196,-0.009999999999999981,-0.030000000000000027,-0.23855256328705435,-0.11670310006334011,-0.0421,-0.0073999999999999
2016-05-12,1270.300048828125,0.15,1.6,-0.0033792532582230805,0.009999999999999981,0.010000000000000009,-0.2717050834193362,-0.11305393627045253,-0.0329,0.0092
2016-05-13,1271.9000244140625,0.13,1.58,0.001258733184715588,-0.01999999999999999,-0.020000000000000018,-0.3171097375059966,-0.10379977547752746,-0.0464,-0.0134999999999999
2016-05-16,1273.4000244140625,0.15,1.6,0.0011786431028752986,0.01999999999999999,0.020000000000000018,-0.40881374646078145,-0.11912659231163412,-0.033,0.0133999999999999
2016-05-17,1276.199951171875,0.15,1.61,0.0021963664184188048,0.0,0.010000000000000009,-0.48621127057613917,-0.11994622647547919,-0.0252,0.0078
2016-05-18,1273.699951171875,0.26,1.61,-0.0019608619136297634,0.11000000000000001,0.0,-0.46027067795143234,-0.12123244442244939,0.0207,0.0458999999999999
2016-05-19,1254.199951171875,0.29,1.56,-0.01542813208282734,0.02999999999999997,-0.050000000000000044,-0.5317117929618423,-0.10930145031007105,0.0221,0.0014
2016-05-20,1252.4000244140625,0.29,1.56,-0.001436150231157285,0.0,0.0,-0.575620868811252,-0.11498689508819031,0.0176,-0.0045
2016-05-23,1251.0999755859375,0.3,1.54,-0.0010385851367962218,0.010000000000000009,-0.020000000000000018,-0.5757223575168336,-0.1441681833261372,0.0102,-0.0074
2016-05-24,1228.9000244140625,0.31,1.55,-0.017903664652126672,0.010000000000000009,0.010000000000000009,-0.6183787073871985,-0.16075431311529065,0.0177,0.0075
2016-05-25,1223.5,0.29,1.58,-0.004403876274423624,-0.020000000000000018,0.030000000000000027,-0.651609085039659,-0.1650651266647304,0.0239,0.0062
2016-05-26,1220.0999755859375,0.25,1.58,-0.0027828013113238015,-0.03999999999999998,0.0,-0.6553023988378324,-0.11804634332774284,0.0099,-0.014
2016-05-27,1213.800048828125,0.27,1.58,-0.00517682794215979,0.020000000000000018,0.0,-0.6878843662137455,-0.10241062073590308,0.0182,0.0083
2016-06-01,1211.9000244140625,0.31,1.54,-0.002390098246246808,0.010000000000000009,0.0,-0.7535987906013405,-0.06815665352895917,0.0147,0.0046999999999999
2016-06-02,1209.800048828125,0.27,1.54,-0.0017342990864133156,-0.03999999999999998,0.0,-0.7540813922075356,-0.07008987548405023,0.0023,-0.0124
2016-06-03,1240.0999755859375,0.19,1.52,0.02473690478824775,-0.08000000000000002,-0.020000000000000018,-0.7409738732103618,-0.2195754811196681,-0.0468,-0.0491
2016-06-06,1244.5999755859375,0.19,1.54,0.00362217169757173,0.0,0.020000000000000018,-0.7304704282970698,-0.21253755672316402,-0.0492,-0.0023999999999999
2016-06-07,1244.4000244140625,0.15,1.57,-0.00016066787650093062,-0.04000000000000001,0.030000000000000027,-0.7012400059924426,-0.2194488932517889,-0.0554,-0.0061999999999999
2016-06-08,1259.800048828125,0.12,1.59,0.012299511303835331,-0.03,0.020000000000000018,-0.686303326144387,-0.24119278599443253,-0.0588,-0.0034
2016-06-09,1270.199951171875,0.12,1.56,0.008221312981124385,0.0,-0.030000000000000027,-0.6913855426477795,-0.21897271103823596,-0.0678,-0.009
2016-06-10,1273.4000244140625,0.12,1.52,0.002516177827683208,0.0,-0.040000000000000036,-0.7000499775566978,-0.15643121620047554,-0.0874,-0.0196
2016-06-13,1284.4000244140625,0.15,1.47,0.008601194468236706,0.03,-0.050000000000000044,-0.6915091374074748,-0.13710576154616952,-0.1038,-0.0163999999999999
2016-06-14,1285.5999755859375,0.17,1.45,0.0009338142093948676,0.020000000000000018,-0.020000000000000018,-0.7176215562950292,-0.18422180650663778,-0.1071,-0.0032999999999999
2016-06-15,1285.800048828125,0.13,1.47,0.0001556142495848789,-0.04000000000000001,0.020000000000000018,-0.7339923150770099,-0.19293435428745062,-0.1207,-0.0136
2016-06-16,1296.0999755859375,0.15,1.42,0.007978605910286873,0.01999999999999999,-0.050000000000000044,-0.731768475119206,-0.19332634456291745,-0.1284,-0.0076999999999999
2016-06-17,1292.5,0.2,1.42,-0.0027814092101872134,0.05000000000000002,0.0,-0.7069657199625844,-0.21321731132853056,-0.1156,0.0127999999999999
2016-06-20,1290.0,0.24,1.43,-0.0019361090268663617,0.03999999999999998,0.010000000000000009,-0.6697689546071559,-0.32688503864241064,-0.0969,0.0186999999999999
2016-06-21,1270.5,0.28,1.43,-0.015231694595499334,0.040000000000000036,0.0,-0.6343431321300174,-0.41176113049999846,-0.0775,0.0194
2016-06-22,1268.0,0.25,1.44,-0.0019696677630474113,-0.030000000000000027,0.010000000000000009,-0.6221752119413226,-0.40909718499677494,-0.0785,-0.001
2016-06-23,1261.199951171875,0.24,1.5,-0.005377246041874173,-0.010000000000000009,0.06000000000000005,-0.6108194150879442,-0.3922375836989118,-0.0585,0.0199999999999999
2016-06-24,1320.0,0.15,1.42,0.045568126625119554,-0.09,-0.08000000000000007,-0.6173929890684013,-0.5525934436662423,-0.1195,-0.0609999999999999
2016-06-27,1322.5,0.12,1.34,0.0018921481520379757,-0.03,-0.07999999999999985,-0.6486220164567866,-0.55098387554338,-0.1732,-0.0537
2016-06-28,1315.300048828125,0.09,1.37,-0.005459071134537474,-0.03,0.030000000000000027,-0.6820071173889679,-0.5316026010934984,-0.1884,-0.0152
2016-06-29,1323.9000244140625,0.1,1.4,0.006517130786710901,0.010000000000000009,0.029999999999999805,-0.7089326638322138,-0.5244990980462327,-0.1773,0.0110999999999999
2016-06-30,1318.4000244140625,0.09,1.4,-0.004163045711472968,-0.010000000000000009,0.0,-0.7455452780599359,-0.5806807284222911,-0.1822,-0.0048999999999999
2016-07-01,1336.699951171875,0.03,1.43,0.013784954775413638,-0.06,0.030000000000000027,-0.7840835610729837,-0.5801403415206456,-0.1898,-0.0075999999999999
2016-07-06,1364.9000244140625,-0.05,1.43,0.006247034498574777,-0.020000000000000004,0.030000000000000027,-0.8579013097482401,-0.5976110167266026,-0.2295,-0.0051
2016-07-07,1360.0999755859375,-0.03,1.43,-0.0035229752607088827,0.020000000000000004,0.0,-0.8698503767021264,-0.6046699517831021,-0.2295,0.0
2016-07-08,1356.5999755859375,-0.06,1.43,-0.0025766569730398814,-0.03,0.0,-0.873867783321472,-0.6008779141756189,-0.2364,-0.0068999999999999
2016-07-11,1355.0,0.01,1.42,-0.001180097201669561,0.06999999999999999,-0.010000000000000009,-0.8782464780298288,-0.6083382356741673,-0.2165,0.0199
2016-07-12,1334.0999755859375,0.07,1.46,-0.015544565429065571,0.060000000000000005,0.040000000000000036,-0.8731416760858167,-0.6383780829908334,-0.1792,0.0373
2016-07-13,1342.4000244140625,0.03,1.45,0.006202186015081601,-0.04000000000000001,-0.010000000000000009,-0.8647434458430477,-0.6410942118255551,-0.1836,-0.0044
2016-07-14,1331.300048828125,0.08,1.45,-0.008303129784920316,0.05,0.0,-0.8455279978043079,-0.6536179862106958,-0.1682,0.0154
2016-07-15,1326.5,0.11,1.49,-0.0036120505371028955,0.03,0.040000000000000036,-0.8258139587976452,-0.6791821415710942,-0.1398,0.0283999999999999
2016-07-18,1328.4000244140625,0.1,1.49,0.0014313343033443005,-0.009999999999999995,0.0,-0.8253208769923432,-0.6353755443313431,-0.1384,0.0014
2016-07-19,1331.5,0.12,1.44,0.0023308973728486393,0.01999999999999999,-0.050000000000000044,-0.8178427470086903,-0.6321588962714157,-0.1468,-0.0084
2016-07-20,1318.800048828125,0.13,1.46,-0.009583857031749687,0.010000000000000009,0.020000000000000018,-0.8421113638235093,-0.6475614214984312,-0.1365,0.0103
2016-07-21,1330.5,0.05,1.52,0.008832542195506221,-0.08,0.06000000000000005,-0.8785497824581329,-0.6353704484369967,-0.1465,-0.0099999999999999
2016-07-22,1323.0999755859375,0.06,1.51,-0.005577361821545779,0.009999999999999995,-0.010000000000000009,-0.9044068932025229,-0.6414345442082006,-0.1419,0.0045999999999999
2016-07-25,1319.300048828125,0.08,1.5,-0.0028761196958368984,0.020000000000000004,-0.010000000000000009,-0.9308172849345735,-0.6439056824739587,-0.137,0.0048999999999999
2016-07-26,1320.699951171875,0.07,1.5,0.001060532177999285,-0.009999999999999995,0.0,-0.9351810466368262,-0.67378375272111,-0.1373,-0.0002999999999999
2016-07-27,1326.5999755859375,0.03,1.49,0.004457397609610503,-0.04000000000000001,-0.010000000000000009,-0.9316827808635588,-0.676882951789883,-0.1558,-0.0184999999999999
2016-07-28,1332.300048828125,0.0,1.52,0.004287548927691454,-0.03,0.030000000000000027,-0.9383873432127915,-0.6888990780286943,-0.16,-0.0042
2016-07-29,1349.0,-0.03,1.49,0.012456768592093326,-0.03,-0.030000000000000027,-0.9397776152319065,-0.714849662972988,-0.1857,-0.0257
2016-08-01,1351.4000244140625,0.05,1.46,0.001777532976074525,0.08,-0.030000000000000027,-0.9300604771601574,-0.6685554662990708,-0.177,0.0087
2016-08-02,1364.4000244140625,0.11,1.44,0.009573679254285317,0.06,-0.020000000000000018,-0.8709390917137572,-0.60370734956786,-0.1649,0.0121
2016-08-03,1356.0999755859375,0.09,1.46,-0.006101874347359093,-0.020000000000000004,0.020000000000000018,-0.8123192828902889,-0.5679484172575295,-0.1635,0.0013999999999999
2016-08-04,1358.800048828125,0.04,1.47,0.0019890781304123806,-0.049999999999999996,0.010000000000000009,-0.7503436601877477,-0.5688509601625924,-0.1754,-0.0118999999999999
2016-08-05,1336.4000244140625,0.09,1.5,-0.016622543470038664,0.049999999999999996,0.030000000000000027,-0.6351641634139158,-0.6044241238333116,-0.1419,0.0335
2016-08-08,1333.4000244140625,0.08,1.51,-0.0022473602575390217,-0.009999999999999995,0.010000000000000009,-0.6161386191860186,-0.5333006881073343,-0.1346,0.0073
2016-08-09,1339.0,0.06,1.49,0.004190977197580992,-0.020000000000000004,-0.020000000000000018,-0.5996784825221356,-0.5365920664587941,-0.148,-0.0133999999999999
2016-08-10,1344.300048828125,0.06,1.44,0.003950401091376676,0.0,-0.050000000000000044,-0.5868378252680893,-0.5628660917261887,-0.165,-0.017
2016-08-11,1342.5,0.1,1.47,-0.0013399203995287934,0.04000000000000001,0.030000000000000027,-0.5564496178146635,-0.5745377491537234,-0.14,0.0249999999999999
2016-08-12,1335.800048828125,0.07,1.44,-0.005003147538015007,-0.03,-0.030000000000000027,-0.5459362927552427,-0.5562839833646116,-0.1546,-0.0145999999999999
2016-08-15,1340.300048828125,0.1,1.45,0.0033631060701884152,0.03,0.010000000000000009,-0.5437710192727256,-0.49834587359241894,-0.1467,0.0078999999999999
2016-08-16,1350.5,0.13,1.44,0.0075813883174769,0.03,-0.010000000000000009,-0.45404226950278315,-0.4019570124435804,-0.1327,0.0139999999999999
2016-08-17,1342.699951171875,0.09,1.47,-0.005792418519633635,-0.04000000000000001,0.030000000000000027,-0.3626537252572769,-0.3467006401748957,-0.1372,-0.0044999999999999
2016-08-18,1351.199951171875,0.06,1.47,0.006310574643693556,-0.03,0.0,-0.2840347958445609,-0.36064343589980297,-0.1499,-0.0127
2016-08-19,1340.4000244140625,0.1,1.48,-0.008024955279562818,0.04000000000000001,0.010000000000000009,-0.1702904043969195,-0.3957930713541277,-0.13,0.0199
2016-08-22,1337.699951171875,0.08,1.47,-0.002016410277178693,-0.020000000000000004,-0.010000000000000009,-0.10042332823128244,-0.4011582634875227,-0.1384,-0.0083999999999999
2016-08-23,1340.5999755859375,0.07,1.48,0.00216557191257305,-0.009999999999999995,0.010000000000000009,-0.10247793686440303,-0.3304214674684197,-0.1411,-0.0027
2016-08-24,1324.4000244140625,0.08,1.48,-0.012157711605415678,0.009999999999999995,0.0,-0.09284921648462167,-0.30289856510226804,-0.1429,-0.0017999999999999
2016-08-25,1320.0999755859375,0.09,1.49,-0.003252072314532839,0.009999999999999995,0.010000000000000009,-0.10748589369839175,-0.2659521196808782,-0.1357,0.0072
2016-08-26,1321.5,0.15,1.47,0.0010599822517303181,0.06,-0.020000000000000018,-0.1586075448935529,-0.23325812406758348,-0.1105,0.0251999999999999
2016-08-29,1322.9000244140625,0.11,1.46,0.0010588598789471604,-0.039999999999999994,-0.010000000000000009,-0.17463141218409214,-0.233310965538797,-0.1271,-0.0165999999999999
2016-08-30,1311.699951171875,0.11,1.46,-0.00850234632726199,0.0,0.0,-0.20724474543153662,-0.2363020948039672,-0.1297,-0.0026
2016-08-31,1306.9000244140625,0.11,1.47,-0.003666029312142882,0.0,0.010000000000000009,-0.2050868766405084,-0.2301869133864593,-0.1271,0.0026
2016-09-01,1312.199951171875,0.12,1.45,0.004047141416004152,0.009999999999999995,-0.020000000000000018,-0.26514089168959803,-0.13422733727033134,-0.1296,-0.0025
2016-09-02,1322.0999755859375,0.13,1.47,0.0075162823500365405,0.010000000000000009,0.020000000000000018,-0.3128000417207623,-0.11687178081010932,-0.1189,0.0106999999999999
2016-09-07,1344.300048828125,0.03,1.51,-0.0037865995033081745,-0.03,0.020000000000000018,-0.3599728902408706,-0.24680879605473624,-0.153,-0.0113999999999999
2016-09-08,1336.800048828125,0.09,1.52,-0.0055947329752399355,0.06,0.010000000000000009,-0.4068946139488501,-0.2632785289123044,-0.1286,0.0244
2016-09-09,1330.0999755859375,0.17,1.5,-0.005024625803116578,0.08000000000000002,-0.020000000000000018,-0.4687724480744952,-0.2774309186857851,-0.1028,0.0257999999999999
2016-09-12,1321.0,0.17,1.51,-0.006865083481867096,0.0,0.010000000000000009,-0.5018397924792393,-0.2315731602030498,-0.1035,-0.0006999999999999
2016-09-13,1319.0,0.24,1.49,-0.0015151518050107171,0.06999999999999998,-0.020000000000000018,-0.49687752325398965,-0.26440011878914854,-0.0803,0.0232
2016-09-14,1321.5,0.21,1.49,0.0018935813270291035,-0.03,0.0,-0.5678802932075748,-0.36774269116978725,-0.0869,-0.0066
2016-09-15,1313.5,0.22,1.49,-0.006072124918748756,0.010000000000000009,0.0,-0.6192779039125209,-0.38986133216504265,-0.0838,0.0031
2016-09-16,1305.800048828125,0.19,1.51,-0.005879412979798104,-0.03,0.020000000000000018,-0.6257379889933616,-0.35221677716465194,-0.0803,0.0035
2016-09-19,1313.5,0.2,1.5,0.005879412979798104,0.010000000000000009,-0.010000000000000009,-0.6465417984620155,-0.27873475051128627,-0.0776,0.0026999999999999
2016-09-20,1313.699951171875,0.2,1.49,0.00015221618146821214,0.0,-0.010000000000000009,-0.664921976456381,-0.283560965334771,-0.0804,-0.0027999999999999
2016-09-21,1326.9000244140625,0.15,1.51,0.009997866634651409,-0.05000000000000002,0.020000000000000018,-0.6567015882551104,-0.32802472065285976,-0.0827,-0.0022999999999999
2016-09-22,1340.4000244140625,0.08,1.55,0.010122682135452976,-0.06999999999999999,0.040000000000000036,-0.6490642274271106,-0.391069641072022,-0.0885,-0.0058
2016-09-23,1337.199951171875,0.05,1.57,-0.0023902560464241773,-0.03,0.020000000000000018,-0.6528952337242634,-0.379146787652038,-0.0931,-0.0046
2016-09-26,1339.699951171875,0.05,1.54,0.0018678328051375814,0.0,-0.030000000000000027,-0.658812168629109,-0.40399411774188165,-0.1102,-0.0171
2016-09-27,1325.9000244140625,0.04,1.52,-0.010354179302007438,-0.010000000000000002,-0.020000000000000018,-0.6274563850070923,-0.3980816454029326,-0.1259,-0.0157
2016-09-28,1319.4000244140625,0.01,1.56,-0.004914386241190449,-0.03,0.040000000000000036,-0.5963862587570723,-0.42591739945688606,-0.1292,-0.0032999999999999
2016-09-29,1321.699951171875,0.02,1.54,0.0017416435276524922,0.01,-0.020000000000000018,-0.5526922396892607,-0.4560595982025124,-0.1354,-0.0061999999999999
2016-09-30,1313.300048828125,0.0,1.6,-0.006375659049503213,-0.02,0.06000000000000005,-0.4439564325756179,-0.4219551187519182,-0.1248,0.0105999999999999
2016-10-03,1309.0,0.0,1.63,-0.0032796038609319567,0.0,0.029999999999999805,-0.34800201785072155,-0.39749745051585067,-0.1135,0.0112999999999999
2016-10-04,1266.300048828125,0.07,1.62,-0.03316418589365622,0.07,-0.009999999999999787,-0.18417553342467352,-0.5109876362081349,-0.0916,0.0219
2016-10-05,1265.199951171875,0.1,1.62,-0.0008691271779577292,0.03,0.0,-0.125511023494615,-0.5010497883235839,-0.0722,0.0194
2016-10-06,1249.800048828125,0.11,1.64,-0.012246596274554378,0.009999999999999995,0.019999999999999796,-0.10132237683722135,-0.5009342204704649,-0.0527,0.0195
2016-10-07,1248.9000244140625,0.1,1.63,-0.0007203941462403662,-0.009999999999999995,-0.010000000000000009,-0.07451904953104799,-0.500811038015844,-0.0558,-0.0031
2016-10-12,1251.0999755859375,0.15,1.64,-0.00151753108679209,0.01999999999999999,0.0,-0.13028339446990186,-0.5133722320757907,-0.0377,0.0059
2016-10-13,1255.0,0.12,1.63,0.003112427756607694,-0.03,-0.010000000000000009,-0.13157774805589534,-0.5256022050513157,-0.0449,-0.0072
2016-10-14,1253.0999755859375,0.13,1.67,-0.0015151108775768307,0.010000000000000009,0.040000000000000036,-0.14063011633339112,-0.5257720026580911,-0.0337,0.0112
2016-10-17,1254.4000244140625,0.09,1.68,0.001036928370576895,-0.04000000000000001,0.010000000000000009,-0.12085351086079481,-0.5348353970386094,-0.0428,-0.0090999999999999
2016-10-18,1260.800048828125,0.09,1.66,0.005089088772621153,0.0,-0.020000000000000018,-0.11214385804651028,-0.5496030226867125,-0.0524,-0.0096
2016-10-19,1267.9000244140625,0.08,1.68,0.005615528957908289,-0.009999999999999995,0.020000000000000018,-0.0659382854728439,-0.4714488659745299,-0.0536,-0.0011999999999999
2016-10-20,1265.5999755859375,0.08,1.68,-0.0018157090665287257,0.0,0.0,0.002808119079534419,-0.48471089056212546,-0.0524,0.0011999999999999
2016-10-21,1265.9000244140625,0.07,1.67,0.00023705220583014608,-0.009999999999999995,-0.010000000000000009,0.03449618777125906,-0.48511900575698674,-0.055,-0.0025999999999999
2016-10-24,1262.0,0.11,1.66,-0.0030855868275567744,0.039999999999999994,-0.010000000000000009,0.0004140021514522715,-0.49749331515834416,-0.0462,0.0088
2016-10-25,1271.9000244140625,0.07,1.7,0.00781410055123466,-0.039999999999999994,0.040000000000000036,-0.01797724684484295,-0.5229142846999267,-0.0464,-0.0001999999999999
2016-10-26,1264.800048828125,0.08,1.71,-0.005597819151719641,0.009999999999999995,0.010000000000000009,-0.07947823532202962,-0.581437917818454,-0.035,0.0113999999999999
2016-10-27,1267.9000244140625,0.13,1.72,0.002447962288740335,0.05,0.010000000000000009,-0.16548616460598506,-0.5145747160396661,-0.0102,0.0248
2016-10-28,1275.5,0.13,1.73,0.005976250792453008,0.0,0.010000000000000009,-0.25631019144335765,-0.5007571404080118,-0.0031,0.0071
2016-10-31,1271.5,0.11,1.73,-0.0031409527196926135,-0.020000000000000004,0.0,-0.32069664411007764,-0.5213379261917125,-0.0099,-0.0068
2016-11-01,1286.4000244140625,0.11,1.72,0.011650332541121244,0.0,-0.010000000000000009,-0.4297954336698933,-0.5153567426122595,-0.017,-0.0071
2016-11-02,1306.800048828125,0.11,1.7,0.01573379968826938,0.0,-0.020000000000000018,-0.5580220453958132,-0.4787287203122475,-0.0324,-0.0153999999999999
2016-11-03,1302.0999755859375,0.14,1.68,-0.0036031111066421317,0.030000000000000013,-0.020000000000000018,-0.6304542919213075,-0.44753655298579387,-0.0337,-0.0013
2016-11-04,1303.300048828125,0.11,1.68,0.0009212200167434403,-0.030000000000000013,0.0,-0.6403347617214791,-0.39296883487305634,-0.0468,-0.0131
2016-11-07,1278.300048828125,0.12,1.71,-0.019368438629986606,0.009999999999999995,0.030000000000000027,-0.6268293951675615,-0.40115544320071744,-0.0337,0.0131
2016-11-08,1273.4000244140625,0.15,1.73,-0.003840600616411116,0.03,0.020000000000000018,-0.6063331943765737,-0.40180728430358215,-0.0132,0.0205
2016-11-09,1272.5999755859375,0.25,1.82,-0.0006284751409726397,0.1,0.09000000000000008,-0.48598004392742405,-0.3472181966049043,0.0633,0.0765
2016-11-10,1265.5,0.27,1.88,-0.005594731629116723,0.020000000000000018,0.05999999999999983,-0.38409199560821183,-0.3778816045898615,0.1131,0.0498
2016-11-15,1224.0,0.41,1.82,0.0022902421952748497,0.009999999999999953,-0.010000000000000009,-0.5591931085987248,-0.6058767723533194,0.1809,0.0216
2016-11-16,1223.4000244140625,0.39,1.83,-0.0004902963078956546,-0.019999999999999962,0.010000000000000009,-0.5932951147843399,-0.6050021146415858,0.1884,0.0075
2016-11-17,1216.5,0.42,1.87,-0.005656004540798953,0.02999999999999997,0.040000000000000036,-0.6681918250825257,-0.5633421263483653,0.2172,0.0287999999999999
2016-11-18,1208.5,0.44,1.9,-0.006597962080038933,0.020000000000000018,0.029999999999999805,-0.7271066907984145,-0.567857187219802,0.2498,0.0325999999999999
2016-11-21,1209.5999755859375,0.42,1.91,0.0009097850981474309,-0.020000000000000018,0.010000000000000009,-0.7748200768215203,-0.5823746770612788,0.2551,0.0052999999999999
2016-11-22,1211.0,0.41,1.9,0.0011567583114064917,-0.010000000000000009,-0.010000000000000009,-0.8131158139334637,-0.5857245305829171,0.2507,-0.0044
2016-11-23,1189.0999755859375,0.44,1.92,-0.018249766641106113,0.030000000000000027,0.020000000000000018,-0.839997872857678,-0.5972982831756218,0.2686,0.0179
2016-11-28,1190.5999755859375,0.47,1.85,0.010469552569007945,0.0,-0.039999999999999813,-0.8800425899560633,-0.5950001905767912,0.2618,-0.0128
2016-11-29,1187.9000244140625,0.44,1.86,-0.0022702983658282605,-0.02999999999999997,0.010000000000000009,-0.891804407207586,-0.5803568691720693,0.2523,-0.0094999999999999
2016-11-30,1170.800048828125,0.43,1.94,-0.014499745325127655,-0.010000000000000009,0.07999999999999985,-0.8993236671462603,-0.5425428233678404,0.2725,0.0201999999999999
2016-12-01,1166.9000244140625,0.48,1.97,-0.0033366367884370973,0.04999999999999999,0.030000000000000027,-0.9094061546604374,-0.5332333288409615,0.3092,0.0366999999999999
2016-12-02,1175.0999755859375,0.49,1.91,0.007002548829521338,0.010000000000000009,-0.06000000000000005,-0.9177187735272012,-0.5197314552518927,0.2985,-0.0106999999999999
2016-12-05,1174.0,0.45,1.94,-0.0009365081756955718,-0.03999999999999998,0.030000000000000027,-0.9232418586582058,-0.5093999465528202,0.2932,-0.0052999999999999
2016-12-06,1167.5999755859375,0.44,1.95,-0.005466382317694141,-0.010000000000000009,0.010000000000000009,-0.9274556561437857,-0.49780450758457223,0.2903,-0.0029
2016-12-07,1175.0,0.42,1.92,0.0063178085079114155,-0.020000000000000018,-0.030000000000000027,-0.9295552172115797,-0.5138122836227872,0.2707,-0.0196
2016-12-08,1169.800048828125,0.45,1.95,-0.004435311828759225,0.030000000000000027,0.030000000000000027,-0.9340269366557936,-0.49120055156577214,0.285,0.0142999999999999
2016-12-09,1159.4000244140625,0.51,1.96,-0.008930184786370532,0.06,0.010000000000000009,-0.9454547148034932,-0.5023829437853694,0.3122,0.0272
2016-12-12,1163.5,0.51,1.98,0.00353005277921703,0.0,0.020000000000000018,-0.9493867907822472,-0.534314485327587,0.3211,0.0089
2016-12-13,1156.699951171875,0.53,1.95,-0.005861622654292908,0.020000000000000018,-0.030000000000000027,-0.9512198065959482,-0.5327968511885811,0.3239,0.0028
2016-12-14,1161.300048828125,0.6,1.94,0.003969028209747982,0.06999999999999995,-0.010000000000000009,-0.9528495618389596,-0.48100438965778797,0.3565,0.0325999999999999
2016-12-15,1127.800048828125,0.7,1.9,-0.029271233629700077,0.09999999999999998,-0.040000000000000036,-0.9520533266347219,-0.5623690680144552,0.3919,0.0354
2016-12-16,1135.300048828125,0.74,1.86,0.0066281005113921765,0.040000000000000036,-0.039999999999999813,-0.9390710118424758,-0.5361582657129772,0.3994,0.0074999999999999
2016-12-19,1140.5,0.68,1.86,0.004569786544949217,-0.05999999999999994,0.0,-0.9324650639621249,-0.554167454105393,0.3796,-0.0197999999999999
2016-12-20,1131.5,0.67,1.9,-0.007922576650851276,-0.010000000000000009,0.039999999999999813,-0.923815977564778,-0.535805792911098,0.3845,0.0049
2016-12-21,1131.0999755859375,0.64,1.91,-0.0003535971206103383,-0.030000000000000027,0.010000000000000009,-0.9153389894712385,-0.5678925618043157,0.3783,-0.0061999999999999
2016-12-22,1128.800048828125,0.6,1.95,-0.0020354241577118515,-0.040000000000000036,0.040000000000000036,-0.8994833009777905,-0.5617059763012896,0.3802,0.0018999999999999
2016-12-23,1131.9000244140625,0.58,1.97,0.0027424934122031175,-0.020000000000000018,0.020000000000000018,-0.881584512473495,-0.6340274133648615,0.3791,-0.0010999999999999
2016-12-28,1139.4000244140625,0.56,1.95,0.0018447543496460383,-0.019999999999999907,-0.040000000000000036,-0.8548219349451375,-0.4691912678380143,0.3689,-0.0188999999999999
2016-12-29,1156.4000244140625,0.55,1.94,0.014809922780900209,-0.010000000000000009,-0.010000000000000009,-0.8558232237519705,-0.4693033987276277,0.3509,-0.018
2016-12-30,1150.0,0.5,1.95,-0.005549809897020808,-0.050000000000000044,0.010000000000000009,-0.839979803011907,-0.4300370915807084,0.3322,-0.0186999999999999
2017-01-04,1163.800048828125,0.47,1.99,0.0029257608917383493,0.0,0.010000000000000009,-0.8371960074574998,-0.43774194569944197,0.3224,-0.0010999999999999
2017-01-05,1179.699951171875,0.42,1.95,0.013569572279167552,-0.04999999999999999,-0.040000000000000036,-0.8445544611025797,-0.4759486077321994,0.2894,-0.033
2017-01-06,1171.9000244140625,0.46,1.96,-0.006633743360060507,0.040000000000000036,0.010000000000000009,-0.8537020269555498,-0.48438824648111795,0.3016,0.0121999999999999
2017-01-09,1183.5,0.43,1.95,0.009849765856593251,-0.030000000000000027,-0.010000000000000009,-0.8581713813683304,-0.4846769111709852,0.2884,-0.0131999999999999
2017-01-10,1184.199951171875,0.43,1.95,0.0005912499106308644,0.0,0.0,-0.8630935697922697,-0.47022604163447507,0.2851,-0.0032999999999999
2017-01-11,1195.5999755859375,0.39,1.99,0.009580731125188535,-0.03999999999999998,0.040000000000000036,-0.8843389123089463,-0.5020064448831348,0.2815,-0.0036
2017-01-12,1198.9000244140625,0.38,1.98,0.0027563590874688515,-0.010000000000000009,-0.010000000000000009,-0.89211384470909,-0.5149528765917194,0.2746,-0.0068999999999999
2017-01-13,1195.300048828125,0.41,1.99,-0.0030072493432919956,0.02999999999999997,0.010000000000000009,-0.8942435118952791,-0.560179484336534,0.2857,0.0110999999999999
2017-01-18,1211.300048828125,0.42,2.0,-0.0005776842959903661,0.06,0.030000000000000027,-0.8868433052913555,-0.5818576372395359,0.2903,0.031
2017-01-19,1200.9000244140625,0.43,2.04,-0.008622907336826913,0.010000000000000009,0.040000000000000036,-0.8836274883231677,-0.5963986243696031,0.3172,0.0268999999999999
2017-01-20,1204.300048828125,0.44,2.04,0.002827229814809762,0.010000000000000009,0.0,-0.8819741714614348,-0.6052541765821302,0.3241,0.0069
2017-01-23,1215.0,0.39,2.02,0.008845550963396676,-0.04999999999999999,-0.020000000000000018,-0.8873152151681993,-0.6147938689785453,0.2972,-0.0268999999999999
2017-01-24,1210.300048828125,0.41,2.06,-0.0038757736862713443,0.019999999999999962,0.040000000000000036,-0.8912384550552932,-0.6124772813759953,0.3174,0.0201999999999999
2017-01-25,1197.300048828125,0.45,2.08,-0.010799240583716951,0.040000000000000036,0.020000000000000018,-0.8916209916838863,-0.6086386262701189,0.3449,0.0274999999999999
2017-01-26,1189.5,0.43,2.08,-0.006536011761648197,-0.020000000000000018,0.0,-0.8937070289920762,-0.5883021832793277,0.3441,-0.0007999999999999
2017-01-27,1188.0999755859375,0.41,2.08,-0.0011776788275987826,-0.020000000000000018,0.0,-0.8946262534247134,-0.576800627127222,0.3368,-0.0073
2017-01-30,1193.199951171875,0.42,2.07,0.004283360803183811,0.010000000000000009,-0.010000000000000231,-0.900997799681957,-0.6325114692382404,0.334,-0.0027999999999999
2017-01-31,1208.5999755859375,0.4,2.05,0.012823912008577132,-0.019999999999999962,-0.020000000000000018,-0.8957672819030612,-0.4449372976773107,0.317,-0.017
2017-02-01,1205.5999755859375,0.43,2.05,-0.0024852966654380637,0.02999999999999997,0.0,-0.9090015354554791,-0.5155061123786208,0.3243,0.0072999999999999
2017-02-02,1216.699951171875,0.43,2.05,0.00916488760006029,0.0,0.0,-0.9107891422040125,-0.5015141086564405,0.3217,-0.0025999999999999
2017-02-03,1218.5,0.44,2.05,0.0014783584034638864,0.010000000000000009,0.0,-0.8963861890991575,-0.5220091224623633,0.3256,0.0039
2017-02-06,1230.0,0.4,2.02,0.00939357530120244,-0.03999999999999998,-0.029999999999999805,-0.8833181710040995,-0.555719589014573,0.2965,-0.0291
2017-02-07,1234.199951171875,0.4,2.0,0.003408777957932152,0.0,-0.020000000000000018,-0.8550116672980047,-0.5973825413578181,0.2801,-0.0163999999999999
2017-02-08,1237.5999755859375,0.38,1.96,0.0027510532075201155,-0.020000000000000018,-0.040000000000000036,-0.8305253665207412,-0.597402234054933,0.2597,-0.0204
2017-02-09,1235.0999755859375,0.41,1.99,-0.002022081854818225,0.02999999999999997,0.030000000000000027,-0.7840552223562021,-0.6090883228833953,0.2791,0.0194
2017-02-10,1234.4000244140625,0.4,2.01,-0.0005668768500655119,-0.009999999999999953,0.019999999999999796,-0.729334474755695,-0.6088557227501792,0.2875,0.0083999999999999
2017-02-13,1224.4000244140625,0.43,2.0,-0.008134093816161148,0.02999999999999997,-0.009999999999999787,-0.6789917959328696,-0.6526879888466763,0.2988,0.0113
2017-02-14,1223.9000244140625,0.46,2.01,-0.00040844667481820807,0.030000000000000027,0.009999999999999787,-0.5128711591170694,-0.7515994338424843,0.3214,0.0226
2017-02-15,1231.699951171875,0.45,2.06,0.006352787968514129,-0.010000000000000009,0.050000000000000266,-0.35962739783689124,-0.743293558074443,0.3403,0.0188999999999999
2017-02-16,1240.0,0.43,2.02,0.006716090294516697,-0.020000000000000018,-0.040000000000000036,-0.20636370857912645,-0.7474570987893691,0.3214,-0.0188999999999999
2017-02-17,1237.5999755859375,0.41,2.01,-0.0019373790671677327,-0.020000000000000018,-0.010000000000000231,-0.21880179380024475,-0.6974575001376214,0.3056,-0.0158
2017-02-22,1232.0,0.38,2.04,-0.004454350349380576,-0.020000000000000018,0.010000000000000231,-0.1467140890207246,-0.6203324542565005,0.297,-0.0044
2017-02-23,1250.199951171875,0.35,2.03,0.014664634347995253,-0.030000000000000027,-0.010000000000000231,-0.2499965195932255,-0.6352739760013206,0.2805,-0.0164999999999999
2017-02-24,1256.9000244140625,0.31,2.0,0.005344891913360961,-0.03999999999999998,-0.029999999999999805,-0.4456120561985646,-0.6177621395229196,0.2497,-0.0308
2017-02-27,1257.4000244140625,0.35,2.01,0.00039772501044499364,0.03999999999999998,0.009999999999999787,-0.5551486950860871,-0.6035063188106952,0.2654,0.0157
2017-02-28,1252.5999755859375,0.34,2.02,-0.0038247447646631016,-0.009999999999999953,0.010000000000000231,-0.6110538882160991,-0.578666116248413,0.2697,0.0042999999999999
2017-03-01,1248.9000244140625,0.43,2.03,-0.002958188183111332,0.08999999999999997,0.009999999999999787,-0.6081268814336382,-0.5075950750332383,0.3007,0.031
2017-03-02,1231.9000244140625,0.48,2.01,-0.013705470631345307,0.04999999999999999,-0.020000000000000018,-0.5407224443673565,-0.5757885324211262,0.3155,0.0147999999999999
2017-03-03,1225.5,0.45,2.04,-0.0052087888179785935,-0.02999999999999997,0.03000000000000025,-0.5235828752348118,-0.5347513074522434,0.31,-0.0055
2017-03-06,1224.5,0.48,2.01,-0.0008163265759453253,0.02999999999999997,-0.03000000000000025,-0.487205190386502,-0.538359699050602,0.306,-0.004
2017-03-07,1215.0999755859375,0.49,2.03,-0.007706239569881035,0.010000000000000009,0.020000000000000018,-0.5093489013734072,-0.5006877576282883,0.302,-0.004
2017-03-08,1208.5,0.56,2.01,-0.005446436678803401,0.07000000000000006,-0.020000000000000018,-0.5257366815314328,-0.5106194786265796,0.3253,0.0232999999999999
2017-03-09,1202.4000244140625,0.6,2.0,-0.005060341400330515,0.039999999999999925,-0.009999999999999787,-0.5508563718515413,-0.49677299485531784,0.347,0.0216999999999999
2017-03-10,1200.699951171875,0.57,2.01,-0.0014149003729180265,-0.030000000000000027,0.009999999999999787,-0.6254747030806528,-0.5194024772953956,0.3436,-0.0033999999999999
2017-03-13,1202.4000244140625,0.61,2.01,0.0014149003729180265,0.040000000000000036,0.0,-0.7306368594557535,-0.5159364762858164,0.3511,0.0075
2017-03-14,1201.9000244140625,0.61,1.99,-0.000415921471574876,0.0,-0.019999999999999796,-0.8208044388988972,-0.5206007904970213,0.3457,-0.0054
2017-03-15,1200.0999755859375,0.5,2.01,-0.0014987919775935055,-0.10999999999999999,0.019999999999999796,-0.8587568260580583,-0.40222424018950553,0.3074,-0.0383
2017-03-16,1226.5,0.51,2.02,0.02175971840450508,0.010000000000000009,0.010000000000000231,-0.8867789532948956,-0.3065878950160381,0.3083,0.0009
2017-03-17,1229.800048828125,0.49,2.01,0.0026870095249433845,-0.020000000000000018,-0.010000000000000231,-0.8950774344513835,-0.31641198997281395,0.2997,-0.0085999999999999
2017-03-20,1233.5999755859375,0.47,2.0,0.003085109794670693,-0.020000000000000018,-0.009999999999999787,-0.8994742597688561,-0.32290980213828757,0.2822,-0.0175
2017-03-21,1246.0999755859375,0.45,1.98,0.010081950338284962,-0.019999999999999962,-0.020000000000000018,-0.8902723867071446,-0.3048357372497727,0.2592,-0.023
2017-03-22,1249.300048828125,0.43,1.97,0.0025647791657270602,-0.020000000000000018,-0.010000000000000009,-0.8824549368196789,-0.30908644112380995,0.2442,-0.0149999999999999
2017-03-23,1246.9000244140625,0.46,1.95,-0.001922942939821759,0.030000000000000027,-0.020000000000000018,-0.8688437592762285,-0.3094079274895237,0.242,-0.0022
2017-03-24,1248.199951171875,0.42,1.98,0.0010419837987623026,-0.040000000000000036,0.030000000000000027,-0.8678352381532253,-0.30233904700587133,0.2363,-0.0056999999999999
2017-03-27,1255.4000244140625,0.41,1.97,0.005751791949558438,-0.010000000000000009,-0.010000000000000009,-0.8673339647004036,-0.3076050213604089,0.2272,-0.0090999999999999
2017-03-28,1255.300048828125,0.45,1.97,-7.96396089333129e-05,0.040000000000000036,0.0,-0.8573851860643413,-0.2846483656263118,0.2411,0.0138999999999999
2017-03-29,1253.4000244140625,0.41,1.98,-0.0015147484528919009,-0.040000000000000036,0.010000000000000009,-0.8601576047350531,-0.26591537396447584,0.2286,-0.0125
2017-03-30,1245.0,0.46,1.96,-0.006724348370036104,0.050000000000000044,-0.020000000000000018,-0.854641397148923,-0.2959703099679336,0.2391,0.0105
2017-03-31,1247.300048828125,0.43,1.97,0.0018457243799128165,-0.030000000000000027,0.010000000000000009,-0.8535492465115928,-0.288579827313879,0.2325,-0.0065999999999999
2017-04-03,1250.800048828125,0.39,1.96,0.0028021313424808625,-0.03999999999999998,-0.010000000000000009,-0.8593264510382393,-0.30261728648544894,0.2076,-0.0249
2017-04-04,1255.0,0.4,1.96,0.0033521869446824226,0.010000000000000009,0.0,-0.8659904721324764,-0.29848756833650975,0.2025,-0.0050999999999999
2017-04-05,1245.4000244140625,0.37,1.97,-0.00767878952414236,-0.030000000000000027,0.010000000000000009,-0.8832875285222509,-0.27514446032163814,0.1889,-0.0136
2017-04-06,1250.300048828125,0.39,1.95,0.003926778512338913,0.020000000000000018,-0.020000000000000018,-0.8877328147884009,-0.23206627120371112,0.1882,-0.0007
2017-04-07,1254.300048828125,0.44,1.94,0.003194125405133086,0.04999999999999999,-0.010000000000000009,-0.8863247372796188,-0.18316361004788348,0.2047,0.0164999999999999
2017-04-10,1251.0999755859375,0.44,1.93,-0.0025545421499373333,0.0,-0.010000000000000009,-0.8804557739837247,-0.18638685518181117,0.2,-0.0046999999999999
2017-04-11,1271.199951171875,0.41,1.91,0.015938153002180933,-0.030000000000000027,-0.020000000000000018,-0.8819200029298535,-0.23590783994000591,0.1728,-0.0272
2017-04-12,1275.300048828125,0.38,1.9,0.003220185508955531,-0.02999999999999997,-0.010000000000000009,-0.8854503821711676,-0.2242136102410121,0.1573,-0.0155
2017-04-13,1285.9000244140625,0.32,1.92,0.008277397941952813,-0.06,0.020000000000000018,-0.9010821057402273,-0.1858211109537641,0.1348,-0.0224999999999999
2017-04-18,1291.699951171875,0.33,1.85,0.0017821296255693397,-0.04999999999999999,-0.029999999999999805,-0.9117979203128187,-0.18358159081958603,0.1035,-0.0324
2017-04-19,1281.4000244140625,0.36,1.85,-0.00800589317895728,0.02999999999999997,0.0,-0.9193172731060986,-0.20758738594236642,0.1086,0.0051
2017-04-20,1281.9000244140625,0.39,1.85,0.0003901221057365234,0.030000000000000027,0.0,-0.910092803623399,-0.15243844204399748,0.1237,0.0151
2017-04-21,1287.4000244140625,0.4,1.84,0.0042813282190623525,0.010000000000000009,-0.010000000000000009,-0.8891736323270502,-0.10520102811460592,0.125,0.0012999999999999
2017-04-24,1275.800048828125,0.41,1.87,-0.009051228501958164,0.009999999999999953,0.030000000000000027,-0.8684448770861615,-0.13762072254792387,0.1412,0.0161999999999999
2017-04-25,1265.5999755859375,0.44,1.91,-0.008027172357524037,0.030000000000000027,0.039999999999999813,-0.8385297135743998,-0.178610611498026,0.1682,0.0269999999999999
2017-04-26,1262.0999755859375,0.42,1.9,-0.002769317802299831,-0.020000000000000018,-0.010000000000000009,-0.8023734007805366,-0.16712736459808955,0.1623,-0.0058999999999999
2017-04-27,1263.699951171875,0.39,1.91,0.0012669062050330027,-0.02999999999999997,0.010000000000000009,-0.778389038353695,-0.24385960679097257,0.1534,-0.0088999999999999
2017-04-28,1266.0999755859375,0.37,1.92,0.0018974031177032558,-0.020000000000000018,0.010000000000000009,-0.7403816164518712,-0.35204688833331044,0.1504,-0.003
2017-05-01,1253.300048828125,0.41,1.92,-0.010161178666199255,0.03999999999999998,0.0,-0.699623661345398,-0.4005355802840649,0.1599,0.0094999999999999
2017-05-02,1255.0999755859375,0.41,1.88,0.0014351196373922903,0.0,-0.040000000000000036,-0.6633896739634313,-0.3954908108563923,0.1488,-0.0110999999999999
2017-05-03,1246.4000244140625,0.46,1.87,-0.0069558155103681685,0.050000000000000044,-0.009999999999999787,-0.6640973633515884,-0.4228616406848224,0.1616,0.0128
2017-05-04,1226.5,0.5,1.86,-0.01609483100560194,0.03999999999999998,-0.010000000000000009,-0.7185330792340675,-0.45568333485151025,0.1751,0.0135
2017-05-05,1224.800048828125,0.5,1.86,-0.001386979488867901,0.0,0.0,-0.7553443947231421,-0.4549964244677682,0.1746,-0.0005
2017-05-08,1225.300048828125,0.53,1.86,0.0004081465956584651,0.030000000000000027,0.0,-0.7912554508344956,-0.4468610875274668,0.1833,0.0086999999999999
2017-05-09,1214.300048828125,0.56,1.86,-0.009017932534638007,0.030000000000000027,0.0,-0.831885162908315,-0.4573838694106695,0.1954,0.0121
2017-05-10,1217.300048828125,0.56,1.85,0.0024675122566781837,0.0,-0.010000000000000009,-0.8558366333734959,-0.47149403960334996,0.199,0.0036
2017-05-11,1222.699951171875,0.51,1.88,0.0044261566880958725,-0.050000000000000044,0.029999999999999805,-0.8682634167851184,-0.5070150322440099,0.1944,-0.0046
2017-05-12,1226.199951171875,0.49,1.84,0.002858428292429771,-0.020000000000000018,-0.039999999999999813,-0.8720918668187239,-0.49243593428664306,0.1671,-0.0272999999999999
2017-05-15,1228.5999755859375,0.52,1.82,0.001955373350477352,0.030000000000000027,-0.020000000000000018,-0.8791714693444196,-0.47130828221396953,0.164,-0.0030999999999999
2017-05-16,1235.0,0.51,1.82,0.005195680203700093,-0.010000000000000009,0.0,-0.8909855692562952,-0.4693962254314035,0.1571,-0.0069
2017-05-17,1257.5,0.44,1.78,0.018054652911816405,-0.07,-0.040000000000000036,-0.8937834080093119,-0.5668711742123139,0.1168,-0.0402999999999999
2017-05-18,1251.699951171875,0.43,1.8,-0.0046230346493647545,-0.010000000000000009,0.020000000000000018,-0.924664850259457,-0.6070746506855305,0.1088,-0.008
2017-05-19,1252.699951171875,0.41,1.82,0.0007985945473087952,-0.020000000000000018,0.020000000000000018,-0.9342453196318501,-0.620692835521946,0.1075,-0.0012999999999999
2017-05-22,1260.699951171875,0.43,1.82,0.006365900634421884,0.020000000000000018,0.0,-0.93400598439136,-0.6378094170537432,0.1088,0.0012999999999999
2017-05-23,1254.800048828125,0.46,1.83,-0.004690847276664023,0.030000000000000027,0.010000000000000009,-0.9323052290067418,-0.645993364468736,0.1225,0.0137
2017-05-24,1252.4000244140625,0.45,1.81,-0.0019145062835237425,-0.010000000000000009,-0.020000000000000018,-0.9326005663188057,-0.6370986484643983,0.1122,-0.0103
2017-05-25,1255.800048828125,0.45,1.8,0.002711128616023295,0.0,-0.010000000000000009,-0.9297024948260632,-0.6304410796689687,0.1055,-0.0066999999999999
2017-05-26,1267.5999755859375,0.44,1.81,0.009352470994601347,-0.010000000000000009,0.010000000000000009,-0.9229961651202562,-0.5968648702160161,0.104,-0.0015
2017-05-31,1272.0,0.4,1.81,0.007813483979482783,0.0,0.0,-0.913102132929754,-0.616441702131312,0.0803,-0.0090999999999999
2017-06-01,1267.0,0.4,1.81,-0.003938563578929077,0.0,0.0,-0.9078411728806639,-0.5980607418522195,0.0791,-0.0011999999999999
2017-06-02,1276.800048828125,0.36,1.79,0.007705084616984159,-0.040000000000000036,-0.020000000000000018,-0.9105055701939037,-0.6338179846832451,0.0558,-0.0233
2017-06-05,1279.300048828125,0.39,1.79,0.001956105552711307,0.030000000000000027,0.0,-0.9233629730184457,-0.6237124404317494,0.0599,0.0040999999999999
2017-06-06,1294.4000244140625,0.37,1.77,0.011734194674689391,-0.020000000000000018,-0.020000000000000018,-0.9243926459329467,-0.6300535716718771,0.0449,-0.015
2017-06-07,1290.0999755859375,0.4,1.78,-0.003327570358595544,0.030000000000000027,0.010000000000000009,-0.9166454123508903,-0.6184021075382772,0.0512,0.0063
2017-06-08,1276.300048828125,0.41,1.78,-0.010754410560722683,0.009999999999999953,0.0,-0.914319576301931,-0.6270190797920647,0.0555,0.0042999999999999
2017-06-09,1268.5,0.43,1.78,-0.006130205206869022,0.020000000000000018,0.0,-0.9139997436413345,-0.6409712526857709,0.0622,0.0066999999999999
2017-06-12,1266.0999755859375,0.46,1.75,-0.0018938097960150557,0.030000000000000027,-0.030000000000000027,-0.9103987481987432,-0.6394448376482691,0.0666,0.0044
2017-06-13,1265.800048828125,0.46,1.75,-0.00023691832720373895,0.0,0.0,-0.9093163532629839,-0.615136491996406,0.067,0.0003999999999999
2017-06-14,1272.800048828125,0.44,1.71,0.005514864470222314,-0.020000000000000018,-0.040000000000000036,-0.9108415543032865,-0.6222806096787372,0.0444,-0.0226
2017-06-15,1252.199951171875,0.49,1.67,-0.016317271069000938,0.04999999999999999,-0.040000000000000036,-0.9054142284326034,-0.6517924209233086,0.0426,-0.0018
2017-06-16,1254.0,0.49,1.67,0.0014364768755275037,0.0,0.0,-0.8971118174766348,-0.6197605200069758,0.0356,-0.0069999999999999
2017-06-19,1244.199951171875,0.52,1.67,-0.007845728356542736,0.030000000000000027,0.0,-0.8915738881494333,-0.6369400142425502,0.0504,0.0148
2017-06-20,1241.0,0.5,1.66,-0.0025752076317164807,-0.020000000000000018,-0.010000000000000009,-0.8854777027941818,-0.6313510322787363,0.0414,-0.009
2017-06-21,1243.4000244140625,0.5,1.66,0.0019320762655521406,0.0,0.0,-0.8678258654829438,-0.6107851902764319,0.0436,0.0022
2017-06-22,1247.5999755859375,0.46,1.69,0.0033721036946667837,-0.03999999999999998,0.030000000000000027,-0.8417285458341953,-0.6090165564307728,0.0412,-0.0023999999999999
2017-06-23,1256.199951171875,0.45,1.7,0.0068695659857471725,-0.010000000000000009,0.010000000000000009,-0.8316158223007163,-0.6118792647100597,0.0411,-0.0001
2017-06-26,1246.300048828125,0.43,1.71,-0.007912051139774334,-0.020000000000000018,0.010000000000000009,-0.8130587281610648,-0.5625197404845265,0.0376,-0.0034999999999999
2017-06-27,1246.4000244140625,0.5,1.71,8.021469334718034e-05,0.07,0.0,-0.7943925916466763,-0.5270205877854995,0.0597,0.0221
2017-06-28,1248.0,0.49,1.73,0.0012828542252272257,-0.010000000000000009,0.020000000000000018,-0.779796925142707,-0.5249473216888758,0.0661,0.0064
2017-06-29,1244.199951171875,0.55,1.72,-0.003049556093049688,0.06000000000000005,-0.010000000000000009,-0.7813459504536883,-0.39884964836934833,0.0854,0.0192999999999999
2017-06-30,1240.699951171875,0.58,1.73,-0.002817016742802103,0.029999999999999916,0.010000000000000009,-0.7980253193929806,-0.42135529518387077,0.1051,0.0196999999999999
2017-07-03,1217.9000244140625,0.6,1.75,-0.018547612954424864,0.020000000000000018,0.020000000000000018,-0.8639460638084668,-0.4137025195395788,0.1283,0.0232
2017-07-06,1222.199951171875,0.61,1.76,0.0014737796623212063,0.030000000000000027,0.010000000000000009,-0.8988274378254525,-0.42262099145951293,0.1417,0.0138999999999999
2017-07-07,1208.5999755859375,0.66,1.73,-0.011189828782629085,0.050000000000000044,-0.030000000000000027,-0.9205119685175793,-0.4688382559328998,0.1533,0.0116
2017-07-10,1212.0999755859375,0.66,1.72,0.002891727607337913,0.0,-0.010000000000000009,-0.9312824151986998,-0.46881832058543854,0.1497,-0.0035999999999999
2017-07-11,1213.5999755859375,0.62,1.75,0.0012367565827515747,-0.040000000000000036,0.030000000000000027,-0.9369007141658123,-0.4600772280636567,0.1441,-0.0055999999999999
2017-07-12,1218.0999755859375,0.57,1.76,0.003701118745908616,-0.050000000000000044,0.010000000000000009,-0.9403338272332131,-0.5154128412361649,0.1258,-0.0183
2017-07-13,1216.300048828125,0.58,1.77,-0.001478743893978951,0.010000000000000009,0.010000000000000009,-0.9390088832659327,-0.5229455341490178,0.1295,0.0037
2017-07-14,1226.5999755859375,0.57,1.76,0.008432590518839156,-0.010000000000000009,-0.010000000000000009,-0.9410152362282921,-0.5312624948024255,0.122,-0.0075
2017-07-17,1232.800048828125,0.54,1.77,0.00504195032537158,-0.029999999999999916,0.010000000000000009,-0.9408407395810258,-0.5170552035174962,0.1135,-0.0084999999999999
2017-07-18,1241.0999755859375,0.51,1.76,0.006710018850760946,-0.030000000000000027,-0.010000000000000009,-0.9354624008670517,-0.5571222976482408,0.0968,-0.0167
2017-07-19,1241.199951171875,0.51,1.76,8.055077060920013e-05,0.0,0.0,-0.925925398900009,-0.5464025103328606,0.0906,-0.0061999999999999
2017-07-20,1244.800048828125,0.5,1.77,0.0028962994150303345,-0.010000000000000009,0.010000000000000009,-0.9228753872363716,-0.5492715169120779,0.0829,-0.0076999999999999
2017-07-21,1254.300048828125,0.48,1.76,0.007602773309408839,-0.020000000000000018,-0.010000000000000009,-0.9158975522593381,-0.5709829792713242,0.0706,-0.0123
2017-07-24,1253.9000244140625,0.48,1.78,-0.0003189732922193045,0.0,0.020000000000000018,-0.9105978097246342,-0.5642366020777746,0.0723,0.0017
2017-07-25,1251.699951171875,0.52,1.81,-0.0017561253424647205,0.040000000000000036,0.030000000000000027,-0.9037379756330777,-0.5593064015538164,0.0991,0.0267999999999999
2017-07-26,1249.0,0.49,1.8,-0.0021593571989519944,-0.030000000000000027,-0.010000000000000009,-0.9033000810388656,-0.5397475238362943,0.0877,-0.0113999999999999
2017-07-27,1259.5999755859375,0.49,1.83,0.008450959718898865,0.0,0.030000000000000027,-0.8955059008273033,-0.5156090173105237,0.0954,0.0076999999999999
2017-07-28,1268.4000244140625,0.47,1.83,0.006962092067635872,-0.020000000000000018,0.0,-0.8886180974562896,-0.46178264973162797,0.0946,-0.0007999999999999
2017-07-31,1266.5999755859375,0.48,1.82,-0.0014201571050573847,0.010000000000000009,-0.010000000000000009,-0.8814072606963206,-0.4640375051931104,0.097,0.0023999999999999
2017-08-01,1272.5999755859375,0.47,1.79,0.004725906807240499,-0.010000000000000009,-0.030000000000000027,-0.8754946071872534,-0.44037101068859563,0.0834,-0.0136
2017-08-02,1271.800048828125,0.48,1.79,-0.0006287743880610819,0.010000000000000009,0.0,-0.8708721884273646,-0.4601724837709303,0.0829,-0.0005
2017-08-03,1267.800048828125,0.46,1.78,-0.0031501048621089822,-0.019999999999999962,-0.010000000000000009,-0.8773937676649224,-0.4395858020305189,0.0702,-0.0127
2017-08-04,1258.300048828125,0.47,1.8,-0.007521510961367994,0.009999999999999953,0.020000000000000018,-0.8884165278342294,-0.4342893146249346,0.0792,0.009
2017-08-07,1258.199951171875,0.46,1.8,-7.955307474905027e-05,-0.009999999999999953,0.0,-0.8915504929091924,-0.4293893018736882,0.0817,0.0024999999999999
2017-08-08,1256.4000244140625,0.46,1.83,-0.0014315812317580168,0.0,0.030000000000000027,-0.9211654053074635,-0.4820023806883711,0.0898,0.0081
2017-08-09,1273.0,0.42,1.82,0.013125811461156545,-0.040000000000000036,-0.010000000000000009,-0.927995457227803,-0.5798334283637234,0.0762,-0.0136
2017-08-10,1283.699951171875,0.4,1.8,0.00837017549645136,-0.019999999999999962,-0.020000000000000018,-0.9378098898675895,-0.5878495008992513,0.0614,-0.0148
2017-08-11,1287.699951171875,0.4,1.79,0.0031111483070125345,0.0,-0.010000000000000009,-0.9461670021458951,-0.5975479398734478,0.0476,-0.0138
2017-08-14,1284.199951171875,0.45,1.77,-0.0027217250231359458,0.04999999999999999,-0.020000000000000018,-0.9479867800867172,-0.5842484162214144,0.0594,0.0117999999999999
2017-08-15,1273.699951171875,0.49,1.78,-0.008209906077677687,0.03999999999999998,0.010000000000000009,-0.9363252499818282,-0.6434437441292015,0.0795,0.0201
2017-08-16,1276.9000244140625,0.45,1.78,0.0025092722903705678,-0.03999999999999998,0.0,-0.9348519687113493,-0.6335268688182865,0.0713,-0.0081999999999999
2017-08-17,1286.4000244140625,0.42,1.77,0.007412353852867426,-0.030000000000000027,-0.010000000000000009,-0.9348639479740729,-0.663765009408328,0.0579,-0.0134
2017-08-18,1285.699951171875,0.43,1.76,-0.0005443592909450956,0.010000000000000009,-0.010000000000000009,-0.9300288144365028,-0.5968616283060487,0.0553,-0.0025999999999999
2017-08-21,1290.800048828125,0.43,1.75,0.0039589398932564634,0.0,-0.010000000000000009,-0.9317079611109192,-0.5933481832822238,0.0517,-0.0035999999999999
2017-08-22,1285.0999755859375,0.45,1.77,-0.004425701690303541,0.020000000000000018,0.020000000000000018,-0.9197845071902917,-0.6389117208828718,0.0629,0.0111999999999999
2017-08-23,1288.9000244140625,0.42,1.75,0.0029526430372124324,-0.030000000000000027,-0.020000000000000018,-0.911168429314887,-0.6518276033300158,0.0503,-0.0126
2017-08-24,1286.5,0.44,1.75,-0.001863807630716252,0.020000000000000018,0.0,-0.8883094619605503,-0.6548992638846367,0.0548,0.0045
2017-08-25,1292.5,0.42,1.75,0.00465297466078507,-0.020000000000000018,0.0,-0.8718963668258903,-0.6692709352945984,0.0485,-0.0063
2017-08-28,1309.699951171875,0.41,1.75,0.013219738670856351,-0.010000000000000009,0.0,-0.8543765428941612,-0.6270894079628377,0.0416,-0.0069
2017-08-29,1313.0999755859375,0.39,1.74,0.0025926692188278366,-0.019999999999999962,-0.010000000000000009,-0.8616448795724482,-0.6122051029437523,0.0251,-0.0164999999999999
2017-08-30,1308.0999755859375,0.39,1.76,-0.0038150512418457794,0.0,0.020000000000000018,-0.86374003657531,-0.6061208928050958,0.0262,0.0011
2017-08-31,1316.199951171875,0.36,1.76,0.006173075893794788,-0.030000000000000027,0.0,-0.8762135697305002,-0.6164510654579267,0.0187,-0.0075
2017-09-01,1324.5,0.37,1.79,0.006286269787906917,0.010000000000000009,0.030000000000000027,-0.8888043877519466,-0.580112962870598,0.0308,0.0121
2017-09-06,1333.9000244140625,0.32,1.78,-0.003965383824777291,0.020000000000000018,0.010000000000000009,-0.9220163775557024,-0.6393878247995664,-0.0031,-0.0008999999999999
2017-09-07,1345.0999755859375,0.26,1.79,0.008361341114399679,-0.06,0.010000000000000009,-0.9296953470515636,-0.6922789331370823,-0.0258,-0.0227
2017-09-08,1346.0,0.25,1.81,0.0006688896405071532,-0.010000000000000009,0.020000000000000018,-0.934497177922508,-0.7159897509594856,-0.0282,-0.0023999999999999
2017-09-11,1331.0,0.31,1.83,-0.011206691809561242,0.06,0.020000000000000018,-0.9374021222897365,-0.7615283634721292,0.0001,0.0283
2017-09-12,1328.0,0.33,1.84,-0.002256488358733044,0.020000000000000018,0.010000000000000009,-0.9380122446956406,-0.7631988487495545,0.0211,0.021
2017-09-13,1323.4000244140625,0.35,1.85,-0.003469850010435316,0.019999999999999962,0.010000000000000009,-0.9375255731487059,-0.7693254191209067,0.0376,0.0165
2017-09-14,1324.699951171875,0.35,1.85,0.0009817808045111676,0.0,0.0,-0.937029514066064,-0.7684153498106437,0.0443,0.0066999999999999
2017-09-15,1320.4000244140625,0.35,1.85,-0.0032512423615180808,0.0,0.0,-0.9356569220359132,-0.78882009525827,0.0519,0.0076
2017-09-18,1306.300048828125,0.36,1.87,-0.010735988597468271,0.010000000000000009,0.020000000000000018,-0.9315539251399032,-0.7738243869946756,0.0626,0.0107
2017-09-19,1306.199951171875,0.37,1.87,-7.662978472566806e-05,0.010000000000000009,0.0,-0.932016259575922,-0.7766655024507289,0.0688,0.0061999999999999
2017-09-20,1312.0,0.43,1.85,0.004430569417291252,0.06,-0.020000000000000018,-0.9171839153494685,-0.6901593800907544,0.0891,0.0203
2017-09-21,1290.5999755859375,0.44,1.83,-0.016445482919126064,0.010000000000000009,-0.020000000000000018,-0.9293706105196871,-0.6148196250131202,0.0916,0.0025
2017-09-22,1293.300048828125,0.42,1.84,0.0020899215909677693,-0.020000000000000018,0.010000000000000009,-0.9407919184612856,-0.6077343419477462,0.089,-0.0026
2017-09-25,1306.800048828125,0.38,1.84,0.010384308915688756,-0.03999999999999998,0.0,-0.9477150978374522,-0.633773172594478,0.0704,-0.0185999999999999
2017-09-26,1297.0,0.4,1.84,-0.007527532775120527,0.020000000000000018,0.0,-0.9445542800570206,-0.647038146869572,0.0728,0.0023999999999999
2017-09-27,1283.4000244140625,0.44,1.87,-0.010541079977072876,0.03999999999999998,0.030000000000000027,-0.9405216653438577,-0.6523075935269792,0.0946,0.0218
2017-09-28,1285.5,0.44,1.87,0.001634922366573477,0.0,0.0,-0.940828712803508,-0.6572235527553913,0.0991,0.0044999999999999
2017-09-29,1281.5,0.49,1.84,-0.003116480901819152,0.04999999999999999,-0.030000000000000027,-0.943413214028823,-0.6378600302083649,0.1117,0.0126
2017-10-02,1272.699951171875,0.51,1.83,-0.006890677171901949,0.020000000000000018,-0.010000000000000009,-0.9492876919480195,-0.6432549033154504,0.121,0.0093
2017-10-03,1271.5,0.49,1.84,-0.0009432837700495966,-0.020000000000000018,0.010000000000000009,-0.9532328492152807,-0.6383286570567811,0.1159,-0.0050999999999999
2017-10-04,1273.699951171875,0.48,1.85,0.0017287063978832506,-0.010000000000000009,0.010000000000000009,-0.9549127069243296,-0.6354058187014849,0.1136,-0.0022999999999999
2017-10-05,1269.9000244140625,0.49,1.86,-0.0029878358398844895,0.010000000000000009,0.010000000000000009,-0.9597119755984618,-0.6336545749964525,0.1212,0.0075999999999999
2017-10-06,1271.5999755859375,0.5,1.87,0.0013377544169914657,0.010000000000000009,0.010000000000000009,-0.9625202458264238,-0.630036065247148,0.1318,0.0105999999999999
2017-10-11,1285.800048828125,0.46,1.89,-0.0037260769024234364,-0.009999999999999953,0.010000000000000009,-0.9644622906840348,-0.6450582924371444,0.1178,-0.0047999999999999
2017-10-12,1293.300048828125,0.44,1.89,0.005815998493391206,-0.020000000000000018,0.0,-0.9656595002769512,-0.6493284779877881,0.111,-0.0068
2017-10-13,1301.5,0.43,1.85,0.006320316258744185,-0.010000000000000009,-0.039999999999999813,-0.964156371690367,-0.6535570225426444,0.0926,-0.0184
2017-10-16,1299.9000244140625,0.46,1.84,-0.00123008823915427,0.030000000000000027,-0.010000000000000009,-0.9573766011591763,-0.6369666470401794,0.0987,0.0060999999999999
2017-10-17,1283.0,0.48,1.82,-0.013086271579829223,0.019999999999999962,-0.020000000000000018,-0.9608867175535748,-0.651186593412415,0.1013,0.0026
2017-10-18,1279.9000244140625,0.5,1.84,-0.002419116678914257,0.020000000000000018,0.020000000000000018,-0.9580967964082405,-0.6018898041466528,0.1162,0.0148999999999999
2017-10-19,1286.9000244140625,0.49,1.84,0.005454275534116704,-0.010000000000000009,0.0,-0.9534812914909898,-0.6057980715195167,0.1144,-0.0017999999999999
2017-10-20,1277.4000244140625,0.52,1.87,-0.007409463231041968,0.030000000000000027,0.030000000000000027,-0.9438210766045045,-0.5796312036533322,0.1338,0.0194
2017-10-23,1277.699951171875,0.52,1.86,0.00023476714183878755,0.0,-0.010000000000000009,-0.9276922039191186,-0.5789455331712732,0.1334,-0.0004
2017-10-24,1275.0,0.55,1.87,-0.0021153697891094225,0.030000000000000027,0.010000000000000009,-0.9107256746454339,-0.5322633630869823,0.1479,0.0145
2017-10-25,1275.4000244140625,0.56,1.88,0.00031369543092374386,0.010000000000000009,0.009999999999999787,-0.8900726588193884,-0.5311212527788742,0.1582,0.0103
2017-10-26,1266.300048828125,0.57,1.89,-0.0071605730072059615,0.009999999999999898,0.010000000000000009,-0.8855661178220863,-0.5254042221338098,0.1692,0.0109999999999999
2017-10-27,1268.5,0.54,1.88,0.0017357990230921772,-0.029999999999999916,-0.010000000000000009,-0.8781599486347559,-0.5248025444717774,0.159,-0.0101999999999999
2017-10-30,1274.0999755859375,0.5,1.87,0.004404927786188395,-0.040000000000000036,-0.009999999999999787,-0.8572288034175214,-0.5437042569314388,0.1391,-0.0199
2017-10-31,1267.0,0.5,1.88,-0.005588126504386004,0.0,0.009999999999999787,-0.8344018627520936,-0.5442307784725233,0.1347,-0.0044
2017-11-01,1274.0999755859375,0.49,1.88,0.005588126504386004,-0.010000000000000009,0.0,-0.8095601741532626,-0.5528110777817243,0.1281,-0.0065999999999999
2017-11-02,1274.9000244140625,0.48,1.87,0.0006277354683383862,-0.010000000000000009,-0.009999999999999787,-0.8152110898682191,-0.682845079864585,0.1182,-0.0098999999999999
2017-11-03,1266.5,0.48,1.86,-0.0066105728521330676,0.0,-0.010000000000000009,-0.7832791519076795,-0.7129698398185175,0.1092,-0.0089999999999999
2017-11-06,1279.4000244140625,0.46,1.86,0.010134046656737894,-0.019999999999999962,0.0,-0.7655247755755025,-0.7204459845579361,0.0988,-0.0104
2017-11-07,1273.699951171875,0.44,1.88,-0.00446522483841072,-0.020000000000000018,0.019999999999999796,-0.6583383185297212,-0.6503998406940356,0.0905,-0.0083
2017-11-08,1281.5999755859375,0.45,1.87,0.006183266004363475,0.010000000000000009,-0.009999999999999787,-0.6025741128265071,-0.6107095598502962,0.0927,0.0022
2017-11-09,1285.5999755859375,0.46,1.87,0.0031162381684790574,0.010000000000000009,0.0,-0.6084501610820245,-0.5532474529622492,0.092,-0.0007
2017-11-10,1272.4000244140625,0.52,1.88,-0.010320616370499636,0.06,0.009999999999999787,-0.6061568443578016,-0.6087860842716469,0.1177,0.0257
2017-11-13,1277.300048828125,0.52,1.88,0.003843613213939001,0.0,0.0,-0.6030196234866584,-0.6220731165998468,0.1278,0.0100999999999999
2017-11-14,1281.5,0.51,1.87,0.0032827535277863973,-0.010000000000000009,-0.009999999999999787,-0.5889389210850635,-0.612492165346778,0.1218,-0.0059999999999999
2017-11-15,1276.5,0.48,1.85,-0.003909309122587246,-0.030000000000000027,-0.020000000000000018,-0.5922222024189296,-0.5714945212742801,0.1036,-0.0182
2017-11-16,1277.4000244140625,0.53,1.84,0.0007048235582587381,0.050000000000000044,-0.010000000000000009,-0.597386425842314,-0.5185280494746598,0.11,0.0064
2017-11-17,1295.800048828125,0.49,1.86,0.014301521457896982,-0.040000000000000036,0.020000000000000018,-0.5838994485823429,-0.5710932062749701,0.1037,-0.0063
2017-11-20,1274.5999755859375,0.52,1.85,-0.016495917971793617,0.030000000000000027,-0.010000000000000009,-0.5920457973789242,-0.6001312058311693,0.1097,0.006
2017-11-21,1281.0999755859375,0.52,1.84,0.00508668007937807,0.0,-0.010000000000000009,-0.5740392498043512,-0.5655411753071095,0.1112,0.0014999999999999
2017-11-22,1291.5999755859375,0.48,1.84,0.008162676176656447,-0.040000000000000036,0.0,-0.5661547255524457,-0.6043567258518636,0.0938,-0.0174
2017-11-27,1293.800048828125,0.49,1.83,0.005502899107364456,-0.010000000000000009,-0.010000000000000009,-0.41675226151560063,-0.6001518976221917,0.0914,-0.0045
2017-11-28,1294.699951171875,0.5,1.84,0.000695308000776329,0.010000000000000009,0.010000000000000009,-0.33411688161277303,-0.6046931219666789,0.0923,0.0008999999999999
2017-11-29,1282.0999755859375,0.53,1.84,-0.009779630834338526,0.030000000000000027,0.0,-0.3089087835713623,-0.6212828273538527,0.1056,0.0133
2017-11-30,1273.199951171875,0.56,1.86,-0.0069659614591834895,0.030000000000000027,0.020000000000000018,-0.33128481981475055,-0.6338694984468178,0.129,0.0234
2017-12-01,1278.800048828125,0.51,1.86,0.004388798311229181,-0.050000000000000044,0.0,-0.32128112597827896,-0.6304659450966578,0.1212,-0.0078
2017-12-04,1274.300048828125,0.5,1.87,-0.003525129832616436,-0.010000000000000009,0.010000000000000009,-0.3156939632965447,-0.604242510627634,0.1236,0.0023999999999999
2017-12-05,1261.5999755859375,0.5,1.86,-0.01001630923867669,0.0,-0.010000000000000009,-0.28463050146596947,-0.5844458989070959,0.1185,-0.0051
2017-12-06,1262.800048828125,0.47,1.86,0.0009507790532286009,-0.030000000000000027,0.0,-0.20146657386715847,-0.5842182101454607,0.1015,-0.0169999999999999
2017-12-07,1249.800048828125,0.5,1.87,-0.010347938786658517,0.030000000000000027,0.010000000000000009,-0.17333863845940842,-0.6110872453277999,0.1107,0.0092
2017-12-08,1245.199951171875,0.5,1.88,-0.003687457209357703,0.0,0.009999999999999787,-0.09657627522435462,-0.6070807375538336,0.1171,0.0063999999999999
2017-12-11,1243.699951171875,0.51,1.88,-0.0012053519550523362,0.010000000000000009,0.0,-0.10158771064168554,-0.6069653382035106,0.1208,0.0037
2017-12-12,1238.5,0.51,1.89,-0.004189798469907302,0.0,0.010000000000000009,-0.13325995385705403,-0.5955572856372308,0.1249,0.0040999999999999
2017-12-13,1245.4000244140625,0.48,1.88,0.005555813112327002,-0.030000000000000027,-0.010000000000000009,-0.08287221922759098,-0.6136590786173063,0.1073,-0.0175999999999999
2017-12-14,1253.800048828125,0.48,1.87,0.006722195742235648,0.0,-0.009999999999999787,-0.054067271514533805,-0.6003803981000927,0.1047,-0.0026
2017-12-15,1254.300048828125,0.47,1.88,0.0003987081752363508,-0.010000000000000009,0.009999999999999787,-0.011655151626972499,-0.6000708316835506,0.1069,0.0021999999999999
2017-12-18,1262.199951171875,0.5,1.89,0.006278504505989879,0.030000000000000027,0.010000000000000009,-0.021513716440839586,-0.5510108600875211,0.112,0.0051
2017-12-19,1260.699951171875,0.55,1.91,-0.0011891079589432252,0.050000000000000044,0.020000000000000018,-0.04030052381435866,-0.5156818977691733,0.1379,0.0258999999999999
2017-12-20,1266.0999755859375,0.57,1.92,0.004274206737060915,0.019999999999999907,0.010000000000000009,-0.05136576125821639,-0.5221773671281884,0.1561,0.0181999999999999
2017-12-21,1267.300048828125,0.55,1.93,0.0009474013739518838,-0.019999999999999907,0.010000000000000009,-0.016076785710249918,-0.5365243181248557,0.1611,0.005
2017-12-22,1275.4000244140625,0.54,1.94,0.006371182406176956,-0.010000000000000009,0.010000000000000009,0.05887468173496318,-0.5483976015652461,0.1649,0.0037999999999999
2017-12-27,1287.0,0.48,1.94,0.0022558637714853447,-0.050000000000000044,0.0,0.03245356161139071,-0.493812808579455,0.1309,-0.0229
2017-12-28,1294.0999755859375,0.47,1.96,0.005501525365827931,-0.010000000000000009,0.020000000000000018,-0.03620754641523148,-0.4939129916376939,0.1321,0.0012
2017-12-29,1306.300048828125,0.44,1.96,0.009383296909513561,-0.02999999999999997,0.0,-0.1709229825773891,-0.5523444922536316,0.1233,-0.0087999999999999
2018-01-03,1316.199951171875,0.46,1.98,0.0019012136171543403,0.0,-0.020000000000000018,-0.32554199338930245,-0.5092162067237063,0.1334,-0.0007
2018-01-04,1319.4000244140625,0.45,2.01,0.0024283463684655615,-0.010000000000000009,0.029999999999999805,-0.39903123350025277,-0.4686552428467382,0.139,0.0056
2018-01-05,1320.300048828125,0.46,2.01,0.0006819141750700197,0.010000000000000009,0.0,-0.44821180547054923,-0.47433474265049486,0.1485,0.0094999999999999
2018-01-08,1318.5999755859375,0.47,2.02,-0.0012884713036926954,0.009999999999999953,0.010000000000000231,-0.4631884426576979,-0.4380415584251581,0.1504,0.0019
2018-01-09,1311.699951171875,0.52,2.03,-0.005246580568031511,0.050000000000000044,0.009999999999999787,-0.4184744809825802,-0.46078662078574795,0.1711,0.0206999999999999
2018-01-10,1317.4000244140625,0.52,2.03,0.004336147142567803,0.0,0.0,-0.36706125015711855,-0.4523635023049012,0.178,0.0068999999999999
2018-01-11,1320.5999755859375,0.54,2.0,0.0024260445347756843,0.020000000000000018,-0.029999999999999805,-0.28765119434643377,-0.43981253602860776,0.1787,0.0007
2018-01-12,1333.4000244140625,0.54,2.01,0.009645929220218896,0.0,0.009999999999999787,-0.2007045435915785,-0.3806020687894362,0.1865,0.0078
2018-01-17,1338.0,0.53,2.04,0.0019450709821953183,0.020000000000000018,0.010000000000000231,-0.10188249942098083,-0.3069520397274806,0.1952,0.0108
2018-01-18,1326.0,0.57,2.05,-0.0090090699423655,0.039999999999999925,0.009999999999999787,-0.015710192397810505,-0.4018265522466221,0.2135,0.0182999999999999
2018-01-19,1331.9000244140625,0.58,2.06,0.004439620791428567,0.010000000000000009,0.010000000000000231,0.06985465320318895,-0.4387375057221678,0.2284,0.0148999999999999
2018-01-22,1330.9000244140625,0.6,2.06,-0.0007510891007012077,0.020000000000000018,0.0,0.127815179029013,-0.46883398946757143,0.2374,0.009
2018-01-23,1335.699951171875,0.57,2.06,0.0036000389903172447,-0.030000000000000027,0.0,0.1716392520716623,-0.43190795443219604,0.2268,-0.0105999999999999
2018-01-24,1355.9000244140625,0.58,2.07,0.015009996047209206,0.010000000000000009,0.009999999999999787,0.23622119134483816,-0.36749725596069743,0.2337,0.0068999999999999
2018-01-25,1362.4000244140625,0.56,2.07,0.004782409794310105,-0.019999999999999907,0.0,0.28388805197686556,-0.3692603662922633,0.2278,-0.0058999999999999
2018-01-26,1351.5999755859375,0.57,2.09,-0.007958810491319745,0.009999999999999898,0.020000000000000018,0.3310938139701699,-0.3796880617269624,0.2445,0.0166999999999999
2018-01-30,1335.4000244140625,0.63,2.1,-0.012058167071073989,0.06000000000000005,0.010000000000000231,0.332895034502906,-0.48917150690517386,0.2696,0.0128
2018-01-31,1339.0,0.61,2.11,0.002692175985194112,-0.020000000000000018,0.009999999999999787,0.3316880107219443,-0.4847841837692436,0.2742,0.0045999999999999
2018-02-01,1344.300048828125,0.67,2.11,0.003950401091376676,0.06000000000000005,0.0,0.33180859810082436,-0.4406293876146273,0.2969,0.0226999999999999
2018-02-02,1333.699951171875,0.7,2.14,-0.00791646976522653,0.029999999999999916,0.03000000000000025,0.32768899119950334,-0.4920214497743523,0.3204,0.0235
2018-02-05,1333.0,0.67,2.1,-0.0005249568386131997,-0.029999999999999916,-0.040000000000000036,0.3783257157546003,-0.45383793233101943,0.2957,-0.0247
2018-02-06,1326.0999755859375,0.69,2.1,-0.005189755905579574,0.019999999999999907,0.0,0.42807199949533714,-0.4766877597018651,0.2958,9.9999999999989e-05
2018-02-07,1311.5999755859375,0.74,2.1,-0.010994537916590552,0.050000000000000044,0.0,0.38455611093183456,-0.5391503790383967,0.3147,0.0188999999999999
2018-02-08,1316.9000244140625,0.76,2.09,0.004032760898676102,0.020000000000000018,-0.010000000000000231,0.3382330894408772,-0.5202952294694209,0.32,0.0053
2018-02-09,1313.0999755859375,0.78,2.05,-0.002889772982946681,0.020000000000000018,-0.040000000000000036,0.24996519166489586,-0.5153378081026603,0.3075,-0.0125
2018-02-12,1324.199951171875,0.79,2.07,0.008417731344798618,0.010000000000000009,0.020000000000000018,0.16546576959482487,-0.528289317122415,0.3135,0.006
2018-02-13,1328.0999755859375,0.78,2.05,0.0029408644064385925,-0.010000000000000009,-0.020000000000000018,0.08442164729764227,-0.5212050486284133,0.3046,-0.0089
2018-02-14,1355.5,0.82,2.09,0.02042105891521473,0.039999999999999925,0.040000000000000036,0.13014323164350652,-0.3037840115332547,0.3406,0.036
2018-02-15,1352.0999755859375,0.79,2.11,-0.0025114686304110734,-0.029999999999999916,0.020000000000000018,0.1552893498926215,-0.27080418924732386,0.3446,0.004
2018-02-16,1353.199951171875,0.78,2.09,0.0008132005147931665,-0.010000000000000009,-0.020000000000000018,0.17128704005990886,-0.26641619838485303,0.3347,-0.0099
2018-02-21,1330.0,0.82,2.12,0.0009026261706850391,0.039999999999999925,0.020000000000000018,0.04873565622564554,-0.19434954791086875,0.3478,0.0168999999999999
2018-02-22,1330.5999755859375,0.81,2.11,0.00045100774382689224,-0.009999999999999898,-0.010000000000000231,-0.022458837716857232,-0.19339416752595393,0.3445,-0.0033
2018-02-23,1328.199951171875,0.76,2.12,-0.0018053446156436337,-0.050000000000000044,0.010000000000000231,-0.11560262433477395,-0.1317959940244616,0.3275,-0.0169999999999999
2018-02-26,1330.699951171875,0.73,2.13,0.001880477512149703,-0.030000000000000027,0.009999999999999787,-0.19505597535289537,-0.13267417879091253,0.3115,-0.016
2018-02-27,1315.5,0.77,2.13,-0.011488261375784958,0.040000000000000036,0.0,-0.29034471417561825,-0.1841396080754133,0.3268,0.0152999999999999
2018-02-28,1315.5,0.75,2.12,0.0,-0.020000000000000018,-0.009999999999999787,-0.32215758169925096,-0.17720466946593377,0.321,-0.0057999999999999
2018-03-01,1302.9000244140625,0.71,2.1,-0.0096242535332145,-0.040000000000000036,-0.020000000000000018,-0.31880790491035127,-0.10111569275164228,0.297,-0.024
2018-03-02,1321.0999755859375,0.74,2.12,0.013872136457073303,0.030000000000000027,0.020000000000000018,-0.32160548023541163,-0.05561665882604418,0.3098,0.0128
2018-03-05,1318.0999755859375,0.75,2.13,-0.0022734172079488246,0.010000000000000009,0.009999999999999787,-0.36922811534597905,-0.018822626457873907,0.3157,0.0058999999999999
2018-03-06,1333.5999755859375,0.76,2.12,0.011690746933441076,0.010000000000000009,-0.009999999999999787,-0.38123473635135513,-0.01443411750947507,0.3174,0.0017
2018-03-07,1326.0,0.76,2.13,-0.005715142383890814,0.0,0.009999999999999787,-0.40337514703874916,-0.008763508978130392,0.319,0.0015999999999999
2018-03-08,1319.9000244140625,0.75,2.11,-0.004610897113995982,-0.010000000000000009,-0.020000000000000018,-0.41717196302280374,0.01886574903125918,0.3103,-0.0086999999999999
2018-03-09,1322.4000244140625,0.78,2.12,0.0018922913369374683,0.030000000000000027,0.010000000000000231,-0.3492768780089873,0.020074124569416135,0.319,0.0086999999999999
2018-03-12,1319.4000244140625,0.77,2.1,-0.0022711796760663816,-0.010000000000000009,-0.020000000000000018,-0.19390492218602617,0.04576436695169992,0.3089,-0.0100999999999999
2018-03-13,1325.9000244140625,0.75,2.09,0.004914386241190449,-0.020000000000000018,-0.010000000000000231,-0.023371147644092125,0.02709176276420768,0.2937,-0.0151999999999999
2018-03-14,1324.4000244140625,0.74,2.07,-0.0011319474267272867,-0.010000000000000009,-0.020000000000000018,0.031037169278077502,0.13169701135737968,0.2775,-0.0161999999999999
2018-03-15,1316.800048828125,0.74,2.08,-0.00575495710344498,0.0,0.010000000000000231,0.1715980226777994,0.14774732989251396,0.2729,-0.0046
2018-03-16,1311.300048828125,0.77,2.08,-0.004185539229897728,0.030000000000000027,0.0,0.30155191192710523,0.09785179440847858,0.2797,0.0068
2018-03-19,1316.800048828125,0.77,2.08,0.004185539229897728,0.0,0.0,0.35125614827801704,0.13229205468601246,0.2788,-0.0009
2018-03-20,1311.0999755859375,0.81,2.08,-0.004338127119398294,0.040000000000000036,0.0,0.398529369879443,0.10684460494211061,0.2913,0.0125
2018-03-21,1320.699951171875,0.8,2.09,0.0072954011940575825,-0.010000000000000009,0.009999999999999787,0.44371390249224374,0.10059476056259953,0.2993,0.008
2018-03-22,1326.5999755859375,0.75,2.08,0.004457397609610503,-0.050000000000000044,-0.009999999999999787,0.41314372549846134,0.15585311316106568,0.2806,-0.0186999999999999
2018-03-23,1349.300048828125,0.75,2.07,0.016966715936515442,0.0,-0.010000000000000231,0.33431355029686255,0.13541795434747178,0.2708,-0.0098
2018-03-26,1354.4000244140625,0.77,2.08,0.0037725942201793927,0.020000000000000018,0.010000000000000231,0.3342101180326125,0.15767446441170016,0.2779,0.0070999999999999
2018-03-27,1341.300048828125,0.71,2.07,-0.009719240533039297,-0.06000000000000005,-0.010000000000000231,0.24575627575787598,0.2217945843662359,0.251,-0.0268999999999999
2018-03-28,1324.199951171875,0.72,2.05,-0.012830862694559464,0.010000000000000009,-0.020000000000000018,0.24906584504557885,0.19298912513508437,0.2479,-0.0030999999999999
2018-03-29,1322.800048828125,0.69,2.05,-0.0010577275967262878,-0.030000000000000027,0.0,0.13946456252009864,0.0767995638598845,0.235,-0.0129
2018-04-03,1332.800048828125,0.71,2.08,-0.0069535041644925855,0.029999999999999916,0.03000000000000025,-0.13743002689393846,0.017849275384142903,0.2439,0.0186999999999999
2018-04-04,1335.800048828125,0.71,2.08,0.0022483707966793887,0.0,0.0,-0.18009852320685363,0.027392840273922765,0.2548,0.0109
2018-04-05,1324.300048828125,0.75,2.08,-0.00864634504119266,0.040000000000000036,0.0,-0.22500253186774685,-0.038544239394100906,0.2701,0.0152999999999999
2018-04-06,1331.9000244140625,0.7,2.07,0.005722457733424058,-0.050000000000000044,-0.010000000000000231,-0.29340286715042896,-0.07742554097132569,0.2515,-0.0186
2018-04-09,1336.300048828125,0.71,2.07,0.0032981247895707,0.010000000000000009,0.0,-0.32339541410377504,-0.08888220430458842,0.2496,-0.0019
2018-04-10,1342.0,0.72,2.08,0.004256401204820293,0.010000000000000009,0.010000000000000231,-0.34053534341366776,-0.07519552179277933,0.2569,0.0073
2018-04-11,1356.5,0.68,2.11,0.010746814567358598,-0.039999999999999925,0.029999999999999805,-0.41936270082581206,-0.05707602079891818,0.2526,-0.0043
2018-04-12,1338.4000244140625,0.7,2.13,-0.013432964185141394,0.019999999999999907,0.020000000000000018,-0.4342457366114106,-0.10525041608864517,0.2719,0.0192999999999999
2018-04-13,1344.800048828125,0.69,2.13,0.004770450489398392,-0.010000000000000009,0.0,-0.567266588960085,-0.1841104515837321,0.2731,0.0012
2018-04-16,1347.5,0.71,2.12,0.0020056843799087787,0.020000000000000018,-0.009999999999999787,-0.582812529431082,-0.26172371954593104,0.2736,0.0005
2018-04-17,1347.199951171875,0.68,2.14,-0.00022269553924481045,-0.029999999999999916,0.020000000000000018,-0.6081400669087561,-0.247570720068129,0.2662,-0.0074
2018-04-18,1351.199951171875,0.71,2.16,0.0029647221128232815,0.029999999999999916,0.020000000000000018,-0.6225260228071446,-0.2614951416106771,0.2833,0.0171
2018-04-19,1346.800048828125,0.75,2.17,-0.003261605814892654,0.040000000000000036,0.009999999999999787,-0.5854687183912062,-0.2787481755194944,0.3036,0.0202999999999999
2018-04-20,1336.699951171875,0.79,2.17,-0.007527591093269059,0.040000000000000036,0.0,-0.5427096608669946,-0.32708719537242287,0.3251,0.0215
2018-04-23,1322.5,0.8,2.18,-0.010679968716114097,0.010000000000000009,0.010000000000000231,-0.5430560418087211,-0.34396752995696306,0.3371,0.012
2018-04-24,1331.4000244140625,0.83,2.17,0.006707153771284169,0.029999999999999916,-0.010000000000000231,-0.49167396713302447,-0.31035394784751225,0.3415,0.0044
2018-04-25,1321.199951171875,0.86,2.17,-0.007690660944510874,0.030000000000000027,0.0,-0.5087831131961044,-0.3211646152866929,0.3548,0.0132999999999999
2018-04-26,1316.300048828125,0.82,2.18,-0.0037155700328845853,-0.040000000000000036,0.010000000000000231,-0.5475110438814834,-0.2888245329137902,0.3513,-0.0035
2018-04-27,1320.300048828125,0.79,2.17,0.0030342129414098196,-0.029999999999999916,-0.010000000000000231,-0.5799113448467577,-0.3014762990706281,0.3396,-0.0116999999999999
2018-04-30,1316.199951171875,0.78,2.17,-0.0031102605435355812,-0.010000000000000009,0.0,-0.5916778956046901,-0.28258757627277753,0.3293,-0.0103
2018-05-01,1303.800048828125,0.81,2.16,-0.009465644983154498,0.030000000000000027,-0.009999999999999787,-0.6182319812399218,-0.3112455829922914,0.3333,0.004
2018-05-02,1302.5999755859375,0.8,2.17,-0.0009208665713247299,-0.010000000000000009,0.009999999999999787,-0.6101182731094205,-0.2965995724008077,0.3324,-0.0009
2018-05-03,1310.699951171875,0.78,2.16,0.006199060002289869,-0.020000000000000018,-0.009999999999999787,-0.6049721077892368,-0.30418032426293395,0.324,-0.0083999999999999
2018-05-04,1312.699951171875,0.79,2.16,0.001524739240619688,0.010000000000000009,0.0,-0.6186628512751831,-0.2811693430001359,0.3269,0.0029
2018-05-07,1312.199951171875,0.78,2.17,-0.00038096691275768535,-0.010000000000000009,0.009999999999999787,-0.6424030874726886,-0.30633588916675797,0.3264,-0.0005
2018-05-08,1312.0,0.81,2.16,-0.00015239019585600033,0.030000000000000027,-0.009999999999999787,-0.7146383805369677,-0.3168752185683319,0.3339,0.0074999999999999
2018-05-09,1311.300048828125,0.82,2.18,-0.0005336417302306273,0.009999999999999898,0.020000000000000018,-0.7234355875067984,-0.46023546782279173,0.3463,0.0124
2018-05-10,1320.800048828125,0.8,2.17,0.007218601800712321,-0.019999999999999907,-0.010000000000000231,-0.7378713629761703,-0.4902411936764355,0.3419,-0.0044
2018-05-11,1319.0,0.82,2.15,-0.0013637768572012376,0.019999999999999907,-0.020000000000000018,-0.7774602167264462,-0.5110505168823575,0.3386,-0.0032999999999999
2018-05-14,1316.5,0.85,2.15,-0.0018971737809501121,0.030000000000000027,0.0,-0.7699921369791124,-0.5173434943352019,0.342,0.0034
2018-05-15,1288.9000244140625,0.9,2.18,-0.021187539583849002,0.050000000000000044,0.03000000000000025,-0.8127089412833005,-0.5635831924133764,0.3721,0.0300999999999999
2018-05-16,1290.199951171875,0.92,2.17,0.0010080469002327064,0.020000000000000018,-0.010000000000000231,-0.8391198286272313,-0.5540012504001925,0.3866,0.0145
2018-05-17,1288.199951171875,0.95,2.16,-0.0015513500441075578,0.029999999999999916,-0.009999999999999787,-0.8625550406952087,-0.5282305668159492,0.395,0.0084
2018-05-18,1290.199951171875,0.91,2.15,0.0015513500441075578,-0.039999999999999925,-0.010000000000000231,-0.8810172361711158,-0.49836602514896816,0.381,-0.014
2018-05-21,1290.199951171875,0.9,2.16,0.0,-0.010000000000000009,0.010000000000000231,-0.8887197679052901,-0.5051780659912425,0.3743,-0.0066999999999999
2018-05-22,1291.699951171875,0.91,2.15,0.001161935183777274,0.010000000000000009,-0.010000000000000231,-0.8914685235498098,-0.5123185038090721,0.3719,-0.0024
2018-05-23,1289.300048828125,0.87,2.14,-0.0018596691479242367,-0.040000000000000036,-0.009999999999999787,-0.878777480582672,-0.4235151881206177,0.3486,-0.0232999999999999
2018-05-24,1303.699951171875,0.86,2.12,0.011106864926633264,-0.010000000000000009,-0.020000000000000018,-0.876058102301831,-0.42689630405968615,0.3338,-0.0148
2018-05-25,1303.300048828125,0.84,2.09,-0.0003067912135685802,-0.020000000000000018,-0.03000000000000025,-0.8641430928688569,-0.41434951433465295,0.3136,-0.0201999999999999
2018-05-30,1301.5,0.78,2.06,0.002153718916270364,0.050000000000000044,0.020000000000000018,-0.6994919530280038,-0.2551803723028529,0.2491,0.0114999999999999
2018-05-31,1300.0999755859375,0.76,2.07,-0.0010762796451002643,-0.020000000000000018,0.009999999999999787,-0.5941238721695841,-0.27772438349152273,0.2481,-0.001
2018-06-01,1294.800048828125,0.8,2.09,-0.004084885026490959,0.040000000000000036,0.020000000000000018,-0.5236794388875865,-0.28241556085308317,0.2734,0.0252999999999999
2018-06-04,1293.0999755859375,0.82,2.12,-0.001313863341481536,0.019999999999999907,0.03000000000000025,-0.501636259195127,-0.2513453749682788,0.2935,0.0201
2018-06-05,1297.5,0.79,2.13,0.0033969186184963363,-0.029999999999999916,0.009999999999999787,-0.46945429844407316,-0.2644236828532502,0.2867,-0.0067999999999999
2018-06-06,1297.0999755859375,0.83,2.14,-0.00030835151545183237,0.039999999999999925,0.010000000000000231,-0.5131517087875993,-0.30691649569892493,0.3083,0.0216
2018-06-07,1298.699951171875,0.8,2.13,0.001232741993757891,-0.029999999999999916,-0.010000000000000231,-0.562165859069113,-0.2861219821231843,0.2972,-0.0110999999999999
2018-06-08,1298.0999755859375,0.82,2.11,-0.00046208842693662433,0.019999999999999907,-0.020000000000000018,-0.5681999838325763,-0.31568389162381466,0.2956,-0.0016
2018-06-11,1298.9000244140625,0.83,2.13,0.0006161331177771956,0.010000000000000009,0.020000000000000018,-0.559658801151116,-0.2990838688689104,0.3049,0.0093
2018-06-12,1295.0999755859375,0.83,2.13,-0.0029298778307511597,0.0,0.0,-0.5366427834999375,-0.304834345834765,0.3137,0.0087999999999999
2018-06-13,1296.9000244140625,0.86,2.12,0.0013889267881950218,0.030000000000000027,-0.009999999999999787,-0.5383358612501645,-0.2585168198403853,0.3279,0.0142
2018-06-14,1304.0,0.82,2.12,0.005459643319964513,-0.040000000000000036,0.0,-0.5394302005580541,-0.2936304749628175,0.3165,-0.0114
2018-06-15,1274.5999755859375,0.81,2.12,-0.022804078760698232,-0.009999999999999898,0.0,-0.4244417907078519,-0.1751101877860773,0.3103,-0.0061999999999999
2018-06-18,1276.199951171875,0.8,2.12,0.0012544894477866109,-0.010000000000000009,0.0,-0.32159697660441133,-0.18229311968041437,0.3045,-0.0058
2018-06-19,1275.5999755859375,0.77,2.12,-0.00047023717706196067,-0.030000000000000027,0.0,-0.17826698737142357,-0.18150219215159777,0.2877,-0.0167999999999999
2018-06-20,1271.199951171875,0.81,2.12,-0.003455339185167716,0.040000000000000036,0.0,-0.11568280887966681,-0.19806645458539365,0.2972,0.0095
2018-06-21,1267.199951171875,0.79,2.11,-0.0031515942835920185,-0.020000000000000018,-0.010000000000000231,-0.034127943941656615,-0.19187754098426177,0.2888,-0.0084
2018-06-22,1267.4000244140625,0.78,2.12,0.00015787362465857768,-0.010000000000000009,0.010000000000000231,0.08267866635960235,-0.17511996834401575,0.2883,-0.0005
2018-06-25,1265.5999755859375,0.77,2.1,-0.0014212784296390168,-0.010000000000000009,-0.020000000000000018,0.17858832688440418,-0.17601826448231853,0.2763,-0.012
2018-06-26,1256.5999755859375,0.76,2.12,-0.007136657182704731,-0.010000000000000009,0.020000000000000018,0.24956083916539332,-0.16716592361084542,0.2733,-0.003
2018-06-27,1252.800048828125,0.72,2.11,-0.0030285563284468964,-0.040000000000000036,-0.010000000000000231,0.36828827408914033,0.015493144783179022,0.2558,-0.0174999999999999
2018-06-28,1247.800048828125,0.74,2.1,-0.003999045403676682,0.020000000000000018,-0.009999999999999787,0.4422606833831526,-0.009940862798324039,0.2571,0.0012999999999999
2018-06-29,1251.300048828125,0.74,2.11,0.0028010100848696595,0.0,0.009999999999999787,0.5307755791304789,-0.0014557539267511593,0.2603,0.0031999999999999
2018-07-02,1239.800048828125,0.73,2.14,-0.009232934241235391,-0.010000000000000009,0.03000000000000025,0.5981007991467273,0.02161741249079231,0.2638,0.0035
2018-07-03,1251.5999755859375,0.71,2.12,0.00947259763675401,-0.020000000000000018,-0.020000000000000018,0.6555474180538803,-0.005721440255779655,0.2505,-0.0132999999999999
2018-07-06,1254.300048828125,0.7,2.12,-0.0023889164756205616,-0.010000000000000009,-0.009999999999999787,0.7420487106691801,-0.010507077468421673,0.2429,-0.0077999999999999
2018-07-09,1258.0999755859375,0.73,2.13,0.003024939992369191,0.030000000000000027,0.009999999999999787,0.7375265697744187,0.028289153542638317,0.2529,0.01
2018-07-10,1253.800048828125,0.74,2.13,-0.003423648167605542,0.010000000000000009,0.0,0.7296578734305628,0.025334187257719368,0.2599,0.007
2018-07-11,1242.800048828125,0.74,2.11,-0.008812040976282631,0.0,-0.020000000000000018,0.8048393269595137,-0.027430257083090055,0.2534,-0.0065
2018-07-12,1245.0,0.75,2.1,0.0017685920911132413,0.010000000000000009,-0.009999999999999787,0.8218268657081463,-0.06807083975910543,0.2534,0.0
2018-07-13,1239.5999755859375,0.72,2.11,-0.004346802680328388,-0.030000000000000027,0.009999999999999787,0.8732952009872855,-0.04400989266011763,0.2443,-0.0091
2018-07-16,1238.0999755859375,0.75,2.1,-0.001210800510808241,0.030000000000000027,-0.009999999999999787,0.864781368543641,-0.014940282245593055,0.2457,0.0014
2018-07-17,1225.699951171875,0.77,2.09,-0.010065857197482764,0.020000000000000018,-0.010000000000000231,0.8082298958906259,-0.06208628156376354,0.2495,0.0037999999999999
2018-07-18,1226.300048828125,0.79,2.09,0.0004894760752298666,0.020000000000000018,0.0,0.7473941241031087,-0.011856374265571828,0.254,0.0045
2018-07-19,1222.4000244140625,0.75,2.09,-0.0031853862009256773,-0.040000000000000036,0.0,0.7142253674982968,-0.01673003688463247,0.2441,-0.0098999999999999
2018-07-20,1229.5,0.78,2.11,0.005791423271754859,0.030000000000000027,0.020000000000000018,0.6737503706140011,0.06744857205356705,0.2591,0.0149999999999999
2018-07-23,1224.0,0.85,2.11,-0.0044833985839760615,0.06999999999999995,0.0,0.48594008564290575,0.01294098020106874,0.2889,0.0297999999999999
2018-07-24,1223.9000244140625,0.84,2.11,-8.168273621933508e-05,-0.010000000000000009,0.0,0.31859529849949864,0.0031680882838213916,0.291,0.0020999999999999
2018-07-25,1231.4000244140625,0.81,2.13,0.006109251967322038,-0.029999999999999916,0.020000000000000018,0.20739347057156793,-0.0466755907022607,0.289,-0.002
2018-07-26,1225.300048828125,0.87,2.11,-0.004966001498039496,0.05999999999999994,-0.020000000000000018,-0.054830742278064906,-0.1005167261790709,0.3089,0.0199
2018-07-27,1222.5999755859375,0.84,2.12,-0.0022060331796796007,-0.030000000000000027,0.010000000000000231,-0.2652516633978243,-0.041306932373135805,0.3051,-0.0038
2018-07-30,1221.300048828125,0.85,2.13,-0.001063813468161534,0.010000000000000009,0.009999999999999787,-0.39062602815307323,-0.11517046055760105,0.3056,0.0005
2018-07-31,1223.699951171875,0.84,2.12,0.0019631109320892293,-0.010000000000000009,-0.009999999999999787,-0.49156607113906825,-0.11693135223848153,0.2979,-0.0076999999999999
2018-08-01,1217.9000244140625,0.87,2.13,-0.004750931950486148,0.030000000000000027,0.009999999999999787,-0.5674679969858341,-0.132444728020304,0.3112,0.0132999999999999
2018-08-02,1210.5999755859375,0.86,2.12,-0.006011999848420935,-0.010000000000000009,-0.009999999999999787,-0.6880821463820578,-0.10026727803199889,0.3074,-0.0037999999999999
2018-08-03,1214.199951171875,0.83,2.12,0.002969299191421193,-0.030000000000000027,0.0,-0.7508766993727081,-0.1447467337923914,0.2933,-0.0141
2018-08-06,1208.5999755859375,0.83,2.11,-0.004622738754922473,0.0,-0.010000000000000231,-0.803088945470555,-0.1380910214381806,0.2813,-0.012
2018-08-07,1209.5999755859375,0.85,2.13,0.0008270615145109517,0.020000000000000018,0.020000000000000018,-0.8524567186705021,-0.12540142942203497,0.2908,0.0095
2018-08-08,1212.5999755859375,0.85,2.11,0.002477088262295979,0.0,-0.020000000000000018,-0.8727571201419264,-0.15054307166075712,0.2914,0.0005999999999999
2018-08-09,1211.9000244140625,0.82,2.11,-0.0005773983842614072,-0.030000000000000027,0.0,-0.8619778846789481,-0.18112755244713838,0.2767,-0.0146999999999999
2018-08-10,1211.0999755859375,0.78,2.09,-0.0006603787513004278,-0.039999999999999925,-0.020000000000000018,-0.827240456338606,-0.16666162697493445,0.2508,-0.0258999999999999
2018-08-13,1191.300048828125,0.78,2.1,-0.01648382857584263,0.0,0.010000000000000231,-0.7320579862415229,-0.13828399673647473,0.2432,-0.0076
2018-08-14,1193.0,0.8,2.09,0.0014259543053389834,0.020000000000000018,-0.010000000000000231,-0.6870692802872307,-0.1515039432115119,0.2464,0.0032
2018-08-15,1177.5,0.78,2.08,-0.013077596207343056,-0.020000000000000018,-0.009999999999999787,-0.5604422648203027,-0.03195024060306885,0.2337,-0.0127
2018-08-16,1176.199951171875,0.79,2.08,-0.001104685378172654,0.010000000000000009,0.0,-0.4477861497875766,-0.02690689331000159,0.2353,0.0016
2018-08-17,1176.5,0.79,2.08,0.0002550676550168163,0.0,0.0,-0.3274553339361519,-0.02922426756174643,0.2357,0.0003999999999999
2018-08-20,1186.800048828125,0.75,2.07,0.00871672139192281,-0.040000000000000036,-0.010000000000000231,-0.1697962518106368,-0.16015627124100507,0.2156,-0.0200999999999999
2018-08-21,1192.5999755859375,0.77,2.08,0.004875126658373752,0.020000000000000018,0.010000000000000231,-0.0511746105472963,-0.1242743259262363,0.2183,0.0026999999999999
2018-08-22,1196.300048828125,0.74,2.08,0.0030977237750970943,-0.030000000000000027,0.0,0.07231777048538084,-0.155329417187046,0.2095,-0.0088
2018-08-23,1187.0,0.73,2.09,-0.0078043853831424315,-0.010000000000000009,0.009999999999999787,0.22390128707248452,-0.14659619791853332,0.2084,-0.0010999999999999
2018-08-24,1206.300048828125,0.73,2.09,0.016128748439265372,0.0,0.0,0.3596193394348668,-0.14660467726241494,0.2097,0.0012999999999999
2018-08-27,1209.0,0.74,2.11,0.002235707565859002,0.010000000000000009,0.020000000000000018,0.4454113183911358,-0.1405810844185163,0.2165,0.0068
2018-08-28,1207.4000244140625,0.77,2.11,-0.0013242640321067256,0.030000000000000027,0.0,0.4820517988655475,-0.11104462788646341,0.2295,0.013
2018-08-29,1204.5,0.77,2.12,-0.0024047645277596175,0.0,0.010000000000000231,0.504731962582814,-0.11625149927980363,0.2347,0.0051999999999999
2018-08-30,1197.699951171875,0.76,2.1,-0.005661532869709163,-0.010000000000000009,-0.020000000000000018,0.5726082487224854,-0.12985922712165343,0.2242,-0.0104999999999999
2018-08-31,1200.300048828125,0.78,2.08,0.0021685560260156223,0.020000000000000018,-0.020000000000000018,0.6264795274035239,-0.16218178776579872,0.2206,-0.0036
2018-09-05,1194.9000244140625,0.81,2.09,0.0018429166421238818,0.010000000000000009,-0.010000000000000231,0.5771544099648895,-0.1391265311154678,0.2343,0.0007999999999999
2018-09-06,1197.9000244140625,0.8,2.08,0.002507523830407976,-0.010000000000000009,-0.009999999999999787,0.5985439494128959,-0.10273127531458842,0.2277,-0.0065999999999999
2018-09-07,1193.5999755859375,0.84,2.1,-0.003596114122648153,0.039999999999999925,0.020000000000000018,0.5200956140924514,-0.07458831636367531,0.2523,0.0246
2018-09-10,1193.0,0.84,2.1,-0.0005027868974396554,0.0,0.0,0.46051335184792663,-0.0880662647257899,0.2544,0.0020999999999999
2018-09-11,1195.4000244140625,0.86,2.12,0.0020097347155791923,0.020000000000000018,0.020000000000000018,0.383157309428979,-0.07119025911442858,0.272,0.0176
2018-09-12,1204.699951171875,0.85,2.12,0.007749654927954985,-0.010000000000000009,0.0,0.3543435978784271,-0.08477118902739521,0.2709,-0.0011
2018-09-13,1202.0,0.87,2.1,-0.0022436966462970886,0.020000000000000018,-0.020000000000000018,0.28654778564801286,-0.0622954571362972,0.2717,0.0008
2018-09-14,1195.0,0.89,2.1,-0.005840650729542318,0.020000000000000018,0.0,0.20302148189395278,-0.10512107172905748,0.283,0.0112999999999999
2018-09-17,1199.699951171875,0.89,2.1,0.003925299454992093,0.0,0.0,0.17728515379750695,-0.08158553549989198,0.2829,-9.9999999999989e-05
2018-09-18,1196.800048828125,0.92,2.13,-0.0024201158014891533,0.030000000000000027,0.029999999999999805,0.1405769632710068,-0.0976035711904264,0.3029,0.02
2018-09-19,1202.199951171875,0.93,2.15,0.004501801970304697,0.010000000000000009,0.020000000000000018,0.13859952182806198,-0.09350247789292225,0.3183,0.0154
2018-09-20,1206.199951171875,0.92,2.15,0.0033217105465146446,-0.010000000000000009,0.0,0.1597696155695971,-0.10262864341945525,0.3206,0.0022999999999999
2018-09-21,1196.199951171875,0.92,2.15,-0.00832505674484274,0.0,0.0,0.14940483918173567,-0.10076092960657405,0.3188,-0.0018
2018-09-24,1199.300048828125,0.92,2.16,0.0025882691604381947,0.0,0.010000000000000231,0.20621293291464055,-0.1174000405966164,0.3192,0.0004
2018-09-25,1200.0,0.94,2.16,0.0005834628245633411,0.019999999999999907,0.0,0.21457124140382527,-0.15588743488432888,0.3262,0.007
2018-09-26,1194.0,0.92,2.14,-0.005012541823544048,-0.019999999999999907,-0.020000000000000018,0.19281452823917314,-0.11645009440350375,0.3161,-0.0100999999999999
2018-09-27,1182.300048828125,0.91,2.15,-0.009847279784212404,-0.010000000000000009,0.009999999999999787,0.07707583714654372,-0.18421117991930774,0.3136,-0.0025
2018-09-28,1191.5,0.91,2.14,0.007751282370461965,0.0,-0.009999999999999787,0.0025034744794496153,-0.18672880934359865,0.3096,-0.004
2018-10-01,1187.0999755859375,0.95,2.14,-0.0036996800454476286,0.039999999999999925,0.0,-0.14412058033893776,-0.21892496661889307,0.3163,0.0067
2018-10-02,1202.4000244140625,0.93,2.12,0.012806242249857824,-0.019999999999999907,-0.020000000000000018,-0.1907462867270336,-0.20559983984807925,0.3056,-0.0107
2018-10-03,1198.300048828125,0.99,2.16,-0.0034156533069067407,0.05999999999999994,0.040000000000000036,-0.20875461808109766,-0.25507153578175523,0.336,0.0304
2018-10-04,1197.199951171875,1.03,2.16,-0.0009184702430271585,0.040000000000000036,0.0,-0.21969596423030222,-0.2371701724429398,0.3613,0.0252999999999999
2018-10-05,1201.199951171875,1.07,2.16,0.0033355602664464357,0.040000000000000036,0.0,-0.2820498001775263,-0.26005805986244723,0.3826,0.0212999999999999
2018-10-10,1189.300048828125,1.06,2.16,0.0017673875050832066,0.020000000000000018,-0.009999999999999787,-0.28386383890148925,-0.0636036768118874,0.3751,-0.0017
2018-10-11,1223.5,1.02,2.12,0.028350664093339084,-0.040000000000000036,-0.040000000000000036,0.014937485303189137,-0.3136043786692623,0.3502,-0.0248999999999999
2018-10-12,1218.0999755859375,1.03,2.12,-0.004423356219553476,0.010000000000000009,0.0,0.18188255044568905,-0.3189633870253741,0.3435,-0.0066999999999999
2018-10-15,1226.4000244140625,1.03,2.13,0.006790820801527708,0.0,0.009999999999999787,0.28878163949459434,-0.35597658265702187,0.3427,-0.0008
2018-10-16,1227.300048828125,1.03,2.13,0.0007336059237568193,0.0,0.0,0.38069544639973085,-0.35990670290635596,0.3409,-0.0018
2018-10-17,1223.699951171875,1.06,2.13,-0.0029376582988742683,0.030000000000000027,0.0,0.42912448061649183,-0.35971169624985533,0.3506,0.0097
2018-10-18,1226.5,1.07,2.1,0.0022855686089613414,0.010000000000000009,-0.029999999999999805,0.4828517286760207,-0.35947779272197905,0.3459,-0.0047
2018-10-19,1225.300048828125,1.09,2.11,-0.000978832893209436,0.020000000000000018,0.009999999999999787,0.546330365819093,-0.3597493372681983,0.357,0.0110999999999999
2018-10-22,1221.199951171875,1.09,2.11,-0.0033518099283380565,0.0,0.0,0.5683871815005003,-0.3353818291808507,0.3544,-0.0025999999999999
2018-10-23,1233.4000244140625,1.08,2.09,0.009940661474511892,-0.010000000000000009,-0.020000000000000018,0.5940643656449386,-0.3595627217728443,0.342,-0.0123999999999999
2018-10-24,1227.800048828125,1.03,2.07,-0.004550613589319852,-0.050000000000000044,-0.020000000000000018,0.5943027461567513,-0.2699680892231184,0.3089,-0.0331
2018-10-25,1229.0999755859375,1.09,2.05,0.0010581845953803182,0.06000000000000005,-0.020000000000000018,0.6496133488572148,-0.2335266960331698,0.316,0.0070999999999999
2018-10-26,1232.5,1.02,2.06,0.002762452559275985,-0.07000000000000006,0.010000000000000231,0.6551398134731394,-0.22386215065021842,0.293,-0.023
2018-10-29,1224.5,1.02,2.06,-0.006512029524622598,0.0,0.0,0.6450844804745188,-0.20353946469493742,0.2856,-0.0073999999999999
2018-10-30,1222.5999755859375,1.07,2.05,-0.0015528787665672894,0.050000000000000044,-0.010000000000000231,0.6554997751396995,-0.20887957724172154,0.2978,0.0121999999999999
2018-10-31,1212.300048828125,1.1,2.05,-0.008460296595855787,0.030000000000000027,0.0,0.6289077430414666,-0.22528616087216669,0.316,0.0181999999999999
2018-11-01,1236.0,1.12,2.02,0.019360936987836475,0.020000000000000018,-0.029999999999999805,0.6570789703045822,-0.1740820655018355,0.3154,-0.0005999999999999
2018-11-02,1230.9000244140625,1.16,2.06,-0.004134730067067771,0.039999999999999813,0.040000000000000036,0.682695715203746,-0.1861872051190397,0.346,0.0305999999999999
2018-11-05,1229.800048828125,1.14,2.06,-0.0008940347270804949,-0.020000000000000018,0.0,0.6831713008151331,-0.19051007362806888,0.3451,-0.0008999999999999
2018-11-06,1223.800048828125,1.15,2.07,-0.0048907822962700465,0.010000000000000009,0.009999999999999787,0.6725602938700779,-0.18942599340489613,0.3517,0.0065999999999999
2018-11-07,1226.199951171875,1.15,2.07,0.0019591045806830465,0.0,0.0,0.6658077156353925,-0.19070386309102497,0.3569,0.0051999999999999
2018-11-08,1222.9000244140625,1.17,2.07,-0.0026948093485055225,0.020000000000000018,0.0,0.6311491025905503,-0.22015787959192323,0.3671,0.0101999999999999
2018-11-09,1206.4000244140625,1.15,2.04,-0.013584368668582592,-0.020000000000000018,-0.029999999999999805,0.5102028863594001,-0.18684967333597347,0.3512,-0.0158999999999999
2018-11-14,1207.9000244140625,1.12,2.0,0.007228707752084063,0.0,-0.020000000000000018,0.2571312800104181,-0.13618709864728437,0.3031,-0.0183
2018-11-15,1212.800048828125,1.11,2.0,0.004048441325541496,-0.010000000000000009,0.0,0.17296907894151337,-0.10750324797316775,0.2935,-0.0095999999999999
2018-11-16,1220.800048828125,1.06,2.02,0.006574645378254473,-0.050000000000000044,0.020000000000000018,0.08511421510196261,-0.12233204492831441,0.278,-0.0154999999999999
2018-11-19,1223.0999755859375,1.07,1.99,0.0018821780054922854,0.010000000000000009,-0.030000000000000027,0.018129571800962436,-0.1160064619486097,0.2638,-0.0142
2018-11-20,1219.0,1.09,1.97,-0.0033577490512390895,0.020000000000000018,-0.020000000000000018,0.0017826761905557344,-0.14313645803853717,0.2612,-0.0025999999999999
2018-11-21,1225.800048828125,1.09,1.97,0.005562881404039821,0.0,0.0,-0.10991858888668146,-0.207724909730339,0.2632,0.002
2018-11-26,1220.199951171875,1.11,1.96,-0.0006554554094462262,0.020000000000000018,0.0,-0.22693354387093695,-0.05694891061315663,0.2619,0.005
2018-11-27,1211.199951171875,1.15,1.91,-0.007403176331916228,0.039999999999999813,-0.050000000000000044,-0.30844668701918754,-0.09833545306719167,0.2596,-0.0023
2018-11-28,1221.4000244140625,1.12,1.94,0.008386198408280698,-0.029999999999999805,0.030000000000000027,-0.2959951845972673,-0.1419483076783271,0.2516,-0.008
2018-11-29,1224.0999755859375,1.05,1.98,0.0022080983593433245,-0.07000000000000006,0.040000000000000036,-0.2787801905204313,-0.15617869054648442,0.2469,-0.0046999999999999
2018-11-30,1220.199951171875,1.04,1.97,-0.003191120435707795,-0.010000000000000009,-0.010000000000000009,-0.2569150116876764,-0.13898612287258252,0.238,-0.0089
2018-12-03,1233.9000244140625,1.02,1.96,0.011165164989324516,-0.020000000000000018,-0.010000000000000009,-0.30991594226310465,-0.16886477954539061,0.2277,-0.0102999999999999
2018-12-04,1241.0999755859375,0.97,1.94,0.0058181587735823825,-0.050000000000000044,-0.020000000000000018,-0.42808326634750016,-0.1972804176436004,0.1935,-0.0342
2018-12-07,1246.800048828125,0.96,1.89,0.007002381348266695,-0.010000000000000009,-0.010000000000000009,-0.5806122958842154,-0.1979696935249545,0.1482,-0.0199999999999999
2018-12-10,1243.699951171875,0.99,1.86,-0.0024895396566160244,0.030000000000000027,-0.029999999999999805,-0.617715134153086,-0.25467188068897995,0.1409,-0.0073
2018-12-11,1241.9000244140625,1.06,1.83,-0.0014482837866971465,0.07000000000000006,-0.030000000000000027,-0.6138880862360522,-0.2755803856190099,0.1564,0.0155
2018-12-12,1244.4000244140625,1.08,1.83,0.002011021030000393,0.020000000000000018,0.0,-0.5794915597059455,-0.2639071775566409,0.1647,0.0083
2018-12-13,1242.699951171875,1.08,1.83,-0.0013671131226420385,0.0,0.0,-0.5772458246810558,-0.2703084589867541,0.1616,-0.0031
2018-12-14,1237.0,1.07,1.82,-0.004597299127495624,-0.010000000000000009,-0.010000000000000009,-0.5804709844621101,-0.25292454451906476,0.154,-0.0075999999999999
2018-12-17,1247.4000244140625,1.05,1.81,0.008372311271494404,-0.020000000000000018,-0.010000000000000009,-0.5866670997029046,-0.2343108737429229,0.1383,-0.0156999999999999
2018-12-18,1249.199951171875,1.01,1.81,0.0014419026574250537,-0.040000000000000036,0.0,-0.6345388765647302,-0.3652191956734791,0.1231,-0.0152
2018-12-19,1252.0999755859375,0.97,1.8,0.0023188148550019605,-0.040000000000000036,-0.010000000000000009,-0.7016848653354303,-0.3445295588369049,0.1022,-0.0209
2018-12-20,1263.5999755859375,1.03,1.76,0.00914264843048418,0.06000000000000005,-0.040000000000000036,-0.7023020290714058,-0.20880574410404024,0.1073,0.0051
2018-12-21,1253.800048828125,1.02,1.77,-0.007785791822915833,-0.010000000000000009,0.010000000000000009,-0.7144073353892704,-0.18023389812180723,0.106,-0.0013
2018-12-24,1267.5,0.99,1.75,0.010867477681361315,-0.030000000000000027,-0.020000000000000018,-0.7419504210016473,-0.21512907740284018,0.0817,-0.0243
2018-12-27,1277.300048828125,1.03,1.74,0.0063617710388754745,-0.010000000000000009,-0.030000000000000027,-0.6716595568341495,-0.2635085712017373,0.0923,-0.0119
2018-12-28,1279.9000244140625,0.99,1.73,0.0020334556603831544,-0.040000000000000036,-0.010000000000000009,-0.6623174060032643,-0.3118405794947875,0.0734,-0.0188999999999999
2018-12-31,1278.300048828125,0.98,1.71,-0.0012508605650429772,-0.010000000000000009,-0.020000000000000018,-0.6592506496975283,-0.3160439191324809,0.0497,-0.0237
2019-01-03,1291.800048828125,0.88,1.68,0.008395609500155388,-0.07999999999999996,-0.020000000000000018,-0.729941215513269,-0.3461673504653766,-0.0143,-0.047
2019-01-04,1282.699951171875,0.91,1.76,-0.007069439157760371,0.030000000000000027,0.08000000000000007,-0.7522316812416471,-0.3813671414613123,0.0184,0.0327
2019-01-07,1286.800048828125,0.92,1.78,0.003191361071129606,0.010000000000000009,0.020000000000000018,-0.7645019344582565,-0.3615459152820972,0.0371,0.0187
2019-01-08,1283.199951171875,0.91,1.82,-0.0028016342498524693,-0.010000000000000009,0.040000000000000036,-0.7725687555963345,-0.3613681432624769,0.0535,0.0163999999999999
2019-01-09,1289.300048828125,0.91,1.83,0.004742553228195057,0.0,0.010000000000000009,-0.7790804816353574,-0.3566491805543467,0.0587,0.0052
2019-01-10,1284.699951171875,0.93,1.81,-0.0035742832584517714,0.020000000000000018,-0.020000000000000018,-0.7722037298554506,-0.3654468377655447,0.0618,0.0030999999999999
2019-01-11,1287.0999755859375,0.88,1.83,0.0018664166569104523,-0.050000000000000044,0.020000000000000018,-0.7504829376762204,-0.30438340061966196,0.0524,-0.0093999999999999
2019-01-14,1289.0999755859375,0.9,1.81,0.0015526748231557974,0.020000000000000018,-0.020000000000000018,-0.7369943807965862,-0.2861980378489076,0.0495,-0.0029
2019-01-15,1286.199951171875,0.91,1.81,-0.0022521847725425204,0.010000000000000009,0.0,-0.7379725610602211,-0.3060553970350756,0.0508,0.0012999999999999
2019-01-16,1291.5999755859375,0.91,1.82,0.004189644244261714,0.0,0.010000000000000009,-0.748950246451962,-0.31334611152699887,0.0587,0.0079
2019-01-17,1291.0,0.96,1.79,-0.0004646291352923271,0.04999999999999993,-0.030000000000000027,-0.740726443133064,-0.31161493942966045,0.0738,0.0151
2019-01-18,1281.300048828125,0.96,1.83,-0.0075418862228433525,0.0,0.040000000000000036,-0.7682529782795119,-0.26555296689079044,0.0942,0.0204
2019-01-23,1283.0999755859375,0.96,1.8,0.000467707828643249,0.010000000000000009,0.010000000000000009,-0.8435927025407344,-0.26272278869121946,0.0816,0.0023999999999999
2019-01-24,1279.0999755859375,0.95,1.77,-0.003122319355127523,-0.010000000000000009,-0.030000000000000027,-0.8674387260335884,-0.2341693443430103,0.0703,-0.0113
2019-01-25,1297.4000244140625,0.97,1.79,0.01420559407819777,0.020000000000000018,0.020000000000000018,-0.8292741530820764,-0.12647646466928,0.0817,0.0113999999999999
2019-01-28,1302.4000244140625,0.97,1.78,0.003846454397078425,0.0,-0.010000000000000009,-0.7695171638676439,-0.12824856419174469,0.0793,-0.0023999999999999
2019-01-29,1308.199951171875,0.94,1.78,0.004443374208731754,-0.030000000000000027,0.0,-0.7136301352301423,-0.13949423225685184,0.0641,-0.0151999999999999
2019-01-30,1309.9000244140625,0.86,1.84,0.0012987078392665552,-0.07999999999999996,0.06000000000000005,-0.6939689119484282,-0.12834562636473676,0.048,-0.0161
2019-01-31,1319.699951171875,0.78,1.85,0.0074535839816558536,-0.07999999999999996,0.010000000000000009,-0.7219346595877234,-0.17969186931762662,0.0182,-0.0298
2019-02-01,1316.9000244140625,0.82,1.88,-0.0021238927681554998,0.039999999999999925,0.029999999999999805,-0.7519084478391,-0.21101095050178592,0.0421,0.0238999999999999
2019-02-04,1314.300048828125,0.86,1.87,-0.0019762666158227304,0.040000000000000036,-0.009999999999999787,-0.7949353128657279,-0.2323344830925731,0.059,0.0169
2019-02-05,1314.199951171875,0.84,1.87,-7.616332988291674e-05,-0.020000000000000018,0.0,-0.794410831443854,-0.34563423085419614,0.0549,-0.0040999999999999
2019-02-06,1309.5,0.84,1.86,-0.0035826933617428836,0.0,-0.010000000000000009,-0.7920569607820801,-0.37320487401438646,0.0496,-0.0052999999999999
2019-02-07,1309.4000244140625,0.81,1.84,-7.634929554711789e-05,-0.029999999999999916,-0.020000000000000018,-0.7948541178682283,-0.3437578729601348,0.0302,-0.0193999999999999
2019-02-08,1313.699951171875,0.81,1.82,0.003278510654843636,0.0,-0.020000000000000018,-0.7877349013782863,-0.35824927046327903,0.0182,-0.012
2019-02-11,1307.0,0.83,1.82,-0.0051131116828413425,0.019999999999999907,0.0,-0.7838825150042693,-0.38509923436056004,0.0231,0.0048999999999999
2019-02-12,1309.199951171875,0.85,1.83,0.0016817917066491717,0.020000000000000018,0.010000000000000009,-0.7789683089055667,-0.37339019412900554,0.0351,0.012
2019-02-13,1310.800048828125,0.85,1.86,0.0012214487444177635,0.0,0.030000000000000027,-0.7695470685191391,-0.3767562111958426,0.0497,0.0146
2019-02-14,1309.800048828125,0.81,1.85,-0.0007631840122668265,-0.039999999999999925,-0.010000000000000009,-0.7642693830806228,-0.35439188434417257,0.0336,-0.0161
2019-02-15,1318.0999755859375,0.8,1.86,0.006316796133235769,-0.010000000000000009,0.010000000000000009,-0.7875395132515296,-0.26208981306829,0.0337,0.0001
2019-02-20,1343.300048828125,0.76,1.89,0.002385089610256408,-0.020000000000000018,0.019999999999999796,-0.8314659471062824,-0.23898163307006498,0.0211,-0.0031999999999999
2019-02-21,1323.5,0.78,1.91,-0.014849566751192533,0.020000000000000018,0.020000000000000018,-0.8431398578911046,-0.28533151336441204,0.0351,0.0139999999999999
2019-02-22,1329.199951171875,0.74,1.91,0.0042974780783104904,-0.040000000000000036,0.0,-0.8532335008196698,-0.3045870192805538,0.0245,-0.0105999999999999
2019-02-25,1325.9000244140625,0.75,1.92,-0.002485728211593319,0.010000000000000009,0.010000000000000009,-0.8555526493099828,-0.2962567805642454,0.0268,0.0023
2019-02-26,1325.0999755859375,0.72,1.92,-0.0006035826876003014,-0.030000000000000027,0.0,-0.8655332142871577,-0.2884504970162857,0.0158,-0.011
2019-02-27,1317.699951171875,0.76,1.93,-0.005600154350637432,0.040000000000000036,0.010000000000000009,-0.8635559268580021,-0.33229075201299835,0.0319,0.0160999999999999
2019-02-28,1312.800048828125,0.78,1.95,-0.0037254575258760525,0.020000000000000018,0.020000000000000018,-0.8585311209090485,-0.34026550144220646,0.052,0.0201
2019-03-01,1296.4000244140625,0.8,1.96,-0.01257108687016828,0.020000000000000018,0.010000000000000009,-0.8230799002626031,-0.36939860616602477,0.0728,0.0208
2019-03-04,1284.800048828125,0.78,1.94,-0.008988108902638459,-0.020000000000000018,-0.020000000000000018,-0.7284401518237565,-0.3481291749222955,0.0619,-0.0109
2019-03-05,1282.0,0.79,1.93,-0.002181743716337614,0.010000000000000009,-0.010000000000000009,-0.6217414113060861,-0.35218632813412504,0.0574,-0.0044999999999999
2019-03-06,1284.9000244140625,0.78,1.91,0.0022595548095685203,-0.010000000000000009,-0.020000000000000018,-0.5143477547442816,-0.3525879261501868,0.0415,-0.0158999999999999
2019-03-07,1283.800048828125,0.74,1.9,-0.0008564453784476456,-0.040000000000000036,-0.010000000000000009,-0.35106049214798185,-0.3431803926144574,0.0184,-0.0231
2019-03-08,1297.0,0.72,1.9,0.01022943740470783,-0.020000000000000018,0.0,-0.19168876949285168,-0.35246001406868954,0.0042,-0.0142
2019-03-11,1288.800048828125,0.73,1.91,-0.006342314567176821,0.010000000000000009,0.010000000000000009,-0.06198958476231705,-0.46822479313625665,0.0063,0.0021
2019-03-12,1296.300048828125,0.71,1.9,0.005802499524032001,-0.020000000000000018,-0.010000000000000009,0.040105949277067655,-0.48186301765139333,-0.0064,-0.0127
2019-03-13,1307.5,0.69,1.92,0.008602826665779162,-0.020000000000000018,0.020000000000000018,0.06895343355784406,-0.4742527061865514,-0.0073,-0.0008999999999999
2019-03-14,1293.4000244140625,0.69,1.94,-0.010842488050706756,0.0,0.020000000000000018,0.13436929480263338,-0.49890962367155983,0.0006,0.0079
2019-03-15,1301.800048828125,0.65,1.94,0.006473530758076329,-0.039999999999999925,0.0,0.15833081304407257,-0.4883036949027027,-0.0109,-0.0115
2019-03-18,1300.300048828125,0.64,1.96,-0.0011529150377436181,-0.010000000000000009,0.020000000000000018,0.1720154579185089,-0.5017136741861046,-0.0072,0.0037
2019-03-19,1305.0,0.66,1.95,0.0036079961480899314,0.020000000000000018,-0.010000000000000009,0.16163768343762697,-0.48294867332577807,-0.0046,0.0026
2019-03-20,1300.5,0.58,1.96,-0.0034542348680881574,-0.08000000000000007,0.010000000000000009,0.17032977261804352,-0.3679098854796717,-0.0326,-0.0279999999999999
2019-03-21,1306.0999755859375,0.58,1.96,0.004296773002431031,0.0,0.0,0.15985796254525403,-0.35335806784284357,-0.0408,-0.0082
2019-03-22,1311.5999755859375,0.54,1.9,0.00420216846540189,-0.039999999999999925,-0.06000000000000005,0.11722990176029766,-0.3717995008296344,-0.0806,-0.0398
2019-03-25,1321.9000244140625,0.55,1.88,0.007822366697732619,0.010000000000000009,-0.020000000000000018,0.0310352366501387,-0.34095885770904677,-0.101,-0.0204
2019-03-26,1314.300048828125,0.55,1.86,-0.005765872414879247,0.0,-0.019999999999999796,0.00553019469127785,-0.32764762222518756,-0.1151,-0.0140999999999999
2019-03-27,1309.9000244140625,0.55,1.84,-0.0033534245976776234,0.0,-0.020000000000000018,-0.005267121203669818,-0.3489083764834544,-0.1227,-0.0076
2019-03-28,1289.800048828125,0.56,1.83,-0.015463611608309336,0.010000000000000009,-0.010000000000000009,0.04435373147843008,-0.37782517074631117,-0.1167,0.006
2019-03-29,1293.0,0.53,1.88,0.0024778943384520247,-0.030000000000000027,0.04999999999999982,0.08738582920938004,-0.3944943113548523,-0.105,0.0117
2019-04-01,1288.4000244140625,0.59,1.9,-0.0035639423656812497,0.05999999999999994,0.020000000000000018,0.09560995086738622,-0.38751281893086814,-0.0705,0.0345
2019-04-02,1290.0,0.58,1.9,0.0012410609495416836,-0.010000000000000009,0.0,0.053611697727909094,-0.39024083095455653,-0.0685,0.0019999999999999
2019-04-03,1289.9000244140625,0.61,1.91,-7.750345753088084e-05,0.030000000000000027,0.010000000000000009,-0.009463569518687417,-0.36591304369817695,-0.0526,0.0159
2019-04-04,1289.0,0.61,1.9,-0.0006979909589999167,0.0,-0.010000000000000009,-0.056882606921609,-0.33225304347275775,-0.0513,0.0013
2019-04-05,1290.4000244140625,0.6,1.9,0.0010855427915750226,-0.010000000000000009,0.0,-0.1082426901129192,-0.30987713381413723,-0.0535,-0.0022
2019-04-08,1297.0999755859375,0.61,1.91,0.0051787177938296125,0.010000000000000009,0.010000000000000009,-0.1948471391146329,-0.2829713503309661,-0.0475,0.0059999999999999
2019-04-09,1303.5,0.6,1.91,0.004921969848965091,-0.010000000000000009,0.0,-0.28695624772792144,-0.28934225594578766,-0.0523,-0.0047999999999999
2019-04-10,1309.0999755859375,0.54,1.94,0.004286905162994792,-0.05999999999999994,0.030000000000000027,-0.4268436019672798,-0.287362527654179,-0.066,-0.0137
2019-04-11,1288.5999755859375,0.57,1.94,-0.015783520778200888,0.029999999999999916,0.0,-0.5112437342385794,-0.3443202728869138,-0.0564,0.0096
2019-04-12,1290.5999755859375,0.61,1.95,0.0015508688265573056,0.040000000000000036,0.010000000000000009,-0.5322867549839093,-0.27764993718834513,-0.0306,0.0258
2019-04-15,1286.800048828125,0.61,1.94,-0.0029486532746494376,0.0,-0.010000000000000009,-0.4795384670751552,-0.313451479195115,-0.0276,0.0029999999999999
2019-04-16,1272.5999755859375,0.64,1.96,-0.01109652169596309,0.030000000000000027,0.020000000000000018,-0.39871878474537614,-0.3551785539419763,-0.011,0.0166
2019-04-17,1272.199951171875,0.65,1.94,-0.00031438575044795414,0.010000000000000009,-0.020000000000000018,-0.3605877907814682,-0.3524669216054165,-0.0073,0.0036999999999999
2019-04-18,1271.9000244140625,0.62,1.95,-0.0002357822114547048,-0.030000000000000027,0.010000000000000009,-0.29827194611539437,-0.3606107740126818,-0.0164,-0.0091
2019-04-23,1269.300048828125,0.62,1.95,-0.0033034095568353905,-0.020000000000000018,0.0,-0.3342320134364534,-0.3155664030292866,-0.018,-0.0073999999999999
2019-04-24,1275.5,0.57,1.96,0.004872652719190462,-0.050000000000000044,0.010000000000000009,-0.33022221328769097,-0.33249080862068003,-0.0385,-0.0205
2019-04-25,1275.800048828125,0.56,1.98,0.0002352124985423032,-0.009999999999999898,0.020000000000000018,-0.38573344963808404,-0.32097370831551764,-0.0381,0.0003999999999999
2019-04-26,1284.9000244140625,0.54,1.97,0.0071074422097749945,-0.020000000000000018,-0.010000000000000009,-0.3890654674606595,-0.34042175438016375,-0.0511,-0.0129999999999999
2019-04-29,1278.5999755859375,0.58,1.96,-0.004915203051928607,0.039999999999999925,-0.010000000000000009,-0.4310428264635961,-0.3311934708797059,-0.0433,0.0078
2019-04-30,1282.800048828125,0.56,1.95,0.0032795166444525847,-0.019999999999999907,-0.010000000000000009,-0.4567148145652164,-0.34087279779881247,-0.0546,-0.0113
2019-05-01,1281.4000244140625,0.59,1.93,-0.001091977625139684,0.029999999999999916,-0.020000000000000018,-0.5811306828637685,-0.36151872834521626,-0.0475,0.0071
2019-05-02,1269.699951171875,0.66,1.89,-0.009172635638249993,0.07000000000000006,-0.040000000000000036,-0.618573564865966,-0.5131283325259612,-0.0351,0.0124
2019-05-03,1279.199951171875,0.63,1.91,0.0074542307295963894,-0.030000000000000027,0.020000000000000018,-0.6327862168805581,-0.5396622669960023,-0.0372,-0.0020999999999999
2019-05-06,1281.699951171875,0.6,1.91,0.0019524392904868293,-0.030000000000000027,0.0,-0.6039767803289142,-0.5288656970603225,-0.0505,-0.0133
2019-05-07,1283.5,0.58,1.87,0.0014034376717937391,-0.020000000000000018,-0.039999999999999813,-0.5783229789872489,-0.5667399288978288,-0.0733,-0.0228
2019-05-08,1279.4000244140625,0.62,1.87,-0.0031994842127271994,0.040000000000000036,0.0,-0.5521460866445175,-0.5751093669760474,-0.0654,0.0079
2019-05-09,1283.5,0.6,1.85,0.0031994842127271994,-0.020000000000000018,-0.020000000000000018,-0.5100075567754475,-0.5848922379540322,-0.0786,-0.0132
2019-05-10,1285.699951171875,0.59,1.88,0.0017125578011549791,-0.010000000000000009,0.029999999999999805,-0.5013970689993655,-0.6414725082768958,-0.0747,0.0039
2019-05-13,1300.0999755859375,0.55,1.85,0.01113788667716964,-0.039999999999999925,-0.029999999999999805,-0.5226175873212566,-0.663263905740858,-0.1033,-0.0286
2019-05-14,1294.699951171875,0.56,1.86,-0.004162195438771832,0.010000000000000009,0.010000000000000009,-0.5412014662062958,-0.6664229367675887,-0.0998,0.0035
2019-05-15,1296.300048828125,0.54,1.83,0.0012351199225513199,-0.020000000000000018,-0.030000000000000027,-0.5650288280802824,-0.6651964036742481,-0.1189,-0.0191
2019-05-16,1285.0,0.56,1.84,-0.008755371943978574,0.020000000000000018,0.010000000000000009,-0.5696510983955989,-0.6810731215045426,-0.1123,0.0066
2019-05-17,1274.5,0.58,1.81,-0.00820477351315052,0.019999999999999907,-0.030000000000000027,-0.5595113941130818,-0.6863603672292202,-0.1128,-0.0005
2019-05-20,1276.0999755859375,0.6,1.81,0.0012545877919816206,0.020000000000000018,0.0,-0.5687391249006559,-0.6731413336083457,-0.1013,0.0114999999999999
2019-05-21,1272.0,0.6,1.83,-0.0032180677080839715,0.0,0.020000000000000018,-0.6110893648957656,-0.6939129544768707,-0.0886,0.0127
2019-05-22,1273.5999755859375,0.6,1.79,0.001257052020717353,0.0,-0.040000000000000036,-0.6787396449177159,-0.6941817592116906,-0.1011,-0.0124999999999999
2019-05-23,1284.800048828125,0.58,1.73,0.008755585276167821,-0.020000000000000018,-0.06000000000000005,-0.6493800558095494,-0.695078796477917,-0.1376,-0.0365
2019-05-24,1283.0,0.56,1.76,-0.0014020165813164454,-0.019999999999999907,0.030000000000000027,-0.6387443464017714,-0.6887675010372533,-0.1384,-0.0007999999999999
2019-05-29,1280.5999755859375,0.5,1.75,0.003206741338613206,-0.030000000000000027,0.020000000000000018,-0.5857363407665328,-0.6863149831207092,-0.1745,-0.0116999999999999
2019-05-30,1287.0999755859375,0.48,1.74,0.005062907666908423,-0.020000000000000018,-0.010000000000000009,-0.5720200780936534,-0.67097794203884,-0.1915,-0.017
2019-05-31,1305.800048828125,0.4,1.74,0.014424310458736933,-0.07999999999999996,0.0,-0.6932151412460054,-0.737734434333423,-0.2298,-0.0383
2019-06-03,1322.699951171875,0.34,1.73,0.012859147970709195,-0.06,-0.010000000000000009,-0.8165569160531767,-0.7753378911634998,-0.2718,-0.0419999999999999
2019-06-04,1323.4000244140625,0.38,1.74,0.0005291359094377057,0.03999999999999998,0.010000000000000009,-0.8543466810039253,-0.7618112131875024,-0.2538,0.0179999999999999
2019-06-05,1328.300048828125,0.37,1.75,0.003695764872375662,-0.010000000000000009,0.010000000000000009,-0.8783760977247634,-0.7796962037791212,-0.2525,0.0013
2019-06-06,1337.5999755859375,0.39,1.73,0.00697697917997786,0.020000000000000018,-0.020000000000000018,-0.8843869317938143,-0.7353819170061064,-0.241,0.0115
2019-06-07,1341.199951171875,0.35,1.74,0.0026877541074794564,-0.040000000000000036,0.010000000000000009,-0.903893411307348,-0.7294501017456466,-0.2477,-0.0067
2019-06-10,1324.699951171875,0.42,1.73,-0.012378717355321811,0.07,-0.010000000000000009,-0.908708250146828,-0.7710761373993598,-0.2238,0.0239
2019-06-11,1326.4000244140625,0.43,1.72,0.0012825419568347485,0.010000000000000009,-0.010000000000000009,-0.9085557290398417,-0.7602191944958131,-0.2141,0.0096999999999999
2019-06-12,1331.9000244140625,0.42,1.71,0.004137988749946864,-0.010000000000000009,-0.010000000000000009,-0.908272222455353,-0.7585758959527926,-0.2237,-0.0095999999999999
2019-06-13,1339.199951171875,0.42,1.68,0.005465871737307282,0.0,-0.030000000000000027,-0.90203479584769,-0.7516324470534214,-0.2359,-0.0121999999999999
2019-06-14,1340.0999755859375,0.46,1.63,0.0006718355335486592,0.040000000000000036,-0.050000000000000044,-0.8786754518924619,-0.7006937661194325,-0.2359,0.0
2019-06-17,1338.699951171875,0.48,1.61,-0.0010452624905257224,0.019999999999999962,-0.019999999999999796,-0.8547835711172244,-0.6958514831480813,-0.2378,-0.0019
2019-06-18,1346.5999755859375,0.42,1.64,0.005883921663461855,-0.06,0.029999999999999805,-0.8489113354839231,-0.7024107872268709,-0.2491,-0.0112999999999999
2019-06-19,1344.5999755859375,0.36,1.67,-0.0014863261032118658,-0.06,0.030000000000000027,-0.8564345192671281,-0.6455000562253603,-0.2678,-0.0186999999999999
2019-06-20,1392.9000244140625,0.27,1.74,0.03529136934367472,-0.08999999999999997,0.07000000000000006,-0.8766286608598142,-0.6959465519871808,-0.2728,-0.005
2019-06-21,1396.199951171875,0.34,1.73,0.0023663033426526425,0.07,-0.010000000000000009,-0.8672158020169525,-0.6486194046208633,-0.2448,0.0279999999999999
2019-06-24,1414.300048828125,0.31,1.71,0.012880517986897821,-0.030000000000000027,-0.020000000000000018,-0.8654912626740043,-0.6521498499360395,-0.2584,-0.0136
2019-06-25,1414.9000244140625,0.33,1.67,0.0004241309058388154,0.020000000000000018,-0.040000000000000036,-0.8625630143936508,-0.6438849673581521,-0.2686,-0.0101999999999999
2019-06-26,1411.5999755859375,0.35,1.7,-0.0023350789510780956,0.019999999999999962,0.030000000000000027,-0.8558326403832441,-0.64612793553971,-0.2492,0.0194
2019-06-27,1408.4000244140625,0.33,1.68,-0.002269469890296527,-0.019999999999999962,-0.020000000000000018,-0.8576236933937162,-0.6380904137733315,-0.2617,-0.0124999999999999
2019-06-28,1409.699951171875,0.31,1.69,0.0009225555241272332,-0.020000000000000018,0.010000000000000009,-0.8604450399219332,-0.6266983254445622,-0.268,-0.0063
2019-07-01,1385.5999755859375,0.34,1.69,-0.017243639951311174,0.030000000000000027,0.0,-0.856071856468979,-0.6272755442075951,-0.2605,0.0075
2019-07-02,1404.5999755859375,0.33,1.65,0.013619306155092659,-0.010000000000000009,-0.040000000000000036,-0.8521656744075696,-0.6152681554307676,-0.279,-0.0185
2019-07-03,1417.699951171875,0.31,1.65,0.00928325833838084,-0.020000000000000018,0.0,-0.8473442828893007,-0.6163494944503244,-0.293,-0.0139999999999999
2019-07-08,1397.0,0.35,1.7,0.0002148039048739392,0.0,0.010000000000000009,-0.8328257434614301,-0.6400951953060431,-0.2542,0.0068
2019-07-09,1397.5,0.36,1.71,0.00035784577229236447,0.010000000000000009,0.010000000000000009,-0.8187047893385235,-0.649083040908793,-0.245,0.0091999999999999
2019-07-10,1410.0999755859375,0.33,1.74,0.008975680500220129,-0.02999999999999997,0.030000000000000027,-0.7953730862305766,-0.6819429655928011,-0.25,-0.005
2019-07-11,1404.300048828125,0.36,1.77,-0.0041216137849033885,0.02999999999999997,0.030000000000000027,-0.7540151453078463,-0.6931547474924376,-0.2223,0.0277
2019-07-12,1409.9000244140625,0.35,1.77,0.003979804442910684,-0.010000000000000009,0.0,-0.708020591012078,-0.6928026608578239,-0.2167,0.0055999999999999
2019-07-15,1411.4000244140625,0.32,1.77,0.0010633396770112213,-0.02999999999999997,0.0,-0.7173033426212173,-0.663142341958824,-0.2203,-0.0035999999999999
2019-07-16,1409.199951171875,0.33,1.8,-0.0015600040469463394,0.010000000000000009,0.030000000000000027,-0.7758265855928319,-0.6459706216712396,-0.2059,0.0143999999999999
2019-07-17,1421.300048828125,0.31,1.75,0.008549847281971168,-0.020000000000000018,-0.050000000000000044,-0.7990354591637305,-0.657368223628467,-0.2246,-0.0186999999999999
2019-07-18,1426.0999755859375,0.25,1.79,0.003371448523743048,-0.06,0.040000000000000036,-0.8274758306159871,-0.6362769642642044,-0.2418,-0.0171999999999999
2019-07-19,1425.0999755859375,0.25,1.8,-0.0007014590755680672,0.0,0.010000000000000009,-0.8342436016581167,-0.6550694041477189,-0.2372,0.0045999999999999
2019-07-22,1425.300048828125,0.26,1.79,0.00014038257143056398,0.010000000000000009,-0.010000000000000009,-0.8670447038155341,-0.6642296030914445,-0.2363,0.0008999999999999
2019-07-23,1420.0999755859375,0.27,1.81,-0.0036550776599471035,0.010000000000000009,0.020000000000000018,-0.8661511244186965,-0.6293261020137316,-0.2277,0.0085999999999999
2019-07-24,1422.800048828125,0.26,1.79,0.0018995209334571328,-0.010000000000000009,-0.020000000000000018,-0.8593912455121988,-0.629401946000131,-0.235,-0.0072999999999999
2019-07-25,1413.9000244140625,0.28,1.8,-0.006274934527660925,0.020000000000000018,0.010000000000000009,-0.8526526250427896,-0.6372275677874957,-0.227,0.0079999999999999
2019-07-26,1418.5,0.3,1.78,0.0032481143839335758,0.019999999999999962,-0.020000000000000018,-0.8421294772250876,-0.6316661915319953,-0.2268,0.0002
2019-07-29,1419.5999755859375,0.29,1.77,0.0007751493255891972,-0.010000000000000009,-0.010000000000000009,-0.8048766465758252,-0.6433291675722671,-0.2357,-0.0088999999999999
2019-07-30,1429.699951171875,0.28,1.78,0.007089473307916094,-0.009999999999999953,0.010000000000000009,-0.7255029206109784,-0.6408511368449287,-0.2347,0.001
2019-07-31,1426.0999755859375,0.26,1.76,-0.0025211692591504686,-0.020000000000000018,-0.020000000000000018,-0.640109142032906,-0.6367643981708099,-0.2398,-0.0051
2019-08-01,1420.9000244140625,0.2,1.7,-0.0036529377971197263,-0.06,-0.06000000000000005,-0.669990555340844,-0.6204606037564794,-0.2996,-0.0597999999999999
2019-08-02,1445.5999755859375,0.2,1.66,0.0172339525633447,0.0,-0.040000000000000036,-0.8230674102976137,-0.3965103424569873,-0.3223,-0.0226999999999999
2019-08-05,1464.5999755859375,0.15,1.6,0.013057707568043142,-0.05000000000000002,-0.05999999999999983,-0.8765586786621339,-0.5190391465246532,-0.3719,-0.0496
2019-08-06,1472.4000244140625,0.11,1.62,0.005311588128471989,-0.039999999999999994,0.020000000000000018,-0.914946616543337,-0.5047923438924109,-0.391,-0.0191
2019-08-07,1507.300048828125,0.09,1.62,0.023426264124912777,-0.020000000000000004,0.0,-0.9279496601106235,-0.48838811646683594,-0.399,-0.008
2019-08-08,1497.699951171875,0.07,1.65,-0.006389437814637411,-0.01999999999999999,0.029999999999999805,-0.9481384309613937,-0.45582256781704766,-0.3943,0.0047
2019-08-09,1496.5999755859375,0.08,1.66,-0.0007347130630357412,0.009999999999999995,0.010000000000000009,-0.9564205774569227,-0.4700352906094014,-0.3813,0.013
2019-08-12,1505.300048828125,0.04,1.61,0.005796393970688207,-0.04,-0.04999999999999982,-0.9638774333484122,-0.4784316682086412,-0.4119,-0.0306
2019-08-13,1502.199951171875,0.05,1.63,-0.0020615785564279676,0.010000000000000002,0.019999999999999796,-0.9705116041377454,-0.42132559333761616,-0.3974,0.0145
2019-08-14,1515.9000244140625,0.02,1.57,0.009078670323797056,-0.030000000000000002,-0.05999999999999983,-0.9741296000583377,-0.4498180387515566,-0.422,-0.0246
2019-08-15,1519.5999755859375,-0.02,1.54,0.0024377881760617726,-0.04,-0.030000000000000027,-0.977493238437895,-0.4358042232069569,-0.4539,-0.0319
2019-08-16,1512.5,0.01,1.54,-0.004683215342362601,0.03,0.0,-0.9787539871256696,-0.36751544353462284,-0.4504,0.0035
2019-08-19,1500.4000244140625,0.04,1.56,-0.008032155425562237,0.03,0.020000000000000018,-0.9788971840135956,-0.4147897547585303,-0.4303,0.0201
2019-08-20,1504.5999755859375,0.02,1.53,0.0027953104204057055,-0.02,-0.030000000000000027,-0.9787524762740334,-0.4116825063004978,-0.4469,-0.0166
2019-08-21,1504.5999755859375,0.05,1.54,0.0,0.030000000000000002,0.010000000000000009,-0.9789874886338554,-0.39785711781580974,-0.4336,0.0133
2019-08-22,1497.300048828125,0.07,1.55,-0.004863547145385283,0.020000000000000004,0.010000000000000009,-0.9792528455404056,-0.39560562125743387,-0.4231,0.0105
2019-08-23,1526.5999755859375,-0.02,1.54,0.019379505617472148,-0.09000000000000001,-0.010000000000000009,-0.981607262662122,-0.5147307470192266,-0.4583,-0.0352
2019-08-26,1526.300048828125,0.0,1.54,-0.00019648645968040057,0.02,0.0,-0.9816626245461433,-0.5249500787602811,-0.4583,0.0
2019-08-27,1541.0,-0.06,1.55,0.009585018407868517,-0.06,0.010000000000000009,-0.9827667934221824,-0.536579613067073,-0.4786,-0.0203
2019-08-28,1537.800048828125,-0.08,1.55,-0.0020787009701006554,-0.020000000000000004,0.0,-0.983999630793067,-0.5275360877724348,-0.491,-0.0123999999999999
2019-08-29,1526.5,-0.09,1.59,-0.007375322175081855,-0.009999999999999995,0.040000000000000036,-0.9795332614616075,-0.5318500251698198,-0.4814,0.0095999999999999
2019-08-30,1519.0999755859375,-0.05,1.55,-0.004859495032714989,0.039999999999999994,-0.040000000000000036,-0.977477619168579,-0.5474597790919813,-0.4838,-0.0024
2019-09-04,1550.300048828125,-0.04,1.51,0.002842211273165418,-0.010000000000000002,0.010000000000000009,-0.9708514615037612,-0.4418208660516202,-0.5043,-0.0075999999999999
2019-09-05,1515.4000244140625,0.01,1.56,-0.022769045460323767,0.05,0.050000000000000044,-0.9687879737685511,-0.5241450013682192,-0.4616,0.0426999999999999
2019-09-06,1506.199951171875,0.01,1.54,-0.006089556358749526,0.0,-0.020000000000000018,-0.9643656661760786,-0.5123201933412023,-0.4557,0.0059
2019-09-09,1502.199951171875,0.06,1.57,-0.002659222501661951,0.049999999999999996,0.030000000000000027,-0.9585766451053039,-0.5225955121769945,-0.4246,0.0311
2019-09-10,1490.300048828125,0.12,1.6,-0.007953193028797045,0.06,0.030000000000000027,-0.9476685146144898,-0.5459208307720493,-0.3798,0.0447999999999999
2019-09-11,1494.4000244140625,0.15,1.6,0.0027473300929079514,0.03,0.0,-0.9246839886990936,-0.5339813499404279,-0.3596,0.0202
2019-09-12,1498.699951171875,0.16,1.63,0.002873228259018923,0.010000000000000009,0.029999999999999805,-0.8792325144836686,-0.5404359871113007,-0.3348,0.0247999999999999
2019-09-13,1490.9000244140625,0.23,1.67,-0.005218052260891781,0.07,0.040000000000000036,-0.8411409912245928,-0.6020748039193277,-0.2862,0.0485999999999999
2019-09-16,1503.0999755859375,0.17,1.67,0.008149645086967361,-0.06,0.0,-0.7975812441609677,-0.6372640094995274,-0.2994,-0.0131999999999999
2019-09-17,1505.0999755859375,0.15,1.66,0.0013296990407196674,-0.020000000000000018,-0.010000000000000009,-0.7763633318594554,-0.6140269098005464,-0.3146,-0.0151999999999999
2019-09-18,1507.5,0.21,1.59,0.0015933246639150411,0.06,-0.06999999999999984,-0.751902689591425,-0.5829907250330578,-0.312,0.0025999999999999
2019-09-19,1498.4000244140625,0.18,1.61,-0.006054761178041268,-0.03,0.020000000000000018,-0.7551484061239596,-0.5699513445020886,-0.3195,-0.0075
2019-09-20,1507.300048828125,0.13,1.61,0.005922114787614063,-0.04999999999999999,0.0,-0.7556793266243882,-0.6046770668881579,-0.3399,-0.0203999999999999
2019-09-23,1523.699951171875,0.11,1.61,0.010821552218634345,-0.020000000000000004,0.0,-0.7308719088098197,-0.6077454419987801,-0.3567,-0.0168
2019-09-24,1532.0999755859375,0.06,1.58,0.0054977719571276396,-0.05,-0.030000000000000027,-0.7165239270030772,-0.6061995473519592,-0.3907,-0.0339999999999999
2019-09-25,1504.5999755859375,0.13,1.6,-0.0181122614868352,0.07,0.020000000000000018,-0.7273580533717827,-0.6471513446879805,-0.3628,0.0278999999999999
2019-09-26,1507.5,0.13,1.57,0.0019255837015004218,0.0,-0.030000000000000027,-0.7281525533738917,-0.6380355774388764,-0.3579,0.0049
2019-09-27,1499.0999755859375,0.16,1.53,-0.005587737868885334,0.03,-0.040000000000000036,-0.7357985135167168,-0.6445224116516167,-0.3619,-0.004
2019-09-30,1465.699951171875,0.15,1.53,-0.02253200101306163,-0.010000000000000009,0.0,-0.7241141396513585,-0.5541931972995565,-0.3677,-0.0058
2019-10-01,1482.0,0.13,1.52,0.011059616136638084,-0.01999999999999999,-0.010000000000000009,-0.735007315920916,-0.5538822772465682,-0.3801,-0.0123999999999999
2019-10-02,1501.0,0.1,1.5,0.012739025777429802,-0.03,-0.020000000000000018,-0.7476287832548058,-0.5647885146681558,-0.4011,-0.021
2019-10-03,1507.0999755859375,0.06,1.48,0.004055705592803882,-0.04000000000000001,-0.020000000000000018,-0.7510401616368324,-0.57178227833776,-0.4267,-0.0256
2019-10-04,1506.199951171875,0.02,1.5,-0.0005973679771029694,-0.039999999999999994,0.020000000000000018,-0.7485370295596551,-0.5576480111991907,-0.4325,-0.0057999999999999
2019-10-07,1497.699951171875,0.05,1.51,-0.005659324852886449,0.030000000000000002,0.010000000000000009,-0.7277603734163614,-0.49323943623031213,-0.4193,0.0131999999999999
2019-10-08,1497.199951171875,0.06,1.48,-0.000333900978963797,0.009999999999999995,-0.030000000000000027,-0.7100677366571614,-0.49512716922564287,-0.4255,-0.0061999999999999
2019-10-09,1506.0999755859375,0.1,1.49,0.005926847590369988,0.04000000000000001,0.010000000000000009,-0.6800357208892611,-0.4317020445929572,-0.4046,0.0208999999999999
2019-10-10,1494.800048828125,0.15,1.52,-0.007531060731031047,0.04999999999999999,0.030000000000000027,-0.645093386160363,-0.45231145401975975,-0.3669,0.0377
2019-10-11,1482.699951171875,0.2,1.56,-0.008127734184569135,0.05000000000000002,0.040000000000000036,-0.6462773595074719,-0.48262265446444563,-0.3152,0.0517
2019-10-16,1488.0,0.18,1.57,0.007013803030789134,-0.03,0.010000000000000009,-0.6144558028834355,-0.5495823843429801,-0.3006,-0.002
2019-10-17,1492.300048828125,0.17,1.59,0.0028856502644307724,-0.009999999999999981,0.020000000000000018,-0.49682452308549213,-0.549611348673856,-0.2951,0.0055
2019-10-18,1488.199951171875,0.16,1.6,-0.0027512835044971595,-0.010000000000000009,0.010000000000000009,-0.46395403619881137,-0.5181353125540168,-0.2953,-0.0002
2019-10-21,1482.4000244140625,0.19,1.61,-0.0039048907125396326,0.03,0.010000000000000009,-0.48259293674275117,-0.5298300635695795,-0.2787,0.0166
2019-10-22,1481.699951171875,0.17,1.61,-0.00047236817986640034,-0.01999999999999999,0.0,-0.49381798966222035,-0.5282574660135533,-0.2791,-0.0004
2019-10-23,1489.9000244140625,0.16,1.61,0.0055189757191058675,-0.010000000000000009,0.0,-0.5074887629723709,-0.5090406522490232,-0.2828,-0.0036999999999999
2019-10-24,1498.9000244140625,0.15,1.62,0.006022502044865874,-0.010000000000000009,0.010000000000000009,-0.5057143555483083,-0.5265711640950012,-0.2821,0.0006999999999999
2019-10-25,1499.5,0.15,1.65,0.00040019716452732723,0.0,0.029999999999999805,-0.5068407888728368,-0.5317282849901882,-0.2698,0.0123
2019-10-28,1490.0,0.21,1.64,-0.00635559924955853,0.06,-0.010000000000000009,-0.5136874080146968,-0.5408267323256484,-0.2484,0.0213999999999999
2019-10-29,1487.0,0.23,1.61,-0.0020154524793500883,0.020000000000000018,-0.029999999999999805,-0.5391987386117927,-0.5166432108290715,-0.2436,0.0047999999999999
2019-10-30,1493.199951171875,0.21,1.57,0.004160767879948679,-0.020000000000000018,-0.040000000000000036,-0.5415099154628802,-0.5220114364772398,-0.2618,-0.0181999999999999
2019-10-31,1511.4000244140625,0.15,1.54,0.012114954399792488,-0.06,-0.030000000000000027,-0.5813224745883655,-0.6031210679438098,-0.2973,-0.0355
2019-11-01,1508.0,0.14,1.59,-0.0022521201719944983,-0.009999999999999981,0.050000000000000044,-0.5839279908145784,-0.6340043083729114,-0.2878,0.0095
2019-11-04,1508.0,0.15,1.64,0.0,0.009999999999999981,0.04999999999999982,-0.5729312408520392,-0.6258390980441126,-0.2626,0.0252
2019-11-05,1480.800048828125,0.18,1.68,-0.018201754334461917,0.03,0.040000000000000036,-0.5851687626546386,-0.6258411586542236,-0.2293,0.0332999999999999
2019-11-06,1490.199951171875,0.15,1.66,0.006327791120031456,-0.03,-0.020000000000000018,-0.5265475077034839,-0.6286231280168721,-0.2353,-0.006
2019-11-07,1464.199951171875,0.23,1.69,-0.01760132148891813,0.08000000000000002,0.030000000000000027,-0.5782495541180844,-0.633226330023614,-0.1912,0.0441
2019-11-08,1461.300048828125,0.23,1.71,-0.001982500969778478,0.0,0.020000000000000018,-0.6183252166682376,-0.6327520824325373,-0.173,0.0182
2019-11-13,1461.699951171875,0.22,1.66,0.00658934076646478,0.0,-0.040000000000000036,-0.694601589753719,-0.7312749123517134,-0.196,-0.0177
2019-11-14,1471.800048828125,0.2,1.62,0.006886066178064532,-0.01999999999999999,-0.039999999999999813,-0.7149939046738953,-0.735582420391767,-0.2227,-0.0267
2019-11-15,1467.300048828125,0.21,1.63,-0.003062164177332072,0.009999999999999981,0.009999999999999787,-0.7153832787451728,-0.7275191699069588,-0.2231,-0.0003999999999999
2019-11-18,1470.9000244140625,0.18,1.63,0.00245046443238639,-0.03,0.0,-0.6908267019713628,-0.7243814467391027,-0.2335,-0.0104
2019-11-19,1473.300048828125,0.16,1.63,0.0016303409319782247,-0.01999999999999999,0.0,-0.6681746865293398,-0.7485812466564141,-0.2429,-0.0093999999999999
2019-11-20,1473.300048828125,0.13,1.6,0.0,-0.03,-0.029999999999999805,-0.6426510157692686,-0.7316946930656723,-0.266,-0.0231
2019-11-21,1463.0999755859375,0.14,1.63,-0.006947360157733229,0.010000000000000009,0.029999999999999805,-0.5869177737626794,-0.7289815771728227,-0.2559,0.0100999999999999
2019-11-22,1463.0999755859375,0.15,1.62,0.0,0.009999999999999981,-0.009999999999999787,-0.4760973140872033,-0.8011356819509938,-0.2539,0.002
2019-11-25,1456.5999755859375,0.14,1.62,-0.004452519674764233,-0.009999999999999981,0.0,-0.36269528339990464,-0.7839791343721189,-0.2586,-0.0046999999999999
2019-11-26,1459.800048828125,0.12,1.62,0.0021945374432128517,-0.020000000000000018,0.0,-0.2637905693458273,-0.7767290368336183,-0.2715,-0.0129
2019-11-27,1453.4000244140625,0.14,1.63,-0.00439381748560308,0.020000000000000018,0.009999999999999787,-0.1917197771483608,-0.778147312351704,-0.2612,0.0103
2019-12-02,1462.300048828125,0.18,1.65,-0.002254126252647204,0.009999999999999981,0.039999999999999813,-0.19290503934428582,-0.6772503375740301,-0.2392,0.0177
2019-12-03,1478.199951171875,0.09,1.63,0.010814526309483874,-0.09,-0.020000000000000018,-0.17241586767369793,-0.7141090028056,-0.2759,-0.0366999999999999
2019-12-04,1474.0,0.11,1.66,-0.0028453045693535017,0.020000000000000004,0.030000000000000027,-0.16114321047494146,-0.7129673825691796,-0.2605,0.0153999999999999
2019-12-05,1476.9000244140625,0.13,1.67,0.00196551921359589,0.020000000000000004,0.010000000000000009,-0.15895206076376855,-0.7037634125523641,-0.2453,0.0152
2019-12-06,1459.0999755859375,0.15,1.69,-0.012125522425176172,0.01999999999999999,0.020000000000000018,-0.13659136913745856,-0.703521435006464,-0.2216,0.0237
2019-12-09,1459.300048828125,0.14,1.69,0.00013711159596141442,-0.009999999999999981,0.0,-0.09452702506536288,-0.7058951146584952,-0.218,0.0035999999999999
2019-12-10,1462.5999755859375,0.14,1.71,0.00225875501095274,0.0,0.020000000000000018,-0.05767911868846731,-0.7038515543744945,-0.2118,0.0062
2019-12-11,1469.4000244140625,0.1,1.69,0.0046385136565483265,-0.04000000000000001,-0.020000000000000018,-0.08637007412080444,-0.710521713425408,-0.2311,-0.0193
2019-12-12,1466.699951171875,0.18,1.72,-0.0018392248396015276,0.07999999999999999,0.030000000000000027,-0.15435450317415875,-0.6535401425788967,-0.1952,0.0358999999999999
2019-12-13,1475.5999755859375,0.12,1.7,0.006049724215781538,-0.06,-0.020000000000000018,-0.23489187060829583,-0.6614616467746096,-0.2164,-0.0211999999999999
2019-12-16,1475.0,0.16,1.73,-0.00040668040342417555,0.04000000000000001,0.030000000000000027,-0.24573310466604317,-0.6080567938455338,-0.1979,0.0185
2019-12-17,1474.5999755859375,0.14,1.75,-0.00027123977476684047,-0.01999999999999999,0.020000000000000018,-0.23963416150209615,-0.6095784353139919,-0.1934,0.0045
2019-12-18,1472.5999755859375,0.16,1.76,-0.0013572206434195877,0.01999999999999999,0.010000000000000009,-0.27681215742682436,-0.6099149688737712,-0.1788,0.0146
2019-12-19,1478.199951171875,0.15,1.77,0.0037955689629018963,-0.010000000000000009,0.010000000000000009,-0.3217784151649511,-0.6183969994760039,-0.1771,0.0016999999999999
2019-12-20,1474.699951171875,0.15,1.77,-0.0023705521722883205,0.0,0.0,-0.349415712049479,-0.6053319645942054,-0.1749,0.0022
2019-12-23,1482.5,0.18,1.75,0.005275305725533919,0.03,-0.020000000000000018,-0.278375201126345,-0.43277467995711,-0.1713,0.0035999999999999
2019-12-24,1499.0999755859375,0.15,1.75,0.011135059860574614,-0.03,0.0,-0.2069647175394539,-0.45713146065262644,-0.1823,-0.0109999999999999
2019-12-27,1513.800048828125,0.15,1.73,0.0029770786135143723,-0.010000000000000009,-0.010000000000000009,0.02599243769036835,-0.4723998965024446,-0.1986,-0.0131
2019-12-30,1514.5,0.15,1.75,0.0004622733368915277,0.0,0.020000000000000018,0.03688593442740081,-0.46350850859011383,-0.1981,0.0005
2019-12-31,1519.5,0.15,1.77,0.0032959818895559323,0.0,0.020000000000000018,0.09175108538469379,-0.45698085551284245,-0.1876,0.0105
2020-01-03,1549.199951171875,0.03,1.77,0.016072149694004167,-0.05,-0.030000000000000027,-0.42949873894792584,-0.5026395642757525,-0.2283,-0.0304
2020-01-06,1566.199951171875,0.06,1.75,0.010913635018348522,0.03,-0.020000000000000018,-0.5558953683863449,-0.43809501417951796,-0.2336,-0.0052999999999999
2020-01-07,1571.800048828125,0.09,1.74,0.0035692183565130264,0.03,-0.010000000000000009,-0.5865377730232142,-0.425216541963409,-0.2286,0.005
2020-01-08,1557.4000244140625,0.12,1.75,-0.009203710678121979,0.03,0.010000000000000009,-0.565574755755438,-0.4474564202413696,-0.2099,0.0186999999999999
2020-01-09,1551.699951171875,0.11,1.74,-0.0036667071971185905,-0.009999999999999995,-0.010000000000000009,-0.5730321238053522,-0.4506471224724323,-0.213,-0.0030999999999999
2020-01-10,1557.5,0.07,1.76,0.0037308990396738295,-0.039999999999999994,0.020000000000000018,-0.6329690884927177,-0.452888131410214,-0.2218,-0.0088
2020-01-13,1548.4000244140625,0.08,1.77,-0.005859816190831424,0.009999999999999995,0.010000000000000009,-0.6597504529662273,-0.44284463868070245,-0.2199,0.0018999999999999
2020-01-14,1542.4000244140625,0.05,1.77,-0.0038824947858762116,-0.03,0.0,-0.6651410623473661,-0.4555581272006783,-0.2308,-0.0108999999999999
2020-01-15,1552.0999755859375,0.04,1.75,0.006269176242541086,-0.010000000000000002,-0.020000000000000018,-0.6720408912679459,-0.4506980643398181,-0.2469,-0.0161
2020-01-16,1549.0,0.07,1.74,-0.0019992755105731064,0.030000000000000006,-0.010000000000000009,-0.7161428392899318,-0.3928983972653754,-0.2403,0.0065999999999999
2020-01-17,1558.800048828125,0.09,1.75,0.006306764371860396,0.01999999999999999,0.010000000000000009,-0.7367917750257893,-0.3589376063405623,-0.2327,0.0076
2020-01-22,1555.300048828125,0.05,1.72,-0.0007069933514571858,0.010000000000000002,-0.020000000000000018,-0.7584031411708617,-0.30051297762541235,-0.2595,-0.0065
2020-01-23,1564.5999755859375,0.04,1.7,0.005961700201771336,-0.010000000000000002,-0.020000000000000018,-0.7750963611922342,-0.30623087531481186,-0.2737,-0.0141999999999999
2020-01-24,1571.0999755859375,0.02,1.68,0.004145810767128388,-0.02,-0.020000000000000018,-0.7921861662676961,-0.30998915400489674,-0.2922,-0.0185
2020-01-27,1576.800048828125,-0.02,1.63,0.003621512391023707,-0.04,-0.050000000000000044,-0.8341955534766747,-0.30364719067800877,-0.3335,-0.0413
2020-01-28,1569.199951171875,0.0,1.65,-0.0048316035862789874,0.02,0.020000000000000018,-0.8251200353388872,-0.29642277985226007,-0.3319,0.0016
2020-01-29,1569.800048828125,-0.04,1.64,0.0003823495785670872,-0.04,-0.010000000000000009,-0.8310166909705115,-0.24945847649373115,-0.3544,-0.0225
2020-01-30,1583.5,-0.07,1.64,0.008689333181302494,-0.030000000000000006,0.0,-0.8263764405096896,-0.25962360422183306,-0.3707,-0.0162999999999999
2020-01-31,1582.9000244140625,-0.14,1.65,-0.0003789638633726611,-0.07,0.010000000000000009,-0.8103487108770133,-0.21254318539444778,-0.3998,-0.0291
2020-02-03,1577.199951171875,-0.09,1.63,-0.0036075310705907526,0.05000000000000002,-0.020000000000000018,-0.8081035365220137,-0.24749124526492403,-0.3972,0.0025999999999999
2020-02-04,1550.4000244140625,-0.03,1.64,-0.017138114161284967,0.06,0.010000000000000009,-0.7961835410080536,-0.3900600129058209,-0.3693,0.0278999999999999
2020-02-05,1557.800048828125,0.0,1.66,0.004761622946684696,0.03,0.020000000000000018,-0.8048354476393604,-0.36453413983052957,-0.3428,0.0265
2020-02-06,1565.0999755859375,-0.02,1.67,0.004675103267282488,-0.02,0.010000000000000009,-0.7921463558635459,-0.39607764067719653,-0.3407,0.0020999999999999
2020-02-07,1568.5999755859375,-0.07,1.66,0.002233782116915606,-0.05,-0.010000000000000009,-0.7827108249241181,-0.3730422903672565,-0.3592,-0.0185
2020-02-10,1574.699951171875,-0.1,1.66,0.0038812607041434077,-0.03,0.0,-0.7647549348879594,-0.39924526282060857,-0.3781,-0.0188999999999999
2020-02-11,1565.5999755859375,-0.06,1.65,-0.0057956254306672506,0.04000000000000001,-0.010000000000000009,-0.7376696766663875,-0.42914260200602444,-0.3705,0.0075999999999999
2020-02-12,1567.4000244140625,-0.04,1.66,0.0011490897071118056,0.019999999999999997,0.010000000000000009,-0.7064342462428588,-0.4247456014744489,-0.3513,0.0191999999999999
2020-02-13,1575.0999755859375,-0.06,1.67,0.0049005356127649335,-0.019999999999999997,0.010000000000000009,-0.6681572876213001,-0.4317521889199724,-0.3518,-0.0005
2020-02-14,1582.699951171875,-0.07,1.66,0.0048134716803991395,-0.010000000000000009,-0.010000000000000009,-0.7009229090287562,-0.43679398232784106,-0.3597,-0.0079
2020-02-19,1607.5,-0.09,1.65,0.004676547883901705,0.010000000000000009,0.0,-0.7288697078588378,-0.4742640110040249,-0.3732,0.0019
2020-02-20,1616.5999755859375,-0.11,1.63,0.005644986085864723,-0.020000000000000004,-0.020000000000000018,-0.7687965334072131,-0.5079613605036806,-0.3901,-0.0169
2020-02-21,1644.5999755859375,-0.15,1.61,0.0171720154941708,-0.039999999999999994,-0.019999999999999796,-0.7852820253987391,-0.4978973775014678,-0.4188,-0.0287
2020-02-24,1672.4000244140625,-0.21,1.59,0.016762556388819405,-0.06,-0.020000000000000018,-0.8251080972196091,-0.5558762007375904,-0.4565,-0.0377
2020-02-25,1646.9000244140625,-0.2,1.53,-0.015364987376213612,0.009999999999999981,-0.06000000000000005,-0.8540397442403915,-0.5465575084826312,-0.4858,-0.0292999999999999
2020-02-26,1640.0,-0.21,1.54,-0.004198505886171766,-0.009999999999999981,0.010000000000000009,-0.8692561340313768,-0.5322380848907414,-0.493,-0.0071999999999999
2020-02-27,1640.0,-0.23,1.53,0.0,-0.020000000000000018,-0.010000000000000009,-0.8763923589476911,-0.5539794190072085,-0.4994,-0.0064
2020-02-28,1564.0999755859375,-0.28,1.41,-0.04738567874706412,-0.05000000000000002,-0.1200000000000001,-0.7310725291677691,-0.1737277955789083,-0.5573,-0.0579
2020-03-02,1592.300048828125,-0.31,1.41,0.01786897945635424,-0.02999999999999997,0.0,-0.6597996373125488,-0.18924172868628447,-0.5512,0.0060999999999999
2020-03-03,1642.0999755859375,-0.43,1.45,0.030796353102672036,-0.12,0.040000000000000036,-0.6821301144005094,-0.37619930025145915,-0.5637,-0.0124999999999999
2020-03-04,1641.0999755859375,-0.44,1.46,-0.000609161821269133,-0.010000000000000009,0.010000000000000009,-0.6937869798284794,-0.3900509054922468,-0.5392,0.0244999999999999
2020-03-05,1666.4000244140625,-0.48,1.4,0.015298891788606994,-0.03999999999999998,-0.06000000000000005,-0.7302432122338456,-0.40064748999587607,-0.5438,-0.0045999999999999
2020-03-06,1670.800048828125,-0.57,1.31,0.002636957249874783,-0.08999999999999997,-0.08999999999999986,-0.7613922682206525,-0.3826638925489502,-0.5686,-0.0248
2020-03-09,1674.5,-0.45,0.99,0.002212030386840702,0.11999999999999994,-0.32000000000000006,-0.7832391002322118,-0.3207839732099659,-0.6096,-0.041
2020-03-10,1659.0999755859375,-0.24,1.0,-0.009239341300194326,0.21000000000000002,0.010000000000000009,-0.7718949098839697,-0.3387646734813006,-0.5344,0.0752
2020-03-11,1641.4000244140625,-0.14,0.96,-0.010725720864527943,0.09999999999999998,-0.040000000000000036,-0.7464649061697628,-0.36466457216835774,-0.508,0.0263999999999999
2020-03-12,1589.300048828125,-0.04,0.92,-0.03225585264372555,0.1,-0.039999999999999925,-0.7402009764855506,-0.4372218375596763,-0.4737,0.0343
2020-03-13,1515.699951171875,0.04,0.9,-0.047416352203101475,0.08,-0.020000000000000018,-0.7551566892574215,-0.4707137139691054,-0.4354,0.0383
2020-03-16,1485.9000244140625,0.0,0.73,-0.01985668052992029,-0.04,-0.17000000000000004,-0.7500805769633622,-0.44215284369901836,-0.5043,-0.0688999999999999
2020-03-17,1524.9000244140625,0.39,0.63,0.02590818443844789,0.39,-0.09999999999999998,-0.7579213605682189,-0.0924492894589694,-0.4117,0.0925999999999999
2020-03-18,1477.300048828125,0.55,0.63,-0.03171271975140133,0.16000000000000003,0.0,-0.8019549109648634,-0.15252304862164728,-0.3004,0.1113
2020-03-19,1478.5999755859375,0.62,0.5,0.0008795472315563657,0.06999999999999995,-0.13,-0.829086110990745,-0.15102063876124258,-0.291,0.0094
2020-03-20,1484.0,0.17,0.75,0.0036454671159331653,-0.44999999999999996,0.25,-0.8306598275043718,-0.14673931508802296,-0.3546,-0.0636
2020-03-23,1567.0,-0.04,0.8,0.05442181862869511,-0.21000000000000002,0.050000000000000044,-0.8314808033233566,-0.25916012830250945,-0.4429,-0.0882999999999999
2020-03-24,1660.199951171875,-0.13,0.97,0.05777508425392419,-0.09,0.16999999999999993,-0.8196304134191199,-0.2832270203929621,-0.4242,0.0186999999999999
2020-03-25,1632.300048828125,-0.19,1.07,-0.016947954536260745,-0.06,0.10000000000000009,-0.8203889309356601,-0.266318664521926,-0.4159,0.0083
2020-03-26,1650.0999755859375,-0.24,1.07,0.010845784249569945,-0.04999999999999999,0.0,-0.8207255985563144,-0.26944817125104586,-0.43,-0.0141
2020-03-27,1623.9000244140625,-0.22,0.94,-0.016005198817997446,0.01999999999999999,-0.13000000000000012,-0.8213864725805736,-0.2711423198148469,-0.4761,-0.0461
2020-03-30,1622.0,-0.25,0.95,-0.0011707228298982741,-0.03,0.010000000000000009,-0.8215937618391785,-0.27040435404746405,-0.5058,-0.0297
2020-03-31,1583.4000244140625,-0.17,0.87,-0.024085506519266886,0.07999999999999999,-0.07999999999999996,-0.818350057086457,-0.2828302806846327,-0.5203,-0.0144999999999999
2020-04-01,1578.199951171875,-0.29,0.91,-0.0032895230082807814,-0.11999999999999997,0.040000000000000036,-0.8052671123240017,-0.27733053437081084,-0.5479,-0.0276
2020-04-02,1625.699951171875,-0.4,1.03,0.029653536057228536,-0.11000000000000004,0.12,-0.8050362441290253,-0.296782314860682,-0.5509,-0.0029999999999998
2020-04-03,1633.699951171875,-0.46,1.08,0.004908888939362477,-0.06,0.050000000000000044,-0.8101761113252942,-0.2959921987094402,-0.5542,-0.0033
2020-04-06,1677.0,-0.47,1.14,0.026159131678807235,-0.009999999999999953,0.05999999999999983,-0.8291983805920395,-0.285471563638004,-0.5392,0.015
2020-04-07,1664.800048828125,-0.42,1.17,-0.007301457414060408,0.04999999999999999,0.030000000000000027,-0.8383790474777831,-0.2876539074444811,-0.5176,0.0216
2020-04-08,1665.4000244140625,-0.42,1.19,0.00036032405214925234,0.0,0.020000000000000018,-0.8450722664853447,-0.28794027779173237,-0.5156,0.002
2020-04-09,1736.199951171875,-0.5,1.23,0.041633439372849246,-0.08000000000000002,0.040000000000000036,-0.8452774793222607,-0.30143119993816464,-0.5377,-0.0221
2020-04-14,1756.699951171875,-0.53,1.29,0.006797057351607627,-0.030000000000000027,0.030000000000000027,-0.862765577672726,-0.342313553544568,-0.5371,-0.0024
2020-04-15,1727.199951171875,-0.56,1.19,-0.016935449293475457,-0.030000000000000027,-0.10000000000000009,-0.8705035591368181,-0.3131976759984069,-0.574,-0.0368999999999999
2020-04-16,1720.4000244140625,-0.42,1.03,-0.003944735829988666,0.14000000000000007,-0.15999999999999992,-0.8724113942239097,-0.31569848392068883,-0.584,-0.01
2020-04-17,1689.199951171875,-0.36,1.01,-0.0183018209467809,0.06,-0.020000000000000018,-0.8725156400000376,-0.31872006159825783,-0.5717,0.0122999999999999
2020-04-20,1701.5999755859375,-0.31,0.94,0.007313955384595339,0.04999999999999999,-0.07000000000000006,-0.8720695013683228,-0.31538299628079586,-0.5767,-0.005
2020-04-21,1678.199951171875,-0.38,0.96,-0.013847209197883181,-0.07,0.020000000000000018,-0.872458299755584,-0.30712618563008376,-0.5885,-0.0118
2020-04-22,1728.699951171875,-0.43,1.06,0.029647891342730937,-0.04999999999999999,0.10000000000000009,-0.8739469150769527,-0.3050235023305051,-0.5768,0.0117
2020-04-23,1733.300048828125,-0.44,1.05,0.002657481434712672,-0.010000000000000009,-0.010000000000000009,-0.8766795703157905,-0.29611508966941485,-0.5776,-0.0008
2020-04-24,1723.5,-0.51,1.11,-0.005670027160958213,-0.07,0.06000000000000005,-0.879327796916009,-0.2626595092455906,-0.5799,-0.0022999999999999
2020-04-27,1711.9000244140625,-0.5,1.17,-0.00675322791480415,0.010000000000000009,0.05999999999999983,-0.881382197710282,-0.233127870904085,-0.561,0.0188999999999999
2020-04-28,1710.5,-0.52,1.14,-0.0008181536244569187,-0.020000000000000018,-0.030000000000000027,-0.8964375527651447,-0.24411857574665435,-0.5715,-0.0104999999999999
2020-04-29,1703.4000244140625,-0.51,1.14,-0.004159457378130504,0.010000000000000009,0.0,-0.8905377250317081,-0.43633901916215123,-0.5744,-0.0029
2020-04-30,1684.199951171875,-0.43,1.07,-0.011335623435517306,0.08000000000000002,-0.06999999999999984,-0.8672747346921559,-0.39036615393509655,-0.5691,0.0052999999999999
2020-05-01,1694.5,-0.42,1.06,0.0060970674430942395,0.010000000000000009,-0.010000000000000009,-0.8558905850005668,-0.3888732568405902,-0.5682,0.0009
2020-05-04,1706.9000244140625,-0.43,1.07,0.007291162026341169,-0.010000000000000009,0.010000000000000009,-0.7829642884613491,-0.594605251102498,-0.5728,-0.0045999999999999
2020-05-05,1704.4000244140625,-0.44,1.1,-0.0014657171235512578,-0.010000000000000009,0.030000000000000027,-0.7343966566880125,-0.4721089743385788,-0.5703,0.0024999999999999
2020-05-06,1684.199951171875,-0.38,1.1,-0.011922512345884151,0.06,0.0,-0.7721432722240718,-0.4364241794329099,-0.5556,0.0147
2020-05-07,1721.800048828125,-0.45,1.08,0.022079638978609317,-0.07,-0.020000000000000018,-0.7670572915538487,-0.5131156668532999,-0.5848,-0.0292
2020-05-08,1709.9000244140625,-0.43,1.12,-0.00693538005000871,0.020000000000000018,0.040000000000000036,-0.7682722093006514,-0.510144053661076,-0.5736,0.0111999999999999
2020-05-11,1695.300048828125,-0.4,1.13,-0.008575158426649132,0.02999999999999997,0.009999999999999787,-0.747392670810664,-0.5124573562750465,-0.5593,0.0142999999999999
2020-05-12,1704.4000244140625,-0.4,1.09,0.005353411843932676,0.0,-0.039999999999999813,-0.7131809646322261,-0.5153495425782796,-0.5674,-0.0080999999999999
2020-05-13,1713.9000244140625,-0.43,1.07,0.005558332693372137,-0.02999999999999997,-0.020000000000000018,-0.5945483758970862,-0.4715559704598623,-0.583,-0.0155999999999999
2020-05-14,1738.0999755859375,-0.43,1.06,0.014021058879757575,0.0,-0.010000000000000009,-0.43034371828209794,-0.5315228179794727,-0.5918,-0.0088
2020-05-15,1753.4000244140625,-0.45,1.09,0.008764225555300875,-0.020000000000000018,0.030000000000000027,-0.40053890782472096,-0.46654652013059816,-0.5894,0.0023999999999999
2020-05-18,1731.800048828125,-0.44,1.17,-0.012395415869612236,0.010000000000000009,0.07999999999999985,-0.4851178193410073,-0.4693076213262414,-0.56,0.0293999999999999
2020-05-19,1744.199951171875,-0.45,1.15,0.007134611589603601,-0.010000000000000009,-0.020000000000000018,-0.5186884153304319,-0.4836576644136136,-0.5629,-0.0028999999999999
2020-05-20,1750.5999755859375,-0.48,1.16,0.0036626025539083784,-0.02999999999999997,0.010000000000000009,-0.5374004834737389,-0.4725208724481481,-0.5684,-0.0055
2020-05-21,1720.5,-0.46,1.14,-0.01734362611469109,0.019999999999999962,-0.020000000000000018,-0.5514027490787887,-0.4767851015985328,-0.5698,-0.0013999999999999
2020-05-22,1734.5999755859375,-0.46,1.12,0.008161878938070188,0.0,-0.019999999999999796,-0.5385165724548175,-0.38165135223674473,-0.5787,-0.0089
2020-05-27,1710.300048828125,-0.46,1.14,0.0032209918291323802,-0.020000000000000018,0.010000000000000009,-0.448628542210619,-0.3813605843935153,-0.5768,-0.0045999999999999
2020-05-28,1713.300048828125,-0.48,1.18,0.0017525415832908564,-0.019999999999999962,0.040000000000000036,-0.43611840983148037,-0.4353057681048849,-0.5741,0.0026999999999999
2020-05-29,1736.9000244140625,-0.5,1.15,0.013680565277693013,-0.020000000000000018,-0.030000000000000027,-0.4710484036316169,-0.49591420176477585,-0.5904,-0.0162999999999999
2020-06-01,1737.800048828125,-0.52,1.18,0.000518044386692118,-0.020000000000000018,0.030000000000000027,-0.461228751979036,-0.4403451547013186,-0.5922,-0.0017999999999999
2020-06-02,1725.199951171875,-0.5,1.18,-0.007277016031961736,0.020000000000000018,0.0,-0.47019499390290137,-0.5072039278710586,-0.5869,0.0052999999999999
2020-06-03,1697.800048828125,-0.44,1.21,-0.016009633407297663,0.06,0.030000000000000027,-0.39693820292009024,-0.6844517488318022,-0.5583,0.0285999999999999
2020-06-04,1718.9000244140625,-0.4,1.22,0.01235124147390465,0.03999999999999998,0.010000000000000009,-0.39762133470899647,-0.573094944878704,-0.5345,0.0238
2020-06-05,1676.199951171875,-0.36,1.27,-0.025155268002861497,0.040000000000000036,0.050000000000000044,-0.505399886572923,-0.5948600791877314,-0.4952,0.0393
2020-06-08,1698.300048828125,-0.4,1.28,0.013098481927345418,-0.040000000000000036,0.010000000000000009,-0.5202556360708973,-0.703815145372085,-0.4925,0.0026999999999999
2020-06-09,1714.699951171875,-0.42,1.26,0.009610330246712984,-0.019999999999999962,-0.020000000000000018,-0.5394570050941718,-0.7101748363584987,-0.5105,-0.0179999999999999
2020-06-10,1713.300048828125,-0.52,1.27,-0.0008167458702272867,-0.10000000000000003,0.010000000000000009,-0.5490302536095877,-0.6127876456010528,-0.5455,-0.035
2020-06-11,1732.0,-0.55,1.21,0.010855446283994041,-0.030000000000000027,-0.06000000000000005,-0.6117723907500447,-0.6207269581090094,-0.5767,-0.0312
2020-06-12,1729.300048828125,-0.5,1.21,-0.0015600795547294766,0.050000000000000044,0.0,-0.6276088353600617,-0.5917162219822881,-0.576,0.0007
2020-06-15,1720.300048828125,-0.52,1.23,-0.005218007981163453,-0.020000000000000018,0.020000000000000018,-0.6013294361510078,-0.5875181104740087,-0.5773,-0.0013
2020-06-16,1729.5999755859375,-0.52,1.27,0.005391431183017659,0.0,0.040000000000000036,-0.6015995874499027,-0.5842918613671675,-0.5665,0.0108
2020-06-17,1729.199951171875,-0.52,1.26,-0.00023130821343642083,0.0,-0.010000000000000009,-0.6033043135940149,-0.5862265689789664,-0.5676,-0.0010999999999999
2020-06-18,1724.800048828125,-0.57,1.28,-0.002547715531949102,-0.04999999999999993,0.020000000000000018,-0.5259063385258235,-0.5304449879387441,-0.5748,-0.0071999999999999
2020-06-19,1745.9000244140625,-0.6,1.3,0.012159065950263503,-0.030000000000000027,0.020000000000000018,-0.5695524502613054,-0.47832148509967964,-0.5772,-0.0024
2020-06-22,1756.699951171875,-0.63,1.34,0.006166825249584562,-0.030000000000000027,0.040000000000000036,-0.6247406184819767,-0.4746558992119219,-0.5763,0.0009
2020-06-23,1772.0999755859375,-0.66,1.38,0.008728248980421682,-0.030000000000000027,0.039999999999999813,-0.682651853708093,-0.4643985600415591,-0.5756,0.0007
2020-06-24,1765.800048828125,-0.64,1.33,-0.003561397084781426,0.020000000000000018,-0.04999999999999982,-0.7102604519358138,-0.4756353936377308,-0.5837,-0.0080999999999999
2020-06-25,1762.0999755859375,-0.65,1.33,-0.0020976074000182976,-0.010000000000000009,0.0,-0.7326810767303398,-0.4692745068794569,-0.5852,-0.0015
2020-06-26,1772.5,-0.68,1.32,0.005884713686692855,-0.030000000000000027,-0.010000000000000009,-0.7893425404622119,-0.49975696884463283,-0.5986,-0.0133999999999999
2020-06-29,1774.800048828125,-0.7,1.34,0.0012967886103742998,-0.019999999999999907,0.020000000000000018,-0.8558579212460536,-0.4963741949556459,-0.6082,-0.0095999999999999
2020-06-30,1793.0,-0.68,1.34,0.010202426588476143,0.019999999999999907,0.0,-0.8791982699324437,-0.4471136930726304,-0.6055,0.0026999999999999
2020-07-01,1773.199951171875,-0.68,1.37,-0.011104398270962434,0.0,0.030000000000000027,-0.9104395814527637,-0.4470660227088934,-0.5934,0.0121
2020-07-02,1784.0,-0.73,1.41,0.006072237805784475,-0.04999999999999993,0.039999999999999813,-0.9390834167481841,-0.45320073246538284,-0.5953,-0.0019
2020-07-07,1804.199951171875,-0.78,1.43,0.008739973459877426,-0.020000000000000018,-0.020000000000000018,-0.9598232944571722,-0.4447885038647879,-0.6023,-0.0117999999999999
2020-07-08,1815.5,-0.75,1.42,0.006243658695440857,0.030000000000000027,-0.010000000000000009,-0.9569009802655961,-0.38459091021911423,-0.6027,-0.0004
2020-07-09,1799.199951171875,-0.77,1.39,-0.009018817348082742,-0.020000000000000018,-0.030000000000000027,-0.9590323724691812,-0.36207873192644274,-0.6144,-0.0116999999999999
2020-07-10,1798.199951171875,-0.76,1.41,-0.0005559571095261617,0.010000000000000009,0.020000000000000018,-0.9608476012582257,-0.3648724867219082,-0.6057,0.0086999999999999
2020-07-13,1811.0,-0.78,1.42,0.0070930414866312574,-0.020000000000000018,0.010000000000000009,-0.9653869414368452,-0.36603199388253443,-0.6074,-0.0017
2020-07-14,1810.5999755859375,-0.78,1.41,-0.0002209103260355505,0.0,-0.010000000000000009,-0.9680977774873427,-0.36880585273801697,-0.6126,-0.0051999999999999
2020-07-15,1811.4000244140625,-0.77,1.41,0.0004417718614782018,0.010000000000000009,0.0,-0.9685387275967017,-0.3506856876089809,-0.6127,-9.9999999999989e-05
2020-07-16,1798.699951171875,-0.79,1.41,-0.007035885831272459,-0.020000000000000018,0.0,-0.9669233474260522,-0.2244080205591382,-0.6139,-0.0011999999999999
2020-07-17,1808.300048828125,-0.82,1.46,0.0053230498055762965,-0.029999999999999916,0.050000000000000044,-0.9738135126745125,-0.3288171992446308,-0.609,0.0049
2020-07-20,1815.9000244140625,-0.84,1.46,0.004194021617198729,-0.020000000000000018,0.0,-0.9698665730629038,-0.1584304843527723,-0.611,-0.002
2020-07-21,1842.4000244140625,-0.87,1.48,0.014487856747344985,-0.030000000000000027,0.020000000000000018,-0.9683614250946868,-0.14142717751091916,-0.6176,-0.0066
2020-07-22,1864.0999755859375,-0.88,1.48,0.011709267020526326,-0.010000000000000009,0.0,-0.9682286603740043,-0.12423263036075229,-0.6206,-0.003
2020-07-23,1889.0999755859375,-0.9,1.49,0.013322162460929654,-0.020000000000000018,0.010000000000000009,-0.9571831757468287,-0.2335844246807705,-0.6238,-0.0031999999999999
2020-07-24,1897.300048828125,-0.92,1.51,0.00433133636651295,-0.020000000000000018,0.020000000000000018,-0.9527139261317896,-0.2118497509782678,-0.6238,0.0
2020-07-27,1931.0,-0.9,1.52,0.017606154822842335,0.020000000000000018,0.010000000000000009,-0.9315240944784513,-0.03417841428024924,-0.6158,0.008
2020-07-28,1944.699951171875,-0.92,1.51,0.007069694974014773,-0.020000000000000018,-0.010000000000000009,-0.9177733366791937,-0.055246441468716746,-0.6253,-0.0094999999999999
2020-07-29,1953.5,-0.95,1.53,0.004514937092595872,-0.029999999999999916,0.020000000000000018,-0.9210218816878867,-0.06135850539988311,-0.6309,-0.0056
2020-07-30,1942.300048828125,-0.97,1.52,-0.005749772517706475,-0.020000000000000018,-0.010000000000000009,-0.9326498439002637,-0.03285591441526965,-0.6417,-0.0108
2020-07-31,1962.800048828125,-1.0,1.55,0.010499187115099673,-0.030000000000000027,0.030000000000000027,-0.9378023220940821,-0.11827828381697651,-0.6471,-0.0053999999999999
2020-08-03,1966.0,-1.02,1.58,0.0016289716145934108,-0.020000000000000018,0.030000000000000027,-0.9453834020396537,-0.08513127312030988,-0.6458,0.0012999999999999
2020-08-04,2001.199951171875,-1.05,1.57,0.01774595450751537,-0.030000000000000027,-0.010000000000000009,-0.9528680689072369,-0.1253329609878372,-0.6587,-0.0128999999999999
2020-08-05,2031.0999755859375,-1.06,1.61,0.014830529962694072,-0.010000000000000009,0.040000000000000036,-0.9579633672589535,-0.09736751706899509,-0.6519,0.0067999999999999
2020-08-06,2051.5,-1.08,1.63,0.009993726704919936,-0.020000000000000018,0.019999999999999796,-0.9638995846172079,-0.03938372103895579,-0.6527,-0.0007999999999999
2020-08-07,2010.0999755859375,-1.04,1.61,-0.020386772968586264,0.040000000000000036,-0.019999999999999796,-0.9673967802538765,-0.28525017538098457,-0.6443,0.0083999999999999
2020-08-10,2024.4000244140625,-1.02,1.61,0.007088912486167942,0.020000000000000018,0.0,-0.9671605687211867,-0.2558314815937148,-0.6385,0.0058
2020-08-11,1932.5999755859375,-0.99,1.63,-0.046407138467370324,0.030000000000000027,0.019999999999999796,-0.96437564887444,-0.4137068368485224,-0.6187,0.0197999999999999
2020-08-12,1934.9000244140625,-0.98,1.67,0.0011894242271690558,0.010000000000000009,0.040000000000000036,-0.968880843521337,-0.45492875021504914,-0.5991,0.0196
2020-08-13,1956.699951171875,-0.96,1.67,0.011203697670107537,0.020000000000000018,0.0,-0.9707148608211603,-0.4021794078080385,-0.5826,0.0164999999999999
2020-08-14,1937.0,-0.94,1.65,-0.010118971422733658,0.020000000000000018,-0.020000000000000018,-0.9695937927649917,-0.43861759363874736,-0.581,0.0016
2020-08-17,1985.0,-0.97,1.66,0.024478529714294872,-0.030000000000000027,0.010000000000000009,-0.9656771970325776,-0.47861179061628656,-0.5868,-0.0058
2020-08-18,1999.4000244140625,-1.01,1.68,0.007228233622484481,-0.040000000000000036,0.020000000000000018,-0.9645611071875771,-0.4707716527950154,-0.5933,-0.0065
2020-08-19,1958.699951171875,-0.99,1.67,-0.020566184811920962,0.020000000000000018,-0.010000000000000009,-0.9664220575502707,-0.5451485671158598,-0.5932,0.0001000000000001
2020-08-20,1933.800048828125,-0.97,1.62,-0.012793958632575375,0.020000000000000018,-0.04999999999999982,-0.9629139912722,-0.5906292159560179,-0.6026,-0.0094
2020-08-21,1934.5999755859375,-1.0,1.64,0.0004135698294724932,-0.030000000000000027,0.019999999999999796,-0.9549201250898616,-0.576136688628935,-0.6063,-0.0036999999999999
2020-08-24,1927.699951171875,-1.02,1.67,-0.003573017054938177,-0.020000000000000018,0.030000000000000027,-0.938408930533547,-0.561791122627533,-0.6037,0.0025999999999999
2020-08-25,1911.800048828125,-1.01,1.7,-0.008282324903756688,0.010000000000000009,0.030000000000000027,-0.9153416388132469,-0.5697972426743966,-0.5933,0.0103999999999999
2020-08-26,1940.699951171875,-1.03,1.72,0.01500347538793445,-0.020000000000000018,0.020000000000000018,-0.8955595725842738,-0.578557690201233,-0.5889,0.0044
2020-08-27,1921.5999755859375,-0.99,1.73,-0.009890547937341232,0.040000000000000036,0.010000000000000009,-0.8665360891659102,-0.6066775379381188,-0.5721,0.0167999999999999
2020-08-28,1964.5999755859375,-1.03,1.77,0.02213049019313118,-0.040000000000000036,0.040000000000000036,-0.8335251066851713,-0.6340573184907159,-0.5723,-0.0001999999999999
2020-08-31,1967.5999755859375,-1.08,1.8,0.001525863699362695,-0.050000000000000044,0.030000000000000027,-0.7706549871596099,-0.6001649576385069,-0.5781,-0.0057999999999999
2020-09-01,1968.199951171875,-1.08,1.76,0.0003048811432240228,0.0,-0.040000000000000036,-0.7082184570364692,-0.5906377739913515,-0.5926,-0.0145
2020-09-02,1934.4000244140625,-1.07,1.73,-0.017322181174838747,0.010000000000000009,-0.030000000000000027,-0.5986453798061958,-0.6000090117617741,-0.6008,-0.0081999999999999
2020-09-03,1927.5999755859375,-1.02,1.65,-0.003521520380874499,0.050000000000000044,-0.08000000000000007,-0.526156557770681,-0.5710944044749391,-0.614,-0.0131999999999999
2020-09-04,1923.9000244140625,-0.98,1.7,-0.0019213045878458956,0.040000000000000036,0.050000000000000044,-0.4816600321149661,-0.5556365654843853,-0.5878,0.0262
2020-09-09,1944.699951171875,-1.0,1.71,0.006034498194198434,-0.010000000000000009,0.030000000000000027,-0.48278755726396555,-0.6065813387190279,-0.5913,0.0018999999999999
2020-09-10,1954.199951171875,-1.01,1.69,0.004873179121466009,-0.010000000000000009,-0.020000000000000018,-0.49545762886256145,-0.6085484795088982,-0.5975,-0.0061999999999999
2020-09-11,1937.800048828125,-0.98,1.65,-0.00842754337538043,0.030000000000000027,-0.040000000000000036,-0.4982560234958948,-0.6295237508355492,-0.6019,-0.0043999999999999
2020-09-14,1953.0999755859375,-0.97,1.65,0.007864507194070391,0.010000000000000009,0.0,-0.49580143785845077,-0.6094316023217675,-0.6009,0.001
2020-09-15,1956.300048828125,-0.99,1.67,0.0016371176840062063,-0.020000000000000018,0.020000000000000018,-0.4936346031805419,-0.6094448997699636,-0.6001,0.0008
2020-09-16,1960.199951171875,-0.99,1.68,0.0019915248986208667,0.0,0.010000000000000009,-0.46661626255462063,-0.589283840197602,-0.5961,0.004
2020-09-17,1940.0,-0.97,1.66,-0.010358510867938264,0.020000000000000018,-0.020000000000000018,-0.41601152279296866,-0.5924309446954013,-0.5935,0.0025999999999999
2020-09-18,1952.0999755859375,-0.97,1.67,0.0062177306051101056,0.0,0.010000000000000009,-0.25218275247847793,-0.5811770400979968,-0.589,0.0045
2020-09-21,1901.199951171875,-0.94,1.62,-0.026420463605422384,0.030000000000000027,-0.04999999999999982,-0.27106060212028105,-0.5745306980197458,-0.5938,-0.0048
2020-09-22,1898.5999755859375,-0.94,1.62,-0.0013684804683453677,0.0,0.0,-0.331415245140594,-0.5974470745239966,-0.5971,-0.0032999999999999
2020-09-23,1859.9000244140625,-0.92,1.6,-0.020594023641089976,0.019999999999999907,-0.020000000000000018,-0.45520505062455774,-0.6135041509994615,-0.5968,0.0002999999999999
2020-09-24,1868.300048828125,-0.91,1.58,0.004506216653220818,0.010000000000000009,-0.020000000000000018,-0.5403777339838435,-0.6086516265326312,-0.5983,-0.0015
2020-09-25,1857.699951171875,-0.92,1.58,-0.005689815487671446,-0.010000000000000009,0.0,-0.6173145174193568,-0.6430643199910097,-0.6024,-0.0040999999999999
2020-09-28,1872.800048828125,-0.94,1.61,0.008095526135782904,-0.019999999999999907,0.030000000000000027,-0.6560801488225212,-0.644241631108697,-0.6034,-0.001
2020-09-29,1894.300048828125,-0.98,1.64,0.01141473966161577,-0.040000000000000036,0.029999999999999805,-0.7049710941582915,-0.6450443611846861,-0.6068,-0.0033999999999999
2020-09-30,1887.5,-0.94,1.63,-0.0035962007873946433,0.040000000000000036,-0.010000000000000009,-0.741754910071372,-0.6188773287194177,-0.5978,0.009
2020-10-01,1908.4000244140625,-0.95,1.63,0.011012005311719975,-0.010000000000000009,0.0,-0.7556484313731856,-0.6166644663244036,-0.5961,0.0017
2020-10-02,1900.199951171875,-0.94,1.64,-0.004306089358559362,0.010000000000000009,0.010000000000000009,-0.7673028422561703,-0.608841501317168,-0.5889,0.0071999999999999
2020-10-05,1912.5,-0.9,1.68,0.006452168624350385,0.039999999999999925,0.040000000000000036,-0.743128729664608,-0.5608187248022071,-0.5618,0.0271
2020-10-06,1901.0999755859375,-0.9,1.66,-0.0059786335451814665,0.0,-0.020000000000000018,-0.7442382825844457,-0.5739797305372453,-0.5601,0.0016999999999999
2020-10-07,1883.5999755859375,-0.9,1.71,-0.009247826747493804,0.0,0.050000000000000044,-0.7706417173099499,-0.5623437731277892,-0.5446,0.0155
2020-10-08,1888.5999755859375,-0.94,1.72,0.002650974493883851,-0.039999999999999925,0.010000000000000009,-0.7722134158199402,-0.5361456062842029,-0.5497,-0.0050999999999999
2020-10-09,1919.5,-0.94,1.73,0.0162289345389528,0.0,0.010000000000000009,-0.7681838400766867,-0.4976682675509817,-0.5449,0.0047999999999999
2020-10-14,1901.300048828125,-0.96,1.69,0.006755025244469692,0.0,-0.010000000000000009,-0.7203667276570122,-0.3663955502430938,-0.5689,-0.0081999999999999
2020-10-15,1903.199951171875,-0.95,1.69,0.0009987659359627088,0.010000000000000009,0.0,-0.6824932862665625,-0.3632254791325348,-0.5662,0.0026999999999999
2020-10-16,1900.800048828125,-0.95,1.71,-0.0012617784764215045,0.0,0.020000000000000018,-0.7285932856889443,-0.36592826116162624,-0.5626,0.0036
2020-10-19,1906.4000244140625,-0.93,1.71,0.002941783734378589,0.019999999999999907,0.0,-0.7440854587337453,-0.3578076655669883,-0.5544,0.0081999999999999
2020-10-20,1910.4000244140625,-0.91,1.72,0.0020959973869372206,0.020000000000000018,0.010000000000000009,-0.7200719025199431,-0.3555918071919475,-0.5427,0.0117
2020-10-21,1924.5999755859375,-0.91,1.74,0.007405484259195738,0.0,0.020000000000000018,-0.6691739372679216,-0.3480431608411121,-0.5322,0.0104999999999999
2020-10-22,1901.0999755859375,-0.89,1.76,-0.012285488081524853,0.020000000000000018,0.020000000000000018,-0.6254707978867313,-0.3602008348614326,-0.5141,0.0181
2020-10-23,1902.0,-0.9,1.75,0.00047331094982627775,-0.010000000000000009,-0.010000000000000009,-0.5642464044153905,-0.3516136339045814,-0.5131,0.001
2020-10-26,1902.699951171875,-0.91,1.72,0.00036794027847353306,-0.010000000000000009,-0.030000000000000027,-0.532643358324476,-0.32903019440046083,-0.525,-0.0119
2020-10-27,1908.800048828125,-0.92,1.71,0.0032008935403773364,-0.010000000000000009,-0.010000000000000009,-0.49275512364316587,-0.352602315121927,-0.5352,-0.0101999999999999
2020-10-28,1876.199951171875,-0.91,1.7,-0.01722636925734733,0.010000000000000009,-0.010000000000000009,-0.4257379675495939,-0.3553089878592786,-0.5381,-0.0029
2020-10-29,1865.5999755859375,-0.86,1.71,-0.0056657245971063475,0.050000000000000044,0.010000000000000009,-0.3781083811539809,-0.35365669259116517,-0.5198,0.0182999999999999
2020-10-30,1877.4000244140625,-0.82,1.7,0.006305149837346313,0.040000000000000036,-0.010000000000000009,-0.3447985971051504,-0.27724870968794374,-0.5045,0.0153
2020-11-02,1890.4000244140625,-0.84,1.71,0.006900605880378663,-0.020000000000000018,0.010000000000000009,-0.2408205963614836,-0.2962574734426879,-0.5034,0.0010999999999999
2020-11-03,1908.5,-0.82,1.72,0.009529133397826683,0.020000000000000018,0.010000000000000009,-0.13234182545529183,-0.19073156485347356,-0.4944,0.0089999999999999
2020-11-04,1894.5999755859375,-0.86,1.64,-0.007309871629980869,-0.040000000000000036,-0.08000000000000007,-0.1215662231780517,-0.1262744352794033,-0.5281,-0.0337
2020-11-05,1945.300048828125,-0.87,1.66,0.02640851034903058,-0.010000000000000009,0.020000000000000018,-0.02929854174301454,-0.11117853378012094,-0.5356,-0.0074999999999999
2020-11-06,1950.300048828125,-0.82,1.65,0.0025670000104103252,0.050000000000000044,-0.010000000000000009,0.15619824651031078,-0.09998946115321375,-0.5249,0.0106999999999999
2020-11-09,1853.199951171875,-0.77,1.73,-0.05106938372025738,0.04999999999999993,0.08000000000000007,-0.09480708355487849,-0.30923113823378845,-0.4818,0.0431
2020-11-10,1875.4000244140625,-0.78,1.76,0.011908134809093696,-0.010000000000000009,0.030000000000000027,-0.20962005443146364,-0.3078386712187456,-0.4599,0.0219
2020-11-13,1885.699951171875,-0.83,1.72,0.006971252371710257,0.0,0.010000000000000009,-0.31047601451450324,-0.24396337445896232,-0.4863,-0.0013
2020-11-16,1887.300048828125,-0.81,1.72,0.0008481832770623754,0.019999999999999907,0.0,-0.3129365118440215,-0.2288914870442003,-0.4837,0.0025999999999999
2020-11-17,1884.5,-0.83,1.7,-0.0014847284088492785,-0.019999999999999907,-0.020000000000000018,-0.32816293050976464,-0.2209091430635994,-0.4956,-0.0118999999999999
2020-11-18,1873.5,-0.82,1.7,-0.00585419447344826,0.010000000000000009,0.0,-0.3494526932242764,-0.2592309809546444,-0.4932,0.0023999999999999
2020-11-19,1861.0999755859375,-0.84,1.7,-0.006640641601906694,-0.020000000000000018,0.0,-0.36521106653612184,-0.24337853663828207,-0.4987,-0.0054999999999999
2020-11-20,1872.5999755859375,-0.86,1.69,0.0061601288354316,-0.020000000000000018,-0.010000000000000009,-0.3780852624791893,-0.2572440687219309,-0.506,-0.0073
2020-11-23,1837.800048828125,-0.85,1.71,-0.018758595831691594,0.010000000000000009,0.020000000000000018,-0.3928168115454515,-0.2618575695829694,-0.5011,0.0049
2020-11-24,1804.800048828125,-0.86,1.74,-0.01811942127724553,-0.010000000000000009,0.030000000000000027,-0.3204234782267424,-0.23456482805209264,-0.4949,0.0061999999999999
2020-11-25,1805.699951171875,-0.87,1.75,0.0004984918223982504,-0.010000000000000009,0.010000000000000009,-0.29370120218007184,-0.2797722079866077,-0.4938,0.0010999999999999
2020-11-30,1775.699951171875,-0.93,1.77,-0.0034855405676799123,-0.020000000000000018,0.020000000000000018,0.01879258886020441,-0.21296459108464816,-0.5084,-0.0030999999999999
2020-12-01,1814.0999755859375,-0.89,1.81,0.021394779622498916,0.040000000000000036,0.040000000000000036,0.08815518485991859,-0.11303755882018034,-0.4835,0.0248999999999999
2020-12-02,1825.699951171875,-0.9,1.85,0.006373984885256867,-0.010000000000000009,0.040000000000000036,0.16515193808881723,-0.12892285523000002,-0.4703,0.0131999999999999
2020-12-03,1836.800048828125,-0.94,1.86,0.006061505333917694,-0.039999999999999925,0.010000000000000009,0.24205367445811812,-0.15734514875211153,-0.474,-0.0036999999999999
2020-12-04,1835.9000244140625,-0.92,1.89,-0.000490115944199232,0.019999999999999907,0.029999999999999805,0.3268739056478652,-0.15570562731821375,-0.4621,0.0118999999999999
2020-12-07,1861.800048828125,-0.94,1.88,0.014008950144384968,-0.019999999999999907,-0.010000000000000009,0.339061119637469,-0.1592417951817181,-0.4708,-0.0086999999999999
2020-12-08,1870.800048828125,-0.97,1.89,0.004822385043172339,-0.030000000000000027,0.010000000000000009,0.33094259942246124,-0.16872485182640334,-0.4775,-0.0066999999999999
2020-12-09,1834.5999755859375,-0.96,1.91,-0.019539712183873625,0.010000000000000009,0.020000000000000018,0.3877797141288361,-0.18144064884822958,-0.4707,0.0067999999999999
2020-12-10,1833.5999755859375,-0.96,1.88,-0.0005452265623926422,0.0,-0.030000000000000027,0.45742034850853347,-0.1787291910666799,-0.4793,-0.0085999999999999
2020-12-11,1839.800048828125,-0.97,1.87,0.0033756623773708583,-0.010000000000000009,-0.009999999999999787,0.4747317611273083,-0.16960118395833668,-0.4893,-0.01
2020-12-14,1828.699951171875,-0.98,1.88,-0.006051591403382517,-0.010000000000000009,0.009999999999999787,0.48685560224935287,-0.15303167305972223,-0.4924,-0.0030999999999999
2020-12-15,1852.300048828125,-0.99,1.91,0.012822831309901694,-0.010000000000000009,0.030000000000000027,0.45983629169058443,-0.19488472496543252,-0.4865,0.0059
2020-12-16,1856.0999755859375,-1.0,1.92,0.0020493625621478273,-0.010000000000000009,0.010000000000000009,0.42392004732077004,-0.18750667449976383,-0.4854,0.0010999999999999
2020-12-17,1887.199951171875,-1.0,1.94,0.016616724168514452,0.0,0.020000000000000018,0.3275505105189304,-0.20312290704823044,-0.4794,0.006
2020-12-18,1885.699951171875,-1.0,1.95,-0.0007951443811702319,0.0,0.010000000000000009,0.26051359132295493,-0.2355902969341658,-0.4747,0.0046999999999999
2020-12-21,1879.199951171875,-1.0,1.95,-0.0034529504777385256,0.0,0.0,0.20787788195185658,-0.23655928339279655,-0.4728,0.0019
2020-12-22,1866.5999755859375,-1.01,1.94,-0.0067275473090218085,-0.010000000000000009,-0.010000000000000009,0.0867877662798737,-0.2836245622543177,-0.4808,-0.008
2020-12-23,1874.699951171875,-1.01,1.97,0.004330039505094696,0.0,0.030000000000000027,0.04339424932795891,0.0917703639443658,-0.4728,0.008
2020-12-24,1879.9000244140625,-1.03,1.97,0.002769976349497938,-0.020000000000000018,0.0,-0.06244775661958045,0.09168192290451538,-0.4771,-0.0043
2020-12-29,1879.699951171875,-1.02,1.96,0.0013308847368813659,0.010000000000000009,-0.010000000000000009,-0.23958131436076333,0.07936551805942005,-0.4805,-0.0005999999999999
2020-12-30,1891.0,-1.03,1.96,0.005993626012460673,-0.010000000000000009,0.0,-0.38480488088981035,0.07325788477106017,-0.4819,-0.0014
2020-12-31,1893.0999755859375,-1.06,1.99,0.0011098944610656858,-0.030000000000000027,0.030000000000000027,-0.5249634513338595,0.06298271075543335,-0.4849,-0.003
2021-01-05,1952.699951171875,-1.07,2.03,0.004105306838480871,0.010000000000000009,0.020000000000000018,-0.7676258783194919,0.012566181543260477,-0.4793,0.0087999999999999
2021-01-06,1906.9000244140625,-1.02,2.06,-0.023734105597418065,0.050000000000000044,0.03000000000000025,-0.8398254568187815,-0.18858505709065862,-0.4475,0.0317999999999999
2021-01-07,1912.300048828125,-1.01,2.09,0.0028278319590517853,0.010000000000000009,0.029999999999999805,-0.8696876450289341,-0.14677415933721494,-0.4236,0.0239
2021-01-08,1834.0999755859375,-0.93,2.06,-0.041752846956852,0.07999999999999996,-0.029999999999999805,-0.8687674515791391,-0.4817403120500042,-0.4005,0.0230999999999999
2021-01-11,1849.5999755859375,-0.91,2.06,0.008415501632621947,0.020000000000000018,0.0,-0.8480724319079852,-0.45651049716395986,-0.3852,0.0153
2021-01-12,1842.9000244140625,-0.93,2.08,-0.003628955192789718,-0.020000000000000018,0.020000000000000018,-0.8373342096628247,-0.5301265943447871,-0.3809,0.0042999999999999
2021-01-13,1853.5999755859375,-0.96,2.06,0.005789249861382295,-0.029999999999999916,-0.020000000000000018,-0.8542915035383538,-0.5468322780307434,-0.3927,-0.0117999999999999
2021-01-14,1850.300048828125,-0.94,2.09,-0.0017818664700346432,0.020000000000000018,0.029999999999999805,-0.839476449468667,-0.69533027335725,-0.3834,0.0092999999999999
2021-01-15,1829.300048828125,-0.99,2.1,-0.011414407787474268,-0.050000000000000044,0.010000000000000231,-0.806336991068721,-0.5818453231677236,-0.3951,-0.0116999999999999
2021-01-20,1865.9000244140625,-1.02,2.12,0.014249727942710066,-0.020000000000000018,0.020000000000000018,-0.7647757380561278,-0.5992766764717843,-0.4036,-0.0023
2021-01-21,1865.300048828125,-0.98,2.1,-0.00032159925993369143,0.040000000000000036,-0.020000000000000018,-0.7779407196756203,-0.5642713635697444,-0.3986,0.005
2021-01-22,1855.699951171875,-0.99,2.09,-0.005159967189823256,-0.010000000000000009,-0.010000000000000231,-0.784074765723801,-0.5551713155430797,-0.4035,-0.0049
2021-01-25,1854.9000244140625,-1.03,2.08,-0.0004311576432209918,-0.040000000000000036,-0.009999999999999787,-0.752037747706826,-0.5330524465357431,-0.4199,-0.0163999999999999
2021-01-26,1850.699951171875,-1.03,2.08,-0.0022668798944573965,0.0,0.0,-0.7134113131487095,-0.533111912316501,-0.4235,-0.0035999999999999
2021-01-27,1844.9000244140625,-1.04,2.08,-0.0031388308031132794,-0.010000000000000009,0.0,-0.6591953826159426,-0.5275499577902797,-0.4295,-0.006
2021-01-28,1837.9000244140625,-1.06,2.13,-0.003801459941890073,-0.020000000000000018,0.04999999999999982,-0.5716442803341507,-0.5232111855136171,-0.4219,0.0075999999999999
2021-01-29,1847.300048828125,-1.02,2.13,0.005101511241647927,0.040000000000000036,0.0,-0.5527693014373426,-0.4771553882379222,-0.4041,0.0177999999999999
2021-02-01,1860.800048828125,-1.02,2.11,0.0072813890080443144,0.0,-0.020000000000000018,-0.5470102102830885,-0.4725495362031327,-0.409,-0.0048999999999999
2021-02-02,1830.5,-1.03,2.15,-0.016417375444501836,-0.010000000000000009,0.040000000000000036,-0.5127766432402381,-0.45971025895329065,-0.3998,0.0091999999999999
2021-02-03,1832.199951171875,-1.04,2.19,0.000928250370819228,-0.010000000000000009,0.040000000000000036,-0.4750284733925675,-0.460522290865203,-0.3854,0.0143999999999999
2021-02-04,1788.9000244140625,-1.02,2.17,-0.023916484486412593,0.020000000000000018,-0.020000000000000018,-0.4187655128209815,-0.4768438153719884,-0.3787,0.0067
2021-02-05,1810.9000244140625,-1.02,2.21,0.012223053284327712,0.0,0.040000000000000036,-0.39136903645935717,-0.4742760363939179,-0.3671,0.0116
2021-02-08,1831.9000244140625,-1.03,2.22,0.01152972018956877,-0.010000000000000009,0.010000000000000231,-0.373960586577689,-0.47869878986460235,-0.3611,0.006
2021-02-09,1835.300048828125,-1.04,2.22,0.0018542895508142365,-0.010000000000000009,0.0,-0.34690809929292105,-0.4778364346364965,-0.3611,0.0
2021-02-10,1840.5999755859375,-1.06,2.21,0.0028836096711604142,-0.020000000000000018,-0.010000000000000231,-0.31403595137511897,-0.4798819506811614,-0.3721,-0.011
2021-02-11,1824.9000244140625,-1.04,2.2,-0.008566387767498185,0.020000000000000018,-0.009999999999999787,-0.2873851540630057,-0.49136980900338645,-0.3723,-0.0002
2021-02-12,1821.5999755859375,-1.01,2.21,-0.001809982026078849,0.030000000000000027,0.009999999999999787,-0.277469389878928,-0.4806569299405742,-0.3555,0.0168
2021-02-17,1771.0999755859375,-0.92,2.21,-0.014629062349107436,0.019999999999999907,-0.03000000000000025,-0.3021320398461061,-0.49848586961841573,-0.3047,0.0119999999999999
2021-02-18,1773.4000244140625,-0.87,2.16,0.0012978130348191286,0.050000000000000044,-0.04999999999999982,-0.3355230960971976,-0.46802100655467577,-0.2999,0.0048
2021-02-19,1775.800048828125,-0.8,2.14,0.0013524313819193168,0.06999999999999995,-0.020000000000000018,-0.4627463624456649,-0.36825790069009984,-0.281,0.0188999999999999
2021-02-22,1806.699951171875,-0.79,2.16,0.01725089665910584,0.010000000000000009,0.020000000000000018,-0.5053545579319809,-0.34898973710347525,-0.2651,0.0159
2021-02-23,1804.4000244140625,-0.79,2.16,-0.001273809689207539,0.0,0.0,-0.5306357951763143,-0.1179732502073975,-0.262,0.0030999999999999
2021-02-24,1796.4000244140625,-0.79,2.17,-0.004443464260402763,0.0,0.009999999999999787,-0.5923409932815754,-0.13654354909414182,-0.2515,0.0105
2021-02-25,1774.4000244140625,-0.6,2.14,-0.012322324448977184,0.19000000000000006,-0.029999999999999805,-0.6547267768842964,-0.26168116737099295,-0.1743,0.0771999999999999
2021-02-26,1728.0999755859375,-0.71,2.15,-0.02643982642289977,-0.10999999999999999,0.009999999999999787,-0.7272051228596129,0.004609825108006541,-0.1807,-0.0063999999999999
2021-03-01,1722.5,-0.71,2.16,-0.0032458010444411656,0.0,0.010000000000000231,-0.777759879506107,0.004620417247059113,-0.19,-0.0093
2021-03-02,1733.0999755859375,-0.78,2.2,0.006134974480583644,-0.07000000000000006,0.040000000000000036,-0.7876136167553557,-0.07333336879799773,-0.2057,-0.0156999999999999
2021-03-03,1715.300048828125,-0.74,2.21,-0.010323677486388405,0.040000000000000036,0.009999999999999787,-0.8009229196340502,-0.08142589079569257,-0.1887,0.0169999999999999
2021-03-04,1700.199951171875,-0.66,2.2,-0.008842158417798451,0.07999999999999996,-0.009999999999999787,-0.8265743436182097,-0.07683561486677834,-0.1585,0.0302
2021-03-05,1698.0,-0.66,2.22,-0.0012947745929183796,0.0,0.020000000000000018,-0.8522781108939868,-0.08404355966328264,-0.1425,0.016
2021-03-08,1677.699951171875,-0.62,2.21,-0.01202730919914341,0.040000000000000036,-0.010000000000000231,-0.8713658117603994,-0.10217276418956946,-0.1189,0.0235999999999999
2021-03-09,1716.5999755859375,-0.66,2.21,0.022921797389634513,-0.040000000000000036,0.0,-0.87693723586727,-0.16564279697871517,-0.1271,-0.0081999999999999
2021-03-10,1721.5,-0.73,2.26,0.00285042771679489,-0.06999999999999995,0.04999999999999982,-0.8766513202226468,-0.18327357818166617,-0.1398,-0.0127
2021-03-11,1722.300048828125,-0.74,2.28,0.0004646314136564911,-0.010000000000000009,0.020000000000000018,-0.873753720629502,-0.18722521687804997,-0.143,-0.0031999999999999
2021-03-12,1719.5,-0.62,2.26,-0.001627084319913763,0.12,-0.020000000000000018,-0.872692283254633,-0.17551622129588026,-0.1082,0.0347999999999999
2021-03-15,1728.9000244140625,-0.65,2.27,0.005451831359563286,-0.030000000000000027,0.010000000000000231,-0.8698386852129064,-0.20261929170453713,-0.1034,0.0047999999999999
2021-03-16,1730.5999755859375,-0.68,2.3,0.0009827728334723673,-0.030000000000000027,0.029999999999999805,-0.8685001926059085,-0.204523662248294,-0.1021,0.0013
2021-03-17,1726.800048828125,-0.67,2.3,-0.002198142107380896,0.010000000000000009,0.0,-0.8635809572150739,-0.228281338810373,-0.1044,-0.0023
2021-03-18,1732.199951171875,-0.56,2.27,0.003122235750465663,0.10999999999999999,-0.029999999999999805,-0.8449732492267361,-0.1888592137707452,-0.0738,0.0306
2021-03-19,1741.4000244140625,-0.57,2.31,0.005297152705863617,-0.009999999999999898,0.040000000000000036,-0.8392779164714772,-0.20668494494865122,-0.0515,0.0223
2021-03-22,1737.800048828125,-0.64,2.33,-0.002069427911533417,-0.07000000000000006,0.020000000000000018,-0.8315072665294663,-0.19171479025836569,-0.061,-0.0095
2021-03-23,1724.699951171875,-0.66,2.29,-0.007566879516500258,-0.020000000000000018,-0.040000000000000036,-0.816158904572079,-0.16781582625631844,-0.0808,-0.0197999999999999
2021-03-24,1732.9000244140625,-0.69,2.31,0.004743225748486957,-0.029999999999999916,0.020000000000000018,-0.7908023826020149,-0.17732460153609245,-0.093,-0.0122
2021-03-25,1724.9000244140625,-0.69,2.32,-0.004627227810274803,0.0,0.009999999999999787,-0.7471162946700944,-0.16763340400791896,-0.0944,-0.0013999999999999
2021-03-26,1732.199951171875,-0.67,2.34,0.004223156783957904,0.019999999999999907,0.020000000000000018,-0.6957927636049741,-0.16210233085334777,-0.0804,0.0139999999999999
2021-03-29,1712.0999755859375,-0.63,2.36,-0.011671575757387309,0.040000000000000036,0.020000000000000018,-0.6279596919283708,-0.17432169928853494,-0.0587,0.0216999999999999
2021-03-30,1683.9000244140625,-0.62,2.35,-0.016608126836268333,0.010000000000000009,-0.009999999999999787,-0.5844001965675318,-0.13512115138091335,-0.0481,0.0106
2021-03-31,1713.800048828125,-0.63,2.37,0.017600609611378104,-0.010000000000000009,0.020000000000000018,-0.5744508463242566,-0.14461531135454483,-0.0374,0.0106999999999999
2021-04-01,1726.5,-0.66,2.35,0.007383082103883609,-0.030000000000000027,-0.020000000000000018,-0.5413619208809016,-0.1659676535006574,-0.0473,-0.0098999999999999
2021-04-05,1727.0,-0.62,2.35,0.0002895613166309374,0.040000000000000036,0.0,-0.4939585478706017,-0.17402361984104392,-0.0335,-0.0017
2021-04-06,1741.5,-0.65,2.32,0.008361011659377304,-0.030000000000000027,-0.03000000000000025,-0.38921334839013755,-0.2045955781629474,-0.0569,-0.0233999999999999
2021-04-07,1740.0999755859375,-0.66,2.34,-0.0008042420147873486,-0.010000000000000009,0.020000000000000018,-0.2286455786721326,-0.20476935206135388,-0.0623,-0.0054
2021-04-08,1756.800048828125,-0.69,2.33,0.009551431317730064,-0.029999999999999916,-0.009999999999999787,0.0018510751297356053,-0.22091418777785585,-0.078,-0.0157
2021-04-09,1743.300048828125,-0.64,2.31,-0.007714103350808799,0.04999999999999993,-0.020000000000000018,-0.1129164498506803,-0.14190650554225437,-0.0716,0.0064
2021-04-12,1731.199951171875,-0.64,2.33,-0.006965115310813452,0.0,0.020000000000000018,-0.0982908336370674,-0.4205703703704863,-0.0639,0.0076999999999999
2021-04-13,1746.199951171875,-0.69,2.33,0.008627188966826793,-0.04999999999999993,0.0,-0.12712483444204647,-0.4425104297378672,-0.0816,-0.0177
2021-04-14,1734.9000244140625,-0.69,2.33,-0.006492181509603512,0.0,0.0,-0.10973269665914448,-0.42238229411702793,-0.0809,0.0007
2021-04-15,1765.4000244140625,-0.77,2.33,0.0174275185107291,-0.08000000000000007,0.0,-0.31588466176028734,-0.46638766845343965,-0.1094,-0.0284999999999999
2021-04-16,1779.0,-0.77,2.36,0.007674101250506382,0.0,0.029999999999999805,-0.4580327166624892,-0.42703674696614696,-0.1065,0.0029
2021-04-19,1769.4000244140625,-0.73,2.34,-0.0054108888186163995,0.040000000000000036,-0.020000000000000018,-0.5171626138650286,-0.44071592086534916,-0.1005,0.0059999999999999
2021-04-20,1777.300048828125,-0.74,2.32,0.004454866391930601,-0.010000000000000009,-0.020000000000000018,-0.5519428512997052,-0.4156276824336553,-0.1124,-0.0118999999999999
2021-04-21,1792.300048828125,-0.76,2.33,0.008404352241679014,-0.020000000000000018,0.010000000000000231,-0.6110708643755594,-0.40025047937730013,-0.1189,-0.0065
2021-04-22,1781.199951171875,-0.76,2.33,-0.0062124714463314135,0.0,0.0,-0.6916545725263131,-0.4016325643268608,-0.1217,-0.0027999999999999
2021-04-23,1777.0,-0.76,2.34,-0.0023607178798457085,0.0,0.009999999999999787,-0.7700551657836109,-0.40154235539308053,-0.1149,0.0068
2021-04-26,1779.199951171875,-0.78,2.36,0.0012372484577465315,-0.020000000000000018,0.020000000000000018,-0.7831113826090044,-0.43258713416705746,-0.1114,0.0035
2021-04-27,1778.0,-0.76,2.39,-0.000674660538547478,0.020000000000000018,0.03000000000000025,-0.7941661969488112,-0.426541025565588,-0.094,0.0174
2021-04-28,1773.199951171875,-0.78,2.41,-0.002703340739679483,-0.020000000000000018,0.020000000000000018,-0.8058898543712313,-0.42011380126401493,-0.0908,0.0031999999999999
2021-04-29,1768.0999755859375,-0.77,2.42,-0.002880286458204928,0.010000000000000009,0.009999999999999787,-0.8117514702776826,-0.4206607621806502,-0.0846,0.0062
2021-04-30,1767.300048828125,-0.76,2.41,-0.00045252405155782327,0.010000000000000009,-0.009999999999999787,-0.8398628290356767,-0.5562204747883928,-0.0826,0.0019999999999999
2021-05-03,1791.4000244140625,-0.79,2.42,0.013544464845169024,-0.030000000000000027,0.009999999999999787,-0.9007451849865855,-0.568944428384628,-0.0924,-0.0097999999999999
2021-05-04,1775.800048828125,-0.81,2.42,-0.008746397574940445,-0.020000000000000018,0.0,-0.8996624980665108,-0.6099075206275749,-0.1006,-0.0081999999999999
2021-05-05,1784.0999755859375,-0.88,2.47,0.004663019601776064,-0.06999999999999995,0.050000000000000266,-0.8747558761998131,-0.6205949350344719,-0.1119,-0.0113
2021-05-06,1815.5,-0.87,2.45,0.01744683915797829,0.010000000000000009,-0.020000000000000018,-0.8936882654294831,-0.543737414199265,-0.1159,-0.004
2021-05-07,1831.0999755859375,-0.89,2.49,0.008555953960273754,-0.020000000000000018,0.040000000000000036,-0.9143493739226679,-0.5483331149947436,-0.1191,-0.0031999999999999
2021-05-10,1837.5,-0.91,2.54,0.0034890862723271354,-0.020000000000000018,0.04999999999999982,-0.9262068895819392,-0.5651909100950835,-0.1115,0.0075999999999999
2021-05-11,1835.9000244140625,-0.89,2.53,-0.000871114322687383,0.020000000000000018,-0.010000000000000231,-0.929604615587198,-0.5261948485612348,-0.1029,0.0085999999999999
2021-05-12,1822.5999755859375,-0.85,2.54,-0.007270798097462006,0.040000000000000036,0.010000000000000231,-0.9386357408178435,-0.5602380033811021,-0.0765,0.0264
2021-05-13,1823.800048828125,-0.85,2.51,0.000658223605463526,0.0,-0.03000000000000025,-0.9351675876814562,-0.59504725151207,-0.0785,-0.002
2021-05-14,1837.9000244140625,-0.88,2.51,0.007701365482795097,-0.030000000000000027,0.0,-0.9347644500664097,-0.595501301755483,-0.0861,-0.0075999999999999
2021-05-17,1867.5,-0.9,2.54,0.01597700925187162,-0.020000000000000018,0.03000000000000025,-0.9228009948822702,-0.5978180154196531,-0.0856,0.0005
2021-05-18,1867.800048828125,-0.88,2.52,0.00016065581069657497,0.020000000000000018,-0.020000000000000018,-0.9105783539336407,-0.5893634219411453,-0.0878,-0.0022
2021-05-19,1881.300048828125,-0.8,2.48,0.007201759353875126,0.07999999999999996,-0.040000000000000036,-0.8329457738114977,-0.4631702614411358,-0.0721,0.0157
2021-05-20,1881.800048828125,-0.78,2.41,0.00026573834868415247,0.020000000000000018,-0.06999999999999984,-0.754935436703849,-0.45211547061593177,-0.0858,-0.0137
2021-05-21,1876.699951171875,-0.8,2.43,-0.002713902241079147,-0.020000000000000018,0.020000000000000018,-0.7013131352479937,-0.39266306540591533,-0.087,-0.0011999999999999
2021-05-24,1884.5999755859375,-0.83,2.44,0.004200694539000516,-0.029999999999999916,0.009999999999999787,-0.6491872614503087,-0.3975620314808671,-0.0952,-0.0082
2021-05-25,1898.0999755859375,-0.86,2.42,0.007137789140429618,-0.030000000000000027,-0.020000000000000018,-0.6261698400324812,-0.3858693662006382,-0.115,-0.0197999999999999
2021-05-26,1901.300048828125,-0.82,2.4,0.001684515438402201,0.040000000000000036,-0.020000000000000018,-0.54710041091526,-0.3855094112313929,-0.118,-0.0029999999999999
2021-05-27,1895.699951171875,-0.81,2.42,-0.002949750706768839,0.009999999999999898,0.020000000000000018,-0.5028532559885365,-0.26814069966614384,-0.1089,0.0090999999999999
2021-05-28,1902.5,-0.84,2.42,0.0035806730456284797,-0.029999999999999916,0.0,-0.48841315089432685,-0.2750634838141907,-0.1156,-0.0066999999999999
2021-06-02,1907.5,-0.85,2.44,0.0024144330207267473,-0.010000000000000009,-0.020000000000000018,-0.42799927540954436,-0.2283268472577781,-0.1105,-0.0045
2021-06-03,1871.199951171875,-0.79,2.42,-0.019213573983194898,0.05999999999999994,-0.020000000000000018,-0.37999737905244224,-0.36653687804567275,-0.0966,0.0138999999999999
2021-06-04,1889.800048828125,-0.84,2.4,0.009891119010829286,-0.04999999999999993,-0.020000000000000018,-0.3460296764403089,-0.4070152597637893,-0.1173,-0.0206999999999999
2021-06-07,1896.800048828125,-0.82,2.39,0.0036972523073179886,0.020000000000000018,-0.009999999999999787,-0.2825064779386011,-0.3990983670394358,-0.121,-0.0036999999999999
2021-06-08,1892.199951171875,-0.83,2.36,-0.0024281340281699926,-0.010000000000000009,-0.03000000000000025,-0.2355356163663636,-0.395230224756654,-0.1344,-0.0133999999999999
2021-06-09,1893.199951171875,-0.82,2.32,0.0005283457753790799,0.010000000000000009,-0.040000000000000036,-0.14870703956282805,-0.3920077691105978,-0.1517,-0.0173
2021-06-10,1894.199951171875,-0.9,2.35,0.0005280667735245714,-0.08000000000000007,0.03000000000000025,-0.11506645861383726,-0.3560635813393792,-0.1699,-0.0181999999999999
2021-06-11,1877.4000244140625,-0.85,2.32,-0.008908706107218833,0.050000000000000044,-0.03000000000000025,-0.002510843378953944,-0.39900064374728567,-0.1681,0.0017999999999999
2021-06-14,1864.0,-0.85,2.36,-0.007163137661542862,0.0,0.040000000000000036,0.1908678667171217,-0.3903045778277777,-0.1543,0.0138
2021-06-15,1854.5,-0.87,2.38,-0.005109598315891084,-0.020000000000000018,0.020000000000000018,0.3290155038572222,-0.34818321743963515,-0.1492,0.0050999999999999
2021-06-16,1859.5,-0.75,2.32,0.0026925164354798525,0.12,-0.06000000000000005,0.40933229304271873,-0.3104339367587696,-0.1173,0.0319
2021-06-17,1773.800048828125,-0.75,2.27,-0.04718346889536029,0.0,-0.04999999999999982,0.06785533004260962,-0.17396777729474533,-0.1198,-0.0025
2021-06-18,1767.9000244140625,-0.79,2.24,-0.00333175014814735,-0.040000000000000036,-0.029999999999999805,-0.0849565324957522,-0.17780387319123564,-0.1365,-0.0167
2021-06-21,1781.800048828125,-0.75,2.25,0.007831701368744781,0.040000000000000036,0.009999999999999787,-0.2572895344283872,-0.13512195192923648,-0.1317,0.0047999999999999
2021-06-22,1776.300048828125,-0.83,2.31,-0.0030915399958519885,-0.07999999999999996,0.06000000000000005,-0.29675577265227226,-0.10698515700933856,-0.1387,-0.0069999999999999
2021-06-23,1782.300048828125,-0.84,2.34,0.0033721157314259287,-0.010000000000000009,0.029999999999999805,-0.3063996646021087,-0.1109916601651081,-0.1332,0.0054999999999999
2021-06-24,1775.5999755859375,-0.81,2.3,-0.0037663122158093643,0.029999999999999916,-0.040000000000000036,-0.3360570170300225,-0.10024462397238668,-0.1312,0.002
2021-06-25,1776.5999755859375,-0.8,2.34,0.0005630313834590339,0.010000000000000009,0.040000000000000036,-0.3746373614846417,-0.09912387470992201,-0.1179,0.0133
2021-06-28,1779.5999755859375,-0.84,2.33,0.0016871946194525478,-0.039999999999999925,-0.009999999999999787,-0.36939644527842447,-0.0875077714567545,-0.1302,-0.0123
2021-06-29,1762.800048828125,-0.83,2.32,-0.00948512454602124,0.010000000000000009,-0.010000000000000231,-0.34702348455294807,-0.06698113676196413,-0.1336,-0.0033999999999999
2021-06-30,1770.800048828125,-0.87,2.32,0.00452796776501696,-0.040000000000000036,0.0,-0.25547856347996895,-0.0883940645537586,-0.1466,-0.013
2021-07-01,1775.9000244140625,-0.87,2.35,0.002875900975945811,0.0,0.03000000000000025,-0.2018231927510548,-0.15372535183369557,-0.1415,0.0051
2021-07-02,1782.5999755859375,-0.89,2.33,0.003765608592876113,-0.020000000000000018,-0.020000000000000018,-0.15966372850239502,-0.16507647685718635,-0.1545,-0.013
2021-07-07,1801.5,-0.95,2.28,0.00445063321581074,-0.010000000000000009,-0.03000000000000025,-0.02294936047793806,-0.18190287200290822,-0.2054,-0.0221999999999999
2021-07-08,1799.5999755859375,-0.92,2.22,-0.0010552467875140081,0.029999999999999916,-0.05999999999999961,0.03123392606211299,-0.1631184906608386,-0.2278,-0.0224
2021-07-09,1810.0,-0.91,2.28,0.005762440859236939,0.010000000000000009,0.05999999999999961,0.03266747966762877,-0.16873709752913094,-0.2116,0.0161999999999999
2021-07-12,1805.5,-0.95,2.33,-0.0024892835423582227,-0.039999999999999925,0.050000000000000266,0.03388068853912556,-0.16297998200692165,-0.2032,0.0084
2021-07-13,1809.4000244140625,-0.94,2.36,0.002157750367033806,0.010000000000000009,0.029999999999999805,0.04399311198953383,-0.1489849166595962,-0.1852,0.0179999999999999
2021-07-14,1824.300048828125,-0.97,2.34,0.008201066475029606,-0.030000000000000027,-0.020000000000000018,0.030358368333869627,-0.16633174961009045,-0.2003,-0.0151
2021-07-15,1828.4000244140625,-1.01,2.32,0.002244902250705394,-0.040000000000000036,-0.020000000000000018,0.009295156583562404,-0.17281120668838437,-0.2204,-0.0201
2021-07-16,1814.5,-1.02,2.33,-0.0076313331571569165,-0.010000000000000009,0.010000000000000231,-0.025789560988422534,-0.0860206795807377,-0.224,-0.0035999999999999
2021-07-19,1808.699951171875,-1.05,2.24,-0.003201619485909468,-0.030000000000000027,-0.08999999999999986,-0.03439502364957689,-0.04357281795196387,-0.2673,-0.0432999999999999
2021-07-20,1810.9000244140625,-1.03,2.26,0.0012156445618103362,0.020000000000000018,0.019999999999999574,-0.08041540233848332,-0.04961285839988203,-0.2755,-0.0082
2021-07-21,1802.9000244140625,-0.98,2.28,-0.004427479639319998,0.050000000000000044,0.020000000000000018,-0.12496555262280173,-0.06179002675817859,-0.2545,0.021
2021-07-22,1805.0,-1.01,2.28,0.0011640986772754047,-0.030000000000000027,0.0,-0.20054114991075941,-0.07005196472795967,-0.2597,-0.0051999999999999
2021-07-23,1801.4000244140625,-1.05,2.35,-0.0019964378645118686,-0.040000000000000036,0.07000000000000028,-0.2067821964303338,-0.05806341797329291,-0.2523,0.0073999999999999
2021-07-26,1798.699951171875,-1.11,2.4,-0.0014999993148858692,-0.06000000000000005,0.04999999999999982,-0.26175444725388736,-0.02154223878773854,-0.2498,0.0025
2021-07-27,1799.5,-1.13,2.38,0.00044469393150237124,-0.019999999999999796,-0.020000000000000018,-0.32996256762983694,-0.018622331937721448,-0.2623,-0.0124999999999999
2021-07-28,1799.5,-1.15,2.41,0.0,-0.020000000000000018,0.03000000000000025,-0.39496006152865953,-0.02361277481627048,-0.2628,-0.0005
2021-07-29,1831.199951171875,-1.15,2.43,0.017462614454720082,0.0,0.020000000000000018,-0.7496345356003441,-0.055310436985481506,-0.257,0.0057999999999999
2021-07-30,1812.5999755859375,-1.16,2.4,-0.01020919782220897,-0.010000000000000009,-0.03000000000000025,-0.7392157336422449,0.019030924415641342,-0.268,-0.011
2021-08-02,1818.0999755859375,-1.17,2.37,0.003029721145291653,-0.010000000000000009,-0.029999999999999805,-0.7327371223878282,-0.001935069246385682,-0.2882,-0.0201999999999999
2021-08-03,1810.0999755859375,-1.19,2.38,-0.004409907432068039,-0.020000000000000018,0.009999999999999787,-0.7210936844534102,-0.07834158785653642,-0.2986,-0.0103999999999999
2021-08-04,1810.5,-1.16,2.35,0.0002209713408758418,0.030000000000000027,-0.029999999999999805,-0.7048698672406901,-0.14506552204089093,-0.2987,-0.0001
2021-08-05,1805.0999755859375,-1.1,2.33,-0.00298707183632807,0.05999999999999983,-0.020000000000000018,-0.6893797859241191,-0.18210163956657202,-0.2811,0.0176
2021-08-06,1760.0,-1.06,2.37,-0.025302169337170888,0.040000000000000036,0.040000000000000036,-0.5605212658233382,-0.3068049520582607,-0.2517,0.0294
2021-08-09,1723.4000244140625,-1.04,2.37,-0.021014711060311164,0.020000000000000018,0.0,-0.37797764243004217,-0.35153060167268324,-0.2347,0.0169999999999999
2021-08-10,1728.800048828125,-1.04,2.4,0.003128456464730256,0.0,0.029999999999999805,-0.286299400706393,-0.34075738000802325,-0.2165,0.0181999999999999
2021-08-11,1750.4000244140625,-1.07,2.42,0.012416792738750182,-0.030000000000000027,0.020000000000000018,-0.17917246151241656,-0.35092855779600035,-0.2153,0.0012
2021-08-12,1749.0,-1.05,2.41,-0.0008001511567643504,0.020000000000000018,-0.009999999999999787,-0.113477090159868,-0.3350043777720944,-0.2063,0.0089999999999999
2021-08-13,1775.199951171875,-1.08,2.37,0.014868869094078363,-0.030000000000000027,-0.040000000000000036,-0.058875287755780235,-0.36368766544146586,-0.2244,-0.0180999999999999
2021-08-16,1786.9000244140625,-1.1,2.36,0.006569223434738092,-0.020000000000000018,-0.010000000000000231,-0.02293197636177821,-0.36604458713459576,-0.244,-0.0196
2021-08-17,1785.0,-1.07,2.33,-0.0010638733336794104,0.030000000000000027,-0.029999999999999805,-0.016631462234201116,-0.34284811435727697,-0.2468,-0.0027999999999999
2021-08-18,1781.5999755859375,-1.05,2.32,-0.0019065919740288706,0.020000000000000018,-0.010000000000000231,-0.02934988803171135,-0.34226851196655933,-0.2456,0.0011999999999999
2021-08-19,1780.199951171875,-1.04,2.28,-0.000786133143328982,0.010000000000000009,-0.040000000000000036,-0.04814284217730574,-0.34619774263635034,-0.2518,-0.0062
2021-08-20,1781.0,-1.01,2.27,0.00044931419327998157,0.030000000000000027,-0.009999999999999787,-0.11150812925724352,-0.35023318904306666,-0.2471,0.0047
2021-08-23,1803.199951171875,-1.02,2.27,0.01238783291725376,-0.010000000000000009,0.0,-0.1359519097162654,-0.3695193629253884,-0.2508,-0.0037
2021-08-24,1805.5999755859375,-1.01,2.3,0.0013300957751090081,0.010000000000000009,0.029999999999999805,-0.17314225336572145,-0.37110070153765695,-0.2393,0.0115
2021-08-25,1788.199951171875,-1.0,2.35,-0.009683432986546947,0.010000000000000009,0.050000000000000266,-0.2583131307198806,-0.35718912088215443,-0.219,0.0203
2021-08-26,1792.199951171875,-0.99,2.33,0.00223438820984434,0.010000000000000009,-0.020000000000000018,-0.31200382629346535,-0.34852823063422983,-0.2119,0.0070999999999999
2021-08-27,1816.5999755859375,-1.08,2.39,0.013522720423364554,-0.09000000000000008,0.06000000000000005,-0.3479172867625295,-0.44221694771252096,-0.2233,-0.0113999999999999
2021-08-30,1809.0,-1.08,2.37,-0.004192402233391235,0.0,-0.020000000000000018,-0.3608955189788536,-0.4588303225655331,-0.235,-0.0116999999999999
2021-08-31,1815.0,-1.03,2.33,0.00331126130365611,0.050000000000000044,-0.040000000000000036,-0.355272545628006,-0.42683286103811435,-0.2339,0.0010999999999999
2021-09-01,1813.0999755859375,-1.03,2.34,-0.0010473937325583549,0.0,0.009999999999999787,-0.3685666317533398,-0.4196298740231544,-0.2337,0.0002
2021-09-02,1808.699951171875,-1.03,2.32,-0.0024297457991773186,0.0,-0.020000000000000018,-0.3745331080538639,-0.4219225797273804,-0.2369,-0.0032
2021-09-03,1830.9000244140625,-1.01,2.34,0.01219933438580334,0.020000000000000018,0.020000000000000018,-0.3042070423284781,-0.40301773858028117,-0.2295,0.0073999999999999
2021-09-08,1790.699951171875,-1.03,2.38,-0.0028997250439291022,-0.050000000000000044,0.020000000000000018,-0.2761949649590004,-0.4354008615781746,-0.2155,-0.0047999999999999
2021-09-09,1797.4000244140625,-1.08,2.38,0.0037346122321668673,-0.050000000000000044,0.0,-0.27409858121571967,-0.4385673159912325,-0.2268,-0.0113
2021-09-10,1789.5999755859375,-1.05,2.4,-0.00434907227353154,0.030000000000000027,0.020000000000000018,-0.21153519807703672,-0.4634216128828236,-0.2163,0.0105
2021-09-13,1792.0,-1.04,2.37,0.0013401970011459596,0.010000000000000009,-0.029999999999999805,-0.16690240233168524,-0.48614361408001117,-0.2205,-0.0042
2021-09-14,1804.699951171875,-1.05,2.33,0.007062031376286804,-0.010000000000000009,-0.040000000000000036,-0.08714285135727805,-0.4885173416076865,-0.2348,-0.0143
2021-09-15,1792.4000244140625,-1.04,2.35,-0.006838828378295858,0.010000000000000009,0.020000000000000018,0.002224474689002859,-0.5064329615741711,-0.23,0.0047999999999999
2021-09-16,1754.5999755859375,-1.01,2.35,-0.021314620752901803,0.030000000000000027,0.0,0.0655722494655606,-0.5270434001698868,-0.2146,0.0153999999999999
2021-09-17,1749.4000244140625,-0.96,2.33,-0.0029680108385328197,0.050000000000000044,-0.020000000000000018,-0.010402551284548435,-0.5341830605803145,-0.1965,0.0181
2021-09-20,1761.800048828125,-0.98,2.29,0.007063155449170466,-0.020000000000000018,-0.040000000000000036,-0.08366499043874312,-0.5115668081316469,-0.2121,-0.0156
2021-09-21,1776.0,-0.96,2.29,0.008027603161512964,0.020000000000000018,0.0,-0.13154214512456702,-0.49250910271639226,-0.211,0.0011
2021-09-22,1776.699951171875,-0.96,2.28,0.00039403900726320273,0.0,-0.010000000000000231,-0.19442064121682862,-0.4920631796356845,-0.2083,0.0026999999999999
2021-09-23,1747.699951171875,-0.9,2.31,-0.016457073725568705,0.05999999999999994,0.03000000000000025,-0.41545013369478634,-0.5258608429965776,-0.1731,0.0352
2021-09-24,1749.699951171875,-0.87,2.34,0.0011437069101942754,0.030000000000000027,0.029999999999999805,-0.5718303415477899,-0.5175862237965986,-0.1448,0.0282999999999999
2021-09-27,1750.0,-0.87,2.35,0.00017147117355520436,0.0,0.010000000000000231,-0.667138824226472,-0.4858838168393666,-0.1278,0.017
2021-09-28,1735.800048828125,-0.84,2.38,-0.008147357577374947,0.030000000000000027,0.029999999999999805,-0.7527044833814485,-0.4830096912944757,-0.1048,0.0229999999999999
2021-09-29,1721.5,-0.82,2.37,-0.008272426561606316,0.020000000000000018,-0.009999999999999787,-0.816897229048296,-0.49072754621939074,-0.0969,0.0079
2021-09-30,1755.300048828125,-0.85,2.37,0.01944380650125943,-0.030000000000000027,0.0,-0.828741722032717,-0.5265874976687134,-0.1031,-0.0061999999999999
2021-10-01,1757.0,-0.9,2.38,0.0009679989072592932,-0.050000000000000044,0.009999999999999787,-0.8440928736837479,-0.5092973898185424,-0.1222,-0.0191
2021-10-04,1766.199951171875,-0.89,2.38,0.005222509201740166,0.010000000000000009,0.0,-0.8444449193948561,-0.5099936563369999,-0.1227,-0.0005
2021-10-05,1759.5999755859375,-0.91,2.45,-0.003743821789051971,-0.020000000000000018,0.07000000000000028,-0.8462782924671652,-0.4941663879646586,-0.1072,0.0155
2021-10-06,1760.5,-0.9,2.43,0.0005113629953221732,0.010000000000000009,-0.020000000000000018,-0.8495699902599723,-0.49506348128116473,-0.1038,0.0034
2021-10-07,1757.9000244140625,-0.88,2.46,-0.001477930901064184,0.020000000000000018,0.029999999999999805,-0.8507396977537821,-0.4969021672521855,-0.0862,0.0176
2021-10-08,1756.300048828125,-0.89,2.5,-0.000910577464654061,-0.010000000000000009,0.040000000000000036,-0.8537505065643335,-0.49830281207586596,-0.0688,0.0174
2021-10-13,1793.699951171875,-0.96,2.52,0.019933037412386057,-0.05999999999999994,0.029999999999999805,-0.8273978574830573,-0.5173179093867333,-0.0676,-0.0022999999999999
2021-10-14,1796.699951171875,-1.0,2.52,0.00167112342901099,-0.040000000000000036,0.0,-0.824440771747002,-0.5537325846846995,-0.0836,-0.016
2021-10-15,1767.199951171875,-0.97,2.56,-0.01655527628627862,0.030000000000000027,0.040000000000000036,-0.8147814733792575,-0.5716566554140718,-0.0606,0.0229999999999999
2021-10-18,1764.800048828125,-0.95,2.54,-0.0013589483086544618,0.020000000000000018,-0.020000000000000018,-0.8051620990288677,-0.5702673726166819,-0.0499,0.0107
2021-10-19,1769.699951171875,-0.89,2.54,0.0027726159189187527,0.05999999999999994,0.0,-0.8305073815595758,-0.5603222039233646,-0.0333,0.0165999999999999
2021-10-20,1784.0999755859375,-0.92,2.57,0.0081040596104609,-0.030000000000000027,0.029999999999999805,-0.8172239513322817,-0.5639558502177818,-0.0286,0.0047
2021-10-21,1781.199951171875,-0.96,2.64,-0.0016268056619157534,-0.039999999999999925,0.07000000000000028,-0.8069467649043882,-0.5828142441825086,-0.006,0.0226
2021-10-22,1795.5,-0.98,2.64,0.007996267631640741,-0.020000000000000018,0.0,-0.787741702494745,-0.596797027026164,-0.0077,-0.0017
2021-10-25,1806.0,-1.02,2.66,0.005830920310793353,-0.040000000000000036,0.020000000000000018,-0.7944353167210375,-0.598863473423812,-0.0183,-0.0106
2021-10-26,1792.699951171875,-1.06,2.69,-0.007391618953336732,-0.040000000000000036,0.029999999999999805,-0.7926570369518191,-0.5435046186556965,-0.0236,-0.0052999999999999
2021-10-27,1797.9000244140625,-1.11,2.65,0.0028964946878655695,-0.050000000000000044,-0.040000000000000036,-0.7803446435896939,-0.5383048067738425,-0.0486,-0.0249999999999999
2021-10-28,1801.5999755859375,-1.0,2.57,0.0020558146825893076,0.1100000000000001,-0.08000000000000007,-0.7727626584844763,-0.436643456944681,-0.0429,0.0056999999999999
2021-10-29,1783.0,-0.96,2.51,-0.010377806530908806,0.040000000000000036,-0.06000000000000005,-0.8226359945618936,-0.4493375376618566,-0.0441,-0.0011999999999999
2021-11-01,1795.0999755859375,-0.92,2.5,0.006763378213492821,0.039999999999999925,-0.009999999999999787,-0.8207940042508833,-0.4076408061058029,-0.0342,0.0098999999999999
2021-11-02,1788.699951171875,-0.95,2.51,-0.0035716453755405553,-0.029999999999999916,0.009999999999999787,-0.8381973225012163,-0.3794151016540708,-0.05,-0.0158
2021-11-03,1763.5999755859375,-0.93,2.53,-0.014131911060620617,0.019999999999999907,0.020000000000000018,-0.8368066805524921,-0.409368458342559,-0.0381,0.0119
2021-11-04,1793.0,-1.03,2.56,0.016533033964661215,-0.09999999999999998,0.03000000000000025,-0.8418078182940054,-0.4918147781338303,-0.0673,-0.0291999999999999
2021-11-05,1816.4000244140625,-1.09,2.54,0.012966339059569343,-0.06000000000000005,-0.020000000000000018,-0.8653005642710658,-0.47364864757557273,-0.1019,-0.0346
2021-11-08,1827.4000244140625,-1.11,2.62,0.00603767125981669,-0.020000000000000018,0.08000000000000007,-0.8822205520123588,-0.4814207872910071,-0.0839,0.018
2021-11-09,1830.199951171875,-1.17,2.63,0.0015310188776389566,-0.05999999999999983,0.009999999999999787,-0.8950569102218432,-0.4698305441849872,-0.1019,-0.018
2021-11-10,1847.5999755859375,-1.14,2.7,0.009462262540359312,0.030000000000000027,0.07000000000000028,-0.9017795080804601,-0.4106898038757786,-0.0558,0.0461
2021-11-15,1866.0999755859375,-1.13,2.76,-0.0009641397790911554,0.020000000000000018,0.029999999999999805,-0.8945151377716939,-0.3904097036923949,-0.0172,0.0201
2021-11-16,1853.5999755859375,-1.1,2.73,-0.006720997509486182,0.029999999999999805,-0.029999999999999805,-0.8909993253535639,-0.41946579179435656,-0.0079,0.0093
2021-11-17,1869.699951171875,-1.1,2.7,0.008648283108735555,0.0,-0.029999999999999805,-0.8802530766582028,-0.41768537145581247,-0.0145,-0.0066
2021-11-18,1861.0,-1.14,2.73,-0.004663986413491195,-0.039999999999999813,0.029999999999999805,-0.8845591024272883,-0.3996656045577234,-0.0226,-0.0080999999999999
2021-11-19,1851.199951171875,-1.11,2.65,-0.005279926579310867,0.029999999999999805,-0.08000000000000007,-0.8830133391202579,-0.41345268354340053,-0.0334,-0.0108
2021-11-22,1806.0,-0.98,2.61,-0.024719596086009155,0.13000000000000012,-0.040000000000000036,-0.8718857248057797,-0.5554676294537926,0.0019,0.0353
2021-11-23,1783.5,-0.95,2.62,-0.01253672917798454,0.030000000000000027,0.010000000000000231,-0.8640861699842408,-0.5650842000069057,0.0187,0.0168
2021-11-24,1784.0999755859375,-0.97,2.61,0.00033634689746619983,-0.020000000000000018,-0.010000000000000231,-0.8558285240887558,-0.5636298906483095,0.0205,0.0017999999999999
2021-11-29,1782.300048828125,-1.02,2.54,-0.0016818032430743202,0.050000000000000044,-0.009999999999999787,-0.827149308750843,-0.5040652289063345,-0.0568,-0.0085
2021-11-30,1773.5999755859375,-1.07,2.5,-0.0048933268890927195,-0.050000000000000044,-0.040000000000000036,-0.7905483053380405,-0.4720931831657539,-0.0822,-0.0253999999999999
2021-12-01,1781.5999755859375,-1.01,2.44,0.004500457702866889,0.06000000000000005,-0.06000000000000005,-0.7800147500011572,-0.4397368871771175,-0.0871,-0.0049
2021-12-02,1760.699951171875,-1.03,2.47,-0.011800393739535231,-0.020000000000000018,0.03000000000000025,-0.7460722515877711,-0.43487350946057945,-0.0782,0.0088999999999999
2021-12-03,1782.0,-1.08,2.43,0.01202489953057917,-0.050000000000000044,-0.040000000000000036,-0.721644124805305,-0.44766985851073854,-0.1105,-0.0322999999999999
2021-12-06,1777.5,-1.01,2.44,-0.002528446353358582,0.07000000000000006,0.009999999999999787,-0.7165356344229237,-0.4530607575502247,-0.092,0.0185
2021-12-07,1782.5999755859375,-0.99,2.47,0.002865076323460336,0.020000000000000018,0.03000000000000025,-0.7230690774434289,-0.44339125882969266,-0.0694,0.0225999999999999
2021-12-08,1783.4000244140625,-1.0,2.52,0.00044870938953955886,-0.010000000000000009,0.04999999999999982,-0.7287065283405494,-0.4341756196566543,-0.0593,0.0101
2021-12-09,1774.5999755859375,-0.98,2.47,-0.004946636746660182,0.020000000000000018,-0.04999999999999982,-0.7416256358460969,-0.466457692990775,-0.0617,-0.0023999999999999
2021-12-10,1782.9000244140625,-0.96,2.44,0.004666234090445087,0.020000000000000018,-0.03000000000000025,-0.7646922821995641,-0.4544260681728443,-0.0641,-0.0024
2021-12-13,1786.300048828125,-0.98,2.4,0.001905203055442506,-0.020000000000000018,-0.040000000000000036,-0.7692385679278751,-0.5100735428210905,-0.0822,-0.0180999999999999
2021-12-14,1770.4000244140625,-0.93,2.37,-0.008940945262644107,0.04999999999999993,-0.029999999999999805,-0.7748385170604682,-0.512224245087633,-0.0789,0.0032999999999999
2021-12-15,1762.5999755859375,-0.92,2.39,-0.004415545712583402,0.010000000000000009,0.020000000000000018,-0.8065409955908782,-0.5461092806865759,-0.0671,0.0117999999999999
2021-12-16,1796.5999755859375,-0.98,2.42,0.019105998391674817,-0.05999999999999994,0.029999999999999805,-0.8076844152572107,-0.5866503453330222,-0.0875,-0.0203999999999999
2021-12-17,1803.800048828125,-0.97,2.38,0.003999601595126023,0.010000000000000009,-0.040000000000000036,-0.7855336209174488,-0.5855842166835235,-0.0967,-0.0092
2021-12-20,1793.699951171875,-0.96,2.39,-0.005615079468241468,0.010000000000000009,0.010000000000000231,-0.7810055545817172,-0.5304166938301215,-0.1022,-0.0055
2021-12-21,1787.9000244140625,-0.96,2.44,-0.0032387379200198296,0.0,0.04999999999999982,-0.7809857233337124,-0.49383696606501,-0.0823,0.0199
2021-12-22,1801.5999755859375,-1.01,2.47,0.007633384981113878,-0.050000000000000044,0.03000000000000025,-0.7767449922866811,-0.5063276647850685,-0.0814,0.0008999999999999
2021-12-23,1811.199951171875,-0.97,2.47,0.005314436655822874,0.040000000000000036,0.0,-0.7686721683413539,-0.48656541937935,-0.0698,0.0116
2021-12-28,1810.199951171875,-1.01,2.5,0.00116075276468397,0.010000000000000009,0.0,-0.7052970207057102,-0.5059755209558906,-0.0707,-0.0011
2021-12-29,1805.0999755859375,-0.98,2.53,-0.0028213310498177435,0.030000000000000027,0.029999999999999805,-0.6447164005997055,-0.5081040986720378,-0.0501,0.0206
2021-12-30,1812.699951171875,-1.06,2.58,0.004201441162821951,-0.08000000000000007,0.050000000000000266,-0.6075210584378012,-0.5092939149710174,-0.0548,-0.0047
2021-12-31,1827.5,-1.04,2.56,0.008131493091743103,0.020000000000000018,-0.020000000000000018,-0.5535724985813495,-0.4937990827623058,-0.0588,-0.0039999999999999
2022-01-03,1799.4000244140625,-0.97,2.6,-0.015495623073023879,0.07000000000000006,0.040000000000000036,-0.3777939146712432,-0.5534839913597471,-0.0167,0.0421
2022-01-04,1814.0,-0.91,2.57,0.008081062124172256,0.05999999999999994,-0.03000000000000025,-0.04377691109669716,-0.490528727079164,0.0002,0.0169
2022-01-05,1824.5999755859375,-0.82,2.53,0.00582641985579091,0.09000000000000008,-0.040000000000000036,0.17226589015198399,-0.26004974946138637,0.0263,0.0261
2022-01-06,1788.699951171875,-0.73,2.46,-0.0198716998297801,0.08999999999999997,-0.06999999999999984,0.11635280573056919,-0.35099789460162717,0.0477,0.0214
2022-01-07,1797.0,-0.72,2.48,0.004629536082466856,0.010000000000000009,0.020000000000000018,0.1279328104928129,-0.3497408539783209,0.0673,0.0196
2022-01-10,1798.4000244140625,-0.7,2.48,0.0007787864912476294,0.020000000000000018,0.0,0.13027080497485266,-0.3785604811590406,0.0774,0.0100999999999999
2022-01-11,1818.5999755859375,-0.79,2.54,0.01116956659235857,-0.09000000000000008,0.06000000000000005,0.18894972573969285,-0.42960599682120754,0.0711,-0.0063
2022-01-12,1827.199951171875,-0.74,2.48,0.00471775287160181,0.050000000000000044,-0.06000000000000005,0.2480944767377688,-0.4536247094384519,0.065,-0.0060999999999999
2022-01-13,1821.199951171875,-0.73,2.43,-0.0032891160891033167,0.010000000000000009,-0.04999999999999982,0.29747586448247015,-0.47813511139749815,0.0486,-0.0164
2022-01-14,1816.5,-0.66,2.44,-0.002584024988407485,0.06999999999999995,0.009999999999999787,0.30797406079155787,-0.5424381045507453,0.0764,0.0278
2022-01-19,1843.0999755859375,-0.57,2.4,0.01685213955594911,0.020000000000000018,-0.06000000000000005,0.4051979315158163,-0.4672006786646548,0.1079,-0.0052999999999999
2022-01-20,1842.5,-0.5,2.33,-0.00032557824789059,0.06999999999999995,-0.06999999999999984,0.48889648309419004,-0.46446560839204726,0.1035,-0.0044
2022-01-21,1831.800048828125,-0.59,2.34,-0.005824228438788381,-0.08999999999999997,0.009999999999999787,0.5128266236823239,-0.368681737130601,0.0719,-0.0315999999999999
2022-01-24,1841.699951171875,-0.63,2.38,0.005389914964327502,-0.040000000000000036,0.040000000000000036,0.5359518236132075,-0.3786687812257328,0.0584,-0.0135
2022-01-25,1852.699951171875,-0.63,2.41,0.005954976611818985,0.0,0.03000000000000025,0.5592896729968271,-0.3842018385291145,0.0662,0.0077999999999999
2022-01-26,1829.9000244140625,-0.53,2.38,-0.012382674325461807,0.09999999999999998,-0.03000000000000025,0.5616689216673522,-0.4379164737086436,0.1015,0.0353
2022-01-27,1793.300048828125,-0.59,2.4,-0.020203808692924596,-0.05999999999999994,0.020000000000000018,0.49578129144254135,-0.27129308494632404,0.0994,-0.0021
2022-01-28,1784.9000244140625,-0.66,2.44,-0.004695120268888964,-0.07000000000000006,0.040000000000000036,0.4337759771785978,-0.2352722183719672,0.0789,-0.0205
2022-01-31,1795.0,-0.65,2.44,0.005642617008804862,0.010000000000000009,0.0,0.3752292563828181,-0.164655507422362,0.0721,-0.0068
2022-02-01,1800.300048828125,-0.62,2.43,0.0029483228634132885,0.030000000000000027,-0.009999999999999787,0.33483144718810415,-0.16023671825630523,0.0735,0.0013999999999999
2022-02-02,1809.199951171875,-0.63,2.41,0.004931386829102102,-0.010000000000000009,-0.020000000000000018,0.2979100456814592,-0.16809143882374428,0.0641,-0.0093999999999999
2022-02-03,1803.0,-0.56,2.38,-0.003432787411576932,0.06999999999999995,-0.03000000000000025,0.22500686939286307,-0.18327421290612703,0.078,0.0138999999999999
2022-02-04,1806.5999755859375,-0.48,2.41,0.001994667998608257,0.08000000000000007,0.03000000000000025,0.16635122611090736,-0.14264902725754666,0.124,0.046
2022-02-07,1820.5999755859375,-0.48,2.4,0.007719491459363681,0.0,-0.010000000000000231,0.1744918485275965,-0.15935448440775452,0.1219,-0.0021
2022-02-08,1826.5999755859375,-0.46,2.42,0.0032901982304380795,0.019999999999999962,0.020000000000000018,0.18650725106131646,-0.17223548111524403,0.1375,0.0156
2022-02-09,1835.199951171875,-0.48,2.42,0.004697138876945672,-0.019999999999999962,0.0,0.2172081017410641,-0.1814975696423658,0.1408,0.0032999999999999
2022-02-10,1836.199951171875,-0.42,2.45,0.0005447513489835742,0.06,0.03000000000000025,0.23554846241237154,-0.17747455397576692,0.1787,0.0378999999999999
2022-02-11,1840.800048828125,-0.51,2.43,0.0025020941289906062,-0.09000000000000002,-0.020000000000000018,0.2708787517009808,-0.1654912593675041,0.1368,-0.0418999999999999
2022-02-14,1868.0,-0.5,2.48,0.014668053542140846,0.010000000000000009,0.04999999999999982,0.40561218677101424,-0.16899258429612052,0.1441,0.0073
2022-02-15,1854.800048828125,-0.43,2.48,-0.007091439946204758,0.07,0.0,0.4215212292486991,-0.14587988657104953,0.1615,0.0174
2022-02-16,1870.199951171875,-0.43,2.46,0.008268451050257752,0.0,-0.020000000000000018,0.5005729071437406,-0.17781330959329383,0.157,-0.0045
2022-02-17,1900.699951171875,-0.46,2.43,0.01617686277440189,-0.030000000000000027,-0.029999999999999805,0.5684420105436883,-0.24441745061964412,0.138,-0.0189999999999999
2022-02-18,1898.5999755859375,-0.49,2.41,-0.0011054540785266909,-0.02999999999999997,-0.020000000000000018,0.5431091752942208,-0.13277360469890387,0.1211,-0.0169
2022-02-23,1909.199951171875,-0.54,2.53,0.001625023629923561,-0.030000000000000027,0.07999999999999963,0.4591812121764721,-0.13399658956264263,0.1372,0.0155999999999999
2022-02-24,1925.0999755859375,-0.59,2.55,0.008293621186042266,-0.04999999999999993,0.020000000000000018,0.38655671676769027,-0.0961751163932271,0.1312,-0.0059999999999999
2022-02-25,1886.5,-0.57,2.54,-0.020254641338243395,0.020000000000000018,-0.009999999999999787,0.3734317928096885,-0.12006408695751565,0.1391,0.0078999999999999
2022-02-28,1899.4000244140625,-0.79,2.62,0.00681479925805295,-0.22000000000000008,0.08000000000000007,0.1621230221268363,-0.16499439052289336,0.0768,-0.0623
2022-03-01,1942.4000244140625,-0.9,2.62,0.022386274771780457,-0.10999999999999999,0.0,-0.15527315653299095,-0.2463828728163628,0.0117,-0.0650999999999999
2022-03-02,1920.9000244140625,-0.85,2.71,-0.011130495531632256,0.050000000000000044,0.08999999999999986,-0.27423956382447695,-0.26428279651367526,0.0638,0.0520999999999999
2022-03-03,1934.4000244140625,-0.83,2.69,0.007003374578962607,0.020000000000000018,-0.020000000000000018,-0.3613397585655215,-0.28961727902724704,0.0684,0.0046
2022-03-04,1965.0999755859375,-0.93,2.67,0.015745908688366228,-0.10000000000000009,-0.020000000000000018,-0.47164276355386325,-0.3331972984307617,0.0239,-0.0445
2022-03-07,1993.9000244140625,-0.99,2.77,0.01454940988733533,-0.05999999999999994,0.10000000000000009,-0.5786428682507391,-0.39565862171438904,0.028,0.0040999999999999
2022-03-08,2040.0999755859375,-1.04,2.9,0.022906282220362506,-0.050000000000000044,0.1299999999999999,-0.6748149398592703,-0.4028999765316979,0.0626,0.0346
2022-03-09,1985.9000244140625,-0.9,2.84,-0.02692659011377163,0.14,-0.06000000000000005,-0.7039935017519522,-0.5114019961732817,0.0949,0.0322999999999999
2022-03-10,1998.0999755859375,-0.88,2.86,0.00612449262362702,0.020000000000000018,0.020000000000000018,-0.7209311859234915,-0.47053399320778794,0.1233,0.0284
2022-03-11,1982.699951171875,-0.94,2.94,-0.007737189270017986,-0.05999999999999994,0.08000000000000007,-0.7497506837877987,-0.5257766527958938,0.1393,0.016
2022-03-14,1959.5999755859375,-0.79,2.93,-0.011719169211707126,0.1499999999999999,-0.009999999999999787,-0.7865496342899452,-0.5969140331889609,0.1947,0.0554
2022-03-15,1928.5,-0.69,2.84,-0.01599785965743994,0.10000000000000009,-0.0900000000000003,-0.8150241499645697,-0.6282156593236196,0.2069,0.0121999999999999
2022-03-16,1908.0,-0.61,2.8,-0.01068692564005147,0.07999999999999996,-0.040000000000000036,-0.8371753047924415,-0.6449569727821656,0.2366,0.0297
2022-03-17,1942.0999755859375,-0.71,2.91,0.01771427625221378,-0.09999999999999998,0.11000000000000032,-0.8626921758088029,-0.6638729305030355,0.2502,0.0135999999999999
2022-03-18,1928.199951171875,-0.72,2.86,-0.007182949353329526,-0.010000000000000009,-0.050000000000000266,-0.8820828713558475,-0.6524777897707575,0.2377,-0.0124999999999999
2022-03-21,1928.5999755859375,-0.58,2.9,0.00020743851021265414,0.14,0.040000000000000036,-0.8791942643906213,-0.6380031666685483,0.297,0.0592999999999999
2022-03-22,1920.699951171875,-0.53,2.91,-0.004104660928568649,0.04999999999999993,0.010000000000000231,-0.8719597126613846,-0.6445080156076605,0.3307,0.0337
2022-03-23,1936.5999755859375,-0.62,2.94,0.00824416808200823,-0.08999999999999997,0.029999999999999805,-0.8648929952965451,-0.6500653715057826,0.3191,-0.0116
2022-03-24,1961.5999755859375,-0.58,2.92,0.012826608725130306,0.040000000000000036,-0.020000000000000018,-0.838015856828119,-0.6228832694858859,0.3255,0.0064
2022-03-25,1953.800048828125,-0.47,2.95,-0.003984235085693122,0.10999999999999999,0.03000000000000025,-0.7817207894683896,-0.6264400968746693,0.3918,0.0662999999999999
2022-03-28,1939.5999755859375,-0.49,2.95,-0.007294465566171304,-0.020000000000000018,0.0,-0.764920405513673,-0.6247016919715991,0.3914,-0.0003999999999999
2022-03-29,1912.0,-0.45,2.86,-0.01433193903268748,0.03999999999999998,-0.0900000000000003,-0.7574231845116104,-0.6413293024887933,0.3684,-0.023
2022-03-30,1933.5,-0.51,2.86,0.011182017436005331,-0.06,0.0,-0.7320272823405232,-0.6419663789908072,0.3389,-0.0295
2022-03-31,1949.199951171875,-0.52,2.84,0.00808717487165822,-0.010000000000000009,-0.020000000000000018,-0.6900500059907052,-0.6442007533745454,0.32,-0.0188999999999999
2022-04-01,1919.0999755859375,-0.41,2.8,-0.015562693516429249,0.11000000000000004,-0.040000000000000036,-0.6758068552180293,-0.6669299362271465,0.3539,0.0338999999999999
2022-04-04,1929.199951171875,-0.38,2.8,0.005249070482197915,0.02999999999999997,0.0,-0.6501132087073105,-0.6634799935150218,0.3562,0.0023
2022-04-05,1922.9000244140625,-0.3,2.84,-0.0032709080317570027,0.08000000000000002,0.040000000000000036,-0.6325475404168629,-0.6616645681224664,0.4026,0.0464
2022-04-06,1918.4000244140625,-0.22,2.83,-0.00234295785350902,0.07999999999999999,-0.009999999999999787,-0.6242778061293274,-0.6600102487129427,0.4281,0.0254999999999999
2022-04-07,1933.800048828125,-0.16,2.82,0.007995486299765986,0.06,-0.010000000000000231,-0.5913726949570611,-0.6361600326041726,0.4482,0.0201
2022-04-08,1941.5999755859375,-0.15,2.87,0.004025358538915391,0.010000000000000009,0.050000000000000266,-0.569943343618405,-0.662202600104739,0.4805,0.0322999999999999
2022-04-11,1944.300048828125,-0.12,2.91,0.001389677377058085,0.03,0.040000000000000036,-0.5955360143228612,-0.7161617706356573,0.4966,0.0161
2022-04-12,1972.0999755859375,-0.14,2.86,0.014196912221042801,-0.020000000000000018,-0.050000000000000266,-0.5272117239665475,-0.6863977450838971,0.4628,-0.0338
2022-04-13,1981.0,-0.1,2.8,0.004502815262256377,0.04000000000000001,-0.06000000000000005,-0.47363502169284316,-0.6839507456497063,0.4507,-0.0121
2022-04-14,1970.9000244140625,-0.06,2.89,-0.005111464112836472,0.04000000000000001,0.0900000000000003,-0.432185822960811,-0.6859739240656905,0.4991,0.0484
2022-04-19,1955.699951171875,0.0,2.93,-0.0138122712855413,0.07,0.010000000000000231,-0.2580858167665,-0.6484023821690906,0.5547,0.0427999999999999
2022-04-20,1952.300048828125,-0.07,2.92,-0.0017399709321992418,-0.07,-0.010000000000000231,-0.04656558877479003,-0.595606312641438,0.5389,-0.0157999999999999
2022-04-21,1944.9000244140625,-0.12,3.02,-0.0037976152973984156,-0.04999999999999999,0.10000000000000009,0.052722051548522636,-0.5136676021667961,0.5622,0.0232999999999999
2022-04-22,1931.0,-0.08,2.98,-0.0071725709734078436,0.039999999999999994,-0.040000000000000036,0.19673724771349943,-0.516707491537056,0.5622,0.0
2022-04-25,1893.199951171875,-0.1,2.91,-0.01976951018774109,-0.020000000000000004,-0.06999999999999984,0.27296647586685613,-0.48230059474572523,0.51,-0.0522
2022-04-26,1901.4000244140625,-0.08,2.85,0.004321976524201965,0.020000000000000004,-0.06000000000000005,0.2682483404391365,-0.44928956862276426,0.4752,-0.0348
2022-04-27,1885.9000244140625,-0.06,2.88,-0.00818529630107978,0.020000000000000004,0.029999999999999805,0.1493418609616209,-0.4042643176187107,0.4848,0.0095999999999999
2022-04-28,1888.699951171875,-0.12,2.97,0.0014835623851352508,-0.06,0.0900000000000003,0.04166904743313435,-0.37863641239497886,0.5063,0.0214999999999999
2022-04-29,1909.300048828125,0.01,2.88,0.010847972444223863,0.13,-0.0900000000000003,0.013129594906331353,-0.17460169810363044,0.534,0.0277
2022-05-02,1861.800048828125,0.18,2.81,-0.025192920384565554,0.16999999999999998,-0.06999999999999984,-0.1734304518775778,-0.34461903831685553,0.5674,0.0333999999999999
2022-05-03,1868.800048828125,0.14,2.83,0.0037527518532813886,-0.03999999999999998,0.020000000000000018,-0.28198552078517747,-0.3821523342103745,0.5728,0.0053999999999999
2022-05-04,1867.0,0.07,2.86,-0.0009636752202482057,-0.07,0.029999999999999805,-0.36350836201125075,-0.36587344526612653,0.55,-0.0227999999999999
2022-05-05,1874.0,0.18,2.87,0.0037423192566450325,0.10999999999999999,0.010000000000000231,-0.428886591789625,-0.296571326627088,0.5935,0.0434999999999999
2022-05-06,1881.199951171875,0.26,2.86,0.0038346613166861943,0.08000000000000002,-0.010000000000000231,-0.4400827324057243,-0.2977377236404955,0.633,0.0394999999999999
2022-05-09,1857.0999755859375,0.3,2.75,-0.012893727062383675,0.03999999999999998,-0.10999999999999988,-0.48544262977335106,-0.2965415560067823,0.5996,-0.0333999999999999
2022-05-10,1839.9000244140625,0.34,2.65,-0.009304882483388788,0.040000000000000036,-0.10000000000000009,-0.5520703680177735,-0.3186618527958591,0.5752,-0.0243999999999999
2022-05-11,1852.5999755859375,0.21,2.7,0.0068788090723765904,-0.13000000000000003,0.050000000000000266,-0.6155646971794196,-0.35208469915197127,0.5519,-0.0233000000000001
2022-05-12,1823.800048828125,0.25,2.59,-0.015667781369351985,0.04000000000000001,-0.11000000000000032,-0.6648959003084148,-0.3135812444087842,0.5079,-0.0439999999999999
2022-05-13,1807.4000244140625,0.24,2.69,-0.009032901296614604,-0.010000000000000009,0.10000000000000009,-0.6922703713612741,-0.28391383704241635,0.5264,0.0184999999999999
2022-05-16,1813.5,0.2,2.68,0.0033693177472660096,-0.03999999999999998,-0.009999999999999787,-0.7391448004644635,-0.2498035398425776,0.4971,-0.0292999999999999
2022-05-17,1818.199951171875,0.27,2.71,0.0025882941096000422,0.07,0.029999999999999805,-0.7821814646478099,-0.24006532897412955,0.5312,0.0341
2022-05-18,1815.9000244140625,0.17,2.72,-0.0012657478221989038,-0.1,0.010000000000000231,-0.8054375798636328,-0.2307079511857059,0.5054,-0.0258
2022-05-19,1841.199951171875,0.25,2.59,0.013836280412999002,0.07999999999999999,-0.13000000000000034,-0.8269475840636376,-0.16553588177603634,0.4799,-0.0254999999999999
2022-05-20,1841.800048828125,0.23,2.55,0.00032587437499831395,-0.01999999999999999,-0.040000000000000036,-0.8312054666812232,-0.1954182119697031,0.4552,-0.0247
2022-05-23,1847.800048828125,0.26,2.6,0.0032523878632941816,0.03,0.050000000000000266,-0.8289237501157267,-0.19015203624688154,0.4769,0.0216999999999999
2022-05-24,1865.0999755859375,0.21,2.55,0.009318889191803237,-0.05000000000000002,-0.050000000000000266,-0.8211006809355418,-0.22151054218714072,0.434,-0.0428999999999999
2022-05-25,1846.199951171875,0.19,2.56,-0.010185211745309175,-0.01999999999999999,0.010000000000000231,-0.8075983806659407,-0.18894753407714224,0.4152,-0.0187999999999999
2022-05-26,1847.4000244140625,0.13,2.62,0.0006498122657294658,-0.06,0.06000000000000005,-0.7923354705567861,-0.20960137948179408,0.4094,-0.0058
2022-05-27,1851.300048828125,0.11,2.63,0.002108862996304417,-0.020000000000000004,0.009999999999999787,-0.7813642857202658,-0.21044113047477436,0.4099,0.0005
2022-06-01,1843.300048828125,0.29,2.65,0.0003256091489705071,0.07999999999999999,0.009999999999999787,-0.7926291631487884,-0.16876082535811074,0.4892,0.0475
2022-06-02,1866.5,0.26,2.66,0.012507549362994475,-0.02999999999999997,0.010000000000000231,-0.7658010630264841,-0.19448860226346512,0.4907,0.0015
2022-06-03,1845.4000244140625,0.22,2.74,-0.011368949980496978,-0.04000000000000001,0.08000000000000007,-0.7263131287847879,-0.17293025536469317,0.4997,0.0089999999999999
2022-06-06,1839.199951171875,0.28,2.76,-0.0033654014737374283,0.060000000000000026,0.019999999999999574,-0.6863337209885778,-0.16910314914235305,0.5301,0.0304
2022-06-07,1847.5,0.25,2.73,0.0045027059219524546,-0.030000000000000027,-0.029999999999999805,-0.6525749538894022,-0.22557734777885638,0.5151,-0.015
2022-06-08,1851.9000244140625,0.28,2.75,0.0023787784288540337,0.030000000000000027,0.020000000000000018,-0.5814456804813004,-0.22529572016055205,0.5239,0.0088
2022-06-09,1848.800048828125,0.29,2.75,-0.0016753458803275834,0.009999999999999953,0.0,-0.5251987868899225,-0.22465940612842156,0.5314,0.0074999999999999
2022-06-10,1871.5,0.39,2.76,0.012203441973600349,0.10000000000000003,0.009999999999999787,-0.3133772392175332,-0.1496232155369477,0.5873,0.0559
2022-06-13,1828.0,0.69,2.74,-0.023517775330388346,0.29999999999999993,-0.019999999999999574,-0.186814845301482,-0.43132971030595507,0.6825,0.0951999999999999
2022-06-14,1809.5,0.89,2.6,-0.010171909010297853,0.20000000000000007,-0.14000000000000012,-0.3629667533858322,-0.38008073740629333,0.7001,0.0175999999999999
2022-06-15,1815.300048828125,0.63,2.7,0.003200206190689947,-0.26,0.10000000000000009,-0.4060060059049255,-0.36396302804792324,0.6176,-0.0824999999999999
2022-06-16,1845.699951171875,0.66,2.62,0.01660781266368705,0.030000000000000027,-0.08000000000000007,-0.3334387176413784,-0.3392950072464548,0.584,-0.0336
2022-06-17,1835.5999755859375,0.67,2.58,-0.005487192637812832,0.010000000000000009,-0.040000000000000036,-0.3110384128650434,-0.35708817327202524,0.5783,-0.0056999999999999
2022-06-22,1834.300048828125,0.62,2.54,-0.0001634968281960525,-0.07999999999999996,-0.06999999999999984,-0.31722551730095533,-0.3674442151449663,0.5207,-0.0622999999999999
2022-06-23,1825.699951171875,0.59,2.5,-0.004699515565206092,-0.030000000000000027,-0.040000000000000036,-0.33738941912518067,-0.35457598980029836,0.4726,-0.0481
2022-06-24,1826.5,0.57,2.56,0.00043811886075140194,-0.020000000000000018,0.06000000000000005,-0.3387434747176536,-0.3305135678248854,0.4663,-0.0063
2022-06-27,1820.9000244140625,0.65,2.55,-0.0030706694898494646,0.08000000000000007,-0.010000000000000231,-0.38927630791254925,-0.336621830417543,0.4825,0.0161999999999999
2022-06-28,1817.5,0.72,2.48,-0.0018689673378133875,0.06999999999999995,-0.06999999999999984,-0.4960752263017324,-0.356340613406134,0.4837,0.0012
2022-06-29,1813.699951171875,0.74,2.36,-0.0020929997061278627,0.020000000000000018,-0.1200000000000001,-0.6064124212445468,-0.351128323281697,0.4462,-0.0375
2022-06-30,1804.0999755859375,0.65,2.33,-0.005307091775333284,-0.08999999999999997,-0.029999999999999805,-0.6661146762780701,-0.32726150680441873,0.389,-0.0571999999999999
2022-07-01,1798.9000244140625,0.54,2.34,-0.0028864583859107285,-0.10999999999999999,0.009999999999999787,-0.7225545486844595,-0.3165327385239075,0.3228,-0.0662
2022-07-06,1734.9000244140625,0.64,2.29,-0.015386252486003116,0.12,-0.009999999999999787,-0.5659206059328902,-0.3577007082570684,0.3081,0.0308999999999999
2022-07-07,1737.9000244140625,0.68,2.33,0.001727712914113333,0.040000000000000036,0.040000000000000036,-0.5615627614025263,-0.35801538412504397,0.3386,0.0305
2022-07-08,1740.5999755859375,0.72,2.37,0.001552365510466558,0.039999999999999925,0.040000000000000036,-0.5605308342228292,-0.3361877435762711,0.3757,0.0370999999999999
2022-07-11,1730.0,0.67,2.32,-0.006108458837355002,-0.04999999999999993,-0.050000000000000266,-0.553849380331334,-0.3394810211389624,0.3286,-0.0470999999999999
2022-07-12,1723.300048828125,0.64,2.32,-0.003880322870210229,-0.030000000000000027,0.0,-0.5373090971623397,-0.33004524480204106,0.2901,-0.0384999999999999
2022-07-13,1734.199951171875,0.6,2.31,0.006305098165451106,-0.040000000000000036,-0.009999999999999787,-0.5111399280386464,-0.3378276669224576,0.2564,-0.0337
2022-07-14,1704.5,0.62,2.34,-0.017274371209107464,0.020000000000000018,0.029999999999999805,-0.4832903564313853,-0.32168643344716724,0.2533,-0.0030999999999999
2022-07-15,1702.4000244140625,0.57,2.36,-0.0012327780896654872,-0.050000000000000044,0.020000000000000018,-0.43595775316365726,-0.33379877135224534,0.2428,-0.0105
2022-07-18,1709.199951171875,0.59,2.37,0.003986361713753439,0.020000000000000018,0.010000000000000231,-0.37496558408511693,-0.32122083691165965,0.2352,-0.0075999999999999
2022-07-19,1710.0,0.62,2.39,0.00046797429465961216,0.030000000000000027,0.020000000000000018,-0.3338778716906466,-0.3436473061740662,0.2497,0.0145
2022-07-20,1699.5,0.66,2.38,-0.006159280360534147,0.040000000000000036,-0.010000000000000231,-0.30577308521780383,-0.34605813347856634,0.264,0.0143
2022-07-21,1712.699951171875,0.58,2.33,0.007736953992707463,-0.08000000000000007,-0.04999999999999982,-0.22298183529798613,-0.36369263285882003,0.2026,-0.0614
2022-07-22,1727.0999755859375,0.43,2.34,0.00837264308512431,-0.14999999999999997,0.009999999999999787,-0.05938322852471098,-0.41006599740651817,0.1365,-0.0660999999999999
2022-07-25,1719.0,0.45,2.36,-0.0047009608311539,0.020000000000000018,0.020000000000000018,0.1492157570320071,-0.4109234429657875,0.1234,-0.0131
2022-07-26,1717.699951171875,0.45,2.36,-0.0007565681663264101,0.0,0.0,0.39406034200824147,-0.49632679885968245,0.1207,-0.0026999999999999
2022-07-27,1719.0999755859375,0.36,2.42,0.0008147256292714289,-0.09000000000000002,0.06000000000000005,0.4082501997832796,-0.3321688511523685,0.1066,-0.0141
2022-07-28,1750.300048828125,0.2,2.48,0.01798634584799874,-0.15999999999999998,0.06000000000000005,0.3276637993222929,-0.3750498723920766,0.0618,-0.0448
2022-07-29,1762.9000244140625,0.14,2.53,0.007172964446712449,-0.06,0.04999999999999982,0.2608644696187318,-0.40095036779453086,0.0544,-0.0074
2022-08-01,1769.0,0.09,2.51,0.003454221019279835,-0.05000000000000002,-0.020000000000000018,0.18261508474333596,-0.5039203376278323,0.021,-0.0334
2022-08-02,1771.0999755859375,0.27,2.48,0.0011863935181128937,0.18000000000000002,-0.029999999999999805,0.1278537155849505,-0.40843837122323934,0.075,0.0539999999999999
2022-08-03,1758.0,0.23,2.5,-0.007424009432775769,-0.04000000000000001,0.020000000000000018,0.0697644623559338,-0.39847785704990135,0.0836,0.0085999999999999
2022-08-04,1788.5,0.22,2.46,0.017200480453950284,-0.010000000000000009,-0.040000000000000036,-0.011680157584947577,-0.3616093285435665,0.0564,-0.0271999999999999
2022-08-05,1772.9000244140625,0.37,2.46,-0.008760642024044252,0.15,0.0,-0.053191974261874546,-0.3995374925735316,0.116,0.0596
2022-08-08,1786.800048828125,0.29,2.48,0.007809700130070318,-0.08000000000000002,0.020000000000000018,-0.11687193394789282,-0.4172734183455325,0.0948,-0.0212
2022-08-09,1794.0,0.33,2.47,0.004021425813642843,0.040000000000000036,-0.009999999999999787,-0.21433878750115562,-0.39962723273421,0.0996,0.0047999999999999
2022-08-10,1795.5999755859375,0.35,2.43,0.0008914506924311283,0.019999999999999962,-0.040000000000000036,-0.34606875443986185,-0.397959284351668,0.0895,-0.0100999999999999
2022-08-11,1789.699951171875,0.4,2.47,-0.0032912335706649642,0.050000000000000044,0.040000000000000036,-0.4905270974747295,-0.40057867862811447,0.1194,0.0299
2022-08-12,1798.5999755859375,0.37,2.47,0.004960590165981493,-0.030000000000000027,0.0,-0.5926566751436455,-0.43267549314525044,0.121,0.0015999999999999
2022-08-15,1781.4000244140625,0.35,2.44,-0.009608985203733766,-0.020000000000000018,-0.03000000000000025,-0.6551538097389566,-0.44611581313413157,0.0934,-0.0276
2022-08-16,1773.199951171875,0.38,2.44,-0.004613789368584698,0.030000000000000027,0.0,-0.6673442199083464,-0.5170174817376855,0.1,0.0066
2022-08-17,1760.300048828125,0.43,2.46,-0.0073015195437200475,0.04999999999999999,0.020000000000000018,-0.6675160341230515,-0.4709942972805219,0.1331,0.0330999999999999
2022-08-18,1755.300048828125,0.36,2.52,-0.0028444665106128753,-0.07,0.06000000000000005,-0.6776772004508856,-0.4594370827840397,0.1326,-0.0005
2022-08-19,1747.5999755859375,0.43,2.55,-0.00439640617260828,0.07,0.029999999999999805,-0.702247246159468,-0.47757143660060014,0.1691,0.0365
2022-08-22,1734.0,0.46,2.57,-0.007812525766742517,0.030000000000000027,0.020000000000000018,-0.7074860167268135,-0.5084328791001272,0.1955,0.0264
2022-08-23,1746.800048828125,0.47,2.58,0.007354692223818127,0.009999999999999953,0.010000000000000231,-0.7002772993983409,-0.5030939482876601,0.2065,0.0109999999999999
2022-08-24,1747.800048828125,0.49,2.62,0.0005723115660449807,0.020000000000000018,0.040000000000000036,-0.6993847098387905,-0.4962068613063332,0.2325,0.026
2022-08-25,1757.699951171875,0.43,2.6,0.005648226308946569,-0.06,-0.020000000000000018,-0.6705385366602702,-0.5291251617065486,0.209,-0.0235
2022-08-26,1736.0999755859375,0.47,2.57,-0.01236490425398351,0.03999999999999998,-0.03000000000000025,-0.649756278588693,-0.5431700450026689,0.2142,0.0052
2022-08-29,1736.5999755859375,0.54,2.58,0.000287960382690855,0.07000000000000006,0.010000000000000231,-0.6255478087376611,-0.5432383490449341,0.2304,0.0161999999999999
2022-08-30,1723.199951171875,0.56,2.55,-0.007746165501607116,0.020000000000000018,-0.03000000000000025,-0.6075614526514319,-0.544100080291276,0.2329,0.0025
2022-08-31,1712.800048828125,0.67,2.48,-0.0060535122831444355,0.10999999999999999,-0.06999999999999984,-0.590243688534859,-0.5531280305030363,0.2419,0.009
2022-09-01,1696.5999755859375,0.81,2.45,-0.009503252799611062,0.14,-0.029999999999999805,-0.6388780062409185,-0.566958569562326,0.2854,0.0434999999999999
2022-09-02,1709.800048828125,0.73,2.47,0.007750199166291161,-0.08000000000000007,0.020000000000000018,-0.6785948172366009,-0.5578685972199193,0.2692,-0.0161999999999999
2022-09-07,1715.300048828125,0.82,2.45,0.008724489039539485,-0.030000000000000027,-0.029999999999999805,-0.7547513043196441,-0.5744342216798676,0.2906,-0.0188999999999999
2022-09-08,1708.0,0.88,2.41,-0.004264925533493447,0.06000000000000005,-0.040000000000000036,-0.8070266617629,-0.5913526753172076,0.2937,0.0030999999999999
2022-09-09,1716.199951171875,0.91,2.42,0.004789420573202641,0.030000000000000027,0.009999999999999787,-0.8330404748127692,-0.48830459592147835,0.3072,0.0134999999999999
2022-09-12,1728.0999755859375,0.95,2.42,0.006910009010536733,0.039999999999999925,0.0,-0.8314542406696354,-0.44632321408545533,0.31,0.0028
2022-09-13,1705.0,0.98,2.44,-0.01345741421463753,0.030000000000000027,0.020000000000000018,-0.8562307482833664,-0.41454181700410064,0.3268,0.0167999999999999
2022-09-14,1696.5,0.95,2.46,-0.004997805493332841,-0.030000000000000027,0.020000000000000018,-0.8669661501029391,-0.4651501612729012,0.3222,-0.0045999999999999
2022-09-15,1665.4000244140625,1.02,2.43,-0.018501955762986633,0.07000000000000006,-0.029999999999999805,-0.8945845025182465,-0.5184492216236662,0.3397,0.0175
2022-09-16,1671.699951171875,1.07,2.38,0.0037756940386222126,0.050000000000000044,-0.050000000000000266,-0.9010530144608325,-0.5076740382048678,0.3342,-0.0055
2022-09-19,1666.199951171875,1.15,2.34,-0.0032954882641922367,0.07999999999999985,-0.040000000000000036,-0.9099728728859857,-0.4841196251697828,0.339,0.0048
2022-09-20,1659.699951171875,1.17,2.4,-0.00390872152890509,0.020000000000000018,0.06000000000000005,-0.9154113640376611,-0.43217434411227945,0.366,0.0269999999999999
2022-09-21,1664.5999755859375,1.13,2.38,0.0029480059385473822,-0.040000000000000036,-0.020000000000000018,-0.9197431561817805,-0.4637704998087426,0.3618,-0.0041999999999999
2022-09-22,1670.800048828125,1.29,2.41,0.003717743202048318,0.16000000000000014,0.03000000000000025,-0.9194288100207672,-0.3493856094479645,0.4323,0.0705
2022-09-23,1645.300048828125,1.32,2.37,-0.015379814777475964,0.030000000000000027,-0.040000000000000036,-0.9311730164311139,-0.3293631983152377,0.4584,0.0260999999999999
2022-09-26,1623.300048828125,1.56,2.32,-0.013461623673599377,0.24,-0.050000000000000266,-0.9495002387743702,-0.38385053609132697,0.5291,0.0707
2022-09-27,1626.699951171875,1.64,2.33,0.0020922483593892593,0.07999999999999985,0.010000000000000231,-0.9551441858196484,-0.4010653186930272,0.5774,0.0483
2022-09-28,1660.4000244140625,1.39,2.33,0.02050515912687434,-0.25,0.0,-0.9543847893439003,-0.5825993321710597,0.4845,-0.0929
2022-09-29,1658.5,1.57,2.19,-0.0011449724954992746,0.18000000000000016,-0.14000000000000012,-0.9461068117610079,-0.551301880694095,0.4863,0.0018
2022-09-30,1662.4000244140625,1.68,2.15,0.0023487766438892166,0.10999999999999988,-0.040000000000000036,-0.9271065589796721,-0.5494438637394591,0.5169,0.0306
2022-10-03,1692.9000244140625,1.43,2.24,0.018180693033650996,-0.25,0.0900000000000003,-0.9009162926641427,-0.6336670058033177,0.4509,-0.066
2022-10-04,1721.0999755859375,1.38,2.24,0.016520558026137167,-0.050000000000000044,0.0,-0.8464811878132745,-0.6463642665781468,0.4088,-0.0421
2022-10-05,1711.4000244140625,1.54,2.22,-0.0056518438412807015,0.16000000000000014,-0.020000000000000018,-0.7789359434408413,-0.6510464528448728,0.4514,0.0426
2022-10-06,1711.699951171875,1.61,2.22,0.00017523692601439933,0.07000000000000006,0.0,-0.6969424503788623,-0.6486877162960227,0.4908,0.0393999999999999
2022-10-07,1700.5,1.62,2.27,-0.006564674728268827,0.010000000000000009,0.04999999999999982,-0.615151324889593,-0.63165240703634,0.5241,0.0332999999999999
2022-10-12,1670.300048828125,1.62,2.29,-0.005016375012451668,0.0,-0.020000000000000018,-0.530431425962156,-0.608308484761322,0.518,-0.0148
2022-10-13,1670.0,1.63,2.34,-0.00017965381824769366,0.009999999999999787,0.04999999999999982,-0.4958953572134232,-0.6170457856227836,0.538,0.02
2022-10-14,1641.699951171875,1.59,2.41,-0.017091365852745177,-0.039999999999999813,0.07000000000000028,-0.49283296736748244,-0.543520897040212,0.5487,0.0106999999999999
2022-10-17,1657.0,1.57,2.45,0.009276477868507271,-0.020000000000000018,0.040000000000000036,-0.49985788026103173,-0.5342287827460871,0.5333,-0.0153999999999999
2022-10-18,1649.0,1.6,2.41,-0.004839694866963562,0.030000000000000027,-0.040000000000000036,-0.4886496153265452,-0.5188323877835175,0.5091,-0.0242
2022-10-19,1627.5,1.72,2.42,-0.013123948476875036,0.11999999999999988,0.009999999999999787,-0.5095534265172058,-0.5309285961942037,0.5475,0.0383999999999999
2022-10-20,1630.800048828125,1.73,2.51,0.0020256268035838687,0.010000000000000009,0.08999999999999986,-0.4995598575258672,-0.5239399843429776,0.5903,0.0428
2022-10-21,1651.0,1.69,2.52,0.012310443033820562,-0.040000000000000036,0.010000000000000231,-0.4760143997455078,-0.5329074047443385,0.5784,-0.0119
2022-10-24,1648.699951171875,1.66,2.59,-0.001394095969132536,-0.030000000000000027,0.06999999999999984,-0.43191554929656284,-0.5338751429744854,0.5835,0.0050999999999999
2022-10-25,1652.800048828125,1.59,2.51,0.002483779957048071,-0.06999999999999984,-0.08000000000000007,-0.3487212788591735,-0.547768009130273,0.538,-0.0454999999999999
2022-10-26,1664.0,1.6,2.44,0.0067534934731101615,0.010000000000000009,-0.06999999999999984,-0.2760495414054058,-0.5552657883138017,0.504,-0.034
2022-10-27,1660.699951171875,1.51,2.45,-0.0019851715705820894,-0.09000000000000008,0.010000000000000231,-0.1995056356397865,-0.5512117165282038,0.4638,-0.0402
2022-10-28,1639.5999755859375,1.51,2.51,-0.01278687607064466,0.0,0.05999999999999961,-0.21267304553504948,-0.5319621410335439,0.4838,0.02
2022-10-31,1635.9000244140625,1.58,2.52,-0.002259168215868357,0.07000000000000006,0.010000000000000231,-0.21321647127179788,-0.5400096230702047,0.5055,0.0216999999999999
2022-11-01,1645.0,1.56,2.51,0.0055472576754134195,-0.020000000000000018,-0.010000000000000231,-0.221856296400634,-0.5407791440666652,0.5052,-0.0002999999999999
2022-11-02,1645.699951171875,1.57,2.53,0.00042541173173926694,0.010000000000000009,0.020000000000000018,-0.25634812115708705,-0.5413136470313245,0.511,0.0058
2022-11-03,1627.300048828125,1.74,2.4,-0.011243566259036442,0.16999999999999993,-0.1299999999999999,-0.34174693450786203,-0.5617613619262936,0.5325,0.0214999999999999
2022-11-04,1672.5,1.69,2.48,0.027397283330208744,-0.050000000000000044,0.08000000000000007,-0.31811704784646433,-0.5817976310922481,0.5394,0.0069
2022-11-07,1676.5,1.69,2.53,0.002388773903899022,0.0,0.04999999999999982,-0.39065793911099606,-0.595361508077816,0.5583,0.0189
2022-11-08,1712.0999755859375,1.64,2.5,0.02101238604477107,-0.050000000000000044,-0.029999999999999805,-0.3714895995165996,-0.5581653493666876,0.5282,-0.0301
2022-11-09,1710.0999755859375,1.7,2.42,-0.0011688389084403283,0.06000000000000005,-0.08000000000000007,-0.27757428826003594,-0.5664556904702216,0.5127,-0.0154999999999999
2022-11-10,1750.300048828125,1.43,2.39,0.023235395651179047,-0.27,-0.029999999999999805,-0.4441395677589702,-0.5820971330905487,0.3746,-0.1381
2022-11-15,1773.800048828125,1.45,2.35,0.00011279993292134805,-0.06000000000000005,-0.020000000000000018,-0.5356020039196911,-0.5615029648032124,0.3227,-0.0366
2022-11-16,1773.0,1.38,2.29,-0.0004511383955572157,-0.07000000000000006,-0.06000000000000005,-0.6176652734432959,-0.5011819194719694,0.2659,-0.0567999999999999
2022-11-17,1760.800048828125,1.49,2.28,-0.00690474813130848,0.1100000000000001,-0.010000000000000231,-0.6319117610732156,-0.5058292664515839,0.2864,0.0204999999999999
2022-11-18,1751.9000244140625,1.57,2.25,-0.005067351765360328,0.08000000000000007,-0.029999999999999805,-0.6163645798896,-0.5087859246391399,0.3073,0.0209
2022-11-21,1737.4000244140625,1.52,2.31,-0.008311170299650783,-0.050000000000000044,0.06000000000000005,-0.6353125974002745,-0.48752810682412123,0.3176,0.0102999999999999
2022-11-22,1738.300048828125,1.44,2.32,0.000517895339190666,-0.08000000000000007,0.009999999999999787,-0.660771058739159,-0.4797058702920566,0.2838,-0.0338
2022-11-23,1744.9000244140625,1.39,2.32,0.0037896091787743558,-0.050000000000000044,0.0,-0.6803985620211666,-0.4922818694110436,0.2493,-0.0345
2022-11-28,1740.0999755859375,1.43,2.26,-0.007557185534083466,0.06999999999999984,-0.06000000000000005,-0.7087732602690598,-0.5084469001143639,0.2188,-0.0064
2022-11-29,1748.4000244140625,1.5,2.25,0.00475852916155084,0.07000000000000006,-0.009999999999999787,-0.7157472911392296,-0.5505046387149918,0.2343,0.0155
2022-11-30,1746.0,1.34,2.34,-0.0013736405532718265,-0.15999999999999992,0.08999999999999986,-0.7253841116427321,-0.500373845085891,0.1996,-0.0347
2022-12-01,1801.0999755859375,1.17,2.36,0.031070118388379697,-0.17000000000000015,0.020000000000000018,-0.7582767943719705,-0.5644290147695155,0.1372,-0.0624
2022-12-02,1795.9000244140625,1.08,2.43,-0.0028912731689034743,-0.08999999999999986,0.07000000000000028,-0.7567999947776096,-0.5052168191692255,0.119,-0.0181999999999999
2022-12-05,1767.4000244140625,1.21,2.39,-0.015996748721573084,0.1299999999999999,-0.040000000000000036,-0.7460549846635691,-0.5504227899929892,0.1541,0.0350999999999999
2022-12-06,1769.300048828125,1.2,2.31,0.0010744618189315602,-0.010000000000000009,-0.08000000000000007,-0.7407220419471485,-0.550931266844542,0.1251,-0.0289999999999999
2022-12-07,1785.5,1.16,2.26,0.009114472318120903,-0.040000000000000036,-0.050000000000000266,-0.7430877524695142,-0.5551367803500052,0.0796,-0.0454999999999999
2022-12-08,1788.699951171875,1.2,2.28,0.0017905836665894626,0.040000000000000036,0.020000000000000018,-0.752997218208427,-0.556941345978375,0.1027,0.0230999999999999
2022-12-09,1798.0999755859375,1.31,2.26,0.005241466558799424,0.1100000000000001,-0.020000000000000018,-0.7512550924193759,-0.5355327364732053,0.1316,0.0288999999999999
2022-12-12,1780.5,1.33,2.28,-0.009836314542059021,0.020000000000000018,0.020000000000000018,-0.7624016147870517,-0.5543423789060082,0.1474,0.0158
2022-12-13,1813.9000244140625,1.27,2.24,0.018585013105521853,-0.06000000000000005,-0.03999999999999959,-0.7902569656708404,-0.5739810864044845,0.0979,-0.0495
2022-12-14,1807.5,1.3,2.19,-0.003534561790434765,0.030000000000000027,-0.050000000000000266,-0.8006939032411523,-0.5723283369419743,0.0833,-0.0146
2022-12-15,1777.199951171875,1.28,2.16,-0.01690561044591643,-0.020000000000000018,-0.029999999999999805,-0.8173201162698609,-0.5379996073445693,0.0693,-0.0139999999999999
2022-12-16,1790.0,1.35,2.13,0.007176555247797367,0.07000000000000006,-0.03000000000000025,-0.8345664985322947,-0.5195457327635163,0.0716,0.0022999999999999
2022-12-19,1787.699951171875,1.42,2.15,-0.0012857697271355661,0.06999999999999984,0.020000000000000018,-0.8083701288407278,-0.4881667447847011,0.1055,0.0339
2022-12-20,1815.9000244140625,1.45,2.24,0.015651375902693054,0.030000000000000027,0.0900000000000003,-0.7218343518184152,-0.4665623215576271,0.1552,0.0497
2022-12-21,1815.9000244140625,1.41,2.27,0.0,-0.040000000000000036,0.029999999999999805,-0.6229296527552054,-0.4622783385771671,0.1712,0.0159999999999999
2022-12-22,1787.0,1.48,2.19,-0.016042989850930667,0.07000000000000006,-0.08000000000000007,-0.542110909234642,-0.4803139776004031,0.1782,0.007
2022-12-23,1795.9000244140625,1.55,2.2,0.00496806645959591,0.07000000000000006,0.010000000000000231,-0.3631889617098354,-0.4641028736754782,0.2097,0.0315
2022-12-28,1807.9000244140625,1.6,2.28,-0.0038093315032527997,0.020000000000000018,0.020000000000000018,-0.15391862550198226,-0.3799137187520085,0.2671,0.0189
2022-12-29,1819.5,1.56,2.27,0.0063957738601461145,-0.040000000000000036,-0.009999999999999787,-0.07211574289063012,-0.39277423296362235,0.2607,-0.0064
2022-12-30,1819.699951171875,1.58,2.3,0.00010988743391848743,0.020000000000000018,0.029999999999999805,-0.0010774759606285266,-0.40412974041405825,0.2801,0.0194
2023-01-04,1852.800048828125,1.47,2.22,0.007095546441984624,-0.06000000000000005,-0.03999999999999959,0.1759748920958762,-0.39248410806516104,0.1936,-0.0511999999999999
2023-01-05,1834.800048828125,1.49,2.22,-0.009762524397120664,0.020000000000000018,0.0,0.2756331828821789,-0.4269726536093345,0.1847,-0.0088999999999999
2023-01-06,1864.199951171875,1.34,2.21,0.015896470099271198,-0.1499999999999999,-0.010000000000000231,0.27041257755884546,-0.48658446935592065,0.1036,-0.0811
2023-01-09,1872.699951171875,1.31,2.22,0.004549233258291707,-0.030000000000000027,0.010000000000000231,0.2255297658898862,-0.4881848086705299,0.0675,-0.0360999999999999
2023-01-10,1871.5999755859375,1.37,2.24,-0.0005875467452387539,0.06000000000000005,0.020000000000000018,0.20907029192160687,-0.4881266185284462,0.0817,0.0141999999999999
2023-01-11,1874.5999755859375,1.31,2.23,0.0016016233411999536,-0.06000000000000005,-0.010000000000000231,0.20307102685891512,-0.46560461212949084,0.0591,-0.0225999999999999
2023-01-12,1895.5,1.22,2.21,0.011087365667616034,-0.09000000000000008,-0.020000000000000018,0.1652968310790553,-0.4965732845500362,0.0107,-0.0484
2023-01-13,1918.4000244140625,1.31,2.18,0.012008862043122903,0.09000000000000008,-0.029999999999999805,0.11161355555680172,-0.5062617485559562,0.0217,0.011
2023-01-18,1904.4000244140625,1.25,2.12,-0.0014691611288526474,-0.1100000000000001,-0.04999999999999982,-0.024455801388789437,-0.3815973110201296,-0.0393,-0.0651
2023-01-19,1922.0999755859375,1.19,2.2,0.009251314471137917,-0.06000000000000005,0.08000000000000007,-0.17871614428026467,-0.3093313713484941,-0.0412,-0.0018999999999999
2023-01-20,1926.4000244140625,1.25,2.23,0.002234663176594154,0.06000000000000005,0.029999999999999805,-0.30255916665324994,-0.308270129687022,-0.0137,0.0275
2023-01-23,1927.0999755859375,1.24,2.28,0.0003632807471509736,-0.010000000000000009,0.04999999999999982,-0.4319352324984253,-0.2945983981267639,0.0098,0.0235
2023-01-24,1933.9000244140625,1.19,2.27,0.0035224324574505417,-0.050000000000000044,-0.009999999999999787,-0.5582580633758678,-0.294323717046279,-0.0043,-0.0141
2023-01-25,1941.199951171875,1.17,2.29,0.0037676113849673953,-0.020000000000000018,0.020000000000000018,-0.6266075202230023,-0.3316059449399734,-0.0108,-0.0065
2023-01-26,1929.0999755859375,1.16,2.33,-0.006252753139314393,-0.010000000000000009,0.040000000000000036,-0.688657773954385,-0.31505008711227506,0.0027,0.0135
2023-01-27,1928.5999755859375,1.19,2.33,-0.00025922182084059386,0.030000000000000027,0.0,-0.7385612956672825,-0.28116208255492375,0.0167,0.0139999999999999
2023-01-30,1922.9000244140625,1.26,2.29,-0.0029598625643068033,0.07000000000000006,-0.040000000000000036,-0.7744921448543672,-0.28878905734123134,0.0344,0.0177
2023-01-31,1929.5,1.28,2.24,0.00342642612465216,0.020000000000000018,-0.04999999999999982,-0.8500899575125924,-0.34870608977080564,0.0255,-0.0089
2023-02-01,1927.800048828125,1.14,2.25,-0.0008814202993878695,-0.14000000000000012,0.009999999999999787,-0.8924572890996504,-0.3201522805855334,-0.0305,-0.0559999999999999
2023-02-02,1916.300048828125,1.18,2.22,-0.005983212723418951,0.040000000000000036,-0.029999999999999805,-0.9144009689705774,-0.3274888181770537,-0.0405,-0.01
2023-02-03,1862.9000244140625,1.31,2.22,-0.028261842553797045,0.13000000000000012,0.0,-0.9114076958980777,-0.5148662590952683,0.0174,0.0579
2023-02-06,1866.199951171875,1.38,2.25,0.0017698252343860688,0.06999999999999984,0.029999999999999805,-0.9213238824596601,-0.5058388236559975,0.0693,0.0519
2023-02-07,1871.699951171875,1.36,2.31,0.002942831061813145,-0.019999999999999796,0.06000000000000005,-0.9354370892276765,-0.47746729967685264,0.0942,0.0249
2023-02-08,1877.4000244140625,1.29,2.34,0.003040771209810167,-0.07000000000000006,0.029999999999999805,-0.9288945912528627,-0.503997967950602,0.0919,-0.0023
2023-02-09,1866.199951171875,1.34,2.33,-0.005983602271623312,0.050000000000000044,-0.009999999999999787,-0.9177026602011656,-0.5524611849310314,0.105,0.0131
2023-02-10,1862.800048828125,1.41,2.33,-0.0018234933150136357,0.06999999999999984,0.0,-0.9047955004133198,-0.5494261411842148,0.1324,0.0273999999999999
2023-02-13,1851.9000244140625,1.41,2.31,-0.005868606069231674,0.0,-0.020000000000000018,-0.8928364776663573,-0.5404415219140329,0.128,-0.0043999999999999
2023-02-14,1854.0,1.46,2.31,0.0011333148745897859,0.050000000000000044,0.0,-0.8791760713493952,-0.5334489395648453,0.1512,0.0232
2023-02-15,1834.199951171875,1.46,2.35,-0.010737074621895104,0.0,0.040000000000000036,-0.881131988910207,-0.5084601394641005,0.188,0.0368
2023-02-16,1842.0,1.49,2.37,0.0042435453113469634,0.030000000000000027,0.020000000000000018,-0.8860662244703104,-0.4828204968311536,0.1943,0.0063
2023-02-17,1840.4000244140625,1.46,2.36,-0.0008689852683101407,-0.030000000000000027,-0.010000000000000231,-0.8834858804255306,-0.48030425418897116,0.1817,-0.0126
2023-02-22,1832.0,1.52,2.41,-0.0005457026056294723,-0.010000000000000009,-0.009999999999999787,-0.9094768889002243,-0.38580724806872874,0.2457,0.0204
2023-02-23,1818.0,1.49,2.39,-0.007671270496651061,-0.030000000000000027,-0.020000000000000018,-0.9147048066876836,-0.36621221590037034,0.2362,-0.0095
2023-02-24,1808.800048828125,1.57,2.38,-0.005073326778902931,0.08000000000000007,-0.010000000000000231,-0.9279670561415535,-0.37208772903882087,0.2691,0.0329
2023-02-27,1817.0,1.56,2.36,0.004523120437649908,-0.010000000000000009,-0.020000000000000018,-0.9392894996510315,-0.3149086199761999,0.261,-0.0080999999999999
2023-02-28,1828.9000244140625,1.49,2.43,0.0065279171634005095,-0.07000000000000006,0.07000000000000028,-0.9475137014621283,-0.47175809698736,0.258,-0.003
2023-03-01,1837.699951171875,1.57,2.44,0.004800056571569122,0.08000000000000007,0.009999999999999787,-0.9518641202336343,-0.4086015613839619,0.2929,0.0348999999999999
2023-03-02,1833.5,1.6,2.48,-0.002288054619760338,0.030000000000000027,0.040000000000000036,-0.9458176744545862,-0.4406525422917435,0.3251,0.0322
2023-03-03,1847.699951171875,1.45,2.52,0.0077148874232912945,-0.15000000000000013,0.040000000000000036,-0.9440785873335983,-0.45998377845468263,0.3012,-0.0238999999999999
2023-03-06,1847.9000244140625,1.49,2.49,0.00010827646049538231,0.040000000000000036,-0.029999999999999805,-0.9442784348189212,-0.47624185324120555,0.2844,-0.0168
2023-03-07,1813.9000244140625,1.59,2.38,-0.018570635571812488,0.10000000000000009,-0.11000000000000032,-0.9470139692671414,-0.5238076690500113,0.2848,0.0004
2023-03-08,1812.699951171875,1.66,2.32,-0.0006618172911645459,0.06999999999999984,-0.06000000000000005,-0.9427364836150519,-0.499277362237972,0.2799,-0.0049
2023-03-09,1829.300048828125,1.63,2.3,0.009115987157307437,-0.030000000000000027,-0.020000000000000018,-0.9322138582121212,-0.5049114994327698,0.2372,-0.0426999999999999
2023-03-10,1862.0,1.44,2.26,0.01771777214751502,-0.18999999999999995,-0.040000000000000036,-0.9223355624420658,-0.6180079913830984,0.1327,-0.1044999999999999
2023-03-13,1911.699951171875,1.31,2.24,0.026341694156229778,-0.1299999999999999,-0.019999999999999574,-0.9102209569038556,-0.6680965941535545,0.0372,-0.0955
2023-03-14,1906.199951171875,1.33,2.31,-0.002881167105143412,0.020000000000000018,0.06999999999999984,-0.9044791695908243,-0.6698827828116308,0.072,0.0348
2023-03-15,1926.5999755859375,1.22,2.29,0.010645072763327157,-0.1100000000000001,-0.020000000000000018,-0.9189870747893956,-0.6910390363404073,0.0324,-0.0395999999999999
2023-03-16,1919.0,1.34,2.22,-0.003952561643726149,0.1200000000000001,-0.06999999999999984,-0.8886207973428546,-0.7257861819808371,0.072,0.0395999999999999
2023-03-17,1969.800048828125,1.29,2.1,0.026127822516268218,-0.050000000000000044,-0.1200000000000001,-0.8429666894745045,-0.7020699067112119,0.0156,-0.0563999999999999
2023-03-20,1979.199951171875,1.33,2.14,0.004760658443617949,0.040000000000000036,0.040000000000000036,-0.8253647589960543,-0.6595115683458155,0.0386,0.023
2023-03-21,1938.0,1.36,2.23,-0.02103618451687428,0.030000000000000027,0.08999999999999986,-0.8246349395431622,-0.6406547464743361,0.0934,0.0547999999999999
2023-03-22,1946.800048828125,1.2,2.28,0.004530510589810355,-0.16000000000000014,0.04999999999999982,-0.8473821814665612,-0.6172179514285107,0.0371,-0.0562999999999999
2023-03-23,1993.800048828125,1.19,2.19,0.023855366038062265,-0.010000000000000009,-0.08999999999999986,-0.8819848844719871,-0.5821316846433672,-0.0229,-0.06
2023-03-24,1982.0999755859375,1.16,2.22,-0.005885513691906041,-0.030000000000000027,0.03000000000000025,-0.9074335838847356,-0.5613911083979081,-0.0271,-0.0041999999999999
2023-03-27,1952.4000244140625,1.29,2.24,-0.015097478869044778,0.13000000000000012,0.020000000000000018,-0.9123831647982766,-0.5962547076537513,0.0321,0.0591999999999999
2023-03-28,1972.4000244140625,1.24,2.31,0.010191690210183069,-0.050000000000000044,0.06999999999999984,-0.9223075366624732,-0.6045991479585905,0.0575,0.0254
2023-03-29,1966.0999755859375,1.24,2.33,-0.0031992150318798096,0.0,0.020000000000000018,-0.9266485407072802,-0.6068050177079511,0.0723,0.0148
2023-03-30,1980.300048828125,1.21,2.34,0.00719650032383079,-0.030000000000000027,0.009999999999999787,-0.9343390703088974,-0.6177892365717996,0.0593,-0.013
2023-03-31,1969.0,1.16,2.32,-0.005722573380642082,-0.050000000000000044,-0.020000000000000018,-0.9355957559426294,-0.6035204746471831,0.0305,-0.0288
2023-04-03,1983.9000244140625,1.14,2.29,0.007538817015696253,-0.020000000000000018,-0.029999999999999805,-0.940680985078875,-0.6066495582113347,-0.0103,-0.0408
2023-04-04,2022.199951171875,1.1,2.25,0.019121386856435052,-0.039999999999999813,-0.040000000000000036,-0.9447833303822616,-0.5954035356589613,-0.0603,-0.05
2023-04-05,2020.9000244140625,1.07,2.23,-0.0006430347062673647,-0.030000000000000027,-0.020000000000000018,-0.9482345671014251,-0.5922277298714036,-0.087,-0.0266999999999999
2023-04-06,2011.9000244140625,1.06,2.24,-0.0044634074749696495,-0.010000000000000009,0.010000000000000231,-0.9537484454124244,-0.6043473251755183,-0.0988,-0.0118
2023-04-10,1989.0999755859375,1.14,2.27,-0.011397298492928698,0.07999999999999985,0.029999999999999805,-0.9530460761634552,-0.6149156261335663,-0.0614,0.0035999999999999
2023-04-11,2004.800048828125,1.14,2.29,0.007862066660321076,0.0,0.020000000000000018,-0.9520958961114505,-0.611039578413654,-0.0554,0.006
2023-04-12,2010.9000244140625,1.14,2.27,0.003038065675473156,0.0,-0.020000000000000018,-0.9544351869579469,-0.6102289249155668,-0.0744,-0.0189999999999999
2023-04-13,2041.300048828125,1.16,2.29,0.015004488526765059,0.020000000000000018,0.020000000000000018,-0.9438698182481597,-0.6043965268515804,-0.0647,0.0097
2023-04-14,2002.199951171875,1.22,2.3,-0.01934033210150421,0.06000000000000005,0.009999999999999787,-0.9352618576719102,-0.6156985973295949,-0.0316,0.0330999999999999
2023-04-17,1994.199951171875,1.28,2.32,-0.004003608688523563,0.06000000000000005,0.020000000000000018,-0.9260741894527394,-0.633118628419804,-0.0001,0.0315
2023-04-18,2007.4000244140625,1.3,2.28,0.0065974216321089685,0.020000000000000018,-0.040000000000000036,-0.9021333765115317,-0.6275214854526021,-0.0012,-0.0010999999999999
2023-04-19,1995.199951171875,1.32,2.28,-0.0060960930887574705,0.020000000000000018,0.0,-0.8639945823565656,-0.597679335912995,0.0082,0.0094
2023-04-20,2007.5999755859375,1.28,2.26,0.006195695166984372,-0.040000000000000036,-0.020000000000000018,-0.7925939167907998,-0.6003201982180865,-0.0156,-0.0238
2023-04-21,1979.5,1.29,2.28,-0.014095679073773404,0.010000000000000009,0.020000000000000018,-0.6802169794180888,-0.5935317684367074,-0.0079,0.0076999999999999
2023-04-24,1989.0999755859375,1.24,2.28,0.004837975290906016,-0.050000000000000044,0.0,-0.58975645640558,-0.5677237485306522,-0.0317,-0.0237999999999999
2023-04-25,1994.0,1.15,2.25,0.002460408684692439,-0.09000000000000008,-0.029999999999999805,-0.57233837075442,-0.48847100567208424,-0.0912,-0.0595
2023-04-26,1985.699951171875,1.18,2.25,-0.004171199318677488,0.030000000000000027,0.0,-0.5310755821870123,-0.49058046850560494,-0.0899,0.0013
2023-04-27,1989.9000244140625,1.26,2.27,0.002112926265503745,0.08000000000000007,0.020000000000000018,-0.5657783085483423,-0.4534318877219856,-0.0424,0.0474999999999999
2023-04-28,1990.0999755859375,1.26,2.18,0.00010047797590040375,0.0,-0.08999999999999986,-0.5049575267424381,-0.45673804715486604,-0.0635,-0.0211
2023-05-01,1983.4000244140625,1.36,2.23,-0.0033723203832884963,0.10000000000000009,0.04999999999999982,-0.4786119249538676,-0.43235873418300774,-0.0289,0.0346
2023-05-02,2014.300048828125,1.24,2.2,0.015459208663897606,-0.1200000000000001,-0.029999999999999805,-0.4509773170165229,-0.49626613452797297,-0.088,-0.0591
2023-05-03,2028.5999755859375,1.18,2.2,0.007074123181844527,-0.06000000000000005,0.0,-0.3558140142988583,-0.5054200422440471,-0.1313,-0.0433
2023-05-04,2048.0,1.18,2.19,0.009517819252434556,0.0,-0.010000000000000231,-0.38565369228078433,-0.5356873176565183,-0.1615,-0.0302
2023-05-05,2017.4000244140625,1.23,2.21,-0.015054141436917412,0.050000000000000044,0.020000000000000018,-0.3714704890028334,-0.5895613748634617,-0.1285,0.033
2023-05-08,2026.300048828125,1.29,2.23,0.004401928245986397,0.06000000000000005,0.020000000000000018,-0.3316208939291145,-0.5850667229932649,-0.0927,0.0358
2023-05-09,2036.199951171875,1.3,2.23,0.004873807724603552,0.010000000000000009,0.0,-0.1974858097593753,-0.5228026417479148,-0.0816,0.0110999999999999
2023-05-10,2030.5,1.26,2.17,-0.0028032335667189656,-0.040000000000000036,-0.06000000000000005,-0.15247228746755456,-0.4872936721409432,-0.1165,-0.0349
2023-05-11,2014.699951171875,1.23,2.16,-0.007811791440417437,-0.030000000000000027,-0.009999999999999787,-0.13377827187811828,-0.45937642097718495,-0.1353,-0.0187999999999999
2023-05-12,2014.5,1.28,2.18,-9.92510545323455e-05,0.050000000000000044,0.020000000000000018,-0.12507927898050347,-0.44725516761063955,-0.1103,0.025
2023-05-15,2018.0,1.31,2.19,0.00173589628215165,0.030000000000000027,0.009999999999999787,-0.16089397861518492,-0.48110295621798577,-0.096,0.0142999999999999
2023-05-16,1988.4000244140625,1.35,2.19,-0.01477661441479139,0.040000000000000036,0.0,-0.26599599690938214,-0.4859049968792442,-0.0738,0.0221999999999999
2023-05-17,1980.699951171875,1.35,2.22,-0.003880014587497982,0.0,0.03000000000000025,-0.29227584090700615,-0.4581182098224655,-0.0543,0.0195
2023-05-18,1956.5,1.42,2.23,-0.01229313026079737,0.06999999999999984,0.009999999999999787,-0.39400480285185446,-0.48992563970901176,-0.0172,0.0371
2023-05-19,1978.699951171875,1.46,2.24,0.01128287607105527,0.040000000000000036,0.010000000000000231,-0.4566953636519923,-0.4571601917030881,0.0112,0.0284
2023-05-22,1974.800048828125,1.48,2.24,-0.0019728866112096455,0.020000000000000018,0.0,-0.5599323782643835,-0.42654042590853725,0.0144,0.0031999999999999
2023-05-23,1972.4000244140625,1.44,2.26,-0.001216064382496107,-0.040000000000000036,0.019999999999999574,-0.6135274654104128,-0.41579588867464196,0.0106,-0.0037999999999999
2023-05-24,1962.800048828125,1.48,2.25,-0.004879037635298289,0.040000000000000036,-0.009999999999999787,-0.6639755348053411,-0.4198078333711399,0.0168,0.0061999999999999
2023-05-25,1943.0999755859375,1.58,2.25,-0.01008742680002861,0.10000000000000009,0.0,-0.7070866208499632,-0.48613858467346877,0.065,0.0482
2023-05-26,1944.0999755859375,1.57,2.23,0.0005145091760763165,-0.010000000000000009,-0.020000000000000018,-0.7547765161824382,-0.4669160607336147,0.0776,0.0126
2023-05-31,1963.9000244140625,1.46,2.18,0.0030087604621398256,-0.010000000000000009,-0.040000000000000036,-0.7810740633294668,-0.5089696686577094,-0.0186,-0.0422
2023-06-01,1978.0,1.45,2.16,0.007153928630061479,-0.010000000000000009,-0.020000000000000018,-0.7819977550668675,-0.5073085623212339,-0.0441,-0.0255
2023-06-02,1952.4000244140625,1.51,2.18,-0.013026835665023384,0.06000000000000005,0.020000000000000018,-0.7943972969594163,-0.517584579202792,-0.0067,0.0374
2023-06-05,1958.0,1.5,2.19,0.0028641465728220794,-0.010000000000000009,0.009999999999999787,-0.8137658631536048,-0.5435916420639801,-0.0018,0.0049
2023-06-06,1965.5,1.5,2.2,0.0038231217714592702,0.0,0.010000000000000231,-0.8295048983952353,-0.5332341535404983,0.0072,0.009
2023-06-07,1942.699951171875,1.58,2.21,-0.011667932951336724,0.08000000000000007,0.009999999999999787,-0.8730755636493615,-0.5695194625239146,0.0486,0.0414
2023-06-08,1963.5999755859375,1.53,2.2,0.01070077784000123,-0.050000000000000044,-0.009999999999999787,-0.9132601052244682,-0.590782366813654,0.0363,-0.0122999999999999
2023-06-09,1962.199951171875,1.55,2.2,-0.0007132429056664336,0.020000000000000018,0.0,-0.9242159336554783,-0.6226619590307447,0.0509,0.0146
2023-06-12,1955.300048828125,1.56,2.17,-0.003522608540492911,0.010000000000000009,-0.03000000000000025,-0.9387349012228635,-0.6211935724207971,0.0448,-0.0061
2023-06-13,1944.5999755859375,1.64,2.2,-0.005487371483662962,0.07999999999999985,0.03000000000000025,-0.9406240996494142,-0.6386386324713652,0.0879,0.0431
2023-06-14,1955.300048828125,1.62,2.21,0.005487371483662962,-0.019999999999999796,0.009999999999999787,-0.9351695098693489,-0.5754268840216172,0.1029,0.015
2023-06-15,1957.800048828125,1.51,2.21,0.0012777594632122913,-0.1100000000000001,0.0,-0.9316268038510261,-0.5181858641852505,0.0598,-0.0431
2023-06-16,1958.4000244140625,1.55,2.22,0.00030640701670581194,0.040000000000000036,0.010000000000000231,-0.9202894831454544,-0.5183839114016894,0.0709,0.0111
2023-06-21,1933.300048828125,1.51,2.21,-0.001137278422884691,-0.010000000000000009,-0.010000000000000231,-0.887253231400241,-0.4825621327444272,0.0411,-0.0137
2023-06-22,1912.699951171875,1.56,2.24,-0.010712581726706638,0.050000000000000044,0.03000000000000025,-0.8690572815558048,-0.5085376249992384,0.0653,0.0242
2023-06-23,1919.0999755859375,1.53,2.21,0.003340482534468947,-0.030000000000000027,-0.03000000000000025,-0.8244819050273329,-0.5306781700239929,0.054,-0.0112999999999999
2023-06-26,1923.699951171875,1.54,2.18,0.002394076127153255,0.010000000000000009,-0.029999999999999805,-0.7799162013393331,-0.5639074992388414,0.0355,-0.0185
2023-06-27,1914.0,1.57,2.2,-0.005055096516834112,0.030000000000000027,0.020000000000000018,-0.7259532938129039,-0.5797646477710066,0.0485,0.013
2023-06-28,1912.300048828125,1.53,2.18,-0.0008885614102558392,-0.040000000000000036,-0.020000000000000018,-0.6134572884100926,-0.585616406389556,0.0273,-0.0212
2023-06-29,1909.199951171875,1.65,2.2,-0.001622451046078055,0.11999999999999988,0.020000000000000018,-0.6131308687022162,-0.5394047695442087,0.096,0.0687
2023-06-30,1921.0999755859375,1.59,2.22,0.006213645369454568,-0.05999999999999983,0.020000000000000018,-0.5902551645674333,-0.5647652390248471,0.1019,0.0059
2023-07-03,1921.699951171875,1.61,2.25,0.0003122596035431968,0.020000000000000018,0.029999999999999805,-0.6244940675394602,-0.5345448524776844,0.1221,0.0201999999999999
2023-07-06,1908.699951171875,1.78,2.27,-0.0056944618118119905,0.09000000000000008,0.010000000000000231,-0.6385900504914326,-0.6089042366431768,0.2043,0.0511999999999999
2023-07-07,1926.199951171875,1.79,2.27,0.009126768323334922,0.010000000000000009,0.0,-0.5847555958598161,-0.5925538943350535,0.218,0.0136999999999999
2023-07-10,1925.0,1.76,2.25,-0.0006231570554220411,-0.030000000000000027,-0.020000000000000018,-0.5694875407966542,-0.5829830955115495,0.1862,-0.0317999999999999
2023-07-11,1931.300048828125,1.75,2.24,0.003267408839185748,-0.010000000000000009,-0.009999999999999787,-0.5589276703447635,-0.5463288604593997,0.1741,-0.0121
2023-07-12,1956.199951171875,1.6,2.26,0.012810414334619935,-0.1499999999999999,0.019999999999999574,-0.5457615502834035,-0.6191580920899847,0.1097,-0.0644
2023-07-13,1959.199951171875,1.52,2.24,0.0015324108197862785,-0.08000000000000007,-0.019999999999999574,-0.5388531758333835,-0.589011194358732,0.0474,-0.0623
2023-07-14,1960.0999755859375,1.59,2.24,0.00045927816023461077,0.07000000000000006,0.0,-0.5012188121806692,-0.5729593404715255,0.0617,0.0143
2023-07-17,1952.4000244140625,1.56,2.25,-0.003936082358077186,-0.030000000000000027,0.009999999999999787,-0.44958941197291225,-0.5600998642709532,0.054,-0.0076999999999999
2023-07-18,1977.199951171875,1.57,2.23,0.012622280219577675,0.010000000000000009,-0.020000000000000018,-0.42597979341410597,-0.49535246433824337,0.045,-0.009
2023-07-19,1977.5,1.53,2.22,0.00015174290459807338,-0.040000000000000036,-0.009999999999999787,-0.42570447676045875,-0.4895645273171359,0.0259,-0.0191
2023-07-20,1968.300048828125,1.5,2.35,-0.004663169815610324,-0.030000000000000027,0.1299999999999999,-0.42831500676505346,-0.4718747829927775,0.0598,0.0339
2023-07-21,1964.300048828125,1.49,2.35,-0.002034278228195241,-0.010000000000000009,0.0,-0.45327722635347567,-0.4213926071270284,0.0685,0.0087
2023-07-24,1960.300048828125,1.48,2.38,-0.0020384249531293364,-0.010000000000000009,0.029999999999999805,-0.4608594859865905,-0.39567159892299986,0.0889,0.0204
2023-07-25,1962.0999755859375,1.52,2.39,0.0009177681383585323,0.040000000000000036,0.010000000000000231,-0.4690762754985812,-0.38750672385677604,0.1136,0.0247
2023-07-26,1968.9000244140625,1.5,2.36,0.003459707764402964,-0.020000000000000018,-0.03000000000000025,-0.48808749012847696,-0.3896273402226972,0.1016,-0.012
2023-07-27,1945.4000244140625,1.64,2.37,-0.012007399562659948,0.1399999999999999,0.010000000000000231,-0.48722817697679155,-0.46092081337521823,0.1536,0.0519999999999999
2023-07-28,1960.4000244140625,1.58,2.38,0.007680922504029297,-0.05999999999999983,0.009999999999999787,-0.4957701310432167,-0.4797141583862804,0.1433,-0.0102999999999999
2023-07-31,1970.5,1.6,2.37,0.0051387711460533225,0.020000000000000018,-0.009999999999999787,-0.46414540392588777,-0.47987153940458255,0.1462,0.0028999999999999
2023-08-01,1940.699951171875,1.68,2.37,-0.01523861007706806,0.07999999999999985,0.0,-0.45168657548970753,-0.5242483611035078,0.1782,0.032
2023-08-02,1937.4000244140625,1.72,2.36,-0.0017018269642496975,0.040000000000000036,-0.010000000000000231,-0.45761332403381955,-0.5942217657469174,0.1871,0.0088999999999999
2023-08-03,1932.0,1.83,2.37,-0.0027911448212778467,0.1100000000000001,0.010000000000000231,-0.46520666098884705,-0.5931001473903509,0.2234,0.0363
2023-08-04,1939.5999755859375,1.67,2.38,0.003926017871570764,-0.16000000000000014,0.009999999999999787,-0.5030862907640822,-0.575202538016222,0.1767,-0.0466999999999999
2023-08-07,1933.5,1.68,2.41,-0.003149921596682148,0.010000000000000009,0.03000000000000025,-0.5554837077745475,-0.5699707640047015,0.1763,-0.0003999999999999
2023-08-08,1924.0999755859375,1.66,2.36,-0.004873518808943267,-0.020000000000000018,-0.050000000000000266,-0.5971679036499766,-0.5549953267347143,0.1501,-0.0262
2023-08-09,1915.4000244140625,1.66,2.34,-0.00453182240469463,0.0,-0.020000000000000018,-0.6418190565322529,-0.5456588063545612,0.1469,-0.0032
2023-08-10,1914.4000244140625,1.76,2.33,-0.0005222204866965896,0.10000000000000009,-0.009999999999999787,-0.7449304665684103,-0.5405027775404573,0.1804,0.0335
2023-08-11,1912.9000244140625,1.8,2.36,-0.0007838424255561804,0.040000000000000036,0.029999999999999805,-0.7872122946203142,-0.5502671233379324,0.2238,0.0433999999999999
2023-08-14,1910.5999755859375,1.83,2.36,-0.0012031118637709781,0.030000000000000027,0.0,-0.8371495727456937,-0.5354305202586744,0.2442,0.0204
2023-08-15,1902.5,1.89,2.32,-0.004248505321848839,0.05999999999999983,-0.040000000000000036,-0.8795871819689145,-0.5440354201796289,0.257,0.0128
2023-08-16,1896.0999755859375,1.96,2.32,-0.0033696785716195166,0.07000000000000006,0.0,-0.9004266602658946,-0.5552853069188601,0.2845,0.0274999999999999
2023-08-17,1884.0999755859375,1.97,2.33,-0.006348891838211301,0.010000000000000009,0.010000000000000231,-0.9165511955781424,-0.5322992624753556,0.3002,0.0157
2023-08-18,1886.0999755859375,1.94,2.32,0.001060951786911346,-0.030000000000000027,-0.010000000000000231,-0.9267409507119213,-0.5622531373859255,0.2909,-0.0093
2023-08-21,1893.300048828125,2.0,2.34,0.003810171935338502,0.06000000000000005,0.020000000000000018,-0.9308937642368178,-0.5331320048444346,0.319,0.0281
2023-08-22,1896.4000244140625,1.99,2.35,0.0016360008536020487,-0.010000000000000009,0.010000000000000231,-0.9342302227729891,-0.5332097029896014,0.344,0.0249999999999999
2023-08-23,1918.5,1.84,2.35,0.011586265785144434,-0.1499999999999999,0.0,-0.933661021347021,-0.5247487886733463,0.2849,-0.0590999999999999
2023-08-24,1918.199951171875,1.91,2.32,-0.0001564098483353149,0.06999999999999984,-0.03000000000000025,-0.9275493150320484,-0.514741927392374,0.281,-0.0038999999999999
2023-08-25,1911.0999755859375,1.92,2.33,-0.0037082411186100117,0.010000000000000009,0.010000000000000231,-0.9257721467164624,-0.5256580760659113,0.287,0.0059999999999999
2023-08-28,1917.9000244140625,1.9,2.3,0.003551870450309913,-0.020000000000000018,-0.03000000000000025,-0.9221677749948424,-0.5490654678853648,0.268,-0.0189999999999999
2023-08-29,1936.5,1.83,2.29,0.009651369784435815,-0.06999999999999984,-0.009999999999999787,-0.9156651978056475,-0.6308814339466875,0.2235,-0.0445
2023-08-30,1944.300048828125,1.86,2.26,0.004019820260444895,0.030000000000000027,-0.03000000000000025,-0.8871692994766883,-0.616686061381031,0.2192,-0.0042999999999999
2023-08-31,1938.199951171875,1.85,2.24,-0.0031423581073140028,-0.010000000000000009,-0.019999999999999574,-0.8622410677824608,-0.6337110947235366,0.2064,-0.0128
2023-09-01,1939.800048828125,1.92,2.26,0.0008252180232357631,0.06999999999999984,0.019999999999999574,-0.8160278126959536,-0.623900670998044,0.2341,0.0277
2023-09-06,1918.0999755859375,2.0,2.3,-0.004214024777917658,0.020000000000000018,0.009999999999999787,-0.7439432378480968,-0.6394331907670191,0.3118,0.0409
2023-09-07,1917.5,1.95,2.32,-0.0003128457579775201,-0.050000000000000044,0.020000000000000018,-0.6942020705972847,-0.6276056923828092,0.2928,-0.019
2023-09-08,1918.4000244140625,1.93,2.33,0.0004692637581014125,-0.020000000000000018,0.010000000000000231,-0.6753599180997766,-0.5739030256618183,0.2894,-0.0034
2023-09-11,1923.300048828125,1.94,2.35,0.0025509680494888443,0.010000000000000009,0.020000000000000018,-0.6138128586740993,-0.546140018081546,0.2943,0.0049
2023-09-12,1911.300048828125,1.93,2.34,-0.006258821711374374,-0.010000000000000009,-0.010000000000000231,-0.5285255624821853,-0.5402958335473358,0.2912,-0.0030999999999999
2023-09-13,1909.0999755859375,1.9,2.35,-0.0011517503252713723,-0.030000000000000027,0.010000000000000231,-0.49243456928690765,-0.5111352322459073,0.2823,-0.0089
2023-09-14,1910.0,1.95,2.34,0.0004713280283201726,0.050000000000000044,-0.010000000000000231,-0.4646429681448126,-0.49939583032518964,0.2937,0.0114
2023-09-15,1923.699951171875,1.98,2.35,0.007147147489058092,0.030000000000000027,0.010000000000000231,-0.43307723443963053,-0.44669066166596433,0.3248,0.0310999999999999
2023-09-18,1931.5,1.96,2.36,0.004046513576602351,-0.020000000000000018,0.009999999999999787,-0.33035063565098777,-0.4376297403679059,0.3342,0.0094
2023-09-19,1932.0,2.0,2.37,0.000258832666126807,0.040000000000000036,0.010000000000000231,-0.2187072085605478,-0.4369397070526879,0.3539,0.0196999999999999
2023-09-20,1945.5999755859375,2.0,2.35,0.007014664451038044,0.0,-0.020000000000000018,-0.10877725915667766,-0.4660144494505767,0.3546,0.0007
2023-09-21,1919.199951171875,2.11,2.38,-0.013661993139932882,0.10999999999999988,0.029999999999999805,-0.11671027701674336,-0.5628897512353249,0.4021,0.0474999999999999
2023-09-22,1925.4000244140625,2.07,2.37,0.003225343940292724,-0.040000000000000036,-0.009999999999999787,-0.09934819032197742,-0.5901755114269877,0.4001,-0.002
2023-09-25,1916.5999755859375,2.18,2.37,-0.004580980852414207,0.11000000000000032,0.0,-0.1110547620732518,-0.6037462590072551,0.4318,0.0317
2023-09-26,1900.4000244140625,2.23,2.33,-0.008488367011878495,0.04999999999999982,-0.040000000000000036,-0.22165356330141006,-0.6090317983138643,0.4471,0.0152999999999999
2023-09-27,1871.5999755859375,2.27,2.34,-0.015270736211994596,0.040000000000000036,0.009999999999999787,-0.43510972403913756,-0.575679952242821,0.4779,0.0307999999999999
2023-09-28,1860.4000244140625,2.2,2.39,-0.006002135474614256,-0.06999999999999984,0.050000000000000266,-0.5450293504266474,-0.5008379788631926,0.472,-0.0059
2023-09-29,1848.0999755859375,2.24,2.35,-0.006633460391606505,0.040000000000000036,-0.040000000000000036,-0.6533743407219118,-0.5152356676822293,0.47,-0.002
2023-10-02,1830.0,2.34,2.35,-0.009842104245886496,0.09999999999999964,0.0,-0.7662645278848581,-0.5491739986485765,0.5083,0.0383
2023-10-03,1824.5999755859375,2.45,2.36,-0.0029551953045938717,0.11000000000000032,0.009999999999999787,-0.8320803467677903,-0.5711366645623932,0.561,0.0527
2023-10-04,1818.5,2.4,2.33,-0.003348786103829049,-0.050000000000000266,-0.029999999999999805,-0.865657160149768,-0.5446867679883626,0.5429,-0.0181
2023-10-05,1816.5999755859375,2.41,2.31,-0.001045376798357367,0.010000000000000231,-0.020000000000000018,-0.8922261815178019,-0.43941467575913873,0.5338,-0.0090999999999999
2023-10-06,1830.199951171875,2.47,2.31,0.007458615173471905,0.06000000000000005,0.0,-0.9049899186705103,-0.3927463920343116,0.5494,0.0155999999999999
2023-10-11,1872.800048828125,2.26,2.32,0.006320685606707954,-0.08000000000000007,0.0,-0.9133964259994124,-0.5468104765071945,0.4753,-0.0328999999999999
2023-10-12,1869.300048828125,2.36,2.34,-0.0018706079095984762,0.10000000000000009,0.020000000000000018,-0.9084892443839039,-0.5001361734477356,0.5158,0.0405
2023-10-13,1927.4000244140625,2.29,2.34,0.030607901744664545,-0.06999999999999984,0.0,-0.8585322089406774,-0.5388605742640747,0.5009,-0.0149
2023-10-16,1921.0999755859375,2.33,2.38,-0.003274031158004398,0.040000000000000036,0.040000000000000036,-0.8084634694692056,-0.547811607253161,0.528,0.0271
2023-10-17,1922.699951171875,2.42,2.41,0.0008324968566677526,0.08999999999999986,0.03000000000000025,-0.7298369191317553,-0.5404469229968221,0.5866,0.0585999999999999
2023-10-18,1955.300048828125,2.47,2.44,0.016813236521731945,0.050000000000000266,0.029999999999999805,-0.5868397430741866,-0.46605075853041567,0.6229,0.0363
2023-10-19,1968.4000244140625,2.49,2.49,0.006677383090401889,0.020000000000000018,0.050000000000000266,-0.44055256569719814,-0.4626107797689408,0.6589,0.036
2023-10-20,1982.5,2.46,2.47,0.007137632114180725,-0.03000000000000025,-0.020000000000000018,-0.3130985376160006,-0.48568957912034644,0.6484,-0.0105
2023-10-23,1976.300048828125,2.45,2.41,-0.003132240155776067,-0.009999999999999787,-0.06000000000000005,-0.21910719271103715,-0.48005209061450094,0.6222,-0.0262
2023-10-24,1975.0,2.43,2.4,-0.0006580360180041822,-0.020000000000000018,-0.010000000000000231,-0.1412420543306306,-0.4732671076895407,0.614,-0.0081999999999999
2023-10-25,1984.0999755859375,2.52,2.43,0.004597000160346809,0.08999999999999986,0.03000000000000025,-0.05314281074076412,-0.46542361180076613,0.6527,0.0386999999999999
2023-10-26,1987.199951171875,2.44,2.42,0.001561189672271368,-0.08000000000000007,-0.010000000000000231,-0.0013099050786370078,-0.4603816542189876,0.6267,-0.0259999999999999
2023-10-27,1988.5999755859375,2.42,2.42,0.0007042731011219772,-0.020000000000000018,0.0,0.03838929083122733,-0.4570336479915293,0.6091,-0.0176
2023-10-30,1996.199951171875,2.44,2.44,0.0038144875229857433,0.020000000000000018,0.020000000000000018,0.09697012224842708,-0.4640617206438757,0.6183,0.0091999999999999
2023-10-31,1985.199951171875,2.46,2.42,-0.005525708674736229,0.020000000000000018,-0.020000000000000018,0.1684372264050029,-0.45868400763256745,0.6231,0.0048
2023-11-01,1978.800048828125,2.36,2.41,-0.00322901508803497,-0.10000000000000009,-0.009999999999999787,0.21407489155029316,-0.41049351825849933,0.5727,-0.0504
2023-11-02,1985.5999755859375,2.27,2.4,0.0034304981256063627,-0.08999999999999986,-0.010000000000000231,0.26179997090886914,-0.4095544107420635,0.5361,-0.0365999999999999
2023-11-03,1991.5,2.18,2.39,0.002967000466915337,-0.08999999999999986,-0.009999999999999787,0.20529727814462057,-0.35777051180449226,0.4743,-0.0618
2023-11-06,1981.5999755859375,2.25,2.42,-0.004983536766927976,0.06999999999999984,0.029999999999999805,0.1979342632127111,-0.3688402426217951,0.4988,0.0245
2023-11-07,1966.800048828125,2.19,2.39,-0.0074967054908094966,-0.06000000000000005,-0.029999999999999805,0.1518598162307006,-0.3141980280185252,0.4733,-0.0255
2023-11-08,1951.5,2.15,2.34,-0.007809573743291942,-0.040000000000000036,-0.050000000000000266,0.10033234561244767,-0.27145318884054015,0.4517,-0.0216
2023-11-09,1964.199951171875,2.29,2.33,0.00648670524396433,0.14000000000000012,-0.009999999999999787,0.06332924855507954,-0.19253762409753467,0.5006,0.0489
2023-11-10,1932.5999755859375,2.29,2.32,-0.016218778932181266,0.0,-0.010000000000000231,0.006286074187978938,-0.21118384884175556,0.5113,0.0106999999999999
2023-11-13,1945.5,2.32,2.31,0.006652779492156036,0.029999999999999805,-0.009999999999999787,-0.05529084319821328,-0.18999665107383534,0.5159,0.0046
2023-11-14,1961.800048828125,2.16,2.28,0.008343430595057377,-0.1599999999999997,-0.03000000000000025,-0.0972530959848382,-0.1749688780982072,0.4265,-0.0894
2023-11-15,1960.0999755859375,2.22,2.31,-0.0008669641439551512,0.06000000000000005,0.03000000000000025,-0.05470373840763024,-0.15908006986598136,0.4434,0.0169
2023-11-16,1983.9000244140625,2.18,2.27,0.012069136779111034,-0.040000000000000036,-0.040000000000000036,-0.05759280375318604,-0.1872494312567526,0.4159,-0.0275
2023-11-17,1981.5999755859375,2.16,2.28,-0.0011600298000509213,-0.020000000000000018,0.009999999999999787,-0.037872525866381145,-0.18097953244762205,0.4088,-0.0070999999999999
2023-11-20,1977.699951171875,2.12,2.3,-0.00197005821614038,-0.040000000000000036,0.020000000000000018,0.05770860046766886,-0.19344715203114035,0.3965,-0.0122999999999999
2023-11-21,1999.300048828125,2.16,2.25,0.010862615061766334,0.040000000000000036,-0.04999999999999982,0.025234872854168408,-0.08523744712418042,0.3857,-0.0108
2023-11-22,1991.4000244140625,2.16,2.26,-0.003959222486664693,0.0,0.009999999999999787,-0.06181772376770092,-0.07018897997178512,0.3873,0.0015999999999999
2023-11-27,2011.800048828125,2.18,2.21,0.004783316372956037,-0.029999999999999805,-0.04999999999999982,-0.13151518915411048,0.09385576707507091,0.3827,-0.0335
2023-11-28,2039.699951171875,2.12,2.22,0.013772846290545537,-0.06000000000000005,0.010000000000000231,-0.2366012456803201,0.057439865716229506,0.3486,-0.0340999999999999
2023-11-29,2047.0999755859375,2.06,2.21,0.003621431258757468,-0.06000000000000005,-0.010000000000000231,-0.3071362083385559,0.06230367958989396,0.3149,-0.0337
2023-11-30,2038.0999755859375,2.14,2.23,-0.004406156206906431,0.08000000000000007,0.020000000000000018,-0.31753599125657833,-0.05411604438489641,0.3449,0.0299999999999999
2023-12-01,2071.0,2.0,2.22,0.01601359308208572,-0.14000000000000012,-0.009999999999999787,-0.4222664715033954,-0.18973340408511447,0.2922,-0.0526999999999999
2023-12-04,2024.0999755859375,2.07,2.21,-0.022906437155783443,0.06999999999999984,-0.010000000000000231,-0.4588144019761983,-0.2728171049420972,0.3084,0.0161999999999999
2023-12-05,2018.5,2.01,2.17,-0.0027704839468052356,-0.06000000000000005,-0.040000000000000036,-0.4794348210436905,-0.26076579726856763,0.2737,-0.0347
2023-12-06,2030.5,1.98,2.14,0.00592740683335613,-0.029999999999999805,-0.029999999999999805,-0.508877333007803,-0.26398962765457307,0.2458,-0.0279
2023-12-07,2029.9000244140625,1.97,2.17,-0.0002955253604053354,-0.010000000000000009,0.029999999999999805,-0.5624575544807165,-0.30055048262581546,0.2399,-0.0058999999999999
2023-12-08,1998.300048828125,2.02,2.21,-0.015689699243871758,0.050000000000000044,0.040000000000000036,-0.571701590375961,-0.33960815661885974,0.2801,0.0402
2023-12-11,1978.0,2.04,2.19,-0.010210610339417947,0.020000000000000018,-0.020000000000000018,-0.5624391589241385,-0.34947328924372617,0.2898,0.0096999999999999
2023-12-12,1977.800048828125,2.04,2.16,-0.00010109265866642403,0.0,-0.029999999999999805,-0.5878116711970945,-0.3592836155038709,0.2781,-0.0116999999999999
2023-12-13,1982.300048828125,1.88,2.16,0.0022726708042304367,-0.16000000000000014,0.0,-0.5540909943185873,-0.3460249355835604,0.2019,-0.0762
2023-12-14,2030.199951171875,1.7,2.22,0.0238764749712157,-0.17999999999999994,0.06000000000000005,-0.5630627027079061,-0.4747238015658622,0.1418,-0.0600999999999999
2023-12-15,2021.0999755859375,1.69,2.22,-0.004492380744304469,-0.010000000000000009,0.0,-0.5528488290190241,-0.47363426574240497,0.1259,-0.0158999999999999
2023-12-18,2026.300048828125,1.74,2.21,0.002569588413335211,0.050000000000000044,-0.010000000000000231,-0.564969572487943,-0.4610259425590735,0.132,0.0060999999999999
2023-12-19,2038.4000244140625,1.74,2.19,0.005953704386447711,0.0,-0.020000000000000018,-0.5878163815822404,-0.44488986308022355,0.1308,-0.0012
2023-12-20,2034.5,1.67,2.19,-0.001915109913170454,-0.07000000000000006,0.0,-0.5939440237282954,-0.4584021027322528,0.1007,-0.0301
2023-12-21,2039.0999755859375,1.7,2.19,0.002258433605997645,0.030000000000000027,0.0,-0.6114586484208697,-0.47115218642908574,0.1039,0.0032
2023-12-22,2057.10009765625,1.71,2.19,0.008788749383461969,0.010000000000000009,0.0,-0.6212464034672154,-0.5371898596774032,0.1065,0.0025999999999999
2023-12-27,2081.89990234375,1.64,2.15,0.01144910069616678,-0.07000000000000006,-0.03000000000000025,-0.6148724887585312,-0.5837397252987669,0.0681,-0.0414
2023-12-28,2073.89990234375,1.68,2.16,-0.0038500458433423645,0.040000000000000036,0.010000000000000231,-0.6300326874902714,-0.5912465304267734,0.0756,0.0075
2023-12-29,2062.39990234375,1.72,2.16,-0.005560539696971567,0.040000000000000036,0.0,-0.6182674667251142,-0.6042818743612628,0.0917,0.0161
2024-01-03,2034.199951171875,1.71,2.2,-0.014736982781769825,-0.030000000000000027,-0.009999999999999787,-0.5834992774889945,-0.560951997744784,0.12,-0.0052999999999999
2024-01-04,2042.300048828125,1.77,2.22,0.003974050443616761,0.06000000000000005,0.020000000000000018,-0.5631123697579592,-0.5427263730332511,0.1492,0.0292
2024-01-05,2042.4000244140625,1.83,2.22,4.895124937753792e-05,0.06000000000000005,0.0,-0.541629541051953,-0.5790835334297952,0.1779,0.0287
2024-01-08,2026.5999755859375,1.79,2.22,-0.007766098913480235,-0.040000000000000036,0.0,-0.49825081180199887,-0.5562839474756107,0.1683,-0.0095999999999999
2024-01-09,2026.4000244140625,1.8,2.22,-9.866823194570884e-05,0.010000000000000009,0.0,-0.4571633735180479,-0.5842642813910885,0.1689,0.0005999999999999
2024-01-10,2021.699951171875,1.82,2.22,-0.0023221142671951966,0.020000000000000018,0.0,-0.42982278521113526,-0.5844166356983959,0.1764,0.0075
2024-01-11,2014.300048828125,1.76,2.22,-0.0036669527431483218,-0.06000000000000005,0.0,-0.44907181641035393,-0.5579866099778968,0.1524,-0.0239999999999999
2024-01-12,2046.699951171875,1.69,2.27,0.01595695140328246,-0.07000000000000006,0.04999999999999982,-0.5064200549407866,-0.570090565920862,0.1305,-0.0219
2024-01-17,2002.5999755859375,1.8,2.3,-0.011617081726108758,0.030000000000000027,0.0,-0.6708067060437752,-0.5458062333197529,0.2078,0.0334
2024-01-18,2018.5999755859375,1.8,2.34,0.007957865627687077,0.0,0.040000000000000036,-0.7053315509947082,-0.4945285392238239,0.2274,0.0195999999999999
2024-01-19,2026.5,1.81,2.34,0.003905977358156676,0.010000000000000009,0.0,-0.7207466630583952,-0.5044728774820462,0.2423,0.0148999999999999
2024-01-22,2019.800048828125,1.8,2.31,-0.00331164630117442,-0.010000000000000009,-0.029999999999999805,-0.7589223771235188,-0.498419930624897,0.2253,-0.0169999999999999
2024-01-23,2023.699951171875,1.85,2.29,0.0019289741822801076,0.050000000000000044,-0.020000000000000018,-0.8000925155988406,-0.483359880497404,0.2338,0.0085
2024-01-24,2013.9000244140625,1.88,2.3,-0.0048543422138758174,0.029999999999999805,0.009999999999999787,-0.8013587604390456,-0.4665659286580309,0.2518,0.018
2024-01-25,2016.9000244140625,1.85,2.29,0.0014885385122536121,-0.029999999999999805,-0.009999999999999787,-0.7646752605591592,-0.46302587404194995,0.2376,-0.0142
2024-01-26,2016.800048828125,1.85,2.3,-4.957016344508958e-05,0.0,0.009999999999999787,-0.7082560260719833,-0.4630116887683303,0.2461,0.0085
2024-01-29,2025.199951171875,1.78,2.3,0.004156315901078678,-0.07000000000000006,0.0,-0.6649099837157122,-0.5115077951492285,0.2142,-0.0319
2024-01-30,2031.5,1.8,2.26,0.003105999442301055,0.020000000000000018,-0.040000000000000036,-0.6829257810477953,-0.25163842511892104,0.2101,-0.0040999999999999
2024-01-31,2048.39990234375,1.73,2.26,0.008284516486208204,-0.07000000000000006,0.0,-0.7406000412570689,-0.30988423192014325,0.1709,-0.0392
2024-02-01,2053.0,1.68,2.19,0.0022431851049438123,-0.050000000000000044,-0.06999999999999984,-0.7598040117666105,-0.3327942709239048,0.1127,-0.0582
2024-02-02,2036.0999755859375,1.82,2.21,-0.008265936631712378,0.14000000000000012,0.020000000000000018,-0.7502400343450462,-0.39893022849282,0.1699,0.0572
2024-02-05,2025.699951171875,1.9,2.27,-0.005120905671782694,0.07999999999999985,0.06000000000000005,-0.7650999567275657,-0.4457215266496276,0.2345,0.0645999999999999
2024-02-06,2034.5,1.85,2.24,0.0043347927263059916,-0.04999999999999982,-0.029999999999999805,-0.7617446052538144,-0.46521626634036967,0.216,-0.0184999999999999
2024-02-07,2035.199951171875,1.86,2.23,0.00034398171225102914,0.010000000000000009,-0.010000000000000231,-0.7324472259643804,-0.48345117513793284,0.219,0.003
2024-02-08,2032.199951171875,1.91,2.24,-0.0014751441294391654,0.04999999999999982,0.010000000000000231,-0.6840742007072645,-0.4817834638328555,0.2472,0.0282
2024-02-09,2023.300048828125,1.92,2.25,-0.0043890601064937584,0.010000000000000009,0.009999999999999787,-0.6013905137965023,-0.42882335519838255,0.2606,0.0133999999999999
2024-02-12,2018.199951171875,1.93,2.24,-0.0025238650815326835,0.010000000000000009,-0.009999999999999787,-0.5461704644651847,-0.42316648747644214,0.2603,-0.0003
2024-02-13,1992.9000244140625,2.02,2.29,-0.012615124246704745,0.09000000000000008,0.04999999999999982,-0.6166012686490304,-0.46822778560400546,0.3229,0.0626
2024-02-14,1990.300048828125,1.97,2.3,-0.0013054709316033808,-0.050000000000000044,0.009999999999999787,-0.6649918771509389,-0.46119313524224337,0.3169,-0.006
2024-02-15,2002.0999755859375,1.94,2.3,0.00591121182520471,-0.030000000000000027,0.0,-0.6883441959130455,-0.569884810518791,0.3048,-0.0121
2024-02-16,2011.5,1.97,2.33,0.004684094906416192,0.030000000000000027,0.03000000000000025,-0.6856133249814963,-0.5883825973505524,0.3265,0.0216999999999999
2024-02-21,2022.300048828125,1.98,2.34,-0.002568005317217903,0.030000000000000027,0.020000000000000018,-0.638650482303429,-0.665507870977895,0.3354,0.0174999999999999
2024-02-22,2019.699951171875,2.02,2.31,-0.0012865403339379355,0.040000000000000036,-0.029999999999999805,-0.6126971647034672,-0.6646125706588174,0.3464,0.011
2024-02-23,2038.5999755859375,1.96,2.3,0.009314324420003572,-0.06000000000000005,-0.010000000000000231,-0.551091028592666,-0.6834514312337758,0.3216,-0.0247999999999999
2024-02-26,2028.5,1.97,2.31,-0.004966682111914089,0.010000000000000009,0.010000000000000231,-0.5642240107376587,-0.7270041322293266,0.324,0.0024
2024-02-27,2034.0,1.99,2.32,0.0027076939620034324,0.020000000000000018,0.009999999999999787,-0.45850574948501976,-0.6940553884500447,0.3332,0.0091999999999999
2024-02-28,2033.0,1.94,2.33,-0.0004917629801584056,-0.050000000000000044,0.010000000000000231,-0.440160959723635,-0.6470524194231755,0.3191,-0.0141
2024-02-29,2045.699951171875,1.92,2.33,0.006227470697706572,-0.020000000000000018,0.0,-0.47860838629563457,-0.6697202577800796,0.3095,-0.0095999999999999
2024-03-01,2086.89990234375,1.87,2.32,0.01993965913984308,-0.04999999999999982,-0.010000000000000231,-0.42445412499201574,-0.6662046657578827,0.2769,-0.0326
2024-03-04,2117.699951171875,1.88,2.34,0.014650906546489928,0.009999999999999787,0.020000000000000018,-0.33960607951425636,-0.611254291426584,0.2855,0.0085999999999999
2024-03-05,2133.5,1.81,2.32,0.00743325261566774,-0.06999999999999984,-0.020000000000000018,-0.4011380168430805,-0.6362809781671817,0.2527,-0.0327999999999999
2024-03-06,2150.300048828125,1.81,2.3,0.007843566350875797,0.0,-0.020000000000000018,-0.4371988009042382,-0.6380173401219736,0.2334,-0.0192999999999999
2024-03-07,2158.0,1.81,2.28,0.0035744768391499093,0.0,-0.020000000000000018,-0.466725519442579,-0.630939458119213,0.2143,-0.0191
2024-03-08,2178.60009765625,1.81,2.28,0.009500646655496325,0.0,0.0,-0.49739388905798027,-0.6238413819547577,0.206,-0.0083
2024-03-11,2182.5,1.83,2.27,0.0017884952401807652,0.020000000000000018,-0.009999999999999787,-0.5121710892321887,-0.6249509174305612,0.2089,0.0029
2024-03-12,2160.39990234375,1.86,2.3,-0.01017766419787769,0.030000000000000027,0.029999999999999805,-0.5436482077831934,-0.632193201853093,0.2352,0.0262999999999999
2024-03-13,2175.39990234375,1.89,2.3,0.006919166252700393,0.029999999999999805,0.0,-0.5428120865877022,-0.6147109057511179,0.253,0.0178
2024-03-14,2163.0,1.99,2.3,-0.005716363815521319,0.10000000000000009,0.0,-0.5059006059177249,-0.6217521676306489,0.2993,0.0463
2024-03-15,2157.300048828125,1.99,2.32,-0.0026386845425951932,0.0,0.020000000000000018,-0.5384623197162689,-0.6260035079407928,0.3209,0.0216
2024-03-18,2160.699951171875,2.03,2.31,0.0015747582428708995,0.039999999999999813,-0.009999999999999787,-0.46853454543635314,-0.5892624017531194,0.3378,0.0168999999999999
2024-03-19,2156.300048828125,2.0,2.3,-0.0020384080923117054,-0.029999999999999805,-0.010000000000000231,-0.4149056536255391,-0.5406447163034798,0.3261,-0.0116999999999999
2024-03-20,2157.89990234375,1.96,2.31,0.0007416687251717846,-0.040000000000000036,0.010000000000000231,-0.42103515714640155,-0.5249165467100305,0.3088,-0.0172999999999999
2024-03-21,2182.39990234375,1.93,2.34,0.011289662615765472,-0.030000000000000027,0.029999999999999805,-0.4407778407029271,-0.5388592922042982,0.3083,-0.0005
2024-03-22,2158.10009765625,1.87,2.35,-0.011196893703512067,-0.05999999999999983,0.010000000000000231,-0.4692009021245857,-0.39638366727501556,0.2852,-0.0231
2024-03-25,2174.800048828125,1.92,2.33,0.007708478525095153,0.04999999999999982,-0.020000000000000018,-0.4749667654089507,-0.3511503937512042,0.2927,0.0075
2024-03-26,2175.60009765625,1.92,2.32,0.0003678047123045758,0.0,-0.010000000000000231,-0.4785992961120586,-0.3482764327665075,0.2909,-0.0018
2024-03-27,2190.60009765625,1.88,2.32,0.006870990033479352,-0.040000000000000036,0.0,-0.4495366162849263,-0.2431372983002459,0.2735,-0.0173999999999999
2024-03-28,2217.39990234375,1.88,2.32,0.01215977082804276,0.0,0.0,-0.44425141700573606,-0.2671062275118006,0.2732,-0.0003
2024-04-02,2261.0,2.0,2.36,0.010895049405067248,0.020000000000000018,0.009999999999999787,-0.2429294748682675,-0.1626628691129146,0.3425,0.0232
2024-04-03,2294.39990234375,2.0,2.36,0.01466413556445989,0.0,0.0,-0.12481240489350529,-0.1507215525756605,0.3469,0.0043999999999999
2024-04-04,2288.800048828125,1.97,2.34,-0.0024436447730247224,-0.030000000000000027,-0.020000000000000018,-0.03097158209417005,-0.10724294536491114,0.3344,-0.0125
2024-04-05,2325.699951171875,2.02,2.37,0.015993363911781522,0.050000000000000044,0.03000000000000025,0.16348825808991288,-0.01806357767085847,0.362,0.0276
2024-04-08,2331.699951171875,2.04,2.38,0.002576546332762497,0.020000000000000018,0.009999999999999787,0.29540484290000557,0.008748389531177575,0.383,0.021
2024-04-09,2343.5,2.0,2.36,0.005047944048811814,-0.040000000000000036,-0.020000000000000018,0.3977024942592161,0.015653139043244526,0.3656,-0.0174
2024-04-10,2329.60009765625,2.15,2.4,-0.005948917440644408,0.1499999999999999,0.040000000000000036,0.5653429806334745,-0.1243540643887543,0.4428,0.0772
2024-04-11,2354.800048828125,2.16,2.4,0.01075919796756164,0.010000000000000231,0.0,0.676804137929004,-0.15160812608647992,0.4587,0.0158999999999999
2024-04-12,2356.199951171875,2.11,2.39,0.0005943121990892308,-0.050000000000000266,-0.009999999999999787,0.7446306500368053,-0.12341030210092858,0.4395,-0.0191999999999999
2024-04-15,2365.800048828125,2.2,2.43,0.004066120662028716,0.0900000000000003,0.040000000000000036,0.7770041026938832,-0.047185571518857744,0.4788,0.0393
2024-04-16,2390.800048828125,2.24,2.43,0.010511806622644393,0.040000000000000036,0.0,0.8078077867026624,-0.02899826844170204,0.5079,0.0291
2024-04-17,2371.699951171875,2.2,2.39,-0.008021081390408469,-0.040000000000000036,-0.040000000000000036,0.8165797770556941,0.05874918451051714,0.4851,-0.0228
2024-04-18,2382.300048828125,2.24,2.4,0.004459451082454713,0.040000000000000036,0.009999999999999787,0.8271331335775366,0.06704185624823734,0.5035,0.0183999999999999
2024-04-19,2398.39990234375,2.21,2.41,0.006735379565596666,-0.03000000000000025,0.010000000000000231,0.8373139636427944,0.05275729631571711,0.4994,-0.0040999999999999
2024-04-22,2332.199951171875,2.21,2.41,-0.02798980048135924,0.0,0.0,0.8380462164669864,0.07888870534554374,0.4998,0.0004
2024-04-23,2327.699951171875,2.2,2.41,-0.0019313725586949104,-0.009999999999999787,0.0,0.8373061566361772,0.08555782209220295,0.4891,-0.0107
2024-04-24,2324.5,2.24,2.41,-0.0013756724603899428,0.040000000000000036,0.0,0.8213947077225227,0.09675343100144654,0.5016,0.0125
2024-04-25,2329.800048828125,2.28,2.42,0.00227748579311271,0.03999999999999959,0.009999999999999787,0.8026865196498167,0.09079845505887739,0.5289,0.0272999999999999
2024-04-26,2334.800048828125,2.24,2.43,0.0021438073190775953,-0.03999999999999959,0.010000000000000231,0.8052549124509091,0.15471674033938698,0.5243,-0.0046
2024-04-29,2345.39990234375,2.22,2.41,0.004529666146779299,-0.020000000000000018,-0.020000000000000018,0.813604209338617,0.14723199612823698,0.5058,-0.0184999999999999
2024-04-30,2291.39990234375,2.28,2.41,-0.023292979548680037,0.05999999999999961,0.0,0.802129688858926,0.037036920577977285,0.5251,0.0192999999999999
2024-05-01,2299.89990234375,2.25,2.38,0.003702659409149156,-0.029999999999999805,-0.03000000000000025,0.7974746853563944,0.021841736089320007,0.4993,-0.0257999999999999
2024-05-02,2299.199951171875,2.21,2.37,-0.00030438616232419946,-0.040000000000000036,-0.009999999999999787,0.7881852240063107,0.025335759572254295,0.4716,-0.0277
2024-05-03,2299.0,2.15,2.35,-8.696932457219475e-05,-0.06000000000000005,-0.020000000000000018,0.772511748099311,0.059014019747104476,0.4325,-0.0391
2024-05-06,2321.60009765625,2.14,2.35,0.009782399430942057,-0.009999999999999787,0.0,0.740007836170748,-0.013744319118880981,0.4198,-0.0126999999999999
2024-05-07,2315.199951171875,2.15,2.32,-0.0027605894071447423,0.009999999999999787,-0.03000000000000025,0.7113397546591185,-0.031231628126681156,0.4076,-0.0121999999999999
2024-05-08,2313.60009765625,2.17,2.31,-0.000691260612883049,0.020000000000000018,-0.009999999999999787,0.6701627796833854,-0.034614687669072886,0.4154,0.0077999999999999
2024-05-09,2332.10009765625,2.13,2.32,0.007964395898362397,-0.040000000000000036,0.009999999999999787,0.5864339370268192,-0.03840984165212558,0.4045,-0.0108999999999999
2024-05-10,2367.300048828125,2.16,2.34,0.014980894748722662,0.03000000000000025,0.020000000000000018,0.459010075598369,-0.01182943301983533,0.4191,0.0145999999999999
2024-05-13,2336.10009765625,2.15,2.33,-0.01326717176702008,-0.010000000000000231,-0.009999999999999787,0.3573425729028798,-0.039084465637071714,0.4164,-0.0026999999999999
2024-05-14,2353.39990234375,2.12,2.33,0.007378135479852332,-0.029999999999999805,0.0,0.24026655891708293,-0.065420526112632,0.4013,-0.0151
2024-05-15,2388.699951171875,2.05,2.31,0.014888214910603992,-0.07000000000000028,-0.020000000000000018,0.06394444097330977,-0.13062381944132187,0.3575,-0.0438
2024-05-16,2380.0,2.07,2.31,-0.0036487767790971404,0.020000000000000018,0.0,-0.1453583658811533,-0.14613481763562544,0.3624,0.0049
2024-05-17,2412.199951171875,2.1,2.32,0.013438686241467934,0.03000000000000025,0.009999999999999787,-0.25192704118107356,-0.17627098295252794,0.3742,0.0117999999999999
2024-05-20,2433.89990234375,2.11,2.33,0.0089556950387788,0.009999999999999787,0.010000000000000231,-0.3381715918215739,-0.17227788476113995,0.3837,0.0095
2024-05-21,2421.699951171875,2.09,2.32,-0.0050251162420584805,-0.020000000000000018,-0.010000000000000231,-0.4508418840280256,-0.15097902314960518,0.3755,-0.0081999999999999
2024-05-22,2389.199951171875,2.1,2.33,-0.01351119128257583,0.010000000000000231,0.010000000000000231,-0.48318170820878437,-0.10242391540582826,0.3795,0.004
2024-05-23,2335.0,2.17,2.3,-0.022946670318134466,0.06999999999999984,-0.03000000000000025,-0.4807496786517371,-0.22768397941819307,0.4075,0.0279999999999999
2024-05-24,2332.5,2.14,2.32,-0.0010712373814989462,-0.029999999999999805,0.020000000000000018,-0.47164853726212724,-0.22623352168134545,0.4142,0.0067
2024-05-29,2340.300048828125,2.25,2.36,-0.0063464816760836484,0.04999999999999982,0.020000000000000018,-0.5325286085108514,-0.2793916922589034,0.4745,0.0423999999999999
2024-05-30,2342.89990234375,2.19,2.36,0.001110289464387293,-0.06000000000000005,0.0,-0.5469692544641639,-0.30756583989655845,0.4626,-0.0118999999999999
2024-05-31,2322.89990234375,2.16,2.35,-0.008573073570683043,-0.029999999999999805,-0.009999999999999787,-0.5940819139867252,-0.3078489556497714,0.4418,-0.0207999999999999
2024-06-03,2346.60009765625,2.08,2.33,0.010151150585457458,-0.08000000000000007,-0.020000000000000018,-0.6341960592821487,-0.33722719318030003,0.3898,-0.052
2024-06-04,2325.5,2.02,2.31,-0.009032443941432433,-0.06000000000000005,-0.020000000000000018,-0.5413346243559912,-0.3133944885110657,0.3464,-0.0433999999999999
2024-06-05,2354.10009765625,1.99,2.3,0.012223460620860216,-0.030000000000000027,-0.010000000000000231,-0.5077978870807602,-0.3275542554646761,0.3195,-0.0268999999999999
2024-06-06,2370.300048828125,2.0,2.28,0.006858019711762253,0.010000000000000009,-0.020000000000000018,-0.5075603955255514,-0.31548722650170746,0.3051,-0.0144
2024-06-07,2305.199951171875,2.13,2.3,-0.027849130615993367,0.1299999999999999,0.020000000000000018,-0.4924266236588636,-0.4911337134861953,0.3606,0.0554999999999999
2024-06-10,2307.699951171875,2.16,2.31,0.001083916970968879,0.03000000000000025,0.010000000000000231,-0.4971562689259997,-0.4831505279155943,0.393,0.0324
2024-06-11,2307.5,2.12,2.27,-8.664897474286448e-05,-0.040000000000000036,-0.040000000000000036,-0.4947808765384799,-0.47636060798942076,0.3683,-0.0247
2024-06-12,2336.0,2.09,2.22,0.012275377571111079,-0.03000000000000025,-0.04999999999999982,-0.4340174408482338,-0.43507920014435314,0.3297,-0.0386
2024-06-13,2300.199951171875,2.03,2.21,-0.015444010517410511,-0.06000000000000005,-0.010000000000000231,-0.2978373932881995,-0.3536730529182947,0.2893,-0.0403999999999999
2024-06-14,2331.39990234375,2.03,2.17,0.013472849167638579,0.0,-0.040000000000000036,-0.2210610715829105,-0.3437414908700763,0.2714,-0.0179
2024-06-17,2312.39990234375,2.06,2.22,-0.008182999621581644,0.03000000000000025,0.050000000000000266,-0.16740850636723623,-0.3659352144338967,0.2908,0.0194
2024-06-18,2330.39990234375,2.01,2.21,0.007753980763100188,-0.050000000000000266,-0.010000000000000231,-0.12598830292379654,-0.3800583571537115,0.273,-0.0177999999999999
2024-06-21,2316.39990234375,2.02,2.23,-0.016016849994939797,0.020000000000000018,-0.020000000000000018,-0.038611204799406766,-0.3880293231700647,0.2839,0.0035999999999999
2024-06-24,2330.0,2.03,2.22,0.005854053366742384,0.009999999999999787,-0.009999999999999787,-0.01285691858989214,-0.37002340982141074,0.2849,0.001
2024-06-25,2316.60009765625,2.01,2.22,-0.005767631906511639,-0.020000000000000018,0.0,0.0034747780190656536,-0.4103437159535537,0.28,-0.0048999999999999
2024-06-26,2299.199951171875,2.06,2.26,-0.007539420565480626,0.050000000000000266,0.03999999999999959,0.03012281984113122,-0.4354334626752774,0.3123,0.0322999999999999
2024-06-27,2324.5,2.03,2.26,0.010943747042885477,-0.03000000000000025,0.0,0.040840936696571746,-0.4375973551258275,0.3089,-0.0034
2024-06-28,2327.699951171875,2.08,2.28,0.0013756724603899428,0.050000000000000266,0.020000000000000018,0.06516409108401675,-0.3821019779526963,0.3312,0.0222999999999999
2024-07-01,2327.60009765625,2.16,2.32,-4.2898852745665295e-05,0.08000000000000007,0.040000000000000036,0.05949479257111688,-0.3592863400672731,0.3852,0.0539999999999999
2024-07-02,2323.0,2.13,2.3,-0.001978281967874196,-0.03000000000000025,-0.020000000000000018,0.0398911580354875,-0.3934525891754294,0.3806,-0.0045999999999999
2024-07-03,2359.800048828125,2.09,2.27,0.015717436587046052,-0.040000000000000036,-0.029999999999999805,0.008677271770667558,-0.42773654315153664,0.354,-0.0266
2024-07-08,2355.199951171875,2.01,2.27,-0.014039925027510058,0.009999999999999787,-0.009999999999999787,-0.1587371099028287,-0.4688213046290254,0.3012,-0.0097999999999999
2024-07-09,2360.10009765625,2.04,2.26,0.0020784035788130595,0.03000000000000025,-0.010000000000000231,-0.1857114963765179,-0.40612413227718036,0.3072,0.0059999999999999
2024-07-10,2372.199951171875,2.01,2.27,0.005113741630379032,-0.03000000000000025,0.010000000000000231,-0.2269810020797088,-0.4151040911746086,0.3041,-0.0030999999999999
2024-07-11,2415.0,1.95,2.25,0.017881513074974542,-0.05999999999999983,-0.020000000000000018,-0.4121421879217876,-0.5016345519975023,0.267,-0.0370999999999999
2024-07-12,2414.0,1.94,2.24,-0.00041416442919572916,-0.010000000000000009,-0.009999999999999787,-0.5636730539654645,-0.49000186027413634,0.2534,-0.0136
2024-07-15,2422.89990234375,1.96,2.27,0.0036800068503834993,0.020000000000000018,0.029999999999999805,-0.6567278197779597,-0.49081084984953743,0.2683,0.0148999999999999
2024-07-16,2462.39990234375,1.91,2.26,0.016171314917782453,-0.050000000000000044,-0.010000000000000231,-0.7250688931353685,-0.5320281207638625,0.2525,-0.0157999999999999
2024-07-17,2454.800048828125,1.9,2.26,-0.0030911330198239995,-0.010000000000000009,0.0,-0.7731124552695909,-0.5155382432434714,0.2433,-0.0092
2024-07-18,2451.800048828125,1.89,2.31,-0.0012228428297103022,-0.010000000000000009,0.050000000000000266,-0.8114504300309554,-0.5760454262155769,0.2586,0.0153
2024-07-19,2395.5,1.93,2.32,-0.02323049125293153,0.040000000000000036,0.009999999999999787,-0.8189746155644394,-0.5837383309421809,0.2807,0.0221
2024-07-22,2392.0,1.96,2.3,-0.0014621412526549804,0.030000000000000027,-0.020000000000000018,-0.8220719487478474,-0.5912156471546179,0.2932,0.0125
2024-07-23,2404.60009765625,1.96,2.29,0.005253774082549789,0.0,-0.009999999999999787,-0.8192236753074329,-0.4560518543425236,0.2906,-0.0025999999999999
2024-07-24,2413.300048828125,2.0,2.28,0.003611515541423138,0.040000000000000036,-0.010000000000000231,-0.8094892627699891,-0.4421498378361207,0.2998,0.0091999999999999
2024-07-25,2351.89990234375,1.99,2.28,-0.025771655108934866,-0.010000000000000009,0.0,-0.7943738482332184,-0.395512164233263,0.3036,0.0037999999999999
2024-07-26,2380.0,1.93,2.27,0.011877017079959806,-0.06000000000000005,-0.009999999999999787,-0.7867528378476106,-0.41036649439921546,0.2767,-0.0268999999999999
2024-07-29,2377.300048828125,1.92,2.25,-0.0011350772219733685,-0.010000000000000009,-0.020000000000000018,-0.7830859194480833,-0.5126358866380172,0.2624,-0.0142999999999999
2024-07-30,2405.0,1.9,2.25,0.01158449309631493,-0.020000000000000018,0.0,-0.7836041796622442,-0.53215873129756,0.2501,-0.0123
2024-07-31,2426.5,1.85,2.24,0.008899986305409335,-0.04999999999999982,-0.009999999999999787,-0.7834773043424631,-0.5302834806312448,0.2197,-0.0303999999999999
2024-08-01,2435.0,1.79,2.2,0.003496866671419241,-0.06000000000000005,-0.040000000000000036,-0.7889882829705264,-0.5142274839502567,0.1693,-0.0504
2024-08-02,2425.699951171875,1.76,2.04,-0.00382663413501394,-0.030000000000000027,-0.16000000000000014,-0.7753584919198347,-0.5045698829728498,0.0817,-0.0876
2024-08-05,2401.699951171875,1.71,2.07,-0.009943322792610232,-0.050000000000000044,0.029999999999999805,-0.7221647759414235,-0.43526476407331166,0.0646,-0.0170999999999999
2024-08-06,2389.10009765625,1.78,2.12,-0.005260032745344034,0.07000000000000006,0.050000000000000266,-0.686800068087386,-0.45477067654663944,0.107,0.0423999999999999
2024-08-07,2390.5,1.85,2.11,0.0005857822224362152,0.07000000000000006,-0.010000000000000231,-0.6831873533813159,-0.44349708377594255,0.1439,0.0369
2024-08-08,2422.199951171875,1.87,2.12,0.013173648862206733,0.020000000000000018,0.010000000000000231,-0.679657598591749,-0.38877873804239865,0.1695,0.0256
2024-08-09,2432.10009765625,1.84,2.1,0.004078923886462249,-0.030000000000000027,-0.020000000000000018,-0.6843435669199199,-0.3814776040514766,0.1631,-0.0064
2024-08-12,2462.39990234375,1.79,2.11,0.012381322610815815,-0.050000000000000044,0.009999999999999787,-0.6820051030459181,-0.4126876860906345,0.1425,-0.0206
2024-08-13,2466.699951171875,1.76,2.09,0.0017447607257965458,-0.030000000000000027,-0.020000000000000018,-0.6592297159240262,-0.43248709680279596,0.1108,-0.0316999999999999
2024-08-14,2439.39990234375,1.77,2.06,-0.011129137775199638,0.010000000000000009,-0.029999999999999805,-0.6044796053562198,-0.4502005524455403,0.0962,-0.0146
2024-08-15,2453.10009765625,1.8,2.12,0.005600503269123536,0.030000000000000027,0.06000000000000005,-0.5810978944007456,-0.4115097838889505,0.1357,0.0394999999999999
2024-08-16,2498.60009765625,1.81,2.08,0.0183780434367522,0.010000000000000009,-0.040000000000000036,-0.5769246687768144,-0.3300916577192389,0.1321,-0.0035999999999999
2024-08-19,2501.800048828125,1.79,2.07,0.0012798782157226185,-0.020000000000000018,-0.010000000000000231,-0.561353641333127,-0.31936072517983793,0.1237,-0.0083999999999999
2024-08-20,2511.300048828125,1.75,2.07,0.0037900744796477426,-0.040000000000000036,0.0,-0.5568734754309317,-0.3261825822013669,0.1034,-0.0203
2024-08-21,2508.39990234375,1.72,2.07,-0.001155506040310783,-0.030000000000000027,0.0,-0.5721309310104434,-0.3148139228215933,0.0852,-0.0182
2024-08-22,2478.89990234375,1.76,2.1,-0.011830186756921712,0.040000000000000036,0.03000000000000025,-0.5896881142189204,-0.30097143911876634,0.1121,0.0269
2024-08-23,2508.39990234375,1.68,2.13,0.011830186756921712,-0.08000000000000007,0.029999999999999805,-0.6316447814216026,-0.3436667287254877,0.0954,-0.0167
2024-08-26,2517.699951171875,1.67,2.15,0.0037007061988525436,-0.010000000000000009,0.020000000000000018,-0.6781757362129605,-0.3530614761779247,0.1009,0.0055
2024-08-27,2516.0,1.68,2.15,-0.0006754281156968744,0.010000000000000009,0.0,-0.7306422581711333,-0.3190149292784999,0.1081,0.0071999999999999
2024-08-28,2501.0,1.69,2.15,-0.0059796869427115595,0.010000000000000009,0.0,-0.7621098024408669,-0.3274234089112136,0.1158,0.0076999999999999
2024-08-29,2525.699951171875,1.71,2.16,0.009827580801596625,0.020000000000000018,0.010000000000000231,-0.7843978394011665,-0.30046787664599367,0.1294,0.0135999999999999
2024-08-30,2493.800048828125,1.76,2.15,-0.012710561536922071,0.050000000000000044,-0.010000000000000231,-0.7776201487654247,-0.2874354444909985,0.148,0.0186
2024-09-04,2493.39990234375,1.7,2.07,0.0014046919562069604,-0.030000000000000027,-0.040000000000000036,-0.774120707526062,-0.2769684226968132,0.0898,-0.0366999999999999
2024-09-05,2511.39990234375,1.7,2.03,0.00719312592470267,0.0,-0.040000000000000036,-0.8043020013086581,-0.2886856475535965,0.0748,-0.015
2024-09-06,2493.5,1.69,2.03,-0.007152981683502091,-0.010000000000000009,0.0,-0.7676278014469889,-0.3349328654186224,0.0613,-0.0135
2024-09-09,2501.800048828125,1.66,2.04,0.003323146311661418,-0.030000000000000027,0.010000000000000231,-0.7399829813169697,-0.29733585336395585,0.0574,-0.0039
2024-09-10,2512.300048828125,1.63,2.02,0.00418819534666337,-0.030000000000000027,-0.020000000000000018,-0.7032135062244051,-0.3020024483342979,0.0379,-0.0194999999999999
2024-09-11,2512.10009765625,1.61,2.04,-7.95920572214115e-05,-0.019999999999999796,0.020000000000000018,-0.6760337215601837,-0.29583928078548455,0.0355,-0.0024
2024-09-12,2551.199951171875,1.63,2.05,0.015444721969290143,0.019999999999999796,0.009999999999999787,-0.6894353964835253,-0.20704336293254524,0.0478,0.0123
2024-09-13,2581.300048828125,1.58,2.08,0.011729349341313977,-0.04999999999999982,0.03000000000000025,-0.7312239415311292,-0.24282354366296477,0.0435,-0.0043
2024-09-16,2580.39990234375,1.54,2.09,-0.0003487790851908201,-0.040000000000000036,0.009999999999999787,-0.7744494585193062,-0.24922313575117316,0.0425,-0.0009999999999999
2024-09-17,2564.300048828125,1.53,2.12,-0.00625883189495724,-0.010000000000000009,0.03000000000000025,-0.8459742556044401,-0.31951051588918594,0.0565,0.0139999999999999
2024-09-18,2570.699951171875,1.58,2.12,0.002492660431349769,0.050000000000000044,0.0,-0.885598359088933,-0.262707641337703,0.0886,0.0321
2024-09-19,2588.0,1.56,2.17,0.006707160271704815,-0.020000000000000018,0.04999999999999982,-0.8934529109854344,-0.27338483170708,0.1128,0.0242
2024-09-20,2619.89990234375,1.58,2.15,0.012250735192204765,0.020000000000000018,-0.020000000000000018,-0.8682392184510672,-0.27856991231545714,0.1241,0.0113
2024-09-23,2626.5,1.58,2.17,0.0025160495810210293,0.0,0.020000000000000018,-0.8462363787604602,-0.2762237737612763,0.1437,0.0195999999999999
2024-09-24,2651.199951171875,1.55,2.19,0.009360187860914415,-0.030000000000000027,0.020000000000000018,-0.841142178759143,-0.24861614646526317,0.147,0.0032999999999999
2024-09-25,2659.199951171875,1.61,2.18,0.0030129580442377346,0.06000000000000005,-0.009999999999999787,-0.8026285970244392,-0.23015883277417182,0.171,0.024
2024-09-26,2669.89990234375,1.63,2.16,0.004015674633472521,0.019999999999999796,-0.020000000000000018,-0.7468697697167842,-0.20842112364559012,0.1874,0.0163999999999999
2024-09-27,2644.300048828125,1.6,2.15,-0.009634583484436021,-0.029999999999999805,-0.010000000000000231,-0.7226598600189331,-0.17406987711002014,0.1709,-0.0165
2024-09-30,2636.10009765625,1.63,2.18,-0.003105809232568646,0.029999999999999805,0.03000000000000025,-0.7129548566601973,-0.25071443500100354,0.1945,0.0236
2024-10-01,2667.300048828125,1.55,2.19,0.011766153885765185,-0.07999999999999985,0.009999999999999787,-0.7355906274015556,-0.32030738978165096,0.1739,-0.0206
2024-10-02,2647.10009765625,1.58,2.21,-0.007602005078805263,0.030000000000000027,0.020000000000000018,-0.7422144007800339,-0.3476004875439709,0.1859,0.012
2024-10-03,2657.10009765625,1.64,2.21,0.003770601213994418,0.05999999999999983,0.0,-0.7055487483741079,-0.32733307576946374,0.2171,0.0311999999999999
2024-10-04,2645.800048828125,1.75,2.23,-0.00426184375335481,0.1100000000000001,0.020000000000000018,-0.5545306751590433,-0.32002717332999403,0.2854,0.0683
2024-10-07,2644.800048828125,1.76,2.27,-0.0003780289545414206,0.010000000000000009,0.040000000000000036,-0.4341666443433948,-0.25555078727579295,0.3202,0.0348
2024-10-08,2615.0,1.77,2.27,-0.011331369029671912,0.010000000000000009,0.0,-0.3639542688095844,-0.2498780753548948,0.3255,0.0053
2024-10-09,2606.0,1.77,2.29,-0.0034476188142322783,0.0,0.020000000000000018,-0.3117076363340934,-0.24526942486512499,0.3424,0.0168999999999999
2024-10-10,2620.60009765625,1.76,2.33,0.005586857750537355,-0.010000000000000009,0.040000000000000036,-0.2527555997082937,-0.2477513468154446,0.3499,0.0075
2024-10-11,2657.60009765625,1.75,2.33,0.014020160169732065,-0.010000000000000009,0.0,-0.1704793489876829,-0.27620265134747707,0.3485,-0.0014
2024-10-16,2674.0,1.75,2.27,0.0047232152458107635,0.0,-0.009999999999999787,0.07362394949878937,-0.2293960064344042,0.3249,-0.0083999999999999
2024-10-17,2691.0,1.79,2.3,0.006337393065017238,0.040000000000000036,0.029999999999999805,0.19821308317377473,-0.21227470575473145,0.3495,0.0245999999999999
2024-10-18,2713.699951171875,1.77,2.31,0.008400127613583663,-0.020000000000000018,0.010000000000000231,0.30883077707686096,-0.2254226575015994,0.349,-0.0005
2024-10-21,2723.10009765625,1.88,2.31,0.0034579737223614515,0.10999999999999988,0.0,0.46150796135859223,-0.21600161072511193,0.3916,0.0426
2024-10-22,2744.199951171875,1.87,2.33,0.007718602631014093,-0.009999999999999787,0.020000000000000018,0.5756400068409899,-0.2243660271670042,0.4123,0.0206999999999999
2024-10-23,2714.39990234375,1.93,2.31,-0.010918677200948856,0.05999999999999983,-0.020000000000000018,0.6381608278264967,-0.2801180094495892,0.4356,0.0232999999999999
2024-10-24,2734.89990234375,1.91,2.3,0.007523937915991041,-0.020000000000000018,-0.010000000000000231,0.7012925742085648,-0.3036465845101867,0.433,-0.0025999999999999
2024-10-25,2740.89990234375,1.96,2.29,0.0021914615637026458,0.050000000000000044,-0.009999999999999787,0.7535778060571263,-0.33226400246768706,0.4467,0.0136999999999999
2024-10-28,2742.89990234375,1.99,2.29,0.0007294212625952312,0.030000000000000027,0.0,0.7743816813298415,-0.2859952592671057,0.4666,0.0199
2024-10-29,2768.39990234375,1.98,2.3,0.009253781457163157,-0.010000000000000009,0.009999999999999787,0.7892172153850389,-0.32583642652372974,0.472,0.0053999999999999
2024-10-30,2788.5,1.95,2.34,0.007234316137240349,-0.030000000000000027,0.040000000000000036,0.7904757373064928,-0.3801614338964897,0.4842,0.0122
2024-10-31,2738.300048828125,1.95,2.33,-0.018166509123427765,0.0,-0.009999999999999787,0.7947422862573252,-0.3050662454031062,0.489,0.0047999999999999
2024-11-01,2738.60009765625,2.04,2.33,0.0001095688511387749,0.09000000000000008,0.0,0.7881869379065568,-0.29141478130097503,0.5269,0.0379
2024-11-04,2736.10009765625,2.03,2.28,-0.000913292083431827,-0.010000000000000231,-0.050000000000000266,0.7836635798101751,-0.2970917706389836,0.5158,-0.0110999999999999
2024-11-05,2740.300048828125,1.99,2.27,0.0015338367843664713,-0.039999999999999813,-0.009999999999999787,0.7811204944769481,-0.288899627153866,0.5071,-0.0087
2024-11-06,2667.60009765625,2.04,2.38,-0.026888192891822982,0.050000000000000044,0.10999999999999988,0.7239963581811675,-0.29465233381376593,0.5564,0.0493
2024-11-07,2698.39990234375,1.98,2.33,0.0114797401905804,-0.06000000000000005,-0.04999999999999982,0.7142239543764184,-0.3580850009000008,0.5284,-0.028
2024-11-08,2687.5,1.95,2.35,-0.004047575121093772,-0.030000000000000027,0.020000000000000018,0.708606312601772,-0.34035957600130656,0.5171,-0.0112999999999999
2024-11-13,2580.800048828125,2.09,2.35,-0.007411997718866026,0.009999999999999787,0.0,0.34053201240212116,-0.5246260363102464,0.5745,0.0137
2024-11-14,2568.199951171875,2.1,2.33,-0.004894201906120443,0.010000000000000231,-0.020000000000000018,0.19276834095150303,-0.48724578499299376,0.5777,0.0031999999999999
2024-11-15,2565.699951171875,2.1,2.33,-0.0009739185590538213,0.0,0.0,0.04109976173749866,-0.4844543023183283,0.5757,-0.002
2024-11-18,2610.60009765625,2.08,2.34,0.017348790536743763,-0.020000000000000018,0.009999999999999787,-0.038158184375004324,-0.5224256361926259,0.5689,-0.0068
2024-11-19,2627.10009765625,2.05,2.34,0.006300496006653944,-0.03000000000000025,0.0,-0.09392039177744184,-0.5490417204908088,0.5548,-0.0141
2024-11-20,2648.199951171875,2.06,2.35,0.007999532098494022,0.010000000000000231,0.010000000000000231,-0.14032772356320106,-0.5441333735681567,0.5547,-9.9999999999989e-05
2024-11-21,2672.10009765625,2.09,2.34,0.00898457118513818,0.029999999999999805,-0.010000000000000231,-0.2022246062119655,-0.5352947772703104,0.5642,0.0095
2024-11-22,2709.89990234375,2.07,2.34,0.01404698113449765,-0.020000000000000018,0.0,-0.26548732585767915,-0.5510212774405222,0.5626,-0.0016
2024-11-25,2616.800048828125,1.98,2.29,-0.034959481903407585,-0.08999999999999986,-0.04999999999999982,-0.3509068355987671,-0.2438590499789075,0.5048,-0.0577999999999999
2024-11-26,2620.300048828125,2.02,2.28,0.0013366177677767155,0.040000000000000036,-0.010000000000000231,-0.41785306155706436,-0.23027471404067248,0.5022,-0.0026
2024-11-27,2639.89990234375,1.99,2.26,0.007452166991227749,-0.030000000000000027,-0.020000000000000018,-0.4856905093852694,-0.24224300026223908,0.4783,-0.0238999999999999
2024-12-02,2634.89990234375,1.93,2.26,-0.008352473231235003,0.010000000000000009,0.0,-0.5550654134726932,-0.2735251893286808,0.4453,-0.0036
2024-12-03,2644.699951171875,1.95,2.28,0.003712425318383339,0.020000000000000018,0.020000000000000018,-0.5742427598466656,-0.260163037952616,0.4605,0.0152
2024-12-04,2653.800048828125,1.9,2.29,0.0034349746546977755,-0.050000000000000044,0.010000000000000231,-0.5236995922115393,-0.3163958537547641,0.4537,-0.0068
2024-12-05,2626.60009765625,1.92,2.25,-0.010302322170882228,0.020000000000000018,-0.040000000000000036,-0.4404380019287377,-0.31982587091136583,0.4479,-0.0057999999999999
2024-12-06,2638.60009765625,1.91,2.24,0.004558239129528907,-0.010000000000000009,-0.009999999999999787,-0.3843874733376522,-0.30041135961351983,0.439,-0.0089
2024-12-09,2664.89990234375,1.93,2.27,0.009917986338086493,0.020000000000000018,0.029999999999999805,-0.3416536932448199,-0.27641852399391464,0.454,0.015
2024-12-10,2697.60009765625,1.93,2.29,0.012196028210302856,0.0,0.020000000000000018,-0.3368840865722501,-0.2862635401400419,0.4686,0.0146
2024-12-11,2733.800048828125,1.96,2.3,0.013330075570755717,0.030000000000000027,0.009999999999999787,-0.3545362290107076,-0.25849997875632225,0.4941,0.0254999999999999
2024-12-12,2687.5,2.0,2.32,-0.01708120714353356,0.040000000000000036,0.020000000000000018,-0.3554651793563474,-0.2827707008818834,0.5276,0.0334999999999999
2024-12-13,2656.0,2.07,2.33,-0.011790161839593694,0.06999999999999984,0.010000000000000231,-0.32428464319071615,-0.29731711355106405,0.5706,0.043
2024-12-16,2651.39990234375,2.07,2.32,-0.0017334660635324184,0.0,-0.010000000000000231,-0.29337532444898545,-0.30911563334666664,0.5798,0.0091999999999999
2024-12-17,2644.39990234375,2.09,2.31,-0.002643606002823873,0.020000000000000018,-0.009999999999999787,-0.34186659315056334,-0.3366796105268089,0.5854,0.0056
2024-12-18,2636.5,2.18,2.32,-0.0029918795594436887,0.0900000000000003,0.009999999999999787,-0.3732483314738079,-0.32480796003518786,0.6412,0.0557999999999999
2024-12-19,2592.199951171875,2.28,2.29,-0.016945362817807563,0.09999999999999964,-0.029999999999999805,-0.4419657843597153,-0.36956438591082097,0.6778,0.0365999999999999
2024-12-20,2628.699951171875,2.23,2.29,0.013982491661312046,-0.04999999999999982,0.0,-0.43797223918845335,-0.37033151668332753,0.6682,-0.0095999999999999
2024-12-23,2612.300048828125,2.27,2.32,-0.006258330803748713,0.040000000000000036,0.029999999999999805,-0.4423488560247344,-0.34812949705142426,0.6941,0.0259
2024-12-24,2620.0,2.24,2.35,0.002943239744862325,-0.029999999999999805,0.03000000000000025,-0.42610874010082717,-0.3633728195040758,0.7009,0.0067999999999999
2024-12-27,2617.199951171875,2.28,2.34,-0.008219261513672471,0.04999999999999982,-0.010000000000000231,-0.4220905098029271,-0.20659916238041143,0.7141,0.0172999999999999
2024-12-30,2606.10009765625,2.24,2.31,-0.004250136932791193,-0.03999999999999959,-0.029999999999999805,-0.4593654943586767,-0.18658828812606565,0.6861,-0.0279999999999999
2024-12-31,2629.199951171875,2.24,2.34,0.00882471041177979,0.0,0.029999999999999805,-0.48698211394593055,-0.18812608166634198,0.6872,0.0010999999999999
2025-01-03,2645.0,2.26,2.34,-0.005241401391996803,0.029999999999999805,0.0,-0.45708777048759197,-0.17095637111799333,0.7016,0.0164999999999999
2025-01-06,2638.39990234375,2.28,2.34,-0.002498429500501942,0.020000000000000018,0.0,-0.4529548628308029,-0.17595839300967925,0.7121,0.0104999999999999
2025-01-07,2656.699951171875,2.29,2.38,0.006912096917742971,0.010000000000000231,0.040000000000000036,-0.42558996565201446,-0.19110864466746907,0.7356,0.0235
2025-01-08,2664.5,2.27,2.4,0.0029316900271956214,-0.020000000000000018,0.020000000000000018,-0.40600924956686085,-0.17485968073396435,0.7392,0.0035999999999999
2025-01-09,2683.800048828125,2.29,2.39,0.007217296123673833,0.020000000000000018,-0.009999999999999787,-0.36717095083318724,-0.5771028592284269,0.7465,0.0073
2025-01-10,2708.5,2.34,2.43,0.009161257237443543,0.04999999999999982,0.040000000000000036,-0.2577494870580835,-0.5335709073790231,0.7964,0.0498999999999999
2025-01-13,2673.5,2.34,2.45,-0.013006500709167312,0.0,0.020000000000000018,-0.22488427712644823,-0.48476556972437745,0.8131,0.0167
2025-01-14,2677.5,2.34,2.44,0.0014950479331172772,0.0,-0.010000000000000231,-0.17572218511751345,-0.47786995595360277,0.8122,-0.0009
2025-01-15,2712.5,2.24,2.42,0.01298719552681149,-0.09999999999999964,-0.020000000000000018,-0.16241114112709445,-0.5347709506734968,0.7574,-0.0548
2025-01-16,2746.39990234375,2.19,2.42,0.012420208736854121,-0.050000000000000266,0.0,-0.14862637827959646,-0.5646954374633089,0.7249,-0.0324999999999999
2025-01-17,2744.300048828125,2.2,2.41,-0.0007648764771968075,0.010000000000000231,-0.009999999999999787,-0.13836398976816,-0.5724978964623647,0.7198,-0.0050999999999999
2025-01-22,2767.60009765625,2.2,2.4,0.004563111323177438,0.010000000000000231,0.020000000000000018,-0.23464682333702794,-0.5761950519077028,0.7071,0.0037999999999999
2025-01-23,2763.10009765625,2.23,2.42,-0.001627280754371796,0.029999999999999805,0.020000000000000018,-0.2350300413505246,-0.5956227259317584,0.7212,0.0141
2025-01-24,2777.300048828125,2.2,2.43,0.005125977145750582,-0.029999999999999805,0.010000000000000231,-0.21207430079023512,-0.6059039801254673,0.7192,-0.002
2025-01-27,2737.5,2.13,2.4,-0.014434155176814123,-0.07000000000000028,-0.03000000000000025,-0.1646890806112484,-0.49409301626544383,0.6816,-0.0375999999999999
2025-01-28,2766.800048828125,2.13,2.42,0.010646340249542696,0.0,0.020000000000000018,-0.22640747873076467,-0.47138278934677336,0.6771,-0.0044999999999999
2025-01-29,2769.10009765625,2.15,2.4,0.0008309575316065576,0.020000000000000018,-0.020000000000000018,-0.32300412556589225,-0.42540409220848746,0.6807,0.0035999999999999
2025-01-30,2823.0,2.14,2.38,0.01927775634758344,-0.009999999999999787,-0.020000000000000018,-0.4673591299377114,-0.416798347158789,0.6646,-0.0161
2025-01-31,2812.5,2.16,2.42,-0.0037263817408135225,0.020000000000000018,0.040000000000000036,-0.6053806351693205,-0.41750508400860054,0.6836,0.019
2025-02-03,2833.89990234375,2.09,2.45,0.007580052840268081,-0.07000000000000028,0.03000000000000025,-0.6995121113644255,-0.42178994052005153,0.6733,-0.0102999999999999
2025-02-04,2853.300048828125,2.08,2.44,0.006822415916365898,-0.009999999999999787,-0.010000000000000231,-0.7383529562510902,-0.28164944044391343,0.6598,-0.0134999999999999
2025-02-05,2871.60009765625,2.01,2.42,0.006393163440626459,-0.07000000000000028,-0.020000000000000018,-0.7909252564367957,-0.251526943435928,0.6215,-0.0383
2025-02-06,2856.0,2.03,2.42,-0.00544735525046125,0.020000000000000018,0.0,-0.8134934191373926,-0.23230637070518914,0.62,-0.0015
2025-02-07,2867.300048828125,2.07,2.42,0.003948792974386883,0.040000000000000036,0.0,-0.8385879321729992,-0.2222142650474377,0.6365,0.0164999999999999
2025-02-10,2914.300048828125,2.07,2.44,0.016258833046569166,0.0,0.020000000000000018,-0.8556535012285853,-0.20267904214049387,0.6387,0.0022
2025-02-11,2912.5,2.08,2.46,-0.000617851606475206,0.010000000000000231,0.020000000000000018,-0.8578855356474314,-0.14544028045871515,0.6508,0.0121
2025-02-12,2909.0,2.16,2.46,-0.0012024393787539722,0.08000000000000007,0.0,-0.8454951829604453,-0.21530404166895822,0.6974,0.0465999999999999
2025-02-13,2925.89990234375,2.08,2.44,0.005792712774394637,-0.08000000000000007,-0.020000000000000018,-0.8577519082874464,-0.2238201402767876,0.6705,-0.0269
2025-02-14,2883.60009765625,2.04,2.43,-0.014562544873085947,-0.040000000000000036,-0.009999999999999787,-0.8707553812737137,-0.1428958752367351,0.6417,-0.0287999999999999
2025-02-19,2919.39990234375,2.08,2.45,-0.004170300117599446,-0.020000000000000018,0.0,-0.861541627340869,0.001642232991119956,0.657,-0.005
2025-02-20,2940.0,2.05,2.45,0.0070314990870450345,-0.03000000000000025,0.0,-0.8580825861333368,-0.011979723194256917,0.6477,-0.0092999999999999
2025-02-21,2937.60009765625,2.0,2.42,-0.0008166266630071917,-0.04999999999999982,-0.03000000000000025,-0.8617861740744309,0.0037297262049325783,0.6161,-0.0316
2025-02-24,2947.89990234375,1.98,2.42,0.003500064634192057,-0.020000000000000018,0.0,-0.8615411270480118,-0.007725146763234713,0.6017,-0.0143999999999999
2025-02-25,2904.5,1.92,2.38,-0.014831760871325095,-0.06000000000000005,-0.040000000000000036,-0.8413444634767668,0.03205739696856673,0.557,-0.0446999999999999
2025-02-26,2916.800048828125,1.89,2.36,0.004225883232117589,-0.030000000000000027,-0.020000000000000018,-0.80456874560049,0.052864551229239574,0.5249,-0.0321
2025-02-27,2883.199951171875,1.92,2.37,-0.011586370186079442,0.030000000000000027,0.010000000000000231,-0.7475936913607736,-0.005206156078548319,0.5274,0.0024999999999999
2025-02-28,2836.800048828125,1.86,2.38,-0.016224097946285987,-0.05999999999999983,0.009999999999999787,-0.6358660653958323,0.15643107765460312,0.5063,-0.0211
2025-03-03,2890.199951171875,1.8,2.36,0.018649013437515016,-0.06000000000000005,-0.020000000000000018,-0.5867586195004669,0.1154952604522746,0.4751,-0.0311999999999999
2025-03-04,2909.60009765625,1.87,2.35,0.006689961266387101,0.07000000000000006,-0.009999999999999787,-0.568089173256051,0.14535745368420072,0.488,0.0128999999999999
2025-03-05,2915.300048828125,1.94,2.34,0.0019570989537598393,0.06999999999999984,-0.010000000000000231,-0.5504391144223548,0.13813486043017315,0.5178,0.0298
2025-03-06,2916.60009765625,1.95,2.34,0.00044584057237084807,0.010000000000000009,0.0,-0.5244773366547232,0.1324875479131221,0.5284,0.0105999999999999
2025-03-07,2904.699951171875,1.99,2.33,-0.0040884898428901195,0.040000000000000036,-0.009999999999999787,-0.46887291426474476,0.11951536658296052,0.5439,0.0155
2025-03-10,2891.0,1.91,2.31,-0.004727634903136213,-0.08000000000000007,-0.020000000000000018,-0.40857877264308007,0.15274570081491862,0.5083,-0.0356
2025-03-11,2912.89990234375,1.97,2.31,0.0075466519578206714,0.06000000000000005,0.0,-0.3679732892135072,0.11211347835919404,0.5213,0.013
2025-03-12,2939.10009765625,1.99,2.33,0.00895433027112258,0.020000000000000018,0.020000000000000018,-0.3105762300478565,0.12203600255195123,0.5432,0.0219
2025-03-13,2984.300048828125,1.98,2.29,0.015261784579634785,-0.010000000000000009,-0.040000000000000036,-0.20789105231406996,0.11672177964370509,0.5271,-0.0161
2025-03-14,2994.5,2.01,2.3,0.0034120428795940683,0.029999999999999805,0.009999999999999787,-0.10532579498299317,0.13226062657323287,0.5449,0.0178
2025-03-17,3000.0,2.02,2.29,0.0018350159457281023,0.010000000000000231,-0.009999999999999787,0.05892549569843517,0.1443794047708535,0.5498,0.0048999999999999
2025-03-18,3035.10009765625,1.99,2.3,0.01163211640533568,-0.030000000000000027,0.009999999999999787,0.11927497450884951,0.15519089936707026,0.5379,-0.0118999999999999
2025-03-19,3035.89990234375,1.94,2.31,0.0002634836739012769,-0.050000000000000044,0.010000000000000231,0.11012508267288236,0.16242617187559721,0.5183,-0.0196
2025-03-20,3040.0,1.93,2.31,0.0013496266707839766,-0.010000000000000009,0.0,0.05573716734171458,0.19270987078717908,0.506,-0.0122999999999999
2025-03-21,3018.199951171875,1.92,2.33,-0.0071969043937123445,-0.010000000000000009,0.020000000000000018,0.03560860226268982,0.2110952901089152,0.5056,-0.0003999999999999
2025-03-24,3013.10009765625,1.98,2.36,-0.0016911295043424701,0.06000000000000005,0.029999999999999805,0.08470897346357317,0.1823439029369029,0.5424,0.0367999999999999
2025-03-25,3023.699951171875,1.96,2.35,0.003511749378260376,-0.020000000000000018,-0.009999999999999787,0.09013465452478568,0.1836211502851672,0.5406,-0.0018
2025-03-26,3020.89990234375,1.98,2.37,-0.0009264629905239019,0.020000000000000018,0.020000000000000018,0.1204634592966772,0.1809199083931723,0.5522,0.0116
2025-03-27,3060.199951171875,1.99,2.39,0.012925489441903082,0.010000000000000009,0.020000000000000018,0.21159002904111363,0.21955511936190875,0.5627,0.0104999999999999
2025-03-28,3086.5,1.9,2.37,0.00855750550209855,-0.09000000000000008,-0.020000000000000018,0.1578725004317478,0.19237421732250795,0.5214,-0.0413
2025-03-31,3122.800048828125,1.85,2.38,0.011692288048193333,-0.04999999999999982,0.009999999999999787,0.05677227090492224,0.11403868462674757,0.4988,-0.0225999999999999
2025-04-01,3118.89990234375,1.84,2.33,-0.0012497066576351301,-0.010000000000000009,-0.04999999999999982,-0.02875215559909775,0.034696510285647165,0.4715,-0.0273
2025-04-02,3139.89990234375,1.88,2.32,0.006710576935194723,0.039999999999999813,-0.010000000000000231,-0.05066892245897085,0.046700941895313416,0.4775,0.006
2025-04-03,3097.0,1.78,2.28,-0.013757020186499602,-0.09999999999999987,-0.040000000000000036,-0.13649636290597839,0.1713662430555213,0.4094,-0.0681
2025-04-04,3012.0,1.83,2.18,-0.02782959105342009,0.050000000000000044,-0.09999999999999964,-0.13014281631595165,0.021703157161353247,0.3821,-0.0272999999999999
2025-04-07,2951.300048828125,1.96,2.19,-0.020358542145218372,0.1299999999999999,0.009999999999999787,-0.12542672416831957,-0.1399036101722208,0.4271,0.0449999999999999
2025-04-08,2968.39990234375,2.04,2.22,0.005777286422797623,0.08000000000000007,0.03000000000000025,-0.13820104989506746,-0.17273296453382578,0.4769,0.0498
2025-04-09,3056.5,2.07,2.27,0.029247416271417137,0.029999999999999805,0.04999999999999982,-0.09383906447731118,-0.11249319556399319,0.5436,0.0666999999999999
2025-04-10,3155.199951171875,2.21,2.19,0.031781399464090754,0.14000000000000012,-0.08000000000000007,0.11854629072548108,0.09455129077546554,0.5682,0.0246
2025-04-11,3222.199951171875,2.28,2.2,0.02101247097035497,0.06999999999999984,0.010000000000000231,0.30246219835289767,0.0772573568602783,0.6161,0.0478999999999999
2025-04-14,3204.800048828125,2.15,2.23,-0.005414639755736417,-0.1299999999999999,0.029999999999999805,0.3347414930852935,0.17770242500213612,0.5794,-0.0366999999999999
2025-04-15,3218.699951171875,2.16,2.19,0.0043278349931821225,0.010000000000000231,-0.040000000000000036,0.38415865578770153,0.17197458034960614,0.558,-0.0213999999999999
2025-04-16,3326.60009765625,2.12,2.17,0.032973254571937005,-0.040000000000000036,-0.020000000000000018,0.43285682786433616,0.10689181788784094,0.523,-0.035
2025-04-17,3308.699951171875,2.11,2.23,-0.005395442489893654,-0.010000000000000231,0.06000000000000005,0.4663659784432752,0.11283626541825872,0.5337,0.0106999999999999
2025-04-22,3400.800048828125,2.14,2.27,-0.0015865736672466824,-0.06000000000000005,0.04999999999999982,0.5682263403532346,0.1809256799227352,0.5668,0.0102999999999999
2025-04-23,3276.300048828125,2.11,2.29,-0.03729596062718876,-0.03000000000000025,0.020000000000000018,0.5876847391638705,0.2061499729938182,0.5721,0.0053
2025-04-24,3332.0,2.02,2.3,0.016857972511505892,-0.08999999999999986,0.009999999999999787,0.574753690437255,0.1558173820237554,0.5396,-0.0325
2025-04-25,3282.39990234375,2.02,2.27,-0.014997891910233818,0.0,-0.029999999999999805,0.5659463359510535,0.1586310116867754,0.5131,-0.0264999999999999
2025-04-28,3332.5,1.98,2.25,0.015147940676364158,-0.040000000000000036,-0.020000000000000018,0.5419796459020775,0.14176298049791317,0.4805,-0.0326
2025-04-29,3318.800048828125,1.96,2.23,-0.004119486550148821,-0.020000000000000018,-0.020000000000000018,0.5217246070282799,0.14618734365376,0.4541,-0.0263999999999999
2025-04-30,3305.0,1.94,2.23,-0.0041668132169281336,-0.020000000000000018,0.0,0.490819225443497,0.15843355685789434,0.435,-0.0191
2025-05-01,3210.0,2.0,2.25,-0.02916553616172557,0.06000000000000005,0.020000000000000018,0.48092768643865325,0.08969968073245378,0.4655,0.0305
2025-05-02,3231.89990234375,2.06,2.27,0.006799232227836072,0.06000000000000005,0.020000000000000018,0.4731135294053917,0.09636283507834081,0.5073,0.0417999999999999
2025-05-05,3311.300048828125,2.08,2.28,0.024270706904035322,0.020000000000000018,0.009999999999999787,0.4644476648163872,0.09974970458932025,0.526,0.0187
2025-05-06,3411.39990234375,2.04,2.26,0.029781859324396365,-0.040000000000000036,-0.020000000000000018,0.4512163737141157,0.07335019190557919,0.5164,-0.0096
2025-05-07,3381.39990234375,2.01,2.25,-0.008832939557882113,-0.03000000000000025,-0.009999999999999787,0.4251089685823714,0.08362153107559765,0.4996,-0.0167999999999999
2025-05-08,3296.60009765625,2.08,2.29,-0.025398132101866366,0.07000000000000028,0.040000000000000036,0.4281256670796555,0.03028333094935318,0.5413,0.0417
2025-05-09,3335.39990234375,2.08,2.29,0.011700918988175601,0.0,0.0,0.43246119364031804,0.027783729791977532,0.5503,0.009
2025-05-12,3220.0,2.16,2.29,-0.035211223370302136,0.08000000000000007,0.0,0.3974583830678082,-0.027645088375995327,0.5831,0.0327999999999999
2025-05-13,3240.300048828125,2.17,2.32,0.006284573623098311,0.009999999999999787,0.029999999999999805,0.36550905143552265,-0.012239517126085897,0.6037,0.0206
2025-05-14,3181.39990234375,2.16,2.37,-0.01834461239329066,-0.009999999999999787,0.050000000000000266,0.31075584160661446,-0.0031413884640931707,0.6244,0.0206999999999999
2025-05-15,3220.699951171875,2.11,2.34,0.012277391287756956,-0.050000000000000266,-0.03000000000000025,0.279032900610084,-0.024645131462423513,0.5938,-0.0305999999999999
2025-05-16,3182.0,2.09,2.34,-0.012088782158285127,-0.020000000000000018,0.0,0.19659528155448638,-0.057691329709302235,0.5836,-0.0101999999999999
2025-05-19,3228.89990234375,2.1,2.36,0.014631561796194958,0.010000000000000231,0.020000000000000018,0.018356502839816213,-0.027513276135169327,0.5841,0.0004999999999999
2025-05-20,3280.300048828125,2.13,2.35,0.01579340480163438,0.029999999999999805,-0.009999999999999787,-0.1531187418152058,0.06273105809615338,0.5899,0.0058
2025-05-21,3309.300048828125,2.23,2.35,0.00880180490270277,0.10000000000000009,0.0,-0.23616318468877673,0.071124433279603,0.6288,0.0389
2025-05-22,3292.300048828125,2.2,2.34,-0.005150277910233925,-0.029999999999999805,-0.010000000000000231,-0.2996928906309107,0.06228227641046224,0.6269,-0.0019
2025-05-23,3363.60009765625,2.18,2.33,0.02142543450396417,-0.020000000000000018,-0.009999999999999787,-0.1900710356799446,-0.08014214917627445,0.6166,-0.0102999999999999
2025-05-28,3293.60009765625,2.15,2.32,-0.0016685124798723194,0.040000000000000036,0.0,-0.09608386579833586,-0.12380692078958709,0.5896,0.0055
2025-05-29,3317.10009765625,2.11,2.32,0.007109715550713602,-0.040000000000000036,0.0,-0.06046607876317268,-0.1325573258274676,0.567,-0.0226
2025-05-30,3288.89990234375,2.07,2.34,-0.008537804000789961,-0.040000000000000036,0.020000000000000018,-0.06542783791130215,-0.07793241044550382,0.5515,-0.0154999999999999
2025-06-02,3370.60009765625,2.13,2.33,0.024537666358952492,0.06000000000000005,-0.009999999999999787,-0.04536620655245631,-0.02191936951324935,0.5658,0.0142999999999999
2025-06-03,3350.199951171875,2.14,2.32,-0.006070768059981191,0.010000000000000231,-0.010000000000000231,-0.12134627632659895,-0.13278318177594892,0.5748,0.009
2025-06-04,3373.5,2.06,2.31,0.00693075011258415,-0.08000000000000007,-0.009999999999999787,-0.18675724269188998,-0.1548578506702478,0.5365,-0.0383
2025-06-05,3350.699951171875,2.11,2.29,-0.0067815164251037174,0.04999999999999982,-0.020000000000000018,-0.17209596457697257,-0.22533295372084217,0.5455,0.009
2025-06-06,3322.699951171875,2.2,2.31,-0.008391573926159523,0.0900000000000003,0.020000000000000018,-0.12713403407790919,-0.19656208036373995,0.5974,0.0519
2025-06-09,3332.10009765625,2.18,2.31,0.002825074432685426,-0.020000000000000018,0.0,-0.1134031428718046,-0.20511433910885313,0.5971,-0.0003
2025-06-10,3320.89990234375,2.18,2.29,-0.003366964044300147,0.0,-0.020000000000000018,-0.06907899160801621,-0.1796048344861087,0.5905,-0.0065999999999999
2025-06-11,3321.300048828125,2.14,2.27,0.00012048613043802447,-0.040000000000000036,-0.020000000000000018,-0.04145390022387809,-0.18295296246393944,0.5636,-0.0269
2025-06-12,3380.89990234375,2.11,2.25,0.01778563010253542,-0.03000000000000025,-0.020000000000000018,-0.04161996389770987,-0.21073412660006466,0.5341,-0.0294999999999999
2025-06-13,3431.199951171875,2.13,2.28,0.014768122634468028,0.020000000000000018,0.029999999999999805,-0.1509440313702215,-0.13922619638305642,0.5497,0.0155999999999999
2025-06-16,3396.39990234375,2.16,2.3,-0.01019402159970717,0.03000000000000025,0.020000000000000018,-0.17561312805575985,-0.16828486134979917,0.5672,0.0175
2025-06-17,3386.60009765625,2.08,2.31,-0.002889521305021958,-0.08000000000000007,0.010000000000000231,-0.20822857466455355,-0.170739156483225,0.5474,-0.0198
2025-06-18,3389.800048828125,2.07,2.31,0.0009444399210654097,-0.010000000000000231,0.0,-0.17340637243952253,-0.1255031086702543,0.5408,-0.0066
2025-06-23,3377.699951171875,2.04,2.3,0.0028461738938609926,-0.009999999999999787,-0.03000000000000025,-0.20439167026086089,-0.047905677017644706,0.5165,-0.0191
2025-06-24,3317.39990234375,2.01,2.29,-0.018013675886811242,-0.03000000000000025,-0.009999999999999787,-0.18109327160472596,-0.01976057819828471,0.4965,-0.0199999999999999
2025-06-25,3327.10009765625,2.01,2.28,0.0029197688926849708,0.0,-0.010000000000000231,-0.14969355612444962,0.1735245685276318,0.4883,-0.0081999999999999
2025-06-26,3333.5,1.98,2.28,0.001921720031074159,-0.029999999999999805,0.0,-0.11650099592128561,0.16668423912678865,0.4708,-0.0175
2025-06-27,3273.699951171875,2.0,2.29,-0.018101974273061927,0.020000000000000018,0.010000000000000231,0.002538007604168002,0.12831342250539707,0.4816,0.0107999999999999
2025-06-30,3294.39990234375,1.95,2.29,0.006303198845365898,-0.050000000000000044,0.0,0.05610872478734956,0.14773388297546602,0.4603,-0.0212999999999999
2025-07-01,3336.699951171875,1.97,2.29,0.012758252337171427,0.020000000000000018,0.0,0.037732908734503856,0.15356568743318982,0.4684,0.0080999999999999
2025-07-02,3348.0,2.0,2.3,0.0033808726417756674,0.030000000000000027,0.009999999999999787,0.030724858371316395,0.1481327667019658,0.4842,0.0158
2025-07-03,3331.60009765625,2.02,2.33,-0.0049104542360627335,0.020000000000000018,0.03000000000000025,0.06310606724239147,0.10842578779343737,0.5108,0.0266
2025-07-08,3307.0,2.07,2.35,-0.00759129785975432,0.020000000000000018,0.0,0.21691046632131233,0.02562888067314043,0.5427,0.0143999999999999
2025-07-09,3311.60009765625,2.01,2.33,0.0013900517720006889,-0.06000000000000005,-0.020000000000000018,0.21553179098916836,0.04591281281503743,0.5174,-0.0252999999999999
2025-07-10,3317.39990234375,2.01,2.34,0.001749828380560814,0.0,0.009999999999999787,0.2559739972754686,-0.060780960334249616,0.516,-0.0013999999999999
2025-07-11,3356.0,2.06,2.37,0.01156847445274245,0.050000000000000266,0.03000000000000025,0.3202675751979078,0.0004418274998607253,0.5452,0.0292
2025-07-14,3351.5,2.04,2.39,-0.0013417817890850614,-0.020000000000000018,0.020000000000000018,0.3356220574234456,0.025123297974731333,0.551,0.0058
2025-07-15,3329.800048828125,2.09,2.41,-0.006495750023280067,0.04999999999999982,0.020000000000000018,0.34602569502944236,-0.03648057828170442,0.5801,0.0290999999999999
2025-07-16,3352.5,2.05,2.41,0.006794079381101881,-0.040000000000000036,0.0,0.3265376684831787,-0.21902838116223505,0.5693,-0.0107999999999999
2025-07-17,3340.10009765625,2.04,2.43,-0.0037055602760016626,-0.009999999999999787,0.020000000000000018,0.32738107379308085,-0.21009585354544355,0.5747,0.0053999999999999
2025-07-18,3353.0,2.03,2.41,0.003854691586395731,-0.010000000000000231,-0.020000000000000018,0.326218640705119,-0.1698315590814966,0.561,-0.0136999999999999
2025-07-21,3401.89990234375,1.98,2.4,0.014478602877328939,-0.04999999999999982,-0.010000000000000231,0.23185264481439283,-0.19819681951562124,0.5355,-0.0255
2025-07-22,3439.199951171875,1.96,2.39,0.010904801640990058,-0.020000000000000018,-0.009999999999999787,0.1483265806373559,-0.1342488073024507,0.5143,-0.0211999999999999
2025-07-23,3394.10009765625,2.03,2.37,-0.013200213092494195,0.06999999999999984,-0.020000000000000018,0.18269219660596908,-0.23038918634215402,0.5293,0.015
2025-07-24,3371.0,1.98,2.45,-0.006829222657993128,-0.04999999999999982,0.08000000000000007,0.2525270483883256,-0.18674184955643075,0.544,0.0147
2025-07-25,3334.0,1.96,2.44,-0.011036651923321372,-0.020000000000000018,-0.010000000000000231,0.3455373734236889,-0.16919469713474014,0.5362,-0.0078
2025-07-28,3309.10009765625,1.98,2.44,-0.007496505723880276,0.020000000000000018,0.0,0.34658234929847265,-0.15011589978105508,0.5445,0.0082999999999999
2025-07-29,3323.39990234375,1.91,2.43,0.0043120472958140255,-0.07000000000000006,-0.009999999999999787,0.2571380238700923,-0.23084797250730493,0.5153,-0.0292
2025-07-30,3295.800048828125,1.96,2.42,-0.008339380490784976,0.050000000000000044,-0.010000000000000231,0.1956965277368327,-0.23563385229698977,0.527,0.0117
2025-07-31,3293.199951171875,1.98,2.39,-0.0007892237945714697,0.020000000000000018,-0.029999999999999805,0.1670229841587103,-0.2668785656610469,0.5262,-0.0008
2025-08-01,3347.699951171875,1.9,2.33,0.016413806676874643,-0.08000000000000007,-0.06000000000000005,0.07414176524824431,-0.35999956129372146,0.4649,-0.0613
2025-08-04,3374.39990234375,1.85,2.37,0.007943973509988211,-0.04999999999999982,0.040000000000000036,-0.06216771174730437,-0.3937768268207097,0.4505,-0.0143999999999999
2025-08-05,3381.89990234375,1.86,2.36,0.0022201510582657846,0.010000000000000009,-0.010000000000000231,-0.18312773861616063,-0.3885271734758789,0.4544,0.0039
2025-08-06,3380.0,1.88,2.34,-0.0005619433653798467,0.019999999999999796,-0.020000000000000018,-0.23127966126703164,-0.4690419618478659,0.46,0.0055999999999999
2025-08-07,3400.300048828125,1.88,2.35,0.005987967888746226,0.0,0.010000000000000231,-0.2941357959508039,-0.46501615211910297,0.4718,0.0117999999999999
2025-08-08,3439.10009765625,1.88,2.39,0.011346160259979143,0.0,0.040000000000000036,-0.3755823847261635,-0.4497815067669932,0.4913,0.0195
2025-08-11,3353.10009765625,1.87,2.4,-0.025324517441946526,-0.009999999999999787,0.009999999999999787,-0.3669097749619471,-0.36314250608308823,0.494,0.0026999999999999
2025-08-12,3348.89990234375,1.91,2.38,-0.0012534156557428844,0.039999999999999813,-0.020000000000000018,-0.39270938025221175,-0.3491976392233859,0.4995,0.0055
2025-08-13,3358.699951171875,1.87,2.37,0.0029220752624805613,-0.039999999999999813,-0.009999999999999787,-0.38887980460976757,-0.3928949148053667,0.4832,-0.0162999999999999
2025-08-14,3335.199951171875,1.9,2.39,-0.00702134686423328,0.029999999999999805,0.020000000000000018,-0.3664202148014959,-0.42343290699291136,0.5004,0.0171999999999999
2025-08-15,3336.0,1.95,2.38,0.0002398515522887834,0.050000000000000044,-0.010000000000000231,-0.35293338964317955,-0.4031098428997993,0.5191,0.0187
2025-08-18,3331.699951171875,1.96,2.38,-0.0012898149154132454,0.010000000000000009,0.0,-0.3383151947935088,-0.40901845153573696,0.526,0.0069
2025-08-19,3313.39990234375,1.95,2.35,-0.005507846531910943,-0.010000000000000009,-0.029999999999999805,-0.2820223213965712,-0.3927572828171395,0.5161,-0.0099
2025-08-20,3343.39990234375,1.94,2.35,0.009013401028552082,-0.010000000000000009,0.0,-0.25729543309592307,-0.39990134955564405,0.507,-0.0090999999999999
2025-08-21,3336.89990234375,1.94,2.39,-0.0019460210593322813,0.0,0.040000000000000036,-0.23091599376499097,-0.4005392159909547,0.5225,0.0154999999999999
2025-08-22,3374.39990234375,1.85,2.41,0.011175298783646426,-0.08999999999999986,0.020000000000000018,-0.2629897390399675,-0.5304348002823097,0.4939,-0.0285999999999999
2025-08-25,3373.800048828125,1.87,2.41,-0.00017778178522931398,0.020000000000000018,0.0,-0.2809290655569474,-0.5307615329969737,0.5008,0.0069
2025-08-26,3388.60009765625,1.84,2.42,0.004377165544111605,-0.030000000000000027,0.009999999999999787,-0.2819660480192391,-0.5208962046512219,0.4893,-0.0115
2025-08-27,3404.60009765625,1.81,2.43,0.0047106015210278684,-0.030000000000000027,0.010000000000000231,-0.3479631395142741,-0.5158210676220377,0.4805,-0.0088
2025-08-28,3431.800048828125,1.81,2.41,0.00795743201556931,0.0,-0.020000000000000018,-0.41112762067375797,-0.5072180475653434,0.4717,-0.0087999999999999
2025-08-29,3473.699951171875,1.82,2.41,0.012135375150160499,0.010000000000000009,0.0,-0.49260131811632285,-0.47450360000301645,0.4727,0.001
2025-09-03,3593.199951171875,1.82,2.4,0.012264609179004182,-0.050000000000000044,-0.010000000000000231,-0.5951890146885506,-0.316762315327521,0.4794,-0.0154
2025-09-04,3565.800048828125,1.79,2.38,-0.007654710471889814,-0.030000000000000027,-0.020000000000000018,-0.7235219409576809,-0.21583487846077742,0.4594,-0.02
2025-09-05,3613.199951171875,1.73,2.37,0.013205346467746182,-0.06000000000000005,-0.009999999999999787,-0.8059695269910325,-0.30069763960839735,0.436,-0.0233999999999999
2025-09-08,3638.10009765625,1.7,2.35,0.006867801411635455,-0.030000000000000027,-0.020000000000000018,-0.8488019202340675,-0.33352410849256686,0.4207,-0.0152999999999999
2025-09-09,3643.300048828125,1.72,2.36,0.001428283558452037,0.020000000000000018,0.009999999999999787,-0.870972858676058,-0.3157998319526561,0.4275,0.0067999999999999
2025-09-10,3643.60009765625,1.69,2.35,8.235294082759026e-05,-0.030000000000000027,-0.009999999999999787,-0.8888935304836059,-0.31392883221973483,0.4205,-0.007
2025-09-11,3636.89990234375,1.67,2.34,-0.0018405871036470955,-0.020000000000000018,-0.010000000000000231,-0.8959103013076357,-0.2551751826489582,0.4121,-0.0083999999999999
2025-09-12,3649.39990234375,1.7,2.36,0.0034311001737599156,0.030000000000000027,0.020000000000000018,-0.9019502060753439,-0.2400832130477593,0.4291,0.0169999999999999
2025-09-15,3682.199951171875,1.68,2.37,0.008947642619622442,-0.020000000000000018,0.010000000000000231,-0.9113098542926119,-0.1605992053131349,0.4273,-0.0017999999999999
2025-09-16,3688.89990234375,1.67,2.37,0.0018178977764957693,-0.010000000000000009,0.0,-0.9233358493568602,-0.13933464644673524,0.4237,-0.0035999999999999
2025-09-17,3681.800048828125,1.68,2.38,-0.0019265078645300804,0.010000000000000009,0.009999999999999787,-0.9302006061441056,-0.14685956788823387,0.4369,0.0131999999999999
2025-09-18,3643.699951171875,1.73,2.38,-0.010402140797461712,0.050000000000000044,0.0,-0.9308014791148754,-0.21067465837998775,0.4597,0.0227999999999999
2025-09-19,3671.5,1.75,2.39,0.007600662414638748,0.020000000000000018,0.010000000000000231,-0.9254434502979673,-0.1957269956039306,0.4748,0.0151
2025-09-22,3740.699951171875,1.78,2.37,0.018672448725780555,0.030000000000000027,-0.020000000000000018,-0.898728973838353,-0.13032417667348814,0.4869,0.0121
2025-09-23,3780.60009765625,1.75,2.37,0.0106100063895056,-0.030000000000000027,0.0,-0.8806598457116803,-0.20383077338924405,0.4797,-0.0071999999999999
2025-09-24,3732.10009765625,1.78,2.38,-0.012911648948104926,0.030000000000000027,0.009999999999999787,-0.8579326003893711,-0.23473780444025436,0.4926,0.0128999999999999
2025-09-25,3736.89990234375,1.8,2.38,0.0012852605029394226,0.020000000000000018,0.0,-0.8313389155719463,-0.2468393105945279,0.5069,0.0143
2025-09-26,3775.300048828125,1.82,2.38,0.010223498096001649,0.020000000000000018,0.0,-0.7798392377490969,-0.19091086755727596,0.5162,0.0092999999999999
2025-09-29,3820.89990234375,1.8,2.35,0.012006108728817466,-0.020000000000000018,-0.029999999999999805,-0.7195998005226789,-0.18427934261773854,0.5047,-0.0114999999999999
2025-09-30,3840.800048828125,1.8,2.36,0.005194719543135662,0.0,0.009999999999999787,-0.6455597786564192,-0.17430598533772926,0.5031,-0.0016
2025-10-01,3867.5,1.77,2.35,0.0069276125174813075,-0.030000000000000027,-0.009999999999999787,-0.5711792674080393,-0.19033027729525653,0.4872,-0.0158999999999999
2025-10-02,3839.699951171875,1.76,2.34,-0.007214077634015936,-0.010000000000000009,-0.010000000000000231,-0.4992935106200024,-0.17531747648253712,0.4777,-0.0095
2025-10-03,3880.800048828125,1.8,2.33,0.010647104699776477,0.040000000000000036,-0.009999999999999787,-0.3522086472848873,-0.1323002556313608,0.49,0.0122999999999999
2025-10-06,3948.5,1.84,2.34,0.017294429424653757,0.040000000000000036,0.009999999999999787,-0.1837877275742151,0.00019114039404689474,0.5103,0.0202999999999999
2025-10-07,3976.60009765625,1.79,2.35,0.007091447444070198,-0.050000000000000044,0.010000000000000231,-0.03958231446189696,0.0048134040322796055,0.5005,-0.0098
2025-10-08,4043.300048828125,1.78,2.35,0.01663399490752049,-0.010000000000000009,0.0,0.07652350202278056,-0.010894623060323875,0.5018,0.0013
2025-10-09,3946.300048828125,1.8,2.34,-0.024282758867578025,0.020000000000000018,-0.010000000000000231,0.17675981499575635,-0.08053513541437718,0.5048,0.003
2025-10-10,3975.89990234375,1.75,2.3,0.0074726695710456426,-0.050000000000000044,-0.040000000000000036,0.23406850459573175,-0.09088569277486457,0.4694,-0.0354
2025-10-15,4176.89990234375,1.76,2.29,0.009187545165353583,0.030000000000000027,-0.009999999999999787,0.366259564214787,-0.21661471181883496,0.4496,0.0030999999999999
2025-10-16,4280.2001953125,1.71,2.28,0.024430461884398014,-0.050000000000000044,-0.010000000000000231,0.30734429203713126,-0.25995652331167124,0.4205,-0.0291
2025-10-17,4189.89990234375,1.75,2.27,-0.02132293911227734,0.040000000000000036,-0.009999999999999787,0.3378838974395668,-0.3673453963069661,0.4311,0.0105999999999999
2025-10-20,4336.39990234375,1.74,2.26,0.03436764429162409,-0.010000000000000009,-0.010000000000000231,0.27810149775185733,-0.34844773913404314,0.4307,-0.0003999999999999
2025-10-21,4087.699951171875,1.7,2.28,-0.05906203554004996,-0.040000000000000036,0.020000000000000018,0.19876394855732873,-0.09682097895774415,0.4221,-0.0086
2025-10-22,4044.39990234375,1.68,2.29,-0.010649268655763322,-0.020000000000000018,0.010000000000000231,0.13097188018267555,-0.07595637784043338,0.4189,-0.0031999999999999
2025-10-23,4125.5,1.71,2.3,0.019854040473195056,0.030000000000000027,0.009999999999999787,0.04985648640387956,-0.05207840714449461,0.4366,0.0176999999999999
2025-10-24,4118.39990234375,1.73,2.29,-0.0017225098547726247,0.020000000000000018,-0.009999999999999787,-0.043722578909303284,-0.06665508101882055,0.4441,0.0075
2025-10-27,4001.89990234375,1.73,2.28,-0.02869549076685729,0.0,-0.010000000000000231,-0.10758321731711999,-0.06127569357972801,0.4504,0.0063
2025-10-28,3966.199951171875,1.71,2.28,-0.008960778782098444,-0.020000000000000018,0.0,-0.19521679516652177,-0.038918227542325004,0.4483,-0.0021
2025-10-29,3983.699951171875,1.78,2.3,0.0044025782667436175,0.07000000000000006,0.020000000000000018,-0.3067940620715891,-0.029514722441860916,0.4795,0.0312
2025-10-30,4001.300048828125,1.82,2.29,0.004408297096620828,0.040000000000000036,-0.009999999999999787,-0.41532962513395616,-0.02420331269105933,0.4947,0.0151999999999999
2025-10-31,3982.199951171875,1.81,2.3,-0.0047849023856940676,-0.010000000000000009,0.009999999999999787,-0.4828415586723481,0.01461516327264843,0.4975,0.0028
2025-11-03,4000.300048828125,1.82,2.31,0.004534952377444057,0.010000000000000009,0.010000000000000231,-0.5137495466921016,0.010809203308282792,0.4979,0.0004
2025-11-04,3947.699951171875,1.81,2.29,-0.013236252040330854,-0.010000000000000009,-0.020000000000000018,-0.5173002517237102,-0.00488401326773019,0.4889,-0.009
2025-11-05,3980.300048828125,1.87,2.3,0.00822408713420586,0.06000000000000005,0.009999999999999787,-0.5151875372639892,0.031067264183940117,0.5144,0.0254999999999999
2025-11-06,3979.89990234375,1.83,2.28,-0.00010053679233301693,-0.040000000000000036,-0.020000000000000018,-0.5262426422962607,0.057217546605815524,0.4951,-0.0192999999999999
2025-11-07,3999.39990234375,1.83,2.28,0.004887656635851556,0.0,0.0,-0.5155048973836514,0.058245974382175075,0.4901,-0.005
2025-11-10,4111.7998046875,1.84,2.29,0.02771651588616919,0.010000000000000009,0.010000000000000231,-0.43560151692009047,0.06144077376142631,0.4993,0.0092
2025-11-13,4186.89990234375,1.83,2.28,-0.004170992761121539,0.020000000000000018,0.009999999999999787,-0.30158244245010773,0.0318807191438609,0.4928,0.0094
2025-11-14,4087.60009765625,1.86,2.28,-0.02400255533201623,0.030000000000000027,0.0,-0.2891024389482239,0.0013758475255852465,0.5069,0.0141
2025-11-17,4068.300048828125,1.85,2.28,-0.004732790864801828,-0.010000000000000009,0.0,-0.3210942191307589,-0.00024495644790435564,0.5034,-0.0035
2025-11-18,4061.300048828125,1.85,2.27,-0.0017221023533426916,0.0,-0.009999999999999787,-0.3112580152962636,-0.017185870349067184,0.4972,-0.0061999999999999
2025-11-19,4077.699951171875,1.86,2.27,0.004029960569868152,0.010000000000000009,0.0,-0.2684682021559849,-0.04967046626925768,0.4991,0.0019
2025-11-20,4056.5,1.86,2.24,-0.005212559145508777,0.0,-0.029999999999999805,-0.268533058949503,-0.0336352325461329,0.4897,-0.0093999999999999
2025-11-21,4076.699951171875,1.82,2.24,0.00496729278207475,-0.040000000000000036,0.0,-0.26809928319505694,-0.03282163413086496,0.4718,-0.0179
2025-11-24,4091.89990234375,1.81,2.23,0.0037215603622993143,-0.010000000000000009,-0.010000000000000231,-0.2643026677132798,-0.008511417081329306,0.4614,-0.0104
2025-11-25,4139.2001953125,1.79,2.22,0.011493193638319354,-0.020000000000000018,-0.009999999999999787,-0.296100751162032,-0.0028224377220684342,0.4468,-0.0146
2025-11-26,4165.2001953125,1.77,2.23,0.006261760929431759,-0.020000000000000018,0.009999999999999787,-0.2887233558690189,0.04267692993187326,0.4406,-0.0061999999999999
2025-12-01,4239.2998046875,1.85,2.24,0.004965958221291089,0.06000000000000005,0.010000000000000231,-0.11562693954697788,0.14452939955408187,0.4841,0.0333999999999999
2025-12-02,4186.60009765625,1.85,2.24,-0.01250914319860641,0.0,0.0,-0.0465813239537043,0.20560534861489035,0.4933,0.0092
2025-12-03,4199.2998046875,1.82,2.24,0.003028826217303049,-0.030000000000000027,0.0,0.08185436493702382,0.24108861761974687,0.4893,-0.004
2025-12-04,4211.7998046875,1.85,2.26,0.002972265169354671,0.030000000000000027,0.019999999999999574,0.13288341725902542,0.08540672859077743,0.5137,0.0244
2025-12-05,4212.89990234375,1.88,2.26,0.0002611600889661503,0.029999999999999805,0.0,0.16698837140246403,0.053964869906417995,0.5327,0.0189999999999999
2025-12-08,4187.2001953125,1.91,2.26,-0.0061189240409387224,0.030000000000000027,0.0,0.27365855822263774,-0.007401290148992838,0.5518,0.0191
2025-12-09,4206.7001953125,1.92,2.26,0.004646239333865765,0.010000000000000009,0.0,0.3737336912663144,-0.002634839171496971,0.5632,0.0114
2025-12-10,4196.39990234375,1.88,2.25,-0.002451547168984547,-0.040000000000000036,-0.009999999999999787,0.3594961017838653,-0.0034442096832564546,0.555,-0.0081999999999999
2025-12-11,4285.5,1.89,2.25,0.021010239753042725,0.010000000000000009,0.0,0.3290137717774213,-0.02533891060097639,0.5531,-0.0019
2025-12-12,4300.10009765625,1.93,2.26,0.003401069596485229,0.040000000000000036,0.009999999999999787,0.37710990089200497,-0.03767390824585369,0.577,0.0238999999999999
2025-12-15,4306.7001953125,1.93,2.25,0.001533693992035623,0.0,-0.009999999999999787,0.4392822936794715,-0.04663541855455794,0.5784,0.0014
2025-12-16,4304.5,1.92,2.23,-0.0005110078294485731,-0.010000000000000009,-0.020000000000000018,0.46684321004712453,-0.05418678375348401,0.566,-0.0124
2025-12-17,4347.5,1.92,2.24,0.009939980130427628,0.0,0.010000000000000231,0.5029123688658381,-0.058393358270217945,0.5679,0.0019
2025-12-18,4339.5,1.88,2.24,-0.0018418331441374391,-0.040000000000000036,0.0,0.47987576786473696,-0.05872378027042306,0.5556,-0.0122999999999999
2025-12-19,4361.39990234375,1.92,2.24,0.005033950243312546,0.040000000000000036,0.0,0.5708443666593842,-0.09045309241613528,0.5644,0.0088
2025-12-22,4444.60009765625,1.94,2.23,0.018896813791641875,0.020000000000000018,-0.010000000000000231,0.6244562800144028,-0.07478170775631574,0.5722,0.0078
2025-12-23,4482.7998046875,1.94,2.24,0.008557909489308457,0.0,0.010000000000000231,0.662787081972901,-0.07624949080791664,0.5774,0.0051999999999999
2025-12-24,4480.60009765625,1.91,2.24,-0.0004908198003832354,-0.030000000000000027,0.0,0.6605443472046468,-0.08842062397215286,0.5685,-0.0089
2025-12-29,4325.10009765625,1.9,2.22,-0.04608798173882889,-0.010000000000000009,-0.009999999999999787,0.6692591030302664,0.07534187099053329,0.5495,-0.0108
2025-12-30,4370.10009765625,1.9,2.24,0.01035063040454176,0.0,0.020000000000000018,0.6779624588362361,0.16586170195047595,0.5517,0.0021999999999999
2025-12-31,4325.60009765625,1.93,2.25,-0.010235032825324453,0.030000000000000027,0.009999999999999787,0.6814789706281479,0.11180657011022402,0.571,0.0192999999999999
2026-01-05,4436.89990234375,1.91,2.26,0.027997669976116413,-0.030000000000000027,0.009999999999999787,0.6900873526004866,0.009672064964123218,0.5787,-0.0057
2026-01-06,4482.2001953125,1.91,2.27,0.010158128512449238,0.0,0.010000000000000231,0.7000731820507229,0.007039181165066829,0.5833,0.0046
2026-01-07,4449.2998046875,1.88,2.27,-0.007367304357957849,-0.030000000000000027,0.0,0.6527755841085541,0.049967893723895304,0.5727,-0.0106
2026-01-08,4449.7001953125,1.92,2.27,8.998553214389915e-05,0.040000000000000036,0.0,0.6217224329048261,0.03916515309783878,0.5875,0.0148
2026-01-09,4490.2998046875,1.9,2.28,0.009082749101681387,-0.020000000000000018,0.009999999999999787,0.5601098165212549,0.04510312101205393,0.591,0.0034999999999999
2026-01-12,4604.2998046875,1.9,2.29,0.025071135876622463,0.0,0.010000000000000231,0.46692646342078403,0.04256274762249926,0.5926,0.0016
2026-01-13,4589.2001953125,1.88,2.3,-0.0032848475449700487,-0.020000000000000018,0.009999999999999787,0.3594644046630937,0.0418601924745892,0.5855,-0.0070999999999999
2026-01-14,4626.2998046875,1.86,2.29,0.008051610829708622,-0.019999999999999796,-0.009999999999999787,0.19322003479460084,0.020328389632508336,0.5703,-0.0151999999999999
2026-01-15,4616.2998046875,1.88,2.29,-0.0021638942125949967,0.019999999999999796,0.0,0.061588993693415854,0.008607263369031292,0.5804,0.0100999999999999
2026-01-16,4588.39990234375,1.91,2.33,-0.006062117977439385,0.030000000000000027,0.040000000000000036,-0.0852618418496958,-0.019015629666636988,0.6042,0.0237999999999999
2026-01-21,4831.7998046875,1.92,2.34,0.015055377008504678,-0.050000000000000044,0.009999999999999787,0.01391584400021709,0.10697384675954144,0.6263,-0.0051999999999999
2026-01-22,4908.7998046875,1.95,2.31,0.0158104443373972,0.030000000000000027,-0.029999999999999805,0.15543269520311062,0.16070327873943666,0.6276,0.0013
2026-01-23,4976.2001953125,1.92,2.32,0.01363711384202837,-0.030000000000000027,0.009999999999999787,0.1883509367094476,0.13653098664328564,0.6224,-0.0052
2026-01-26,5079.7001953125,1.9,2.32,0.0205856563735356,-0.020000000000000018,0.0,0.06134483003688782,0.08478336435746298,0.6133,-0.0090999999999999
2026-01-27,5079.89990234375,1.9,2.34,3.931395514733538e-05,0.0,0.020000000000000018,-0.020750187824137532,0.07421737908351249,0.6155,0.0022
2026-01-28,5301.60009765625,1.9,2.36,0.04271712307880904,0.0,0.020000000000000018,-0.04295698540146208,0.08076949831611985,0.6251,0.0095999999999999
2026-01-29,5318.39990234375,1.89,2.35,0.0031638076649489477,-0.010000000000000009,-0.009999999999999787,-0.08816384553274421,0.08397765341815719,0.6158,-0.0092999999999999
2026-01-30,4713.89990234375,1.9,2.36,-0.12065691771157461,0.010000000000000009,0.009999999999999787,-0.07908904231129686,-0.01856149350156957,0.6148,-0.001
2026-02-02,4622.5,1.94,2.35,-0.019579885886258808,0.040000000000000036,-0.009999999999999787,-0.06490994562568088,-0.05675337601535274,0.6289,0.0141
2026-02-03,4903.7001953125,1.92,2.36,0.05905437776175937,-0.020000000000000018,0.009999999999999787,-0.10285427984704669,-0.11384595459579454,0.6313,0.0023999999999999
2026-02-04,4920.39990234375,1.94,2.35,0.003399746124372882,0.020000000000000018,-0.009999999999999787,-0.05148658326240797,-0.11947457125341011,0.635,0.0037
2026-02-05,4861.39990234375,1.89,2.32,-0.012063365980342411,-0.050000000000000044,-0.03000000000000025,-0.039171533553874344,-0.09455105332152282,0.6022,-0.0328
2026-02-06,4951.2001953125,1.88,2.34,0.018303568705588802,-0.010000000000000009,0.020000000000000018,-0.04681611394349183,-0.09962814971729582,0.599,-0.0031999999999999
2026-02-09,5050.89990234375,1.87,2.35,0.019936415005194164,-0.009999999999999787,0.010000000000000231,-0.1057386144066902,-0.11161032020983339,0.5951,-0.0039
2026-02-10,5003.7998046875,1.84,2.32,-0.009368841148209128,-0.030000000000000027,-0.03000000000000025,-0.17082694555638844,-0.09466366767355577,0.5729,-0.0221999999999999
2026-02-11,5071.60009765625,1.86,2.32,0.013458784179659844,0.020000000000000018,0.0,-0.23483362664373206,-0.10736033310331387,0.5823,0.0094
2026-02-12,4923.7001953125,1.8,2.29,-0.0295960488695588,-0.06000000000000005,-0.029999999999999805,-0.26313378965973205,-0.021172933991535255,0.5514,-0.0309
2026-02-13,5022.0,1.77,2.27,0.0197679406777862,-0.030000000000000027,-0.020000000000000018,-0.27463443072935373,-0.016945492928706528,0.5194,-0.032
2026-02-18,4986.5,1.8,2.29,0.020994975203205257,0.010000000000000009,0.03000000000000025,-0.23378605927659557,-0.011039158179630451,0.5238,0.0095
2026-02-19,4975.89990234375,1.79,2.29,-0.00212802171371429,-0.010000000000000009,0.0,-0.23739302064273582,-0.010604601982224099,0.5218,-0.002
2026-02-20,5059.2998046875,1.8,2.28,0.0166218560578546,0.010000000000000009,-0.010000000000000231,-0.2856511256351044,-0.01583798557903149,0.5228,0.001
2026-02-23,5204.7001953125,1.77,2.26,0.028334005840505938,-0.030000000000000027,-0.020000000000000018,-0.32306036189551907,-0.03261785127804265,0.4986,-0.0242
2026-02-24,5155.7998046875,1.78,2.26,-0.009439844361432748,0.010000000000000009,0.0,-0.3565157439770179,-0.038257627932992526,0.4971,-0.0015
2026-02-25,5206.39990234375,1.77,2.28,0.009766362602618983,-0.010000000000000009,0.020000000000000018,-0.39292557561221214,-0.04326260730473015,0.5005,0.0033999999999999
2026-02-26,5176.5,1.74,2.28,-0.005759467061588808,-0.030000000000000027,0.0,-0.4402055633986519,-0.037411187230633566,0.4866,-0.0138999999999999
2026-02-27,5230.5,1.72,2.25,0.010377723577647657,-0.020000000000000018,-0.029999999999999805,-0.5101601339080621,-0.03881372197451848,0.4627,-0.0238999999999999
2026-03-02,5294.39990234375,1.76,2.29,0.012142763938335577,0.040000000000000036,0.040000000000000036,-0.5562744325036089,-0.018208289497282638,0.4906,0.0278999999999999
2026-03-03,5107.39990234375,1.77,2.29,-0.03595919039300277,0.010000000000000009,0.0,-0.5543836522411999,-0.02676259328955303,0.5019,0.0113
2026-03-04,5120.2001953125,1.8,2.29,0.002503089586967988,0.030000000000000027,0.0,-0.5165034566648317,-0.12188525407014349,0.5168,0.0149
2026-03-05,5065.2998046875,1.82,2.31,-0.010780211536408402,0.020000000000000018,0.020000000000000018,-0.4931002943399683,-0.11429537404370116,0.5378,0.0209999999999999
2026-03-06,5146.10009765625,1.8,2.35,0.015825837818907118,-0.020000000000000018,0.040000000000000036,-0.48086798107721473,-0.14891715409216685,0.5487,0.0109
2026-03-09,5091.5,1.78,2.34,-0.010666682586894183,-0.020000000000000018,-0.010000000000000231,-0.47818249729976775,-0.12837734308745077,0.542,-0.0066999999999999
2026-03-10,5229.7001953125,1.82,2.33,0.026781469772137356,0.040000000000000036,-0.009999999999999787,-0.49073911453788266,-0.05974830991679495,0.5496,0.0075999999999999
2026-03-11,5167.39990234375,1.85,2.36,-0.011984310631174111,0.030000000000000027,0.029999999999999805,-0.4949368081894715,-0.07511361369437404,0.5772,0.0276
2026-03-12,5115.7998046875,1.89,2.38,-0.010035890037832118,0.039999999999999813,0.020000000000000018,-0.5686504951452459,-0.09287899450271425,0.6185,0.0413
2026-03-13,5052.5,1.92,2.36,-0.01245058143707567,0.030000000000000027,-0.020000000000000018,-0.6481660441404835,-0.1024546122257168,0.6286,0.0100999999999999
2026-03-16,4994.0,1.87,2.36,-0.01164597843805737,-0.04999999999999982,0.0,-0.6279326675195707,-0.041600481444299744,0.6034,-0.0252
2026-03-17,5001.0,1.83,2.37,0.001400700579186065,-0.040000000000000036,0.010000000000000231,-0.551934704221025,0.013784091793736927,0.5887,-0.0147
2026-03-18,4889.89990234375,1.86,2.4,-0.022466059027850704,0.030000000000000027,0.029999999999999805,-0.5239771269087115,0.02978004935516243,0.6139,0.0252
2026-03-19,4600.7001953125,1.88,2.37,-0.06096332512532143,0.019999999999999796,-0.029999999999999805,-0.5137056870657066,-0.05454515494237635,0.621,0.0070999999999999
2026-03-20,4570.39990234375,2.01,2.38,-0.006607801222591192,0.1299999999999999,0.009999999999999787,-0.6470834861134879,-0.09304879169794998,0.678,0.057
2026-03-23,4404.10009765625,2.01,2.33,-0.03706475965408629,0.0,-0.04999999999999982,-0.7457963365184264,-0.07105986058491934,0.6691,-0.0089
2026-03-24,4399.2998046875,2.06,2.33,-0.001090554444362013,0.050000000000000266,0.0,-0.8189318820061009,-0.04845738539704579,0.6921,0.023
2026-03-25,4549.7998046875,2.02,2.31,0.033637840062541,-0.040000000000000036,-0.020000000000000018,-0.84184466169356,-0.12577174665288793,0.6717,-0.0204
2026-03-26,4375.5,2.08,2.34,-0.03906243403134724,0.06000000000000005,0.029999999999999805,-0.875446987790377,-0.20008029692418403,0.714,0.0423
2026-03-27,4492.0,2.13,2.31,0.02627723788244829,0.04999999999999982,-0.029999999999999805,-0.8856165529095319,-0.22707415894348174,0.7183,0.0043
2026-03-30,4526.0,2.04,2.31,0.007540510335148909,-0.08999999999999986,0.0,-0.8975991699746011,-0.21598945889786117,0.6813,-0.037
2026-03-31,4647.60009765625,2.0,2.3,0.026512431127411418,-0.040000000000000036,-0.010000000000000231,-0.9124065826219676,-0.24938407748119332,0.654,-0.0272999999999999
2026-04-01,4783.2001953125,2.02,2.31,0.028758841078818875,0.020000000000000018,0.010000000000000231,-0.9078760508306577,-0.23406615134093606,0.664,0.01
2026-04-02,4651.5,1.97,2.34,-0.02792007119110096,-0.050000000000000044,0.029999999999999805,-0.914452711235947,-0.17293314952257172,0.6555,-0.0085
2026-04-06,4656.7998046875,1.98,2.36,0.0011387268075573331,0.010000000000000009,0.020000000000000018,-0.9160319495701839,-0.1770163468185009,0.6694,-0.0026
2026-04-07,4657.10009765625,1.96,2.37,6.448275631143474e-05,-0.020000000000000018,0.010000000000000231,-0.9133275950595661,-0.14645311813223827,0.661,-0.0083999999999999
2026-04-08,4749.5,1.96,2.33,0.01964639155775494,0.0,-0.040000000000000036,-0.910936439763898,-0.1481274452381657,0.6457,-0.0152999999999999
2026-04-09,4792.2001953125,1.95,2.34,0.00895028757749472,-0.010000000000000009,0.009999999999999787,-0.9063239645971228,-0.147768491871927,0.6421,-0.0036
2026-04-10,4761.89990234375,1.95,2.36,-0.006342909169259059,0.0,0.020000000000000018,-0.9034212891365403,-0.15256155759239828,0.6518,0.0097
2026-04-13,4742.39990234375,1.92,2.38,-0.004103411668916479,-0.030000000000000027,0.020000000000000018,-0.8960260760025802,-0.13842901863455215,0.6432,-0.0086
2026-04-14,4825.0,1.89,2.37,0.01726741870353088,-0.030000000000000027,-0.009999999999999787,-0.883213310978335,-0.1816237375202322,0.6215,-0.0216999999999999
2026-04-15,4800.0,1.9,2.39,-0.0051948168771041026,0.010000000000000009,0.020000000000000018,-0.877120303731528,-0.18238672047359444,0.6264,0.0048999999999999
2026-04-16,4785.39990234375,1.93,2.39,-0.0030463223435290843,0.030000000000000027,0.0,-0.8688264547489024,-0.1877373556458225,0.6384,0.012
2026-04-17,4857.60009765625,1.9,2.36,0.014974913312608251,-0.030000000000000027,-0.03000000000000025,-0.8624154282633681,-0.19989130510824496,0.6158,-0.0225999999999999
2026-04-20,4806.60009765625,1.91,2.35,-0.01055451509881955,0.010000000000000009,-0.009999999999999787,-0.8487632729446258,-0.18973667531335348,0.612,-0.0038
2026-04-21,4698.39990234375,1.92,2.38,-0.02276798934293467,0.010000000000000009,0.029999999999999805,-0.832022156975257,-0.19982301601349134,0.6311,0.0191
2026-04-22,4732.5,1.92,2.38,0.007231599660171284,0.0,0.0,-0.8085169122061427,-0.2501146752962772,0.6402,0.0090999999999999
2026-04-23,4705.10009765625,1.92,2.42,-0.00580655654933615,0.0,0.040000000000000036,-0.7906031906218746,-0.243184542404125,0.6596,0.0193999999999999
2026-04-24,4722.2998046875,1.89,2.42,0.0036488801351293176,-0.030000000000000027,0.0,-0.7909575241935481,-0.24171731834385074,0.6481,-0.0114999999999999
2026-04-27,4675.39990234375,1.91,2.44,-0.009981227996584963,0.020000000000000018,0.020000000000000018,-0.8135263662200081,-0.23758880851083866,0.6603,0.0121999999999999
2026-04-28,4591.5,1.92,2.44,-0.018107931619109507,0.010000000000000009,0.0,-0.7861913333150347,-0.2656493673758095,0.6747,0.0143999999999999
2026-04-29,4545.2001953125,1.96,2.46,-0.010134994038567768,0.040000000000000036,0.020000000000000018,-0.7437397986108427,-0.26963193430668464,0.7075,0.0328
2026-04-30,4614.7001953125,1.94,2.46,0.015175128715865682,-0.020000000000000018,0.0,-0.7119733597557679,-0.26648953969041,0.7038,-0.0037
2026-05-01,4629.89990234375,1.91,2.48,0.003288345751501609,-0.030000000000000027,0.020000000000000018,-0.7409795570427404,-0.2654871693273683,0.7036,-0.0001999999999999
