,Gold Price,10Y Real Yield,10Y Breakeven,Log Return Gold Price,Change 10Y Real Yield,Change 10Y Breakeven,Rolling Correlation levels,Rolling Correlation logs
2004-04-27,398.6000061035156,2.0,2.43,0.006544211836596148,-0.029999999999999805,0.0,-0.6536797277233147,-0.34729823585250896
2004-04-28,385.3999938964844,2.1,2.4,-0.03367668294764403,0.10000000000000009,-0.03000000000000025,-0.7370869508133492,-0.3902854109497787
2004-04-29,386.6000061035156,2.15,2.4,0.003108842418473756,0.04999999999999982,0.0,-0.8008279765110418,-0.3606691736507471
2004-04-30,387.0,2.11,2.42,0.001034110467875493,-0.040000000000000036,0.020000000000000018,-0.8381721801562446,-0.3599572189986969
2004-05-03,387.0,2.09,2.44,0.0,-0.020000000000000018,0.020000000000000018,-0.8593402628404903,-0.3769411752027409
2004-05-04,391.3999938964844,2.1,2.46,0.011305346338132516,0.010000000000000231,0.020000000000000018,-0.8696368689101793,-0.3611364575987477
2004-05-05,393.3999938964844,2.1,2.51,0.0050968510722615434,0.0,0.04999999999999982,-0.8742975879984235,-0.35820750423553344
2004-05-06,388.0,2.15,2.48,-0.013821550816902395,0.04999999999999982,-0.029999999999999805,-0.8934327940068667,-0.37996821713242135
2004-05-07,378.70001220703125,2.24,2.55,-0.02426097248148462,0.0900000000000003,0.06999999999999984,-0.9191387955337035,-0.4121428996078416
2004-05-10,378.29998779296875,2.25,2.56,-0.0010568677709299479,0.009999999999999787,0.010000000000000231,-0.9258650161253033,-0.4587038358840668
2004-05-11,376.8999938964844,2.21,2.58,-0.00370761529176189,-0.040000000000000036,0.020000000000000018,-0.9388081364338942,-0.4515446167369535
2004-05-12,377.3999938964844,2.17,2.66,0.0013257326828153282,-0.040000000000000036,0.08000000000000007,-0.940866393766982,-0.46509954012850463
2004-05-13,374.79998779296875,2.18,2.67,-0.0069130989670993515,0.010000000000000231,0.009999999999999787,-0.9382997147970423,-0.4381539073149929
2004-05-14,377.0,2.16,2.63,0.005852669653197751,-0.020000000000000018,-0.040000000000000036,-0.9384643336464037,-0.445819056839472
2004-05-17,379.5,2.07,2.63,0.00660940938767407,-0.0900000000000003,0.0,-0.9230696420495111,-0.4554410446787676
2004-05-18,375.79998779296875,2.05,2.69,-0.009797542339107679,-0.020000000000000018,0.06000000000000005,-0.8978023209659052,-0.42496843891054675
2004-05-19,382.8999938964844,2.03,2.76,0.018716788046437394,-0.020000000000000018,0.06999999999999984,-0.8740092000359063,-0.42335677871733224
2004-05-20,378.3999938964844,1.96,2.76,-0.011822021495089707,-0.06999999999999984,0.0,-0.8182839797677419,-0.44903839505969956
2004-05-21,384.79998779296875,2.04,2.72,0.016771866020572013,0.08000000000000007,-0.03999999999999959,-0.7834225323550708,-0.35443777164065776
2004-05-24,385.6000061035156,2.01,2.74,0.0020768914965128005,-0.03000000000000025,0.020000000000000018,-0.7326668472652055,-0.3604444983982038
2004-05-25,388.29998779296875,2.03,2.7,0.006977626735497289,0.020000000000000018,-0.040000000000000036,-0.6991676553846742,-0.2977342096602784
2004-05-26,388.29998779296875,1.99,2.68,0.0,-0.039999999999999813,-0.020000000000000018,-0.6711954115776182,-0.2863498955210463
2004-05-27,394.8999938964844,1.97,2.63,0.016854347536245484,-0.020000000000000018,-0.050000000000000266,-0.6612892633119511,-0.2911586714653243
2004-05-28,394.0,2.0,2.66,-0.0022816435388186562,0.030000000000000027,0.03000000000000025,-0.6237012855732414,-0.272780814600953
2004-07-16,406.6000061035156,1.94,2.44,0.005920081035358571,-0.06999999999999984,-0.050000000000000266,-0.6105514724019765,-0.280258019389278
2004-07-19,405.6000061035156,1.96,2.42,-0.002462448880263146,0.020000000000000018,-0.020000000000000018,-0.6706297650428574,-0.28028211203850484
2004-07-20,401.8999938964844,2.05,2.42,-0.009164181056585896,0.08999999999999986,0.0,-0.6783490229120311,-0.35698961854260874
2004-07-21,397.1000061035156,2.05,2.45,-0.012015132761074021,0.0,0.03000000000000025,-0.675699606880131,-0.3538387731431679
2004-07-22,395.20001220703125,2.03,2.45,-0.004796156745479507,-0.020000000000000018,0.0,-0.6579791905632929,-0.3322385527376321
2004-08-24,403.0,1.87,2.41,-0.018439366945800728,0.010000000000000009,-0.009999999999999787,-0.6212450903606901,-0.4053014808938674
2004-08-25,407.8999938964844,1.88,2.38,0.012085469413565697,0.009999999999999787,-0.03000000000000025,-0.6644130042725737,-0.38165035792743535
2004-08-26,407.3999938964844,1.86,2.36,-0.0012265425491717608,-0.019999999999999796,-0.020000000000000018,-0.7014731525784854,-0.3814111443812828
2004-08-27,403.29998779296875,1.86,2.37,-0.010114817199622372,0.0,0.010000000000000231,-0.7243934840567363,-0.35999382530226964
2004-08-30,407.79998779296875,1.83,2.36,0.01109615659503227,-0.030000000000000027,-0.010000000000000231,-0.7557485091417425,-0.36853365522847165
2004-08-31,410.3999938964844,1.78,2.35,0.006355450777959071,-0.050000000000000044,-0.009999999999999787,-0.8077429608513758,-0.3401347220906478
2004-09-01,408.79998779296875,1.77,2.36,-0.003906269955595398,-0.010000000000000009,0.009999999999999787,-0.830006901420375,-0.34099858533396316
2004-09-02,406.0,1.83,2.37,-0.006872849427117522,0.06000000000000005,0.010000000000000231,-0.8345933595248815,-0.3750586550503248
2004-09-03,400.5,1.88,2.42,-0.013639393093318297,0.04999999999999982,0.04999999999999982,-0.8285058036184132,-0.45056970924238443
2004-09-08,399.3999938964844,1.82,2.36,0.005020090940906385,-0.040000000000000036,-0.040000000000000036,-0.7765473229464224,-0.40823186569091446
2004-09-09,398.5,1.83,2.39,-0.0022559074697330317,0.010000000000000009,0.03000000000000025,-0.7420397830311276,-0.4053053049739411
2004-09-10,401.8999938964844,1.83,2.36,0.00849578803823281,0.0,-0.03000000000000025,-0.6843234323467549,-0.41794206817293483
2004-09-13,404.1000061035156,1.81,2.35,0.005459100919898319,-0.020000000000000018,-0.009999999999999787,-0.6417640365034135,-0.39594113772218764
2005-01-19,423.0,1.7,2.5,-0.00047273034240369327,-0.010000000000000009,0.0,-0.6427411447859674,0.024647403912043793
2005-01-20,422.3999938964844,1.7,2.47,-0.0014194611038371718,0.0,-0.029999999999999805,-0.7074122194171327,0.020519724252969145
2005-01-21,426.70001220703125,1.69,2.47,0.010128500859507561,-0.010000000000000009,0.0,-0.7684191644928486,0.005114658737573099
2005-01-24,426.8999938964844,1.68,2.46,0.0004685606646726015,-0.010000000000000009,-0.010000000000000231,-0.7587213627506707,-0.2975144164802235
2005-01-25,422.0,1.74,2.46,-0.011544465430608497,0.06000000000000005,0.0,-0.7633864024065271,-0.3461994514050731
2005-01-26,426.8999938964844,1.72,2.49,0.011544465430608497,-0.020000000000000018,0.03000000000000025,-0.7645430384476409,-0.35948774863521793
2005-01-27,426.29998779296875,1.72,2.5,-0.0014064843302934449,0.0,0.009999999999999787,-0.7608204113273753,-0.3550402351439861
2005-01-28,425.79998779296875,1.65,2.51,-0.001173571345410629,-0.07000000000000006,0.009999999999999787,-0.7326493196534856,-0.357610684196503
2005-01-31,421.79998779296875,1.65,2.49,-0.009438484686572934,0.0,-0.019999999999999574,-0.666672616541974,-0.29790243501840774
2005-02-01,420.79998779296875,1.67,2.48,-0.00237360668994846,0.020000000000000018,-0.010000000000000231,-0.6203960458405969,-0.2563462093717932
2005-03-11,446.20001220703125,1.82,2.74,0.007649136089528774,0.06000000000000005,0.020000000000000018,0.6363146567793061,0.20098140756562027
2005-03-14,441.1000061035156,1.82,2.7,-0.011495688408261096,0.0,-0.040000000000000036,0.6627162955220083,0.18437932250125078
2005-03-15,440.8999938964844,1.82,2.72,-0.00045354242734685357,0.0,0.020000000000000018,0.6848403906538798,0.18600398584783673
2005-03-16,443.70001220703125,1.79,2.73,0.006330607376185071,-0.030000000000000027,0.009999999999999787,0.7161078261781515,0.17180728233982911
2005-03-17,438.70001220703125,1.73,2.74,-0.011332849899133635,-0.06000000000000005,0.010000000000000231,0.7438239078418015,0.2465247887416334
2005-03-18,439.29998779296875,1.77,2.74,0.0013666871966409033,0.040000000000000036,0.0,0.8171614492380338,0.29747826036610725
2005-03-21,431.1000061035156,1.8,2.73,-0.01884242728318064,0.030000000000000027,-0.010000000000000231,0.8143178867213945,0.15329098459250914
2005-03-22,431.29998779296875,1.87,2.76,0.0004637794398263395,0.07000000000000006,0.029999999999999805,0.7636362809531667,0.13492140596999605
2005-05-04,429.0,1.63,2.57,0.005375700126069027,-0.010000000000000009,0.0,-0.6105351494753898,-0.32455587946370396
2005-05-05,429.79998779296875,1.62,2.57,0.0018630368787375673,-0.009999999999999787,0.0,-0.6219589553629357,-0.2897859510756998
2005-05-06,426.1000061035156,1.69,2.59,-0.008645880976748899,0.06999999999999984,0.020000000000000018,-0.6533971263622973,-0.3658614923842582
2005-05-09,426.20001220703125,1.69,2.6,0.00023467347606676014,0.0,0.010000000000000231,-0.6271338564304942,-0.30071003732820606
2005-07-20,421.70001220703125,1.9,2.27,0.004753990275026432,-0.020000000000000018,-0.009999999999999787,-0.6609992882267901,-0.4606983419905985
2005-07-21,425.3999938964844,1.95,2.33,0.008735698718720819,0.050000000000000044,0.06000000000000005,-0.7217902776217912,-0.40280300855223
2005-07-22,424.70001220703125,1.89,2.34,-0.0016468223564869433,-0.06000000000000005,0.009999999999999787,-0.7873639284523554,-0.36864044762086384
2005-07-25,425.70001220703125,1.94,2.31,0.002351835447362838,0.050000000000000044,-0.029999999999999805,-0.8488639463683787,-0.3508317982036883
2005-07-26,423.3999938964844,1.92,2.32,-0.00541755722402204,-0.020000000000000018,0.009999999999999787,-0.8609270696484831,-0.45748048925274376
2005-07-27,424.70001220703125,1.92,2.35,0.0030657217766592026,0.0,0.03000000000000025,-0.8615901005082802,-0.4720063354075601
2005-07-28,427.29998779296875,1.86,2.34,0.006103248020214558,-0.05999999999999983,-0.010000000000000231,-0.8628442955251339,-0.488203444492405
2005-07-29,429.8999938964844,1.92,2.36,0.006066295222556306,0.05999999999999983,0.020000000000000018,-0.84266260567218,-0.4251921286750596
2005-08-01,431.8999938964844,1.95,2.37,0.004641456530164234,0.030000000000000027,0.010000000000000231,-0.7992434678688107,-0.3593341572545366
2005-08-02,431.8999938964844,1.99,2.35,0.0,0.040000000000000036,-0.020000000000000018,-0.7353326745290538,-0.3360468896624908
2005-08-03,436.8999938964844,1.93,2.37,0.01151025615246315,-0.06000000000000005,0.020000000000000018,-0.6650450909947033,-0.4035058114490066
2005-10-12,473.8999938964844,1.96,2.49,-0.006729809220799687,0.040000000000000036,0.020000000000000018,0.7284237448838079,-0.17192030033617964
2005-10-13,471.1000061035156,1.96,2.52,-0.00592591743233406,0.0,0.029999999999999805,0.7683163901432724,-0.3646689517007681
2005-10-14,469.20001220703125,1.98,2.5,-0.004041255865865345,0.020000000000000018,-0.020000000000000018,0.7634394821633724,-0.364325754646556
2005-10-17,474.1000061035156,1.94,2.56,0.010389139985960583,-0.040000000000000036,0.06000000000000005,0.7566156052343919,-0.3268434118860878
2005-10-18,472.1000061035156,1.92,2.57,-0.004227442301292683,-0.020000000000000018,0.009999999999999787,0.7378815940395449,-0.2862535195210146
2005-10-19,463.5,1.92,2.55,-0.01838445547476919,0.0,-0.020000000000000018,0.7010970813373953,-0.22959615716377726
2005-10-20,461.0,1.92,2.54,-0.005408342009260991,0.0,-0.009999999999999787,0.6634176614450439,-0.2224347541073293
2005-10-21,467.0,1.89,2.5,0.012931214672248892,-0.030000000000000027,-0.040000000000000036,0.6446015783133222,-0.2588473008609708
2005-12-05,508.8999938964844,2.17,2.4,0.011065132072912931,0.009999999999999787,0.040000000000000036,0.6071047212919667,-0.07309719937337003
2005-12-06,510.20001220703125,2.12,2.37,0.002551308032442634,-0.04999999999999982,-0.029999999999999805,0.6054756177122607,-0.07403868361994097
2005-12-07,514.2999877929688,2.18,2.34,0.008003899411951565,0.06000000000000005,-0.03000000000000025,0.6773806429146235,-0.020417552561335237
2005-12-08,519.2999877929688,2.14,2.33,0.009674998297933612,-0.040000000000000036,-0.009999999999999787,0.7031233692502373,-0.025133339952202044
2005-12-09,527.0,2.18,2.36,0.014718821197793552,0.040000000000000036,0.029999999999999805,0.7380802796985226,-0.13870483077209964
2005-12-12,528.4000244140625,2.17,2.39,0.002653070310558725,-0.010000000000000231,0.03000000000000025,0.7599184550363373,-0.13415049382839495
2005-12-13,521.0,2.16,2.38,-0.014103577098554254,-0.009999999999999787,-0.010000000000000231,0.7751289418861214,-0.09494062500793053
2005-12-14,506.5,2.1,2.35,-0.028225718064629035,-0.06000000000000005,-0.029999999999999805,0.7705543444649476,0.07884126919687322
2005-12-15,503.8999938964844,2.12,2.35,-0.005146500114738828,0.020000000000000018,0.0,0.7634948173467749,0.0502939934191092
2005-12-16,503.3999938964844,2.11,2.34,-0.000992752997367674,-0.010000000000000231,-0.010000000000000231,0.743213304033167,0.051493166972344726
2005-12-19,503.6000061035156,2.11,2.34,0.00039724371332994224,0.0,0.0,0.7236981998728175,0.04427875755569111
2005-12-20,494.6000061035156,2.12,2.35,-0.018032946862338584,0.010000000000000231,0.010000000000000231,0.6995839014147309,0.034779894626265864
2005-12-21,493.0,2.14,2.35,-0.0032401933849328657,0.020000000000000018,0.0,0.6827679463490339,0.051767485041579034
2005-12-22,502.70001220703125,2.11,2.33,0.019484420938773894,-0.03000000000000025,-0.020000000000000018,0.6430983117975393,0.013892090956946048
2006-01-18,543.7000122070312,1.97,2.37,-0.017683464865656973,0.020000000000000018,-0.020000000000000018,-0.6428214779650383,0.03958684635143529
2006-01-19,558.4000244140625,1.97,2.41,0.02667794856596828,0.0,0.040000000000000036,-0.672607314153317,0.03941842849812511
2006-01-20,553.5,1.94,2.43,-0.00881384302092858,-0.030000000000000027,0.020000000000000018,-0.6950217118038932,0.061718995810582065
2006-01-23,558.2999877929688,1.94,2.42,0.008634678302978038,0.0,-0.010000000000000231,-0.7274136468598721,0.03914096130428249
2006-01-24,557.7000122070312,1.97,2.43,-0.001075225167993743,0.030000000000000027,0.010000000000000231,-0.7473164865760166,0.0483621353217443
2006-01-25,562.2000122070312,2.03,2.46,0.008036474901724766,0.05999999999999983,0.029999999999999805,-0.7744956838762131,0.03016630759476186
2006-01-26,559.7000122070312,2.01,2.52,-0.004456732478133496,-0.020000000000000018,0.06000000000000005,-0.8184433508879424,0.03857975018814511
2006-01-27,558.7000122070312,2.02,2.5,-0.0017882693931730032,0.010000000000000231,-0.020000000000000018,-0.8394620086929753,0.026920729880322056
2006-01-30,565.7999877929688,2.03,2.51,0.012627958978555398,0.009999999999999787,0.009999999999999787,-0.8133360943717318,-0.13882086584810602
2006-01-31,570.7999877929688,2.0,2.53,0.008798226924202623,-0.029999999999999805,0.020000000000000018,-0.7980926891511895,-0.1309171204320627
2006-02-01,569.4000244140625,2.02,2.55,-0.0024556464960943103,0.020000000000000018,0.020000000000000018,-0.7702244458302573,-0.1485483408178552
2006-02-02,572.5,2.04,2.53,0.00542951770763711,0.020000000000000018,-0.020000000000000018,-0.7181092037682503,-0.14322328772911397
2006-02-03,567.4000244140625,2.0,2.54,-0.008948170025688817,-0.040000000000000036,0.010000000000000231,-0.683861525858388,-0.0636967560545036
2006-02-06,570.2000122070312,2.0,2.55,0.004922632484197997,0.0,0.009999999999999787,-0.6179217565811299,-0.04442635954393364
2006-03-08,542.5,2.2,2.53,-0.018627295510781572,0.040000000000000036,-0.050000000000000266,-0.6259468178478594,-0.3138126011073165
2006-03-09,545.5,2.2,2.54,0.005514719858510375,0.0,0.010000000000000231,-0.6395890705318901,-0.3729957328555266
2006-03-10,539.9000244140625,2.23,2.53,-0.010318822829283647,0.029999999999999805,-0.010000000000000231,-0.6784786437396222,-0.39626472138356456
2006-03-13,546.0999755859375,2.24,2.53,0.01141808200805361,0.010000000000000231,0.0,-0.6771647519127236,-0.3880062789766956
2006-03-14,551.7000122070312,2.17,2.54,0.010202377952701625,-0.07000000000000028,0.010000000000000231,-0.6661443351410566,-0.4201971981088382
2006-03-15,553.0999755859375,2.18,2.55,0.0025343304556217916,0.010000000000000231,0.009999999999999787,-0.6344025175147611,-0.40421648893007933
2006-03-16,554.4000244140625,2.12,2.53,0.0023477190523832903,-0.06000000000000005,-0.020000000000000018,-0.6177691868223406,-0.39488336459205053
2006-03-17,554.0999755859375,2.16,2.52,-0.0005413601000503476,0.040000000000000036,-0.009999999999999787,-0.6075918813504307,-0.3969503405816439
2006-04-07,588.4000244140625,2.43,2.54,-0.011490473808437152,0.050000000000000266,0.020000000000000018,0.6108265427942409,-0.4033800836787641
2006-04-10,597.5999755859375,2.41,2.56,0.0155145627455191,-0.020000000000000018,0.020000000000000018,0.6516696678824625,-0.42654296605490505
2006-04-11,595.2000122070312,2.37,2.56,-0.004024088937081949,-0.040000000000000036,0.0,0.7007891816809189,-0.3626793026031995
2006-04-12,597.5,2.41,2.57,0.0038567797776591917,0.040000000000000036,0.009999999999999787,0.7681976010672757,-0.3534175764876997
2006-04-13,596.5,2.48,2.57,-0.001675042267695659,0.06999999999999984,0.0,0.8420256157304986,-0.36899979519743026
2006-04-18,620.0,2.38,2.61,0.007446975479337148,-0.050000000000000266,0.029999999999999805,0.8805155139886206,-0.39006682407945165
2006-04-19,632.5999755859375,2.38,2.66,0.020118794239203375,0.0,0.050000000000000266,0.8505776306792602,-0.38172343658145763
2006-04-20,619.7999877929688,2.42,2.62,-0.020441446619806847,0.040000000000000036,-0.040000000000000036,0.8521764747324935,-0.3817255491956096
2006-04-21,632.2000122070312,2.39,2.62,0.019808993431795763,-0.029999999999999805,0.0,0.8339781406316132,-0.405750453334777
2006-04-24,620.5999755859375,2.39,2.6,-0.018519106415500808,0.0,-0.020000000000000018,0.8343643762574872,-0.35705350444002226
2006-04-25,631.0,2.47,2.6,0.016619149866383687,0.08000000000000007,0.0,0.8476727816459977,-0.2778136911300319
2006-04-26,638.7999877929688,2.51,2.61,0.012285534690327893,0.03999999999999959,0.009999999999999787,0.855340464119497,-0.24678204546367305
2006-04-27,633.2999877929688,2.45,2.64,-0.008647172984430185,-0.05999999999999961,0.03000000000000025,0.851660036416674,-0.16909802756513315
2006-04-28,651.7999877929688,2.39,2.68,0.028793523428165102,-0.06000000000000005,0.040000000000000036,0.8175256891999411,-0.2718684255998673
2006-05-01,657.5,2.42,2.72,0.008707016376644283,0.029999999999999805,0.040000000000000036,0.7914825879276746,-0.25805196587140694
2006-05-02,664.7000122070312,2.43,2.69,0.010891065360339347,0.010000000000000231,-0.03000000000000025,0.7728187199141114,-0.26295452079774095
2006-05-03,665.9000244140625,2.47,2.68,0.0018037163675730383,0.040000000000000036,-0.009999999999999787,0.7639067556090052,-0.2337515223765049
2006-05-04,674.2000122070312,2.49,2.67,0.012387275126077846,0.020000000000000018,-0.010000000000000231,0.7567631555492942,-0.23527664492520348
2006-05-05,682.2000122070312,2.45,2.67,0.0117960669722601,-0.040000000000000036,0.0,0.7201528453965966,-0.24466304446725026
2006-05-08,677.7999877929688,2.45,2.67,-0.006470646715002637,0.0,0.0,0.6982779323788073,-0.2076278264333044
2006-05-09,699.4000244140625,2.43,2.7,0.03137061837326005,-0.020000000000000018,0.03000000000000025,0.6519670604370246,-0.24606770382579674
2006-06-26,584.7999877929688,2.67,2.58,0.0,0.029999999999999805,-0.009999999999999787,-0.6295331531795112,0.11681113604707803
2006-06-27,581.5999755859375,2.63,2.58,-0.005487003319815109,-0.040000000000000036,0.0,-0.6585094951819505,0.10684497670923972
2006-06-28,578.2999877929688,2.68,2.57,-0.0056901401861999545,0.050000000000000266,-0.010000000000000231,-0.6701319830238935,0.13671848521922017
2006-06-29,586.5,2.61,2.61,0.014079924037833536,-0.07000000000000028,0.040000000000000036,-0.7036443678441767,0.05554872886330733
2006-06-30,613.5,2.54,2.61,0.04500759605743543,-0.06999999999999984,0.0,-0.6874990347320846,-0.12336627749325312
2006-07-31,634.2000122070312,2.41,2.58,-0.0009455880703592712,0.0,-0.009999999999999787,-0.6291457934116301,-0.3296868741029417
2006-08-01,646.2999877929688,2.4,2.59,0.0188993920291205,-0.010000000000000231,0.009999999999999787,-0.6680785284715626,-0.3561703249770452
2006-08-02,651.5999755859375,2.36,2.6,0.008167065878734725,-0.040000000000000036,0.010000000000000231,-0.6936761417709145,-0.32790547137744186
2006-08-03,644.9000244140625,2.35,2.61,-0.010335535386562178,-0.009999999999999787,0.009999999999999787,-0.7000634576597926,-0.32792965683139796
2006-08-04,644.0,2.3,2.61,-0.0013965777691060666,-0.050000000000000266,0.0,-0.68467097237046,-0.3310622426152414
2006-08-07,647.7999877929688,2.29,2.64,0.005883261789048078,-0.009999999999999787,0.03000000000000025,-0.6736534271057738,-0.31804505855608095
2006-08-08,645.7000122070312,2.27,2.66,-0.0032469693558683232,-0.020000000000000018,0.020000000000000018,-0.6436309403197863,-0.32219151213307723
2006-08-09,650.5,2.28,2.64,0.007406279415026695,0.009999999999999787,-0.020000000000000018,-0.6111665339949347,-0.31433344247198863
2006-09-19,576.7999877929688,2.35,2.39,-0.01616548429342579,-0.040000000000000036,-0.029999999999999805,-0.6186946951429095,-0.19981874941122366
2006-09-20,580.0,2.39,2.34,0.005532538733095116,0.040000000000000036,-0.050000000000000266,-0.6476887942881445,-0.16307124706856874
2006-09-21,582.2000122070312,2.31,2.34,0.0037859487381330936,-0.08000000000000007,0.0,-0.6314391440748078,-0.1992758668207082
2006-11-16,620.5999755859375,2.38,2.28,-0.0030569156640334327,0.08000000000000007,-0.03000000000000025,-0.6723236079612596,-0.06890800663320343
2006-11-17,621.5,2.33,2.28,0.0014491982759370359,-0.04999999999999982,0.0,-0.7717288975224041,-0.09919597644362022
2006-11-20,621.2000122070312,2.33,2.27,-0.00048280002550793455,0.0,-0.009999999999999787,-0.8242816605934957,-0.1015351217248437
2006-11-21,628.2000122070312,2.31,2.27,0.011205495611046778,-0.020000000000000018,0.0,-0.8515350523897298,-0.09935136673212644
2006-11-22,628.7000122070312,2.3,2.27,0.0007956082690157018,-0.010000000000000231,0.0,-0.866086452983726,-0.09300521156963783
2006-11-28,637.2000122070312,2.21,2.3,0.013429382387871946,-0.06000000000000005,0.020000000000000018,-0.886575977047917,-0.18769886486367246
2006-11-29,635.5,2.22,2.3,-0.0026715065636837565,0.010000000000000231,0.0,-0.8887640592006099,-0.18837607402710868
2006-11-30,646.9000244140625,2.16,2.3,0.01777967016051729,-0.06000000000000005,0.0,-0.8960691540983762,-0.22479133640920268
2006-12-01,644.7000122070312,2.1,2.33,-0.0034066495390154827,-0.06000000000000005,0.03000000000000025,-0.8921842621941452,-0.19121919431397222
2006-12-04,645.2000122070312,2.11,2.32,0.0007752539198060404,0.009999999999999787,-0.010000000000000231,-0.8955156573316276,-0.2503001799327915
2006-12-05,642.2999877929688,2.11,2.34,-0.004504899912256555,0.0,0.020000000000000018,-0.8877668422132221,-0.24875406541469786
2006-12-06,630.5,2.14,2.34,-0.018542309853585515,0.03000000000000025,0.0,-0.8510490458593385,-0.22304779901743685
2006-12-07,631.9000244140625,2.15,2.34,0.002218037010393026,0.009999999999999787,0.0,-0.8100248614351264,-0.224952768589928
2006-12-08,626.0999755859375,2.21,2.35,-0.009221128657974198,0.06000000000000005,0.010000000000000231,-0.7847601730988799,-0.2689696163375252
2006-12-11,630.0,2.17,2.35,0.006209755628185043,-0.040000000000000036,0.0,-0.7593801635175432,-0.26089769097187016
2006-12-12,627.0,2.15,2.34,-0.004773278752657539,-0.020000000000000018,-0.010000000000000231,-0.737788571303217,-0.2532329857241222
2006-12-13,627.9000244140625,2.22,2.36,0.0014344163692294742,0.07000000000000028,0.020000000000000018,-0.7096494835110898,-0.26353162620568293
2006-12-14,626.5999755859375,2.23,2.37,-0.002072617446815528,0.009999999999999787,0.010000000000000231,-0.7174516738213585,-0.28034365166806147
2006-12-15,615.0,2.29,2.31,-0.018686071748817312,0.06000000000000005,-0.06000000000000005,-0.7125812703629022,-0.2960612085528466
2006-12-18,614.0,2.31,2.29,-0.0016273396593753375,0.020000000000000018,-0.020000000000000018,-0.7103009302186214,-0.3475439354656663
2006-12-19,621.5999755859375,2.31,2.29,0.012301831630132654,0.0,0.0,-0.7483225828125728,-0.3816955271302561
2006-12-20,620.5999755859375,2.32,2.28,-0.001610047102445833,0.009999999999999787,-0.010000000000000231,-0.7695158123386866,-0.39386801125140036
2006-12-21,618.2000122070312,2.29,2.26,-0.00387466323072605,-0.029999999999999805,-0.020000000000000018,-0.7752538509825435,-0.3864145706199647
2006-12-22,619.0999755859375,2.35,2.28,0.0014547216463185464,0.06000000000000005,0.020000000000000018,-0.7859159843453417,-0.42201235838044787
2006-12-27,627.2000122070312,2.39,2.27,0.0055959853949021365,0.050000000000000266,0.0,-0.771163660255374,-0.4870974496454765
2006-12-28,634.0999755859375,2.41,2.29,0.01094114370513477,0.020000000000000018,0.020000000000000018,-0.6784587304687825,-0.43883532367931827
2007-01-10,611.5999755859375,2.42,2.27,-0.0024495808113993434,0.029999999999999805,0.0,-0.6229232327805784,-0.34522839497970503
2007-01-11,612.4000244140625,2.43,2.31,0.0013072695131741696,0.010000000000000231,0.040000000000000036,-0.638432821845489,-0.2783328035804163
2007-02-22,679.4000244140625,2.35,2.38,-0.0011767988581095068,0.020000000000000018,0.020000000000000018,-0.630077590109574,0.022325001407372196
2007-02-23,683.0999755859375,2.3,2.38,0.0054311343364794595,-0.050000000000000266,0.0,-0.7437579586624925,0.03320551302503435
2007-02-26,686.5,2.26,2.37,0.004964999210322674,-0.040000000000000036,-0.009999999999999787,-0.8368721912291387,0.03193805934905984
2007-02-27,683.9000244140625,2.14,2.36,-0.003794481405683392,-0.11999999999999966,-0.010000000000000231,-0.8027516528564629,-0.01056110700365701
2007-02-28,669.4000244140625,2.2,2.36,-0.02142991855355625,0.06000000000000005,0.0,-0.7774060883064602,-0.1483111679445453
2007-03-01,662.2999877929688,2.19,2.37,-0.010663218189123747,-0.010000000000000231,0.010000000000000231,-0.7171536200627794,-0.17315940006522318
2007-04-12,675.0999755859375,2.28,2.46,-0.002514998371418997,0.0,0.0,0.6117041587547093,-0.06186208448136273
2007-04-13,685.4000244140625,2.31,2.45,0.015141853176474207,0.03000000000000025,-0.009999999999999787,0.6825260070110387,-0.03157319399210533
2007-04-16,690.0999755859375,2.3,2.44,0.006833834188308963,-0.010000000000000231,-0.010000000000000231,0.7153102083211267,-0.3130568083862439
2007-04-17,688.2000122070312,2.29,2.4,-0.0027569681479819863,-0.009999999999999787,-0.040000000000000036,0.7480013145406764,-0.28106033016183823
2007-04-18,689.0999755859375,2.26,2.4,0.0013068518332488566,-0.03000000000000025,0.0,0.7611240351778806,-0.3040184061070445
2007-04-19,684.2999877929688,2.27,2.41,-0.0069899628145115855,0.010000000000000231,0.010000000000000231,0.7634587067591404,-0.2697674401868576
2007-04-20,692.0,2.27,2.41,0.011189555497930215,0.0,0.0,0.7629607363390858,-0.27006549278016945
2007-04-23,690.5999755859375,2.25,2.41,-0.002025206013736458,-0.020000000000000018,0.0,0.8046964284375332,-0.1803482826485569
2007-04-24,684.2000122070312,2.21,2.42,-0.009310459219108225,-0.040000000000000036,0.009999999999999787,0.8094897228889475,-0.10948486402050311
2007-04-25,684.0999755859375,2.22,2.44,-0.00014622030572919442,0.010000000000000231,0.020000000000000018,0.7812950198486929,-0.17907522197259873
2007-04-26,674.9000244140625,2.26,2.43,-0.013539502155394345,0.03999999999999959,-0.009999999999999787,0.7917224599585498,-0.2206056547810486
2007-04-27,678.7000122070312,2.25,2.46,0.005614653771912614,-0.009999999999999787,0.029999999999999805,0.7902542330075889,-0.2169830543843003
2007-04-30,680.5,2.2,2.43,0.002648600395906975,-0.04999999999999982,-0.029999999999999805,0.751698165363163,-0.1962749588190609
2007-05-01,674.4000244140625,2.19,2.45,-0.009004379202715462,-0.010000000000000231,0.020000000000000018,0.735100790883053,-0.16700448110935398
2007-05-02,672.2999877929688,2.22,2.43,-0.0031187915709338654,0.03000000000000025,-0.020000000000000018,0.7183420657994695,-0.17396517338088766
2007-05-03,681.7999877929688,2.25,2.43,0.014031690481807857,0.029999999999999805,0.0,0.6909202408604815,-0.09511321172851633
2007-05-04,687.2000122070312,2.24,2.41,0.007889046633799524,-0.009999999999999787,-0.020000000000000018,0.6612207853746569,-0.14045228878966903
2007-05-07,688.0,2.27,2.37,0.0011634494998649103,0.029999999999999805,-0.040000000000000036,0.6524894409596343,-0.10678617549082217
2007-05-08,685.0999755859375,2.27,2.36,-0.0042240605602552606,0.0,-0.010000000000000231,0.6250777977014665,-0.04908532256131376
2007-05-21,662.9000244140625,2.43,2.36,0.0028703462248378386,-0.029999999999999805,0.009999999999999787,-0.6300529594369475,0.1731557762346357
2007-05-22,659.0999755859375,2.48,2.35,-0.005748955059365457,0.04999999999999982,-0.009999999999999787,-0.6810743871593378,0.14128167683185175
2007-05-23,661.9000244140625,2.5,2.36,0.004239292992538779,0.020000000000000018,0.009999999999999787,-0.7044158519251429,0.14867152580475113
2007-05-24,653.0,2.48,2.38,-0.013537394733265984,-0.020000000000000018,0.020000000000000018,-0.7466457065124867,0.1859571370516478
2007-05-25,655.0999755859375,2.49,2.37,0.003210729193710904,0.010000000000000231,-0.009999999999999787,-0.7817429117335711,0.14506476524677223
2007-05-30,653.0999755859375,2.52,2.36,-0.006105957222766634,-0.020000000000000018,0.020000000000000018,-0.8359315334421501,0.20126480695633064
2007-05-31,661.0,2.54,2.36,0.012023620324888462,0.020000000000000018,0.0,-0.8351174913839885,0.2359650931435384
2007-06-01,671.2000122070312,2.57,2.38,0.01531333348818631,0.029999999999999805,0.020000000000000018,-0.7849890067118246,0.266512844599943
2007-06-04,670.7000122070312,2.55,2.38,-0.0007452120337463342,-0.020000000000000018,0.0,-0.760345064489787,0.28446068781020073
2007-06-05,669.5999755859375,2.6,2.38,-0.0016414785915275232,0.050000000000000266,0.0,-0.7189926062288242,0.27377392669366135
2007-06-06,669.2999877929688,2.58,2.39,-0.0004481108465066441,-0.020000000000000018,0.010000000000000231,-0.6756715739138462,0.2264516707240928
2007-06-07,660.0999755859375,2.7,2.41,-0.01384107015876701,0.1200000000000001,0.020000000000000018,-0.6566380537860507,0.032827589118114175
2007-06-08,645.5,2.69,2.43,-0.022366091422627576,-0.010000000000000231,0.020000000000000018,-0.6972432173044495,0.1158618678768153
2007-06-11,654.2999877929688,2.72,2.42,0.013540732932368904,0.03000000000000025,-0.010000000000000231,-0.7020888913996307,0.15273170823481158
2007-06-12,648.5,2.83,2.43,-0.0089039394625674,0.10999999999999988,0.010000000000000231,-0.7146697870126012,0.10554570616244119
2007-06-13,648.2000122070312,2.75,2.45,-0.0004626942168526327,-0.08000000000000007,0.020000000000000018,-0.7352675695187951,0.06792403025431593
2007-06-14,651.5999755859375,2.77,2.46,0.005231529720376216,0.020000000000000018,0.009999999999999787,-0.7482649569960254,0.07029391919625833
2007-06-15,654.5,2.73,2.43,0.004440746089932723,-0.040000000000000036,-0.029999999999999805,-0.734327726468901,0.026604528692521022
2007-06-18,655.7999877929688,2.73,2.42,0.001984260446638686,0.0,-0.010000000000000231,-0.7076131468523538,0.043334820014160204
2007-06-19,660.7000122070312,2.67,2.42,0.007444051715152611,-0.06000000000000005,0.0,-0.6725268309954165,-0.01626393809313771
2007-06-20,656.0999755859375,2.73,2.41,-0.006986718371801537,0.06000000000000005,-0.009999999999999787,-0.6338377329336351,-0.03926829558203596
2007-06-21,650.5999755859375,2.74,2.42,-0.008418202626151228,0.010000000000000231,0.009999999999999787,-0.6038950567067741,-0.03420655821929322
2007-06-22,653.5,2.7,2.44,0.004447556550482901,-0.040000000000000036,0.020000000000000018,-0.6076549762993468,-0.12451971090001279
2007-07-25,673.2999877929688,2.56,2.36,-0.016059312963741412,-0.020000000000000018,0.0,-0.6127158293251668,-0.4044990570289001
2007-08-27,666.7999877929688,2.38,2.22,-0.0017980409668920672,-0.020000000000000018,-0.009999999999999787,0.6214144352339451,0.3360048735912934
2007-08-28,664.4000244140625,2.33,2.2,-0.0036057180845840975,-0.04999999999999982,-0.020000000000000018,0.7169864530286154,0.3523307176509309
2007-08-29,666.2999877929688,2.38,2.19,0.002855586762699147,0.04999999999999982,-0.010000000000000231,0.7095780031013751,0.4637518144103441
2007-08-30,665.0,2.32,2.19,-0.001952960592014108,-0.06000000000000005,0.0,0.6616078708251937,0.4523180328373273
2007-09-11,712.2000122070312,2.16,2.21,0.012575262026389034,0.020000000000000018,0.009999999999999787,-0.6557351608006351,0.4264934556238053
2007-09-12,711.9000244140625,2.18,2.23,-0.00042130157951270064,0.020000000000000018,0.020000000000000018,-0.7041403240610172,0.4286229479688702
2007-09-13,709.5,2.24,2.25,-0.003376989803959951,0.06000000000000005,0.020000000000000018,-0.7195799734170634,0.3923757877404143
2007-09-14,709.5999755859375,2.2,2.27,0.0001408999898853125,-0.040000000000000036,0.020000000000000018,-0.7406876458653979,0.3974110686091551
2007-09-17,715.7999877929688,2.21,2.27,0.00869938468825282,0.009999999999999787,0.0,-0.7577003751167859,0.4169647055100649
2007-09-18,715.7999877929688,2.19,2.31,0.0,-0.020000000000000018,0.040000000000000036,-0.7759928991084476,0.42872515951510337
2007-09-19,722.0,2.21,2.32,0.008624357614590572,0.020000000000000018,0.009999999999999787,-0.7888970448561435,0.4649742514928129
2007-09-20,732.4000244140625,2.34,2.35,0.01430170724185853,0.1299999999999999,0.03000000000000025,-0.7593591890653527,0.5042268541269281
2007-09-21,731.4000244140625,2.31,2.33,-0.0013663070394995813,-0.029999999999999805,-0.020000000000000018,-0.7229380715330507,0.5075218306110887
2007-09-24,732.0999755859375,2.33,2.3,0.000956544209422816,0.020000000000000018,-0.03000000000000025,-0.7007700968805685,0.49268703803311253
2007-09-25,731.5999755859375,2.34,2.29,-0.0006832001586776215,0.009999999999999787,-0.009999999999999787,-0.6662418175176761,0.4817179262542087
2007-09-26,728.2999877929688,2.34,2.29,-0.004520848683053913,0.0,0.0,-0.629404319279461,0.46911451447947444
2007-09-27,732.7000122070312,2.27,2.31,0.0060233233633821825,-0.06999999999999984,0.020000000000000018,-0.6185636477908415,0.43969317382799183
2007-10-30,784.2999877929688,2.06,2.34,-0.006101439933481778,0.020000000000000018,-0.010000000000000231,-0.673702812146436,0.15383199423970031
2007-10-31,792.0,2.14,2.34,0.009769807160042276,0.08000000000000007,0.0,-0.7275890267075299,0.18489183394548084
2007-11-01,790.7000122070312,2.0,2.36,-0.0016427472992859293,-0.14000000000000012,0.020000000000000018,-0.796156595763897,0.20276419185849154
2007-11-02,805.7000122070312,1.92,2.39,0.01879283541884913,-0.08000000000000007,0.03000000000000025,-0.8277882966476376,0.011804237360464605
2007-11-05,808.0999755859375,1.94,2.41,0.002974303093727926,0.020000000000000018,0.020000000000000018,-0.8479269964498017,0.005096880294647883
2007-11-06,820.7999877929688,1.93,2.45,0.01559367651667376,-0.010000000000000009,0.040000000000000036,-0.8599516112782941,0.014020791811909818
2007-11-07,831.0,1.91,2.43,0.01235033531105767,-0.020000000000000018,-0.020000000000000018,-0.8682137690084238,0.01851283456227092
2007-11-08,835.2000122070312,1.88,2.4,0.00504143688862424,-0.030000000000000027,-0.03000000000000025,-0.8772772283281808,0.028159153498488826
2007-11-09,832.5,1.82,2.41,-0.0032380098894737586,-0.05999999999999983,0.010000000000000231,-0.8926530124222474,0.06074643999380159
2007-11-14,813.0,1.88,2.4,0.01962550589678802,0.019999999999999796,0.0,-0.8877887551145691,-0.07030591918331822
2007-11-15,785.9000244140625,1.81,2.36,-0.033901520610580604,-0.06999999999999984,-0.040000000000000036,-0.865800779993817,0.014990636259506494
2007-11-16,785.7000122070312,1.8,2.35,-0.0002545332189498595,-0.010000000000000009,-0.009999999999999787,-0.8419749710577065,0.01986984016520667
2007-11-19,776.7999877929688,1.7,2.37,-0.011392154455674763,-0.10000000000000009,0.020000000000000018,-0.7773017683634327,0.0685655976864352
2007-11-20,790.2999877929688,1.68,2.38,0.017229703502251503,-0.020000000000000018,0.009999999999999787,-0.7339127351214829,0.05703065986037707
2007-11-21,797.5999755859375,1.62,2.38,0.00919458327336553,-0.05999999999999983,0.0,-0.6932923207657896,0.052910730112545004
2007-11-26,826.0,1.45,2.38,0.0024242436115056165,-0.17999999999999994,0.0,-0.6962969867807437,0.08098343605765396
2007-11-27,813.7000122070312,1.58,2.37,-0.015003010816484696,0.13000000000000012,-0.009999999999999787,-0.6751749651459655,-0.014354118257338148
2007-11-28,800.0999755859375,1.71,2.32,-0.016855073362179063,0.1299999999999999,-0.050000000000000266,-0.6465520595710482,-0.1081153024179696
2008-01-15,901.0,1.45,2.27,-0.0006656780386320449,-0.08000000000000007,-0.009999999999999787,-0.6828130343801756,-0.15737994281709036
2008-01-16,880.5999755859375,1.5,2.24,-0.022901792011034594,0.050000000000000044,-0.029999999999999805,-0.7731775033752455,-0.19277339316858355
2008-01-17,879.5,1.43,2.23,-0.0012499014196905023,-0.07000000000000006,-0.010000000000000231,-0.8273521618460596,-0.19471627735496672
2008-01-18,880.7999877929688,1.42,2.24,0.001477007371830652,-0.010000000000000009,0.010000000000000231,-0.8595123722498842,-0.17364769985552675
2008-01-23,882.5,1.31,2.2,-0.008013107245000484,0.030000000000000027,-0.040000000000000036,-0.8451438140239331,-0.1876749013145274
2008-01-24,905.5,1.44,2.24,0.025728488516016057,0.1299999999999999,0.040000000000000036,-0.8465255436726242,-0.06582905846003577
2008-01-25,910.5,1.34,2.27,0.005506621844195259,-0.09999999999999987,0.029999999999999805,-0.860945802506987,-0.07004569288771349
2008-01-28,927.0999755859375,1.33,2.28,0.01806750911147681,-0.010000000000000009,0.009999999999999787,-0.8699109589512375,-0.06299122113433826
2008-01-29,925.0999755859375,1.37,2.32,-0.002159594892595429,0.040000000000000036,0.040000000000000036,-0.8684168517334082,0.0200829337942126
2008-01-30,920.5999755859375,1.45,2.33,-0.004876208523132419,0.07999999999999985,0.010000000000000231,-0.854746250119643,0.003005867842289297
2008-01-31,922.7000122070312,1.33,2.34,0.002278562950784213,-0.11999999999999988,0.009999999999999787,-0.8520952251763654,0.011596144117060515
2008-02-01,908.7000122070312,1.31,2.31,-0.015289147679384385,-0.020000000000000018,-0.029999999999999805,-0.8491204882444205,0.023387037027096033
2008-02-04,904.9000244140625,1.38,2.3,-0.004190552797878944,0.06999999999999984,-0.010000000000000231,-0.8584604826272012,-0.01894073044824474
2008-02-05,885.9000244140625,1.34,2.27,-0.02122036236046121,-0.039999999999999813,-0.029999999999999805,-0.8591681167397357,0.012804832969258384
2008-02-06,900.7000122070312,1.36,2.25,0.016568147366052166,0.020000000000000018,-0.020000000000000018,-0.8451980729833326,-0.021650340025763562
2008-02-07,906.0999755859375,1.47,2.27,0.005977395941376251,0.10999999999999988,0.020000000000000018,-0.8130331128736927,-0.005535649691155244
2008-02-08,918.4000244140625,1.36,2.28,0.013483403864658072,-0.10999999999999988,0.009999999999999787,-0.7797441706815379,-0.07955798494738886
2008-02-11,922.9000244140625,1.32,2.3,0.004887860576610947,-0.040000000000000036,0.020000000000000018,-0.7389022315394728,-0.08335742810971329
2008-02-12,907.4000244140625,1.36,2.3,-0.016937518589792866,0.040000000000000036,0.0,-0.6889768330371665,-0.10126189986479851
2008-02-13,906.5,1.42,2.28,-0.000992363940470753,0.05999999999999983,-0.020000000000000018,-0.6053121423793242,-0.12152765362005193
2008-03-06,975.0,1.07,2.55,-0.011421715170023994,-0.08999999999999986,0.009999999999999787,-0.6061383787402299,-0.03258210601630292
2008-03-07,972.2000122070312,1.01,2.55,-0.002875913830401977,-0.06000000000000005,0.0,-0.6364163860342347,-0.1381482838394419
2008-03-10,969.9000244140625,0.9,2.56,-0.0023685585962169853,-0.10999999999999999,0.010000000000000231,-0.6626008032907518,-0.11257909888936375
2008-03-11,974.2000122070312,1.05,2.55,0.004423635331527009,0.15000000000000002,-0.010000000000000231,-0.6865213132990408,-0.09664926840918407
2008-03-12,978.7999877929688,0.95,2.54,0.004710685194335262,-0.10000000000000009,-0.009999999999999787,-0.710076780748699,-0.09756319781862005
2008-03-13,992.2999877929688,1.05,2.51,0.013698149521350622,0.10000000000000009,-0.03000000000000025,-0.725524986721199,-0.03170938440500341
2008-03-14,998.2000122070312,1.01,2.43,0.005928200646111215,-0.040000000000000036,-0.07999999999999963,-0.7473700584189685,-0.03655558897123725
2008-03-17,1001.4000244140625,1.05,2.29,0.003200655011221798,0.040000000000000036,-0.14000000000000012,-0.769098945150398,-0.0440146469867955
2008-03-18,1003.2000122070312,1.08,2.4,0.001795857770975573,0.030000000000000027,0.10999999999999988,-0.7761980958216238,-0.02596209213280606
2008-03-19,944.7000122070312,1.04,2.34,-0.060082752350066215,-0.040000000000000036,-0.06000000000000005,-0.7812014381259733,0.010767087938175789
2008-03-20,919.5999755859375,1.02,2.32,-0.026928663356224902,-0.020000000000000018,-0.020000000000000018,-0.7235594623164597,0.005507976069301906
2008-03-25,934.5999755859375,1.25,2.26,0.017594482817452572,0.010000000000000009,-0.06000000000000005,-0.6883941457579313,0.016985835560155975
2008-03-26,949.0,1.24,2.27,0.015290194466074603,-0.010000000000000009,0.010000000000000231,-0.6877819395603587,0.01801010244030526
2008-03-27,948.7999877929688,1.23,2.33,-0.00021078323222489814,-0.010000000000000009,0.06000000000000005,-0.6875272109576042,0.036929947037186106
2008-03-28,930.5999755859375,1.13,2.34,-0.01936850220191033,-0.10000000000000009,0.009999999999999787,-0.6502574524997016,0.08155030996545164
2008-04-10,928.2999877929688,1.26,2.29,-0.005693111565884479,0.07000000000000006,-0.009999999999999787,-0.6217408129466465,-0.021587376067821504
2008-04-11,923.5999755859375,1.19,2.3,-0.005075892209258193,-0.07000000000000006,0.009999999999999787,-0.6633103592836883,0.010918109133150125
2008-04-14,925.4000244140625,1.23,2.3,0.0019470518083206656,0.040000000000000036,0.0,-0.6681865640726201,0.051928641890014324
2008-04-15,928.7000122070312,1.28,2.32,0.0035596690711043877,0.050000000000000044,0.020000000000000018,-0.6641595716771456,0.06488272909676757
2008-04-16,945.0999755859375,1.41,2.31,0.017504944242580756,0.1299999999999999,-0.009999999999999787,-0.6080680156664454,0.14188932480864
2008-05-05,872.2999877929688,1.53,2.35,0.01874622421442762,0.0,-0.009999999999999787,-0.6156016493375189,-0.09889868121489236
2008-05-06,876.0,1.55,2.38,0.004232703491293677,0.020000000000000018,0.029999999999999805,-0.6268136944854371,-0.09897943620708345
2008-05-07,869.5999755859375,1.51,2.36,-0.00733278320444164,-0.040000000000000036,-0.020000000000000018,-0.6310851074192693,-0.07657255848771377
2008-05-08,880.5999755859375,1.43,2.36,0.012570157865352982,-0.08000000000000007,0.0,-0.6186809140520959,-0.12198129149431336
2008-05-13,868.5,1.51,2.39,-0.017350066656345753,0.10000000000000009,0.020000000000000018,-0.6578249143310309,-0.1677944553052367
2008-05-14,865.4000244140625,1.49,2.43,-0.003575729679071493,-0.020000000000000018,0.040000000000000036,-0.6816986834656583,-0.18939091161741467
2008-05-15,879.0,1.4,2.43,0.015593041683088948,-0.09000000000000008,0.0,-0.6772889643994734,-0.256492911995962
2008-05-16,899.0,1.41,2.44,0.02249813678644319,0.010000000000000009,0.009999999999999787,-0.6942504372240439,-0.23089507290342015
2008-05-19,905.0,1.36,2.47,0.006651909228305719,-0.04999999999999982,0.03000000000000025,-0.6839364034404056,-0.28228681037591985
2008-05-20,919.5,1.31,2.47,0.01589510034445052,-0.050000000000000044,0.0,-0.6906816554478231,-0.30132532576503784
2008-05-21,928.0,1.3,2.51,0.009201688741824476,-0.010000000000000009,0.03999999999999959,-0.6806969617263404,-0.2538956982124577
2008-05-22,917.9000244140625,1.41,2.51,-0.01094325396341933,0.10999999999999988,0.0,-0.6585640469493514,-0.27707840365755265
2008-05-23,925.5999755859375,1.36,2.49,0.008353670680213199,-0.04999999999999982,-0.019999999999999574,-0.6640685425626565,-0.3177876534508568
2008-06-06,895.4000244140625,1.47,2.47,0.026710547270769602,-0.15999999999999992,0.040000000000000036,-0.6029017805672043,-0.6113534394198712
2008-06-09,894.7000122070312,1.54,2.48,-0.0007820928756965273,0.07000000000000006,0.009999999999999787,-0.6072614055024798,-0.6060488179080439
2008-06-10,867.9000244140625,1.62,2.49,-0.03041195141702424,0.08000000000000007,0.010000000000000231,-0.63939687214965,-0.6274110996045386
2008-06-11,879.7000122070312,1.62,2.48,0.013504425354745386,0.0,-0.010000000000000231,-0.6256816737747345,-0.6420602962986686
2008-06-12,869.2000122070312,1.73,2.5,-0.012007691708726398,0.10999999999999988,0.020000000000000018,-0.6360883995325917,-0.7017959342627319
2008-06-13,870.2999877929688,1.77,2.5,0.0012647033429749044,0.040000000000000036,0.0,-0.6613373705105595,-0.7083382147305854
2008-06-16,883.5999755859375,1.76,2.49,0.015166478146507956,-0.010000000000000009,-0.009999999999999787,-0.6473866743062368,-0.7082379689206462
2008-06-17,884.2999877929688,1.75,2.48,0.0007919138617733523,-0.010000000000000009,-0.010000000000000231,-0.6281243733106479,-0.7228445704792703
2008-06-18,890.9000244140625,1.68,2.48,0.0074358573529016425,-0.07000000000000006,0.0,-0.6076293874017323,-0.7268789552476879
2008-06-25,880.0,1.65,2.47,-0.01040028834589446,0.010000000000000009,0.010000000000000231,-0.6143615983742332,-0.643679431660027
2008-06-26,913.0999755859375,1.55,2.52,0.036923469412486476,-0.09999999999999987,0.04999999999999982,-0.6606900740068956,-0.679677019234844
2008-06-27,929.2999877929688,1.48,2.51,0.017586224542828433,-0.07000000000000006,-0.010000000000000231,-0.7094346213575942,-0.680217812558003
2008-06-30,926.2000122070312,1.48,2.51,-0.0033413942012225917,0.0,0.0,-0.7145528700198063,-0.7061835009185518
2008-07-01,942.5,1.49,2.52,0.017445712095821797,0.010000000000000009,0.010000000000000231,-0.6998175722711321,-0.6880286811186641
2008-07-02,944.7999877929688,1.43,2.56,0.00243733264075896,-0.06000000000000005,0.040000000000000036,-0.7011019215475432,-0.6735039379362922
2008-07-03,931.9000244140625,1.42,2.57,-0.013747712973158244,-0.010000000000000009,0.009999999999999787,-0.6989049614300058,-0.6569872804362744
2008-07-08,921.9000244140625,1.45,2.46,-0.005840340355240947,0.020000000000000018,-0.06000000000000005,-0.7011271014690444,-0.64729351788278
2008-07-09,927.2999877929688,1.39,2.46,0.005840340355240947,-0.06000000000000005,0.0,-0.7218199637931736,-0.6240164167935084
2008-07-10,940.9000244140625,1.4,2.43,0.014559765318161055,0.010000000000000009,-0.029999999999999805,-0.7460147920839396,-0.610713800366025
2008-07-11,959.5,1.48,2.48,0.0195754254874716,0.08000000000000007,0.04999999999999982,-0.7349773039689718,-0.5170730033314079
2008-07-14,972.7000122070312,1.43,2.47,0.013663406977276082,-0.050000000000000044,-0.009999999999999787,-0.741343620358436,-0.5204277155087311
2008-07-15,977.7000122070312,1.4,2.47,0.005127164572051868,-0.030000000000000027,0.0,-0.766772569867937,-0.5227933069872899
2008-07-16,961.7999877929688,1.48,2.49,-0.01639637084538048,0.08000000000000007,0.020000000000000018,-0.7882399937893686,-0.5599698533653661
2008-07-17,970.0,1.6,2.47,0.008489555345726707,0.1200000000000001,-0.020000000000000018,-0.7391613229726315,-0.5046134042206951
2008-07-18,957.2999877929688,1.65,2.46,-0.013179262296642236,0.04999999999999982,-0.010000000000000231,-0.6893706572253941,-0.5094900214312622
2008-07-21,963.0999755859375,1.66,2.43,0.0060404140165744025,0.010000000000000009,-0.029999999999999805,-0.6611043887423783,-0.43622089185009866
2008-07-22,948.0,1.71,2.43,-0.015802720962339478,0.050000000000000044,0.0,-0.6270503004776152,-0.45347152390099116
2008-07-23,922.4000244140625,1.8,2.36,-0.02737550683219503,0.09000000000000008,-0.07000000000000028,-0.6098161094666297,-0.46007373463258094
2008-07-24,922.0,1.69,2.34,-0.00043377186623239083,-0.1100000000000001,-0.020000000000000018,-0.6126730005457157,-0.426764258985176
2008-09-25,877.7000122070312,2.09,1.79,-0.012792372007855768,0.040000000000000036,0.040000000000000036,0.611541760380931,0.07646951706148128
2008-09-26,882.9000244140625,2.1,1.75,0.005907108053613719,0.010000000000000231,-0.040000000000000036,0.646820188261054,0.036971223824935964
2008-09-29,888.2000122070312,2.03,1.58,0.005984985041900259,-0.07000000000000028,-0.16999999999999993,0.6710840810025521,0.018068350035389216
2008-09-30,874.2000122070312,2.25,1.6,-0.015887760208689095,0.2200000000000002,0.020000000000000018,0.6659015004375178,-0.05134682219593288
2008-10-01,880.7000122070312,2.26,1.51,0.007407863279141225,0.009999999999999787,-0.09000000000000008,0.6759174525690038,-0.050393736685559735
2008-10-02,839.0,2.17,1.49,-0.048506353204809116,-0.08999999999999986,-0.020000000000000018,0.6502455565435229,0.037222448247432996
2008-10-03,828.9000244140625,2.18,1.45,-0.012111156416157343,0.010000000000000231,-0.040000000000000036,0.6318605697035781,0.04356422227902328
2008-10-06,862.7000122070312,2.21,1.27,0.039967470181283105,0.029999999999999805,-0.17999999999999994,0.640085532294567,0.05742712846835136
2008-10-07,878.4000244140625,2.32,1.18,0.018035078316721354,0.10999999999999988,-0.09000000000000008,0.6556793758746181,0.06750951183971127
2008-10-08,903.0999755859375,2.69,1.03,0.027731163674079795,0.3700000000000001,-0.1499999999999999,0.6776439633833616,0.1540032311199982
2008-10-09,883.0999755859375,2.79,1.05,-0.022394845394240193,0.10000000000000009,0.020000000000000018,0.6713960893232227,0.1393124938181519
2008-10-10,855.4000244140625,2.97,0.92,-0.03186919249497855,0.18000000000000016,-0.13,0.6117326308406408,0.07994303370915168
2008-10-29,752.7999877929688,3.05,0.88,0.018095796004218734,-0.010000000000000231,0.050000000000000044,-0.6483038461619794,0.19507980132856062
2008-10-30,737.2000122070312,3.06,0.94,-0.02094032970135551,0.010000000000000231,0.05999999999999994,-0.6843143572455134,0.30890960186644145
2008-10-31,716.7999877929688,3.14,0.87,-0.028062397723488175,0.08000000000000007,-0.06999999999999995,-0.693820198101177,0.26709444543812544
2008-11-03,725.4000244140625,3.09,0.87,0.011926415873979579,-0.050000000000000266,0.0,-0.7138293411466042,0.20972798379935836
2008-11-04,756.0,2.88,0.93,0.04131811567473154,-0.20999999999999996,0.06000000000000005,-0.6967761360483039,0.09521562433386133
2008-11-05,741.2999877929688,2.76,0.97,-0.019635990983918994,-0.1200000000000001,0.039999999999999925,-0.675563082106845,0.13421635771233403
2008-11-06,731.2000122070312,2.81,0.94,-0.013718348361156707,0.050000000000000266,-0.030000000000000027,-0.6504789030983242,0.12864716793403078
2008-11-07,733.2000122070312,2.86,0.97,0.002731495780071036,0.04999999999999982,0.030000000000000027,-0.6301563425766857,0.1318865193215447
2008-11-10,745.5999755859375,2.84,0.98,0.01677069801267006,-0.020000000000000018,0.010000000000000009,-0.6009065114774299,0.12114968354808282
2009-04-29,899.7999877929688,1.59,1.53,0.0078099248863923165,0.050000000000000044,0.020000000000000018,-0.7375566701560865,0.168276371179672
2009-04-30,890.7000122070312,1.69,1.47,-0.010164818697878886,0.09999999999999987,-0.06000000000000005,-0.8346835780289333,-0.1788543860506087
2009-05-01,887.5999755859375,1.8,1.41,-0.0034865205900747043,0.1100000000000001,-0.06000000000000005,-0.78238489130621,-0.30616883746517565
2009-05-04,901.5999755859375,1.77,1.42,0.01564977209423457,-0.030000000000000027,0.010000000000000009,-0.7527713595438489,-0.3347992189573812
2009-05-05,903.7000122070312,1.77,1.43,0.0023265247687760393,0.0,0.010000000000000009,-0.7040587949353315,-0.34144439889045436
2009-05-06,910.5,1.74,1.44,0.007496438751917189,-0.030000000000000027,0.010000000000000009,-0.6265788719841452,-0.4501618534932596
2009-09-17,1012.2999877929688,1.62,1.8,-0.006498680395438328,0.0,-0.06000000000000005,-0.6293390797150256,0.08955204945644661
2009-09-18,1009.2000122070312,1.68,1.81,-0.003067007683343448,0.05999999999999983,0.010000000000000009,-0.6475643449416154,0.07125905570548488
2009-09-21,1003.7000122070312,1.69,1.8,-0.005464765880867084,0.010000000000000009,-0.010000000000000009,-0.6652236258795908,0.06811733576783201
2009-09-22,1014.2000122070312,1.65,1.81,0.010406952415250359,-0.040000000000000036,0.010000000000000009,-0.662075059422012,-0.01555086689220437
2009-09-23,1013.0,1.63,1.81,-0.001183911148353367,-0.020000000000000018,0.0,-0.663478695699973,-0.014275636775728764
2009-09-24,997.5,1.64,1.76,-0.015419355484664443,0.010000000000000009,-0.050000000000000044,-0.6691705561415203,-0.05146386163339109
2009-09-25,990.2000122070312,1.6,1.74,-0.007345193508852432,-0.039999999999999813,-0.020000000000000018,-0.6629323258245724,-0.017320729115230533
2009-09-28,992.5,1.57,1.74,0.002320057306179457,-0.030000000000000027,0.0,-0.6515193984258547,0.030067713910169668
2009-09-29,993.0999755859375,1.59,1.72,0.0006043267642770189,0.020000000000000018,-0.020000000000000018,-0.611449699501864,-0.04866145487943482
2009-10-02,1003.2000122070312,1.54,1.7,0.003695028106294629,0.040000000000000036,-0.010000000000000009,-0.6540629180930142,-0.03842278753348275
2009-10-05,1016.7000122070312,1.51,1.73,0.013367197240888196,-0.030000000000000027,0.030000000000000027,-0.6710053144861715,-0.20220794328547081
2009-10-06,1038.5999755859375,1.53,1.74,0.021311528615876263,0.020000000000000018,0.010000000000000009,-0.7261814939541216,-0.16555582452622894
2009-10-07,1043.300048828125,1.45,1.76,0.004515184372023029,-0.08000000000000007,0.020000000000000018,-0.7600023424706394,-0.16415259469291474
2009-10-08,1055.4000244140625,1.49,1.78,0.011531051828550964,0.040000000000000036,0.020000000000000018,-0.7821065915327884,-0.11386585673782634
2009-10-09,1047.800048828125,1.56,1.84,-0.007227090529354108,0.07000000000000006,0.06000000000000005,-0.7549262651976877,-0.17641549201553205
2009-10-14,1063.9000244140625,1.51,1.94,-0.00028187280977309825,0.050000000000000044,0.06000000000000005,-0.7337997480705332,-0.27447172089437655
2009-10-15,1049.800048828125,1.5,1.99,-0.013341708139990693,-0.010000000000000009,0.050000000000000044,-0.7125522827167835,-0.2593924000912283
2009-10-16,1050.699951171875,1.45,1.98,0.0008568458926996314,-0.050000000000000044,-0.010000000000000009,-0.7135995086268342,-0.2312701095586194
2009-10-19,1057.300048828125,1.38,2.03,0.006261972697648943,-0.07000000000000006,0.04999999999999982,-0.7368755090360297,-0.24261814423668115
2009-10-20,1057.800048828125,1.37,1.98,0.00047279087156937294,-0.009999999999999787,-0.04999999999999982,-0.7526345843016496,-0.2386474648084466
2009-10-21,1063.699951171875,1.43,1.99,0.005562024561628576,0.05999999999999983,0.010000000000000009,-0.764803019264958,-0.20744589147897122
2009-10-22,1057.800048828125,1.49,1.95,-0.005562024561628576,0.06000000000000005,-0.040000000000000036,-0.7572633604642197,-0.23746945423716798
2009-10-23,1055.5999755859375,1.51,2.0,-0.002082023290920887,0.020000000000000018,0.050000000000000044,-0.7559412650167868,-0.26263870173862636
2009-10-26,1042.0999755859375,1.59,2.0,-0.012871417930402806,0.08000000000000007,0.0,-0.7362527887730888,-0.33317763186248206
2009-10-27,1034.699951171875,1.49,2.0,-0.007126402150334776,-0.10000000000000009,0.0,-0.7236824750167289,-0.23061666312627818
2009-10-28,1029.9000244140625,1.48,1.96,-0.004649748583262614,-0.010000000000000009,-0.040000000000000036,-0.7080029845109385,-0.22662603562290679
2009-10-29,1046.4000244140625,1.5,2.03,0.01589399119738477,0.020000000000000018,0.06999999999999984,-0.7098686953000781,-0.18241261877744191
2009-10-30,1039.699951171875,1.41,2.0,-0.006423562014159501,-0.09000000000000008,-0.029999999999999805,-0.6940231284818251,-0.12880787194213436
2009-11-02,1053.4000244140625,1.41,2.04,0.01309088820547366,0.0,0.040000000000000036,-0.6973018447284275,-0.10305697584343979
2009-11-03,1084.300048828125,1.45,2.05,0.028911611284338612,0.040000000000000036,0.009999999999999787,-0.6837419709006303,-0.0026678734645468757
2009-11-04,1086.699951171875,1.45,2.12,0.0022108736262573814,0.0,0.07000000000000028,-0.6825785439969984,0.01341586158339569
2009-11-05,1088.699951171875,1.41,2.16,0.001838742900872603,-0.040000000000000036,0.040000000000000036,-0.6962382801460136,0.011557849134621797
2009-11-06,1095.0999755859375,1.37,2.17,0.005861381950603928,-0.039999999999999813,0.009999999999999787,-0.7004578007646897,0.027146218304120145
2009-11-09,1100.800048828125,1.3,2.22,0.005191571548221141,-0.07000000000000006,0.050000000000000266,-0.7110575343831032,-0.0013661645411588953
2009-11-10,1101.9000244140625,1.31,2.19,0.0009987521140404354,0.010000000000000009,-0.03000000000000025,-0.7266661721815382,-0.0061189801221581954
2009-11-13,1116.0999755859375,1.31,2.12,0.009090540704948857,-0.020000000000000018,0.0,-0.7408249534642037,0.011682899256742634
2009-11-16,1138.5999755859375,1.21,2.12,0.019958972287575705,-0.10000000000000009,0.0,-0.8129202559155545,-0.12087125536270436
2009-11-17,1138.800048828125,1.2,2.13,0.00017570320589843647,-0.010000000000000009,0.009999999999999787,-0.845363174791353,-0.12058243856660895
2009-11-18,1140.699951171875,1.21,2.15,0.0016669469477434973,0.010000000000000009,0.020000000000000018,-0.8709576609759336,-0.11374000017610876
2009-11-19,1141.4000244140625,1.21,2.14,0.0006135342637367813,0.0,-0.009999999999999787,-0.8827970014074359,-0.16031383117315864
2009-11-20,1146.4000244140625,1.21,2.15,0.004371018318064301,0.0,0.009999999999999787,-0.8982017060125225,-0.15759334070686712
2009-11-23,1164.300048828125,1.2,2.17,0.015493471170473505,-0.010000000000000009,0.020000000000000018,-0.9052130799344822,-0.18740610923601642
2009-11-24,1165.5,1.21,2.11,0.001030089495090536,0.010000000000000009,-0.06000000000000005,-0.911637179554288,-0.13842575530562393
2009-11-25,1186.9000244140625,1.16,2.12,0.018194707156251155,-0.050000000000000044,0.010000000000000231,-0.9188766499200771,-0.1047613135957216
2009-11-30,1181.0999755859375,1.13,2.08,0.005859163901265951,-0.020000000000000018,0.020000000000000018,-0.935412143072814,-0.09080216214312188
2009-12-01,1199.0999755859375,1.14,2.14,0.015125068077877835,0.010000000000000009,0.06000000000000005,-0.9373720008663412,-0.08108434233630639
2009-12-02,1212.0,1.18,2.14,0.010700632604194737,0.040000000000000036,0.0,-0.9338863446201209,-0.047992963623977085
2009-12-03,1217.4000244140625,1.24,2.15,0.004445569484829548,0.06000000000000005,0.009999999999999787,-0.9161574603852264,-0.048805891561089214
2009-12-04,1168.800048828125,1.34,2.14,-0.04073983390131275,0.10000000000000009,-0.009999999999999787,-0.8955727420457777,-0.3022147184137358
2009-12-07,1163.4000244140625,1.31,2.13,-0.004630849751017685,-0.030000000000000027,-0.010000000000000231,-0.882999764010178,-0.26665697778155345
2009-12-08,1142.800048828125,1.31,2.09,-0.017865339378396072,0.0,-0.040000000000000036,-0.8753324353566114,-0.25690092417756494
2009-12-09,1120.4000244140625,1.36,2.09,-0.019795647906921232,0.050000000000000044,0.0,-0.8684228065590723,-0.25565171389052926
2009-12-10,1125.699951171875,1.4,2.09,0.004719234808527872,0.039999999999999813,0.0,-0.8421210396077236,-0.32435935612952127
2009-12-11,1119.4000244140625,1.41,2.14,-0.005612171717756631,0.010000000000000009,0.050000000000000266,-0.8148906932610327,-0.3332911486088207
2009-12-14,1123.300048828125,1.37,2.19,0.003477975848773518,-0.039999999999999813,0.04999999999999982,-0.7857159833157831,-0.35758099124969145
2009-12-15,1122.4000244140625,1.37,2.23,-0.0008015535760756975,0.0,0.040000000000000036,-0.7796391693055953,-0.4406204431252209
2009-12-16,1135.5,1.34,2.27,0.011603811005702624,-0.030000000000000027,0.040000000000000036,-0.7682053409771273,-0.45632556646100103
2009-12-17,1106.800048828125,1.28,2.22,-0.025600069516358737,-0.06000000000000005,-0.04999999999999982,-0.7328415925513212,-0.42997524033257256
2009-12-18,1110.800048828125,1.31,2.24,0.0036075073610097874,0.030000000000000027,0.020000000000000018,-0.7055198254425897,-0.4183214026638804
2009-12-21,1095.4000244140625,1.39,2.3,-0.013960904752837955,0.07999999999999985,0.05999999999999961,-0.6992124869638641,-0.4571367468901257
2009-12-22,1086.0,1.43,2.33,-0.008618394143545594,0.040000000000000036,0.03000000000000025,-0.7138602398103299,-0.4616842413183793
2009-12-23,1093.300048828125,1.46,2.31,0.00669946860778925,0.030000000000000027,-0.020000000000000018,-0.7434595815936634,-0.4458774676068946
2009-12-24,1104.0999755859375,1.5,2.32,0.009829811231236718,0.040000000000000036,0.009999999999999787,-0.7547776422709997,-0.4163456121898097
2009-12-29,1097.0,1.46,2.36,-0.009255080487627687,-0.040000000000000036,0.009999999999999787,-0.7782661635354537,-0.3769965489833491
2009-12-30,1091.5,1.44,2.36,-0.005026284285231775,-0.020000000000000018,0.0,-0.8000966189358268,-0.27585993830373395
2009-12-31,1095.199951171875,1.48,2.37,0.003384053400488085,0.040000000000000036,0.010000000000000231,-0.8228685690677353,-0.26075634927919
2010-01-05,1118.0999755859375,1.43,2.34,0.00035783561269830955,-0.040000000000000036,-0.040000000000000036,-0.8401491356240016,-0.27120184042074297
2010-01-06,1135.9000244140625,1.48,2.37,0.015794515412509647,0.050000000000000044,0.03000000000000025,-0.8272368234094444,-0.21545972184610543
2010-01-07,1133.0999755859375,1.44,2.41,-0.0024680918902548754,-0.040000000000000036,0.040000000000000036,-0.8173175344294507,-0.19175027927920865
2010-01-08,1138.199951171875,1.41,2.42,0.00449080642933275,-0.030000000000000027,0.009999999999999787,-0.8079017429906193,-0.2011679003076875
2010-01-11,1150.699951171875,1.47,2.38,0.010922386126404504,0.06000000000000005,-0.040000000000000036,-0.7585376936446256,-0.09794151245754615
2010-01-12,1128.9000244140625,1.35,2.39,-0.019126681502084075,-0.11999999999999988,0.010000000000000231,-0.7470291013389636,0.03118056098425944
2010-01-13,1136.4000244140625,1.43,2.37,0.006621663569801761,0.07999999999999985,-0.020000000000000018,-0.7213790193398518,0.07014572254053278
2010-01-14,1142.5999755859375,1.4,2.36,0.005440953459530107,-0.030000000000000027,-0.010000000000000231,-0.6573530058792387,0.0561121995513513
2010-03-18,1127.4000244140625,1.45,2.23,0.003020366849029621,0.050000000000000044,-0.020000000000000018,0.6029278023832195,0.05146129433204104
2010-04-30,1180.0999755859375,1.29,2.4,0.00996384753469215,-0.020000000000000018,-0.050000000000000266,-0.6093435336032356,-0.2944543883534462
2010-05-03,1182.699951171875,1.32,2.4,0.0022007590281978295,0.030000000000000027,0.0,-0.6692684284300086,-0.2339746651236793
2010-05-04,1168.5999755859375,1.31,2.32,-0.011993488743152092,-0.010000000000000009,-0.08000000000000007,-0.7279768765273591,-0.2334455965677815
2010-05-05,1174.5999755859375,1.3,2.28,0.005121213074799513,-0.010000000000000009,-0.040000000000000036,-0.779562602852806,-0.23677896980072358
2010-05-06,1196.9000244140625,1.25,2.16,0.018807257973652902,-0.050000000000000044,-0.11999999999999966,-0.821530326433265,-0.1429126059072929
2010-05-07,1210.0,1.3,2.15,0.010885458313715901,0.050000000000000044,-0.010000000000000231,-0.8246936014894931,-0.10119662920016756
2010-05-10,1200.4000244140625,1.33,2.24,-0.007965504686302083,0.030000000000000027,0.0900000000000003,-0.8249128586447032,-0.1253497492700141
2010-05-11,1219.9000244140625,1.31,2.25,0.016114053263374117,-0.020000000000000018,0.009999999999999787,-0.8049144645202377,-0.14425659478234124
2010-05-12,1242.699951171875,1.28,2.28,0.018517484352124747,-0.030000000000000027,0.029999999999999805,-0.7760384842080678,-0.1526098521813494
2010-05-13,1228.800048828125,1.28,2.27,-0.011248269390146781,0.0,-0.009999999999999787,-0.7717922441605531,-0.14596975963175426
2010-05-14,1227.4000244140625,1.26,2.18,-0.0011399922839627763,-0.020000000000000018,-0.08999999999999986,-0.7708407119094655,-0.1573345262591128
2010-05-17,1227.699951171875,1.31,2.16,0.0002443295688872027,0.050000000000000044,-0.020000000000000018,-0.7648436721283505,-0.21707142907886845
2010-05-18,1214.300048828125,1.25,2.13,-0.010974641144064101,-0.06000000000000005,-0.03000000000000025,-0.7739014788599788,-0.15480976045511102
2010-05-19,1192.5999755859375,1.32,2.04,-0.018032042052983144,0.07000000000000006,-0.08999999999999986,-0.7742377663353351,-0.1608502218521896
2010-05-20,1187.800048828125,1.36,1.89,-0.0040328795279185314,0.040000000000000036,-0.15000000000000013,-0.7794556600841684,-0.17542808807948979
2010-05-21,1175.699951171875,1.33,1.87,-0.010239224347209586,-0.030000000000000027,-0.019999999999999796,-0.7921106213858515,-0.14522250440632126
2010-05-24,1193.800048828125,1.35,1.88,0.01527786429339173,0.020000000000000018,0.009999999999999787,-0.8020123573422533,-0.1103016585325604
2010-05-25,1197.800048828125,1.33,1.85,0.003345043959224192,-0.020000000000000018,-0.029999999999999805,-0.7995874353266211,-0.12422029972320986
2010-05-26,1213.300048828125,1.3,1.91,0.012857378706691236,-0.030000000000000027,0.05999999999999983,-0.8240280582058295,-0.16031696640179355
2010-05-27,1211.9000244140625,1.33,2.01,-0.001154564182172635,0.030000000000000027,0.09999999999999987,-0.8274024395619395,-0.1720412826216901
2010-05-28,1212.199951171875,1.32,1.99,0.0002474541168790978,-0.010000000000000009,-0.019999999999999796,-0.8089023853819775,-0.2365940494770079
2010-06-02,1220.5999755859375,1.36,1.99,-0.003435084100971153,0.040000000000000036,0.020000000000000018,-0.7061576617271772,-0.2397783506253262
2010-06-03,1208.300048828125,1.34,2.05,-0.010128067664846085,-0.020000000000000018,0.05999999999999983,-0.672338496169023,-0.19650557799767054
2010-06-04,1216.199951171875,1.26,1.94,0.006516750094045065,-0.08000000000000007,-0.10999999999999988,-0.6183070117833294,-0.19281872829212124
2010-06-18,1257.199951171875,1.25,1.99,0.007745438458949039,0.030000000000000027,0.0,-0.6587351353597536,-0.24454619212098147
2010-06-21,1239.699951171875,1.24,2.02,-0.014017611627571647,-0.010000000000000009,0.030000000000000027,-0.6788337658686623,-0.2758812037567484
2010-06-22,1239.9000244140625,1.2,1.98,0.0001613754190925576,-0.040000000000000036,-0.040000000000000036,-0.6731460304265905,-0.25093972497593575
2010-06-23,1234.0999755859375,1.19,1.94,-0.004688811199894616,-0.010000000000000009,-0.040000000000000036,-0.6570931792387738,-0.23606913047195024
2010-06-24,1245.5,1.23,1.91,0.009195116025986216,0.040000000000000036,-0.030000000000000027,-0.6806403600870612,-0.16368307234649898
2010-06-25,1255.800048828125,1.21,1.91,0.008235802859860364,-0.020000000000000018,0.0,-0.7095190613523131,-0.1763049651109232
2010-06-28,1238.199951171875,1.17,1.88,-0.01411418591172886,-0.040000000000000036,-0.030000000000000027,-0.6989134485352423,-0.12214923509554265
2010-06-29,1242.0,1.14,1.83,0.0030643108430572497,-0.030000000000000027,-0.04999999999999982,-0.698127856782254,-0.1309212180683142
2010-06-30,1245.5,1.15,1.82,0.002814072208811247,0.010000000000000009,-0.010000000000000009,-0.7192699742947284,-0.1967506493218195
2010-07-01,1206.300048828125,1.21,1.75,-0.031979191653301875,0.06000000000000005,-0.07000000000000006,-0.6626079087205131,-0.23773275067493727
2010-07-02,1207.4000244140625,1.27,1.73,0.0009114435337522764,0.06000000000000005,-0.020000000000000018,-0.622290028107517,-0.21360636640813063
2010-08-24,1231.800048828125,1.01,1.49,0.003985871196475976,-0.040000000000000036,-0.06000000000000005,-0.664983361700103,-0.10035324491205855
2010-08-25,1239.5,1.01,1.53,0.006231518582649365,0.0,0.040000000000000036,-0.7004014311655634,-0.12419936742106402
2010-08-26,1235.4000244140625,0.95,1.55,-0.0033132484513753724,-0.06000000000000005,0.020000000000000018,-0.7431934012851699,-0.09831907988508573
2010-08-27,1236.0,1.05,1.61,0.0004855349937660236,0.10000000000000009,0.06000000000000005,-0.7356882403522639,-0.017322219079695507
2010-08-30,1237.0999755859375,0.99,1.55,0.0008895521162353148,-0.06000000000000005,-0.06000000000000005,-0.7405046879558713,0.02110046322692333
2010-08-31,1248.300048828125,0.95,1.52,0.009012753638830695,-0.040000000000000036,-0.030000000000000027,-0.7721867146308097,-0.0033742040048547863
2010-09-01,1246.300048828125,1.02,1.56,-0.0016034637619029013,0.07000000000000006,0.040000000000000036,-0.7637387963152311,-0.04269242606736798
2010-09-02,1251.5,1.05,1.58,0.004163630861030221,0.030000000000000027,0.020000000000000018,-0.7453732062857826,-0.03711708581298616
2010-09-03,1249.199951171875,1.1,1.62,-0.0018395245504221336,0.050000000000000044,0.040000000000000036,-0.6967357593923484,-0.02706397075688866
2010-09-08,1255.5999755859375,1.02,1.64,-0.0013530769111760321,0.040000000000000036,0.010000000000000009,-0.6196743464739304,-0.03307202407819305
2010-09-23,1294.300048828125,0.77,1.79,0.0031728389211513885,0.030000000000000027,-0.030000000000000027,-0.6527248724275151,0.01753067272624644
2010-09-24,1296.0,0.81,1.81,0.0013125517383203444,0.040000000000000036,0.020000000000000018,-0.6900924820472497,-0.1246296210349929
2010-09-27,1296.699951171875,0.79,1.75,0.0005399399869343569,-0.020000000000000018,-0.06000000000000005,-0.7446205170923096,-0.13330153395514943
2010-09-28,1306.5999755859375,0.69,1.79,0.007605786822311167,-0.10000000000000009,0.040000000000000036,-0.8155094623267873,-0.15668928223457504
2010-09-29,1308.5,0.74,1.78,0.0014531182487349525,0.050000000000000044,-0.010000000000000009,-0.8429333307204181,-0.15881619455659357
2010-09-30,1307.800048828125,0.75,1.78,-0.0005350695069461509,0.010000000000000009,0.0,-0.8586548659396592,-0.1643835333147047
2010-10-01,1316.0999755859375,0.75,1.79,0.006326425826713944,0.0,0.010000000000000009,-0.868431512888502,-0.16004065012179236
2010-10-04,1315.4000244140625,0.72,1.78,-0.0005319788625364197,-0.030000000000000027,-0.010000000000000009,-0.8772365727791849,-0.1265186676297641
2010-10-05,1338.9000244140625,0.65,1.85,0.017707579110320282,-0.06999999999999995,0.07000000000000006,-0.8908033201245616,-0.19117722221776168
2010-10-06,1346.4000244140625,0.52,1.89,0.005585982471688844,-0.13,0.039999999999999813,-0.9122656739742903,-0.2049369695436718
2010-10-07,1333.9000244140625,0.53,1.88,-0.009327381559674386,0.010000000000000009,-0.010000000000000009,-0.9190521254407434,-0.22453853564361054
2010-10-08,1344.199951171875,0.45,1.96,0.007692003761054167,-0.08000000000000002,0.08000000000000007,-0.9359498983974645,-0.27244166642480705
2010-10-13,1369.5,0.44,2.02,0.017531422240192107,-0.04999999999999999,0.07000000000000006,-0.9516765965998606,-0.29551939432502083
2010-10-14,1376.699951171875,0.41,2.11,0.005243585898250913,-0.030000000000000027,0.08999999999999986,-0.9596247458658689,-0.2906430805444685
2010-10-15,1371.0999755859375,0.5,2.09,-0.004075976044960683,0.09000000000000002,-0.020000000000000018,-0.9579206176127064,-0.31162044340988465
2010-10-18,1371.199951171875,0.47,2.05,7.291367731543374e-05,-0.030000000000000027,-0.040000000000000036,-0.9580311764802518,-0.3151235239730532
2010-10-19,1335.0999755859375,0.44,2.06,-0.02668005612400659,-0.02999999999999997,0.010000000000000231,-0.9495676128965527,-0.21647776401865193
2010-10-20,1343.300048828125,0.47,2.04,0.006123132308617052,0.02999999999999997,-0.020000000000000018,-0.9472365226708832,-0.18262971479211165
2010-10-21,1324.699951171875,0.5,2.07,-0.013943327587893961,0.030000000000000027,0.029999999999999805,-0.9376914854942104,-0.2110995072570215
2010-10-22,1324.4000244140625,0.5,2.09,-0.00022643672330868725,0.0,0.020000000000000018,-0.9254819104634687,-0.1948625287318825
2010-10-25,1338.300048828125,0.45,2.14,0.010440643180368525,-0.04999999999999999,0.050000000000000266,-0.9152945123324144,-0.2139066313795259
2010-10-26,1338.0,0.52,2.15,-0.00022422659934129285,0.07,0.009999999999999787,-0.9149649128075358,-0.23258672354437931
2010-10-27,1322.199951171875,0.62,2.13,-0.011878982718150688,0.09999999999999998,-0.020000000000000018,-0.9079232705767157,-0.32318855300116384
2010-10-28,1342.0999755859375,0.57,2.12,0.014938554242795554,-0.050000000000000044,-0.009999999999999787,-0.8967257460012812,-0.33269678877978337
2010-10-29,1357.0999755859375,0.5,2.13,0.011114518884629554,-0.06999999999999995,0.009999999999999787,-0.8863359452136772,-0.36136550321597194
2010-11-01,1350.199951171875,0.49,2.17,-0.005097358653301853,-0.010000000000000009,0.040000000000000036,-0.8784347947649672,-0.36206893578466637
2010-11-02,1356.4000244140625,0.49,2.14,0.004581455806499157,0.0,-0.029999999999999805,-0.8664773829164527,-0.3600077618932568
2010-11-03,1337.0999755859375,0.5,2.17,-0.014331077888990684,0.010000000000000009,0.029999999999999805,-0.8567774161493557,-0.47626284981133093
2010-11-04,1382.699951171875,0.44,2.09,0.03353500271930976,-0.06,-0.08000000000000007,-0.8454658847468944,-0.48231237710933134
2010-11-05,1397.300048828125,0.48,2.1,0.010503763950063139,0.03999999999999998,0.010000000000000231,-0.7955198093555982,-0.45527137321467975
2010-11-08,1402.800048828125,0.48,2.12,0.003928436042611949,0.0,0.020000000000000018,-0.739162081141938,-0.45732064628219193
2011-03-10,1412.199951171875,0.91,2.46,-0.012036110571015612,-0.06999999999999995,-0.040000000000000036,-0.6065552792483322,-0.23620368955457535
2011-03-11,1421.5,0.96,2.44,0.0065639145847367075,0.04999999999999993,-0.020000000000000018,-0.6607740407669683,-0.21215786206561335
2011-03-14,1424.5999755859375,0.93,2.43,0.002178403315712174,-0.029999999999999916,-0.009999999999999787,-0.7188732410383649,-0.14452220484812148
2011-03-15,1392.5999755859375,0.93,2.4,-0.022718569429602375,0.0,-0.03000000000000025,-0.76239728373775,-0.13563078390557823
2011-03-16,1396.0,0.85,2.37,0.0024385183451531844,-0.08000000000000007,-0.029999999999999805,-0.7769757430730196,-0.1469317963220315
2011-03-17,1404.0,0.82,2.43,0.005714301263438415,-0.030000000000000027,0.06000000000000005,-0.802088574991555,-0.12115799265420434
2011-03-18,1415.9000244140625,0.85,2.43,0.008440082947956284,0.030000000000000027,0.0,-0.8070355659125217,-0.20387387591917347
2011-03-21,1426.199951171875,0.9,2.44,0.007248141823970045,0.050000000000000044,0.009999999999999787,-0.8112960107787264,-0.1424916930256011
2011-03-22,1427.5,0.95,2.39,0.0009111321724830646,0.04999999999999993,-0.04999999999999982,-0.810103692677774,-0.13839456614809742
2011-03-23,1437.9000244140625,0.98,2.38,0.0072590702825001685,0.030000000000000027,-0.010000000000000231,-0.7865534840254323,-0.19926427215509585
2011-03-24,1434.800048828125,0.95,2.47,-0.0021582321232278545,-0.030000000000000027,0.0900000000000003,-0.7685249862817426,-0.196376911276051
2011-03-25,1426.0999755859375,1.02,2.44,-0.006082072066177169,0.07000000000000006,-0.03000000000000025,-0.7297290785534134,-0.2255034360474817
2011-03-28,1419.800048828125,1.01,2.46,-0.004427377627128415,-0.010000000000000009,0.020000000000000018,-0.6802117319163846,-0.23011131614497252
2011-03-29,1416.0,1.03,2.47,-0.0026800557424673244,0.020000000000000018,0.010000000000000231,-0.6136387438955843,-0.2371833746954591
2011-04-28,1530.800048828125,0.78,2.56,0.009253616584985913,-0.030000000000000027,-0.020000000000000018,-0.6927248620778597,0.1383609532339911
2011-04-29,1556.0,0.75,2.57,0.01632791928966082,-0.030000000000000027,0.009999999999999787,-0.8129762069491915,0.08907020737664836
2011-05-02,1556.699951171875,0.75,2.56,0.00044973893703392775,0.0,-0.009999999999999787,-0.8766284529773815,0.06639558722400742
2011-05-03,1540.0999755859375,0.73,2.55,-0.010720831163208544,-0.020000000000000018,-0.010000000000000231,-0.9023920148039186,0.06056991330532319
2011-05-04,1514.9000244140625,0.7,2.55,-0.016497887231928132,-0.030000000000000027,0.0,-0.8978204781897077,0.1191929972382857
2011-05-05,1480.9000244140625,0.7,2.48,-0.022699418750813827,0.0,-0.06999999999999984,-0.8575235050295456,0.057649556268663436
2011-05-06,1491.199951171875,0.71,2.48,0.006931104657723175,0.010000000000000009,0.0,-0.8382882826478157,0.06162100014328426
2011-05-09,1502.9000244140625,0.69,2.48,0.007815458997540325,-0.020000000000000018,0.0,-0.8189389813862114,0.13323498401670783
2011-05-10,1516.5999755859375,0.74,2.49,0.009074379984260084,0.050000000000000044,0.010000000000000231,-0.8089777318549899,0.17422769929884974
2011-05-11,1501.0999755859375,0.76,2.43,-0.010272814766928207,0.020000000000000018,-0.06000000000000005,-0.7855335730572813,0.14504607345824155
2011-05-12,1506.5999755859375,0.79,2.43,0.0036572837848378725,0.030000000000000027,0.0,-0.7628142476060649,0.1591984741120379
2011-05-13,1493.4000244140625,0.79,2.39,-0.008800024237279658,0.0,-0.040000000000000036,-0.7392659502776068,0.15362678197212248
2011-05-16,1490.4000244140625,0.81,2.34,-0.0020108592813157244,0.020000000000000018,-0.050000000000000266,-0.7194985528986356,0.10474857176081386
2011-05-17,1479.800048828125,0.82,2.3,-0.00713758018037236,0.009999999999999898,-0.040000000000000036,-0.7082578956327558,0.09597995298314066
2011-05-18,1495.5999755859375,0.82,2.36,0.010620471291147737,0.0,0.06000000000000005,-0.6831733740562497,0.05423030784495299
2011-05-19,1492.199951171875,0.91,2.26,-0.002275939463858734,0.09000000000000008,-0.10000000000000009,-0.6406051757868169,0.0004856047720283177
2011-07-20,1596.699951171875,0.62,2.34,-0.0026270175692548747,0.07999999999999996,-0.03000000000000025,-0.6120902531636722,0.17234631776240286
2011-07-21,1586.800048828125,0.68,2.35,-0.00621952835338746,0.06000000000000005,0.010000000000000231,-0.6121094688176131,0.12959293099062608
2011-07-22,1601.300048828125,0.61,2.38,0.009096389409616101,-0.07000000000000006,0.029999999999999805,-0.6513053241226514,0.07960577773127671
2011-07-25,1612.0,0.58,2.45,0.006659814245340456,-0.030000000000000027,0.07000000000000028,-0.6819310780035026,0.06844308313584958
2011-07-26,1616.5999755859375,0.57,2.42,0.00284951913106557,-0.010000000000000009,-0.03000000000000025,-0.7010811129607413,0.08599099235638007
2011-07-27,1615.0,0.56,2.45,-0.0009902065408819993,-0.009999999999999898,0.03000000000000025,-0.7292319015378591,0.07541476463087853
2011-07-28,1613.4000244140625,0.52,2.46,-0.0009911880218247404,-0.040000000000000036,0.009999999999999787,-0.7465451530649527,0.08128433516842341
2011-07-29,1628.300048828125,0.38,2.44,0.009192787122421997,-0.14,-0.020000000000000018,-0.7591614131141862,-0.00036468483006564024
2011-08-01,1619.0,0.33,2.44,-0.005727881079718777,-0.04999999999999999,0.0,-0.7539736795261022,0.010706386977027867
2011-08-02,1641.9000244140625,0.29,2.37,0.014045448009743389,-0.040000000000000036,-0.06999999999999984,-0.7791622185356474,-0.011634283793740397
2011-08-03,1663.4000244140625,0.36,2.28,0.013009592424412908,0.07,-0.0900000000000003,-0.8117033121632038,0.05236876987330655
2011-08-04,1656.199951171875,0.24,2.23,-0.004337922994214871,-0.12,-0.04999999999999982,-0.8417892604125087,0.08701623614721078
2011-08-05,1648.800048828125,0.32,2.26,-0.004478011926987158,0.08000000000000002,0.029999999999999805,-0.8492537099336525,-0.1172561317963939
2011-08-08,1710.199951171875,0.2,2.2,0.03656251398014465,-0.12,-0.05999999999999961,-0.8877254498891993,-0.3581523910466311
2011-08-09,1740.0,0.0,2.2,0.017274819037840672,-0.2,0.0,-0.9200950159662026,-0.4077425744862615
2011-08-10,1781.300048828125,-0.13,2.3,0.02345834900137511,-0.13,0.09999999999999964,-0.9417691330221575,-0.46015810079461306
2011-08-11,1748.800048828125,0.06,2.28,-0.01841359586674507,0.19,-0.020000000000000018,-0.9484622179326931,-0.5667707052046146
2011-08-12,1740.199951171875,-0.02,2.26,-0.004929845270196687,-0.08,-0.020000000000000018,-0.9539785518477503,-0.5299493324764047
2011-08-15,1755.5,0.06,2.23,0.008753695535478556,0.08,-0.029999999999999805,-0.9614395384907768,-0.49613345550244503
2011-08-16,1782.4000244140625,0.05,2.18,0.015207067821775055,-0.009999999999999995,-0.04999999999999982,-0.9586565666202791,-0.5140058034764824
2011-08-17,1791.199951171875,0.01,2.16,0.004924974594275433,-0.04,-0.020000000000000018,-0.9573051418690488,-0.5145017150485429
2011-08-18,1818.9000244140625,0.09,1.99,0.01534617714369002,0.08,-0.17000000000000015,-0.9405675765039174,-0.45136164697703196
2011-08-19,1848.9000244140625,0.02,2.05,0.016358944672721698,-0.06999999999999999,0.05999999999999983,-0.9283046250112367,-0.4603730607707117
2011-08-22,1888.699951171875,0.03,2.07,0.02129785500808179,0.009999999999999998,0.020000000000000018,-0.9073709120364031,-0.4313415650723888
2011-08-23,1858.300048828125,0.13,2.02,-0.01622661829373051,0.1,-0.04999999999999982,-0.8874687121189987,-0.47882815166092646
2011-08-24,1754.0999755859375,0.25,2.04,-0.05770622662384994,0.12,0.020000000000000018,-0.8802065658074383,-0.5256861090085242
2011-08-25,1759.800048828125,0.13,2.1,0.0032443030264150963,-0.12,0.06000000000000005,-0.8776510390436202,-0.5228686235332962
2011-08-26,1794.0999755859375,0.15,2.04,0.01930329585950119,0.01999999999999999,-0.06000000000000005,-0.8699311446262783,-0.507659474278197
2011-08-29,1788.4000244140625,0.22,2.06,-0.003182110806197791,0.07,0.020000000000000018,-0.8569908455770322,-0.5113233349635538
2011-08-30,1826.699951171875,0.14,2.05,0.021189654541231562,-0.07999999999999999,-0.010000000000000231,-0.8441566800748713,-0.527417999592598
2011-08-31,1828.5,0.18,2.05,0.000984925037035289,0.03999999999999998,0.0,-0.8224791374533377,-0.5244202233606021
2011-09-01,1826.0,0.07,2.08,-0.0013681764345223613,-0.10999999999999999,0.03000000000000025,-0.8092017276746969,-0.49315191327172214
2011-09-02,1873.699951171875,0.0,2.02,0.02578727738981801,-0.07,-0.06000000000000005,-0.7993316476249691,-0.4992578468009629
2011-09-07,1814.199951171875,0.09,1.96,-0.030240394272828652,0.039999999999999994,0.030000000000000027,-0.7641576212609039,-0.5083623863623447
2011-09-08,1854.4000244140625,0.0,2.0,0.021916634484532516,-0.09,0.040000000000000036,-0.7459062110723115,-0.5204669134123905
2011-09-09,1856.4000244140625,-0.03,1.96,0.001077934767350186,-0.03,-0.040000000000000036,-0.7185847390813943,-0.5228601330046262
2011-09-12,1809.9000244140625,0.0,1.94,-0.02536753291431193,0.03,-0.020000000000000018,-0.6793500234418132,-0.5300105206293633
2011-09-13,1826.800048828125,0.07,1.93,0.009294220435614342,0.07,-0.010000000000000009,-0.6311476247368774,-0.5247008195804697
2011-11-09,1790.9000244140625,-0.04,2.04,-0.004179093869826289,-0.010000000000000002,-0.08999999999999986,-0.6050460671235216,0.1230781696318484
2011-11-10,1758.9000244140625,-0.04,2.08,-0.018029672886400228,0.0,0.040000000000000036,-0.6322002251211919,0.1695476499131272
2011-11-15,1781.699951171875,0.04,2.02,0.002191265011515675,0.05,-0.029999999999999805,-0.6572338673132683,0.1774891243558585
2011-11-16,1773.800048828125,0.05,1.96,-0.0044437718148016,0.010000000000000002,-0.06000000000000005,-0.6773789234356046,0.27628944651540666
2011-11-17,1719.800048828125,0.06,1.9,-0.030916132101222793,0.009999999999999995,-0.06000000000000005,-0.7402887094291131,0.22753925248977097
2011-11-18,1724.699951171875,0.05,1.96,0.002845060617729267,-0.009999999999999995,0.06000000000000005,-0.757943080455963,0.19071768977737988
2011-11-21,1678.300048828125,0.07,1.9,-0.02727168857833817,0.020000000000000004,-0.06000000000000005,-0.7545432090261702,0.14639919711885105
2011-11-22,1702.199951171875,0.05,1.89,0.014140097949622898,-0.020000000000000004,-0.010000000000000009,-0.7566284763638952,0.15351385180300423
2011-11-23,1695.699951171875,-0.01,1.9,-0.0038258972397358093,-0.060000000000000005,0.010000000000000009,-0.7221660679957045,0.12038468737105266
2011-11-28,1710.800048828125,0.02,1.95,0.014898870219743898,-0.030000000000000002,0.030000000000000027,-0.6871965248023153,0.0687637962199556
2011-11-29,1713.4000244140625,0.01,1.99,0.0015185888849824636,-0.01,0.040000000000000036,-0.6804500205021232,0.062417762022118045
2011-11-30,1745.5,0.03,2.05,0.018561332766248384,0.019999999999999997,0.05999999999999983,-0.6720237676173771,0.07639153746909969
2011-12-01,1735.300048828125,0.06,2.05,-0.0058607103104861835,0.03,0.0,-0.6448338559319066,0.055019403328121816
2011-12-02,1747.0,0.0,2.05,0.006719693899452039,-0.06,0.0,-0.6085876120716791,0.04631660793304778
2011-12-23,1604.699951171875,-0.04,2.07,-0.0026139380542522517,0.030000000000000006,0.029999999999999805,0.6384181860305106,-0.07493174691017779
2011-12-28,1562.9000244140625,-0.07,2.0,-0.01982892689606608,-0.05,-0.040000000000000036,0.7379580751876724,-0.05564948134759195
2011-12-29,1539.9000244140625,-0.05,1.96,-0.014825590380465492,0.020000000000000004,-0.040000000000000036,0.731327397434763,-0.09609618576970475
2011-12-30,1565.800048828125,-0.07,1.96,0.01667941156926922,-0.020000000000000004,0.0,0.7321275194515873,-0.11530343288241997
2012-01-04,1611.9000244140625,-0.08,2.08,0.007597541424776644,-0.04,0.07000000000000028,0.717833944384649,-0.057246849329780185
2012-01-05,1619.4000244140625,-0.1,2.12,0.004642102778981361,-0.020000000000000004,0.040000000000000036,0.7316139194951179,-0.024471190550124262
2012-01-06,1616.0999755859375,-0.11,2.09,-0.00203990108018548,-0.009999999999999995,-0.03000000000000025,0.7190660894627309,-0.009583484287938034
2012-01-09,1607.5,-0.13,2.11,-0.005335647136046617,-0.020000000000000004,0.020000000000000018,0.7072916179088504,-0.014157050241025397
2012-01-10,1631.0,-0.08,2.08,0.014513146509239405,0.05,-0.029999999999999805,0.7075392639313622,0.06711131429280161
2012-01-11,1639.199951171875,-0.1,2.03,0.005014964515898335,-0.020000000000000004,-0.050000000000000266,0.6801248392629407,0.09163638415473395
2012-01-12,1647.300048828125,-0.1,2.04,0.004929325457331046,0.0,0.010000000000000231,0.6477432405649644,0.09443780497532499
2012-02-02,1756.800048828125,-0.3,2.16,0.005536743602649885,-0.019999999999999962,0.010000000000000231,-0.6716316319098053,-0.10856829639084792
2012-02-03,1737.9000244140625,-0.21,2.18,-0.010816498290285637,0.09,0.020000000000000018,-0.6915542244527425,-0.21029224170339675
2012-02-06,1722.800048828125,-0.26,2.19,-0.008726599296451809,-0.05000000000000002,0.009999999999999787,-0.7054658813718847,-0.1598667984319835
2012-02-07,1746.4000244140625,-0.21,2.21,0.013605637693124173,0.05000000000000002,0.020000000000000018,-0.7135798474152986,-0.11091310582697253
2012-02-08,1729.300048828125,-0.21,2.22,-0.009839809647734121,0.0,0.010000000000000231,-0.7148447008876333,-0.10184441778366324
2012-02-09,1739.0,-0.17,2.21,0.005593504786632231,0.03999999999999998,-0.010000000000000231,-0.6993595762253579,-0.07777674289573798
2012-02-10,1723.300048828125,-0.24,2.2,-0.009069149732669146,-0.06999999999999998,-0.009999999999999787,-0.7081444566549443,-0.09787819300522697
2012-02-13,1723.0,-0.22,2.21,-0.0001741280936844447,0.01999999999999999,0.009999999999999787,-0.7140775853940617,-0.07619544501696744
2012-02-14,1715.9000244140625,-0.27,2.19,-0.004129219008215834,-0.05000000000000002,-0.020000000000000018,-0.7203438762739975,-0.03891879576751973
2012-02-15,1726.300048828125,-0.26,2.19,0.006042679587632271,0.010000000000000009,0.0,-0.7092501652762391,-0.09330796353782005
2012-02-16,1726.800048828125,-0.24,2.23,0.0002895948506296264,0.020000000000000018,0.040000000000000036,-0.708046126216518,-0.08446401309648732
2012-02-17,1724.5,-0.23,2.24,-0.0013328595810797594,0.009999999999999981,0.010000000000000231,-0.7109445300957918,-0.08557665377293672
2012-02-22,1770.0,-0.27,2.28,0.007314837698549681,-0.05000000000000002,0.009999999999999787,-0.7578241533878023,-0.09061895019999243
2012-02-23,1784.9000244140625,-0.3,2.29,0.008382858345699518,-0.02999999999999997,0.010000000000000231,-0.7651550184213042,-0.15539001851480247
2012-02-24,1775.0999755859375,-0.29,2.27,-0.005505659316442646,0.010000000000000009,-0.020000000000000018,-0.7730914052870089,-0.1617949414252169
2012-02-27,1773.5999755859375,-0.32,2.24,-0.0008453800602881145,-0.030000000000000027,-0.029999999999999805,-0.7814221767548305,-0.15613343024819723
2012-02-28,1787.0,-0.31,2.25,0.00752687062258417,0.010000000000000009,0.009999999999999787,-0.8222511802078291,-0.19168579969419075
2012-02-29,1709.9000244140625,-0.28,2.26,-0.04410333262681565,0.02999999999999997,0.009999999999999787,-0.8295380367067292,-0.21175528648676864
2012-03-01,1721.0999755859375,-0.23,2.26,0.006528703558172921,0.05000000000000002,0.0,-0.8475169481347549,-0.19331286662028893
2012-03-02,1708.800048828125,-0.24,2.23,-0.007172208750398035,-0.009999999999999981,-0.029999999999999805,-0.800702861666246,-0.18371345898743405
2012-03-05,1703.0,-0.2,2.2,-0.0033999966776985246,0.03999999999999998,-0.029999999999999805,-0.7495413102971593,-0.2001206020704517
2012-03-06,1671.4000244140625,-0.21,2.17,-0.01872978848839857,-0.009999999999999981,-0.03000000000000025,-0.6800227482039439,-0.19997312731593714
2012-03-13,1693.699951171875,-0.2,2.34,-0.003242067243859559,0.03999999999999998,0.06000000000000005,-0.6148408964750012,-0.04766527442970726
2012-03-14,1642.5,-0.07,2.36,-0.030695984709045554,0.13,0.020000000000000018,-0.7210674173327754,-0.25897549018790544
2012-03-15,1659.0999755859375,-0.08,2.37,0.010055800575299756,-0.009999999999999995,0.010000000000000231,-0.7546725038718615,-0.26551815549182234
2012-03-16,1655.5,-0.09,2.4,-0.002172193946764267,-0.009999999999999995,0.029999999999999805,-0.7777592808051184,-0.255148069430129
2012-03-19,1666.9000244140625,-0.03,2.42,0.006862550608128792,0.06,0.020000000000000018,-0.7834113642380489,-0.18496047019078074
2012-03-20,1646.699951171875,-0.04,2.42,-0.012192373023584224,-0.010000000000000002,0.0,-0.8107493286574793,-0.20573491052225845
2012-03-21,1650.0,-0.08,2.39,0.0020020323227809556,-0.04,-0.029999999999999805,-0.8348680757195249,-0.2693836980217891
2012-03-22,1642.300048828125,-0.08,2.37,-0.0046775598195614165,0.0,-0.020000000000000018,-0.849898128903685,-0.2726174151084031
2012-03-23,1662.300048828125,-0.11,2.36,0.01210448684018317,-0.03,-0.010000000000000231,-0.8738337590121744,-0.3195057099793026
2012-03-26,1685.5,-0.08,2.34,0.013860040758867598,0.03,-0.020000000000000018,-0.8642456907437834,-0.3463313193288813
2012-03-27,1684.800048828125,-0.13,2.33,-0.0004153643128494977,-0.05,-0.009999999999999787,-0.8644014984431313,-0.3369760620739642
2012-03-28,1657.9000244140625,-0.11,2.32,-0.016095135389950777,0.020000000000000004,-0.010000000000000231,-0.8732110084713667,-0.3698448680007982
2012-03-29,1652.199951171875,-0.13,2.31,-0.003444052396309516,-0.020000000000000004,-0.009999999999999787,-0.8721996675594561,-0.3678322378866457
2012-03-30,1669.300048828125,-0.09,2.32,0.010296702536995106,0.04000000000000001,0.009999999999999787,-0.8714183429979726,-0.3320533992732115
2012-04-02,1677.5,-0.14,2.36,0.004900183733836272,-0.05000000000000002,0.040000000000000036,-0.8705923023458111,-0.34096824225166766
2012-04-03,1670.0,-0.06,2.36,-0.004480963435036678,0.08000000000000002,0.0,-0.8740186131825587,-0.3567076200606576
2012-04-04,1612.300048828125,-0.05,2.3,-0.035161865156342564,0.009999999999999995,-0.06000000000000005,-0.8771569375293808,-0.3098698976252894
2012-04-05,1628.5,-0.08,2.27,0.0099975844618303,-0.03,-0.029999999999999805,-0.8711030526199618,-0.3124823748264859
2012-04-09,1642.5,-0.17,2.23,0.00856012564247699,-0.09000000000000001,-0.040000000000000036,-0.8399519233311642,-0.34199943170818187
2012-04-10,1659.5,-0.24,2.25,0.01029688080126423,-0.06999999999999998,0.020000000000000018,-0.7690716461885403,-0.37130786242068736
2012-04-11,1659.0,-0.25,2.3,-0.00030134096958533974,-0.010000000000000009,0.04999999999999982,-0.6855621054625719,-0.3792136043991114
2012-04-12,1679.5,-0.22,2.3,0.012281118861903195,0.03,0.0,-0.6547728072347306,-0.3463759324134395
2012-05-18,1591.5999755859375,-0.39,2.1,0.01080202267237329,-0.040000000000000036,0.050000000000000266,0.6004157569328585,-0.21512881967609804
2012-05-21,1588.4000244140625,-0.41,2.16,-0.0020125485861335335,-0.019999999999999962,0.06000000000000005,0.6329988203453252,-0.14505328386602262
2012-05-22,1576.300048828125,-0.38,2.17,-0.007646876018406523,0.02999999999999997,0.009999999999999787,0.6487033840435574,-0.08287689967659621
2012-05-23,1548.0999755859375,-0.41,2.14,-0.018052002832832592,-0.02999999999999997,-0.029999999999999805,0.6881154266264391,-0.022137768556333086
2012-05-24,1557.300048828125,-0.37,2.14,0.005925227079559114,0.03999999999999998,0.0,0.687816158374232,-0.04147940288925919
2012-05-25,1568.800048828125,-0.38,2.13,0.00735744315100284,-0.010000000000000009,-0.010000000000000231,0.6940002741195611,-0.08460417034437144
2012-05-30,1563.4000244140625,-0.45,2.08,0.009511671214860407,-0.08000000000000002,-0.029999999999999805,0.7014937808648141,-0.19543375216757716
2012-05-31,1562.5999755859375,-0.5,2.09,-0.0005118674635919973,-0.04999999999999999,0.009999999999999787,0.6868634516545595,-0.19139602680397352
2012-06-20,1614.800048828125,-0.51,2.16,-0.00457208231963957,0.020000000000000018,-0.009999999999999787,-0.6281100815606835,-0.28072796624988944
2012-06-21,1564.5,-0.47,2.1,-0.03164485610772605,0.040000000000000036,-0.06000000000000005,-0.6564979620595824,-0.33773431392847314
2012-06-22,1566.0,-0.42,2.11,0.0009583134418109651,0.04999999999999999,0.009999999999999787,-0.7388347499288473,-0.32571149818836
2012-06-25,1587.5,-0.47,2.1,0.013635854216098586,-0.04999999999999999,-0.009999999999999787,-0.7899216672322011,-0.3643466964617351
2012-06-26,1574.0,-0.45,2.11,-0.008540301789498272,0.019999999999999962,0.009999999999999787,-0.7833476937730348,-0.42980499427909663
2012-06-27,1577.5,-0.45,2.1,0.0022211654380193124,0.0,-0.009999999999999787,-0.7713391433679289,-0.4374209153013253
2012-06-28,1549.699951171875,-0.48,2.08,-0.017779983130193244,-0.02999999999999997,-0.020000000000000018,-0.6962103442030751,-0.3753534305524582
2012-06-29,1603.5,-0.46,2.13,0.03412740784803514,0.019999999999999962,0.04999999999999982,-0.699336216382727,-0.2853858672015209
2012-07-02,1597.199951171875,-0.5,2.11,-0.0039366745152218385,-0.03999999999999998,-0.020000000000000018,-0.7257063766682964,-0.2554458747253302
2012-07-03,1621.300048828125,-0.48,2.13,0.014976261054685303,0.020000000000000018,0.020000000000000018,-0.7243033657821077,-0.23321553823797933
2012-07-06,1578.4000244140625,-0.53,2.1,-0.019139039655363455,-0.020000000000000018,-0.029999999999999805,-0.6839744180769712,-0.21494482780139543
2012-07-09,1588.5999755859375,-0.57,2.1,0.006441418654736353,-0.039999999999999925,0.0,-0.6121606598927471,-0.24307144540303735
2012-09-14,1769.800048828125,-0.76,2.64,0.00039564454858354026,-0.040000000000000036,0.16999999999999993,-0.6386638761201103,-0.4614740004003878
2012-09-17,1767.699951171875,-0.74,2.59,-0.0011873345034461025,0.020000000000000018,-0.050000000000000266,-0.7037951149666392,-0.5044004832276303
2012-09-18,1768.4000244140625,-0.73,2.55,0.0003959578383909701,0.010000000000000009,-0.040000000000000036,-0.7653244663913625,-0.5054230589355814
2012-09-19,1769.0,-0.75,2.54,0.00033921840196171615,-0.020000000000000018,-0.009999999999999787,-0.81496558724387,-0.4907182169409429
2012-09-20,1767.699951171875,-0.7,2.5,-0.0007351762403526862,0.050000000000000044,-0.040000000000000036,-0.8321910340897444,-0.499765520698074
2012-09-21,1775.5,-0.71,2.48,0.00440283446371037,-0.010000000000000009,-0.020000000000000018,-0.8393239030302493,-0.503221155278549
2012-09-24,1762.0999755859375,-0.73,2.47,-0.007575807663553036,-0.020000000000000018,-0.009999999999999787,-0.8565914768054321,-0.4754149611930174
2012-09-25,1763.800048828125,-0.74,2.44,0.000964334417972168,-0.010000000000000009,-0.03000000000000025,-0.8727119850006702,-0.46554842854878237
2012-09-26,1750.5999755859375,-0.77,2.41,-0.007512027785335995,-0.030000000000000027,-0.029999999999999805,-0.8755699408137936,-0.3983623811123899
2012-09-27,1777.5999755859375,-0.78,2.44,0.01530555379885623,-0.010000000000000009,0.029999999999999805,-0.8677115019457556,-0.4088513780856509
2012-09-28,1771.0999755859375,-0.77,2.42,-0.003663317473184158,0.010000000000000009,-0.020000000000000018,-0.8600277052189547,-0.44444081009820885
2012-10-01,1780.5,-0.78,2.42,0.005293415039934857,-0.010000000000000009,0.0,-0.8498691582125377,-0.44406399709328975
2012-10-02,1772.699951171875,-0.83,2.47,-0.004390443242589193,-0.04999999999999993,0.050000000000000266,-0.8320583258120343,-0.4041694512797968
2012-10-03,1777.300048828125,-0.83,2.47,0.0025916057639054912,0.0,0.0,-0.832977543334888,-0.40617382581206196
2012-10-04,1794.0999755859375,-0.86,2.56,0.009408103578217641,-0.030000000000000027,0.08999999999999986,-0.8122324520241643,-0.4923782768896507
2012-10-05,1778.5999755859375,-0.82,2.57,-0.00867696557838915,0.040000000000000036,0.009999999999999787,-0.8035540681890103,-0.46557231455884673
2012-10-10,1763.199951171875,-0.8,2.52,0.00011340886782296167,0.010000000000000009,-0.029999999999999805,-0.7642786971031157,-0.47787242222497645
2012-10-11,1768.800048828125,-0.77,2.47,0.0031710658827703853,0.030000000000000027,-0.04999999999999982,-0.7745323759294608,-0.4988663380111387
2012-10-12,1758.0,-0.78,2.47,-0.00612457890334106,-0.010000000000000009,0.0,-0.7570077819838175,-0.4713080735048163
2012-10-15,1736.0,-0.78,2.48,-0.01259318302482626,0.0,0.009999999999999787,-0.7097105176992023,-0.4514289784668135
2012-10-16,1744.699951171875,-0.71,2.46,0.004998976879014627,0.07000000000000006,-0.020000000000000018,-0.7117124386923459,-0.34327179867216906
2012-10-17,1751.5,-0.65,2.48,0.0038899705382311467,0.05999999999999994,0.020000000000000018,-0.6940253675656507,-0.31172307989908876
2012-10-18,1743.300048828125,-0.66,2.52,-0.004692666879352103,-0.010000000000000009,0.040000000000000036,-0.7370833313343015,-0.30528168830743874
2012-10-19,1722.800048828125,-0.71,2.5,-0.011828994235928647,-0.04999999999999993,-0.020000000000000018,-0.6840833222294729,-0.27521737987774286
2012-10-22,1725.0999755859375,-0.7,2.53,0.001334103125178565,0.010000000000000009,0.029999999999999805,-0.6707789260301924,-0.19423592871036133
2012-10-23,1708.300048828125,-0.71,2.5,-0.009786253111553123,-0.010000000000000009,-0.029999999999999805,-0.6261840301522849,-0.17916578402265698
2012-10-24,1700.5,-0.69,2.49,-0.004576427088636592,0.020000000000000018,-0.009999999999999787,-0.6103239754320212,-0.18788829746916688
2012-10-25,1712.0,-0.63,2.49,0.006739952254437576,0.05999999999999994,0.0,-0.6435372209384164,-0.1339961149295443
2012-10-26,1710.9000244140625,-0.69,2.47,-0.0006427156013657509,-0.05999999999999994,-0.020000000000000018,-0.6722798197454758,0.22159078258697365
2013-01-09,1654.800048828125,-0.64,2.52,-0.004040623700428014,-0.040000000000000036,0.029999999999999805,-0.6576363425685937,0.037495835857030584
2013-01-10,1677.300048828125,-0.62,2.53,0.01350520171763403,0.020000000000000018,0.009999999999999787,-0.6967261375691732,0.06138629130817852
2013-01-11,1660.0,-0.63,2.52,-0.010367784461266183,-0.010000000000000009,-0.009999999999999787,-0.7143800499501558,0.05507794641283544
2013-01-14,1668.9000244140625,-0.66,2.55,0.005347139027603198,-0.030000000000000027,0.029999999999999805,-0.724812387155225,0.05892758940949597
2013-01-15,1683.4000244140625,-0.66,2.52,0.008650830902112716,0.0,-0.029999999999999805,-0.7097574899900543,0.0386423493227826
2013-01-16,1682.699951171875,-0.65,2.49,-0.0004159551156286412,0.010000000000000009,-0.029999999999999805,-0.6862201550141941,0.05747258465998816
2013-01-17,1690.4000244140625,-0.64,2.53,0.0045655845799430494,0.010000000000000009,0.03999999999999959,-0.6524103207538885,0.013712887845735187
2013-01-18,1686.5999755859375,-0.66,2.53,-0.002250548079390846,-0.020000000000000018,0.0,-0.6372139239238767,0.017491138495390794
2013-02-15,1608.800048828125,-0.53,2.54,-0.015970681578292734,0.030000000000000027,-0.020000000000000018,-0.6173767720806302,-0.09601780152574806
2013-02-20,1577.5999755859375,-0.52,2.54,-0.016346397170893034,0.0,-0.009999999999999787,-0.670287744148168,-0.13192162699714766
2013-02-21,1578.199951171875,-0.54,2.53,0.0003802367748857449,-0.020000000000000018,-0.010000000000000231,-0.6630559059165401,-0.13817051631778537
2013-02-22,1572.4000244140625,-0.57,2.54,-0.0036817960734820687,-0.029999999999999916,0.010000000000000231,-0.6315843861364426,-0.14764450057566442
2013-05-29,1391.300048828125,-0.1,2.23,0.008807502165757874,0.04000000000000001,-0.06000000000000005,-0.6179515629524034,-0.22438761347262717
2013-05-30,1411.5,-0.05,2.18,0.014414371750389066,0.05,-0.04999999999999982,-0.6437766529199536,-0.19322698910845545
2013-05-31,1392.5999755859375,-0.05,2.21,-0.01348048271637925,0.0,0.029999999999999805,-0.6745021658042456,-0.21365502233140848
2013-06-03,1411.699951171875,-0.07,2.2,0.013622131324814823,-0.020000000000000004,-0.009999999999999787,-0.6915851848372472,-0.2376088523992536
2013-06-04,1397.0999755859375,-0.05,2.19,-0.010395975120352396,0.020000000000000004,-0.010000000000000231,-0.7074212068683524,-0.18062800627964282
2013-06-05,1398.4000244140625,-0.06,2.16,0.0009301011782127944,-0.009999999999999995,-0.029999999999999805,-0.7416217382230252,-0.2014269544935874
2013-06-06,1415.699951171875,-0.05,2.13,0.012295330550164962,0.009999999999999995,-0.03000000000000025,-0.7418119357489696,-0.1887882555648185
2013-06-07,1383.0,0.03,2.14,-0.023369021245246202,0.08,0.010000000000000231,-0.7375874284387126,-0.2195632905548224
2013-06-10,1386.199951171875,0.11,2.11,0.002311102594680925,0.08,-0.03000000000000025,-0.7288095682325867,-0.21386252039672823
2013-06-11,1377.0,0.13,2.07,-0.006658935530785115,0.020000000000000004,-0.040000000000000036,-0.7167215025130377,-0.2019100387487802
2013-06-12,1391.800048828125,0.21,2.04,0.010690688764811718,0.07999999999999999,-0.029999999999999805,-0.6735617639322938,-0.15018786423702352
2013-06-13,1377.5999755859375,0.15,2.04,-0.010255071542170313,-0.06,0.0,-0.6691984416693594,-0.12467285716931113
2013-06-14,1387.300048828125,0.09,2.05,0.007016610331898043,-0.06,0.009999999999999787,-0.6339852943217459,-0.16116544949542333
2013-06-17,1382.800048828125,0.15,2.04,-0.003248982924671573,0.06,-0.009999999999999787,-0.6050202003966761,-0.1664388230464573
2013-06-20,1285.9000244140625,0.46,1.95,-0.06597613154712167,0.17000000000000004,-0.09000000000000008,-0.6250985753928388,-0.3744812805557117
2013-06-21,1291.5999755859375,0.59,1.93,0.004422859719569239,0.12999999999999995,-0.020000000000000018,-0.67977886847718,-0.32947065899339345
2013-06-24,1276.800048828125,0.64,1.93,-0.011524755043812007,0.050000000000000044,0.0,-0.7308341983448184,-0.3302112847376871
2013-06-25,1274.800048828125,0.64,1.96,-0.0015676440923648727,0.0,0.030000000000000027,-0.7628993019923633,-0.3316309447922531
2013-06-26,1229.5999755859375,0.6,1.95,-0.036100448476660496,-0.040000000000000036,-0.010000000000000009,-0.7741218069025619,-0.22707128776631774
2013-06-27,1211.4000244140625,0.5,1.99,-0.0149121576686575,-0.09999999999999998,0.040000000000000036,-0.7739611567074286,-0.1827107666657178
2013-06-28,1223.800048828125,0.53,1.99,0.010184076226777528,0.030000000000000027,0.0,-0.7974397279852667,-0.18883477318667236
2013-07-01,1255.9000244140625,0.48,2.02,0.025891654536359,-0.050000000000000044,0.030000000000000027,-0.8265222297986932,-0.22478795205564772
2013-07-02,1243.5999755859375,0.44,2.04,-0.009842086910742509,-0.03999999999999998,0.020000000000000018,-0.8379739676396283,-0.1988371526790859
2013-07-03,1252.0999755859375,0.48,2.04,0.006811742623574979,0.03999999999999998,0.0,-0.8620375795555393,-0.19803380891282535
2013-07-08,1234.9000244140625,0.58,2.07,0.01797580845034563,-0.08000000000000007,0.0,-0.9017395551320033,-0.31883173106125035
2013-07-09,1245.9000244140625,0.59,2.06,0.00886816500649168,0.010000000000000009,-0.009999999999999787,-0.9190014389570397,-0.32399475045653237
2013-07-10,1247.4000244140625,0.64,2.06,0.0012032247636408755,0.050000000000000044,0.0,-0.9291180987361554,-0.3246608293876961
2013-07-11,1280.0999755859375,0.56,2.04,0.02587677612608541,-0.07999999999999996,-0.020000000000000018,-0.9295740653607846,-0.3814206650484964
2013-07-12,1277.800048828125,0.55,2.06,-0.0017982934091742564,-0.010000000000000009,0.020000000000000018,-0.9250980308909138,-0.40033856350989705
2013-07-15,1283.800048828125,0.47,2.1,0.0046845805308430855,-0.08000000000000007,0.040000000000000036,-0.9240163983647834,-0.41286721991703784
2013-07-16,1290.800048828125,0.41,2.14,0.005437751093870347,-0.06,0.040000000000000036,-0.918455763495218,-0.4121465346606078
2013-07-17,1277.9000244140625,0.38,2.14,-0.010044094286119076,-0.02999999999999997,0.0,-0.9122670526891825,-0.4013301827064272
2013-07-18,1284.5999755859375,0.38,2.18,0.005229242099018094,0.0,0.040000000000000036,-0.9063679185395425,-0.4013424745912968
2013-07-19,1293.300048828125,0.29,2.21,0.006749762357370237,-0.09000000000000002,0.029999999999999805,-0.8870697595732242,-0.4143988365405032
2013-07-22,1336.4000244140625,0.28,2.22,0.03278232057525443,-0.009999999999999953,0.010000000000000231,-0.8814801488692526,-0.3862467448832029
2013-07-23,1335.0999755859375,0.33,2.2,-0.0009732726413984594,0.04999999999999999,-0.020000000000000018,-0.8707851524814602,-0.3958623348701407
2013-07-24,1319.699951171875,0.44,2.17,-0.011601776086361149,0.10999999999999999,-0.03000000000000025,-0.8540319586106562,-0.405374330217218
2013-07-25,1329.0,0.44,2.17,0.007022378689875097,0.0,0.0,-0.8362156365747289,-0.4337354768883539
2013-07-26,1321.699951171875,0.43,2.15,-0.005508029892910216,-0.010000000000000009,-0.020000000000000018,-0.8123606318210062,-0.45249454555783875
2013-07-29,1328.4000244140625,0.45,2.16,0.005056479060803198,0.020000000000000018,0.010000000000000231,-0.7671559565116702,-0.4442187082231862
2013-07-30,1324.0,0.46,2.17,-0.0033177713841849865,0.010000000000000009,0.009999999999999787,-0.7122320789739557,-0.44522469845884927
2013-07-31,1312.4000244140625,0.38,2.22,-0.008799916807399555,-0.08000000000000002,0.050000000000000266,-0.6661567850129952,-0.4259343534236453
2013-08-01,1311.0,0.48,2.26,-0.0010673359258541737,0.09999999999999998,0.03999999999999959,-0.6107281743428387,-0.4635023623956796
2013-08-02,1310.5999755859375,0.42,2.21,-0.0003051757864609428,-0.06,-0.04999999999999982,-0.6166251226850018,-0.28138030625089977
2013-08-05,1302.5999755859375,0.42,2.25,-0.006122780607500822,0.0,0.040000000000000036,-0.6440741167599902,-0.3204486341735452
2013-08-06,1283.199951171875,0.39,2.28,-0.0150053283093321,-0.02999999999999997,0.029999999999999805,-0.6617942352414112,-0.28485301617421
2013-08-07,1286.0999755859375,0.35,2.26,0.0022574442286140695,-0.040000000000000036,-0.020000000000000018,-0.6771240727555436,-0.2854675336808615
2013-08-08,1310.699951171875,0.34,2.24,0.0189469440830079,-0.009999999999999953,-0.019999999999999574,-0.6606115486417143,-0.3603096692796129
2013-08-09,1312.9000244140625,0.33,2.24,0.001677141163559881,-0.010000000000000009,0.0,-0.6837094714372469,-0.45297119372304856
2013-08-12,1334.699951171875,0.37,2.24,0.016468061360921382,0.03999999999999998,0.0,-0.6846630990445907,-0.43053200832231
2013-08-13,1321.199951171875,0.48,2.23,-0.010166133337281558,0.10999999999999999,-0.010000000000000231,-0.6626226590694495,-0.4404635852995179
2013-08-14,1334.0,0.5,2.21,0.00964156991634102,0.020000000000000018,-0.020000000000000018,-0.6467176032499868,-0.46107920516606377
2013-08-22,1371.199951171875,0.79,2.11,0.0004376508946979385,0.06000000000000005,-0.03000000000000025,0.6975047954082728,-0.03739686419409302
2013-08-23,1395.699951171875,0.69,2.13,0.01770981329617438,-0.10000000000000009,0.020000000000000018,0.7838836749013911,-0.1202094208817492
2013-08-26,1393.0,0.64,2.15,-0.0019363517501069794,-0.04999999999999993,0.020000000000000018,0.8124679096647244,-0.10019878936343357
2013-08-27,1420.5999755859375,0.57,2.15,0.019619605598163226,-0.07000000000000006,0.0,0.7741467225414786,-0.1502241124854728
2013-08-28,1419.0,0.63,2.15,-0.0011269022179263288,0.06000000000000005,0.0,0.7704013221418405,-0.18961383515253985
2013-08-29,1412.9000244140625,0.65,2.1,-0.00430805110888155,0.020000000000000018,-0.04999999999999982,0.7735637707045572,-0.1915919913580904
2013-08-30,1396.0999755859375,0.68,2.1,-0.011961729543889632,0.030000000000000027,0.0,0.7712051660815695,-0.18913461986561902
2013-09-04,1389.9000244140625,0.83,2.07,-0.01577531939713772,0.06999999999999995,-0.03000000000000025,0.8245025857124507,-0.1730337078922991
2013-09-05,1373.0999755859375,0.92,2.06,-0.012160880108594618,0.09000000000000008,-0.009999999999999787,0.7854763435790101,-0.16343699447691368
2013-09-06,1386.699951171875,0.87,2.07,0.009855849000619088,-0.050000000000000044,0.009999999999999787,0.7810907370516864,-0.18433601051205964
2013-09-09,1386.800048828125,0.84,2.06,7.218147199861136e-05,-0.030000000000000027,-0.009999999999999787,0.777951168410174,-0.19019554447155218
2013-09-10,1364.0999755859375,0.86,2.1,-0.016504117418558728,0.020000000000000018,0.040000000000000036,0.7541967018649577,-0.1886697595119192
2013-09-11,1363.9000244140625,0.8,2.13,-0.00014659176849995958,-0.05999999999999994,0.029999999999999805,0.7394402895892069,-0.18144805665116528
2013-09-12,1330.4000244140625,0.81,2.11,-0.024868593603377676,0.010000000000000009,-0.020000000000000018,0.6810223206674304,-0.2137128731770929
2013-09-13,1308.4000244140625,0.8,2.1,-0.01667463190592855,-0.010000000000000009,-0.009999999999999787,0.6038352825971393,-0.1901237840782514
2013-10-10,1296.5999755859375,0.5,2.21,-0.007912504372284523,0.030000000000000027,0.0,0.6018915807500396,-0.04515954095020643
2013-10-11,1268.0,0.5,2.2,-0.022304578914430273,0.0,-0.009999999999999787,0.6287756853826861,-0.04665974386994948
2013-10-16,1282.0,0.5,2.19,0.007045038923208402,-0.040000000000000036,-0.020000000000000018,0.6207998803754287,-0.08683754495592665
2013-11-01,1313.0999755859375,0.5,2.15,-0.007964543329991969,0.09999999999999998,-0.020000000000000018,-0.7472866127985601,-0.38562167616708365
2013-11-04,1314.5999755859375,0.5,2.13,0.0011416829857315847,0.0,-0.020000000000000018,-0.7993479335324016,-0.4722682519968332
2013-11-05,1308.0,0.55,2.14,-0.00503316524085573,0.050000000000000044,0.010000000000000231,-0.786367741235723,-0.516700572602609
2013-11-06,1317.699951171875,0.48,2.19,0.007388502478491432,-0.07000000000000006,0.04999999999999982,-0.784946457749732,-0.5105220706074712
2013-11-07,1308.4000244140625,0.46,2.17,-0.007082720171927903,-0.019999999999999962,-0.020000000000000018,-0.7963828284713959,-0.4794341161704631
2013-11-08,1284.5,0.59,2.18,-0.01843549777376907,0.12999999999999995,0.010000000000000231,-0.8153800481465054,-0.5156120936954758
2013-11-13,1268.300048828125,0.58,2.17,-0.0022051885213283384,-0.040000000000000036,-0.010000000000000231,-0.8723162344591195,-0.5187332937956198
2013-11-14,1286.199951171875,0.51,2.18,0.01401463716541329,-0.06999999999999995,0.010000000000000231,-0.8895266947053644,-0.5846733438488211
2013-11-15,1287.300048828125,0.53,2.18,0.0008549428585640229,0.020000000000000018,0.0,-0.8925206386858503,-0.5819934993465677
2013-11-18,1272.199951171875,0.48,2.19,-0.011799392732389613,-0.050000000000000044,0.009999999999999787,-0.8700759120116317,-0.5242622794981091
2013-11-19,1273.4000244140625,0.53,2.18,0.0009428608914205938,0.050000000000000044,-0.009999999999999787,-0.8716369338432425,-0.5045029115855627
2013-11-20,1257.9000244140625,0.64,2.16,-0.01224682450185366,0.10999999999999999,-0.020000000000000018,-0.8866060733723053,-0.5257658885474079
2013-11-21,1243.5,0.6,2.19,-0.011513699009954692,-0.040000000000000036,0.029999999999999805,-0.8997411146860006,-0.49178445261424425
2013-11-22,1244.0,0.56,2.19,0.0004020100556649808,-0.039999999999999925,0.0,-0.8931687674193463,-0.5086247774073809
2013-11-25,1241.0999755859375,0.56,2.18,-0.0023339308349594745,0.0,-0.009999999999999787,-0.8874163287608683,-0.5033988923313478
2013-11-26,1241.4000244140625,0.54,2.17,0.00024173118194248389,-0.020000000000000018,-0.010000000000000231,-0.8830704705334446,-0.538556018726376
2013-11-27,1237.800048828125,0.58,2.16,-0.0029041448933400105,0.039999999999999925,-0.009999999999999787,-0.8831995218744497,-0.5565915214806738
2013-12-02,1222.300048828125,0.66,2.15,-0.02288904688035931,0.06000000000000005,0.0,-0.9017338376788335,-0.5357195088353858
2013-12-03,1221.699951171875,0.64,2.15,-0.0004910782883058573,-0.020000000000000018,0.0,-0.908196657325233,-0.5526683816007726
2013-12-04,1248.199951171875,0.73,2.11,0.021459182938458277,0.08999999999999997,-0.040000000000000036,-0.8930183982396528,-0.36843170258275276
2013-12-05,1233.199951171875,0.76,2.12,-0.012090096963768282,0.030000000000000027,0.010000000000000231,-0.8837696247250628,-0.297832532005051
2013-12-06,1230.300048828125,0.77,2.11,-0.0023542956632374157,0.010000000000000009,-0.010000000000000231,-0.8782052880868486,-0.3055479089382652
2013-12-09,1235.300048828125,0.74,2.12,0.00405581331600402,-0.030000000000000027,0.010000000000000231,-0.8691708393695436,-0.3189722138269273
2013-12-10,1262.4000244140625,0.69,2.12,0.021700795360903413,-0.050000000000000044,0.0,-0.8442954225649444,-0.37005543896404053
2013-12-11,1258.5,0.71,2.15,-0.0030941548556420173,0.020000000000000018,0.029999999999999805,-0.8125774211209095,-0.3702626840584534
2013-12-12,1226.0,0.75,2.14,-0.026163698079213482,0.040000000000000036,-0.009999999999999787,-0.7932214810682784,-0.3799528952583704
2013-12-13,1235.699951171875,0.72,2.16,0.0078807340994409,-0.030000000000000027,0.020000000000000018,-0.7601988318006034,-0.4002414426622841
2013-12-16,1245.5,0.71,2.18,0.007899484106637544,-0.010000000000000009,0.020000000000000018,-0.725131497917269,-0.403347928025144
2013-12-17,1231.199951171875,0.67,2.18,-0.011547791836537868,-0.039999999999999925,0.0,-0.7129971631856441,-0.3573552148360342
2013-12-18,1236.0999755859375,0.72,2.17,0.003971978277199639,0.04999999999999993,-0.010000000000000231,-0.7011316842821055,-0.3351425458949801
2013-12-19,1195.0,0.79,2.15,-0.03381505677728658,0.07000000000000006,-0.020000000000000018,-0.7373780802075385,-0.3899091250728685
2013-12-20,1205.0999755859375,0.73,2.16,0.008416345408783776,-0.06000000000000005,0.010000000000000231,-0.7187952272076461,-0.3908857346094438
2013-12-23,1198.4000244140625,0.76,2.18,-0.005575176639224466,0.030000000000000027,0.020000000000000018,-0.6901399069804044,-0.40146346464539107
2013-12-24,1205.0999755859375,0.8,2.19,0.005575176639224466,0.040000000000000036,0.009999999999999787,-0.7168629283619817,-0.32365407699717985
2013-12-27,1216.0999755859375,0.8,2.22,0.0016459554700949397,0.0,0.020000000000000018,-0.7367166188659509,-0.32462544753576666
2013-12-30,1203.0999755859375,0.76,2.23,-0.010747458164401813,-0.040000000000000036,0.009999999999999787,-0.7135015786724122,-0.2373873348408718
2013-12-31,1201.9000244140625,0.8,2.24,-0.0009978804752162063,0.040000000000000036,0.010000000000000231,-0.699608093637317,-0.23559090462497329
2014-01-15,1238.0999755859375,0.62,2.28,-0.005718193646703007,0.0,0.020000000000000018,-0.6067963230066076,-0.3536157544474256
2014-01-16,1240.0,0.61,2.25,0.001533452891411713,-0.010000000000000009,-0.029999999999999805,-0.6429823521325616,-0.35642176776128026
2014-01-17,1251.699951171875,0.58,2.26,0.009391208725446631,-0.030000000000000027,0.009999999999999787,-0.685751537225741,-0.5756970421393925
2014-01-22,1239.0,0.62,2.25,-0.0026599368951050195,0.030000000000000027,-0.009999999999999787,-0.7081208437757541,-0.5626798346208163
2014-01-23,1262.5999755859375,0.66,2.13,0.018868464968043064,0.040000000000000036,-0.1200000000000001,-0.7104825022729541,-0.46656748194397246
2014-01-24,1264.5,0.61,2.14,0.001503719512834678,-0.050000000000000044,0.010000000000000231,-0.7536824328709618,-0.41947958635010474
2014-01-27,1263.5999755859375,0.64,2.14,-0.000712016503126911,0.030000000000000027,0.0,-0.7883996611630366,-0.41388191068005903
2014-01-28,1251.0,0.62,2.15,-0.010021539139981606,-0.020000000000000018,0.009999999999999787,-0.7965716692313145,-0.34572202658980633
2014-01-29,1262.199951171875,0.55,2.14,0.008912959998292003,-0.06999999999999995,-0.009999999999999787,-0.8175782093169364,-0.360528877097732
2014-01-30,1242.199951171875,0.57,2.15,-0.01597222964778222,0.019999999999999907,0.009999999999999787,-0.8231952915487597,-0.37659491098839254
2014-01-31,1240.0999755859375,0.53,2.14,-0.0016919599958669096,-0.039999999999999925,-0.009999999999999787,-0.7995039944514655,-0.41244687938009544
2014-02-03,1260.4000244140625,0.47,2.14,0.01623714843165569,-0.06000000000000005,0.0,-0.8125902357233087,-0.481481968880115
2014-02-04,1251.699951171875,0.51,2.13,-0.006926561928680464,0.040000000000000036,-0.010000000000000231,-0.798989299797641,-0.37848396969558623
2014-02-05,1257.300048828125,0.56,2.14,0.004464015110304587,0.050000000000000044,0.010000000000000231,-0.8061003056255971,-0.3254327911391628
2014-02-06,1257.5999755859375,0.57,2.16,0.0002385198268903821,0.009999999999999898,0.020000000000000018,-0.8066647176146666,-0.3088185589174043
2014-02-07,1263.300048828125,0.53,2.18,0.004522260225517272,-0.039999999999999925,0.020000000000000018,-0.7942106493288343,-0.3436752773851318
2014-02-10,1274.800048828125,0.51,2.19,0.009061958358516087,-0.020000000000000018,0.009999999999999787,-0.7878224090632671,-0.35585879495283296
2014-02-11,1290.0999755859375,0.56,2.19,0.011930373961170027,0.050000000000000044,0.0,-0.7394048408952885,-0.2760883801476866
2014-02-12,1295.300048828125,0.59,2.21,0.004022650425664409,0.029999999999999916,0.020000000000000018,-0.6497311580307208,-0.3222947148851156
2014-04-02,1290.5,0.68,2.14,0.008482230162754512,0.050000000000000044,0.0,-0.6054531809788317,-0.3717308971343295
2014-04-03,1284.4000244140625,0.66,2.14,-0.00473803793516403,-0.020000000000000018,0.0,-0.6390482285913734,-0.3589691239997469
2014-04-04,1303.199951171875,0.61,2.13,0.014531038596461876,-0.050000000000000044,-0.010000000000000231,-0.6496829137209154,-0.3950908297590832
2014-04-07,1298.0,0.59,2.12,-0.0039981225559317934,-0.020000000000000018,-0.009999999999999787,-0.6600451154756639,-0.37792038288583696
2014-04-08,1308.699951171875,0.58,2.11,0.008209622486996082,-0.010000000000000009,-0.010000000000000231,-0.6603698657554264,-0.37136876865332574
2014-04-09,1305.5,0.57,2.14,-0.00244813161184787,-0.010000000000000009,0.03000000000000025,-0.664570642127885,-0.4248168976580325
2014-04-10,1320.0999755859375,0.51,2.14,0.011121363653430194,-0.05999999999999994,0.0,-0.6581304934300196,-0.45781352139198
2014-04-11,1318.699951171875,0.5,2.13,-0.00106110700643125,-0.010000000000000009,-0.010000000000000231,-0.6598205633266168,-0.46190124479653427
2014-04-14,1327.199951171875,0.52,2.13,0.006425057299722425,0.020000000000000018,0.0,-0.6541829007514005,-0.3932596953842052
2014-07-11,1337.0,0.25,2.28,-0.0012706592156233043,-0.020000000000000018,0.0,-0.6197814801038665,-0.071186937689376
2014-07-14,1306.300048828125,0.28,2.27,-0.02322954723047488,0.030000000000000027,-0.009999999999999787,-0.7431398655667533,-0.1008221710904469
2014-07-15,1296.9000244140625,0.31,2.25,-0.007221930704834456,0.02999999999999997,-0.020000000000000018,-0.8065887688395313,-0.11304135402616412
2014-07-16,1299.5999755859375,0.32,2.23,0.002079685842482526,0.010000000000000009,-0.020000000000000018,-0.8012551324998628,-0.11773660674093656
2014-07-17,1316.699951171875,0.24,2.23,0.013072063269468082,-0.08000000000000002,0.0,-0.7715377658396697,-0.20594254932346212
2014-07-18,1309.199951171875,0.26,2.24,-0.005712342947713722,0.020000000000000018,0.010000000000000231,-0.7497168956687005,-0.2117763065810136
2014-07-21,1313.699951171875,0.25,2.24,0.003431319976192171,-0.010000000000000009,0.0,-0.7359339850069849,-0.21448187005640976
2014-07-22,1306.0999755859375,0.25,2.23,-0.005801967415925979,0.0,-0.010000000000000231,-0.7000307415043165,-0.21673371684826245
2014-07-23,1304.5,0.25,2.23,-0.0012257533143538168,0.0,0.0,-0.6384068410036874,-0.23364451452160861
2014-09-03,1268.9000244140625,0.24,2.17,0.004106515517587006,-0.030000000000000027,0.020000000000000018,-0.6328302541891647,-0.32501760410115366
2014-09-04,1265.0999755859375,0.28,2.17,-0.0029992515207100112,0.040000000000000036,0.0,-0.694707293332571,-0.3277488069645203
2014-09-05,1265.800048828125,0.31,2.15,0.000553220793622522,0.02999999999999997,-0.020000000000000018,-0.732673128957364,-0.33026112212154435
2014-09-08,1252.699951171875,0.35,2.13,-0.01040318904427906,0.03999999999999998,-0.020000000000000018,-0.7813221803914864,-0.3057552329439988
2014-09-09,1246.800048828125,0.39,2.11,-0.004720874815900444,0.040000000000000036,-0.020000000000000018,-0.823806950570443,-0.3214904598271785
2014-09-10,1243.5,0.44,2.1,-0.002650323812478206,0.04999999999999999,-0.009999999999999787,-0.8461585590646521,-0.3338464666682876
2014-09-11,1237.4000244140625,0.42,2.12,-0.0049175604164419795,-0.020000000000000018,0.020000000000000018,-0.8896435421847481,-0.3420200086076915
2014-09-12,1229.9000244140625,0.49,2.13,-0.0060795387282084334,0.07,0.009999999999999787,-0.907502034514143,-0.3806695159214035
2014-09-15,1233.5999755859375,0.47,2.13,0.0030038189193488662,-0.020000000000000018,0.0,-0.9192240968512981,-0.33684432880508064
2014-09-16,1235.199951171875,0.48,2.12,0.0012961567218114922,0.010000000000000009,-0.009999999999999787,-0.9253871676383404,-0.33431605660141794
2014-09-17,1234.4000244140625,0.56,2.06,-0.0006478189129381917,0.08000000000000007,-0.06000000000000005,-0.9175904039313895,-0.3045427816127534
2014-09-18,1225.699951171875,0.61,2.02,-0.007072972316843007,0.04999999999999993,-0.040000000000000036,-0.9217050172674285,-0.3149037395430165
2014-09-19,1215.300048828125,0.56,2.03,-0.008521069455597718,-0.04999999999999993,0.009999999999999787,-0.9310711882138608,-0.17615932098753226
2014-09-22,1216.800048828125,0.58,1.99,0.0012335020187990153,0.019999999999999907,-0.039999999999999813,-0.9372462183351902,-0.16763727397236555
2014-09-23,1221.0,0.52,2.02,0.00344569303731479,-0.05999999999999994,0.030000000000000027,-0.9403650130578398,-0.2208754530938148
2014-09-24,1218.5999755859375,0.54,2.03,-0.001967556330828124,0.020000000000000018,0.009999999999999787,-0.9479161436340594,-0.23044787256102273
2014-09-25,1221.199951171875,0.5,2.02,0.002131303097120174,-0.040000000000000036,-0.009999999999999787,-0.9529934416695603,-0.23732556346751513
2014-09-26,1214.0999755859375,0.57,1.97,-0.005830900435841002,0.06999999999999995,-0.050000000000000044,-0.9607326078299535,-0.24866882942717178
2014-09-29,1217.5,0.55,1.95,0.002796534515589144,-0.019999999999999907,-0.020000000000000018,-0.9600077645461046,-0.312018303019693
2014-09-30,1210.5,0.55,1.97,-0.0057660785786319835,0.0,0.020000000000000018,-0.9602382958019804,-0.29099979512593244
2014-10-01,1214.5999755859375,0.46,1.96,0.003381286984866172,-0.09000000000000002,-0.010000000000000009,-0.9515974198833329,-0.33836207737029517
2014-10-02,1214.199951171875,0.49,1.95,-0.0003294008808820692,0.02999999999999997,-0.010000000000000009,-0.9524257505891182,-0.3346755964496131
2014-10-03,1192.199951171875,0.52,1.93,-0.018285084652592154,0.030000000000000027,-0.020000000000000018,-0.9336469592051024,-0.4236001323126243
2014-10-06,1206.699951171875,0.5,1.93,0.012089021785870457,-0.020000000000000018,0.0,-0.9248895443064796,-0.45200336826895265
2014-10-07,1211.699951171875,0.44,1.92,0.0041349713248948206,-0.06,-0.010000000000000009,-0.9061009490583656,-0.4763059910650958
2014-10-08,1205.300048828125,0.39,1.96,-0.005295752834792999,-0.04999999999999999,0.040000000000000036,-0.8590549296265548,-0.4511538724778581
2014-10-09,1224.5999755859375,0.37,1.97,0.015885701002019914,-0.020000000000000018,0.010000000000000009,-0.8263009814843234,-0.4481598827206623
2014-10-10,1221.0,0.35,1.96,-0.00294404499679235,-0.020000000000000018,-0.010000000000000009,-0.7653118190242709,-0.43284102401633895
2014-10-15,1244.0999755859375,0.29,1.86,0.008475653278412487,0.0,-0.05999999999999983,-0.6731490992309993,-0.44334792496864284
2014-10-16,1240.5,0.28,1.89,-0.0028978331647149247,-0.009999999999999953,0.029999999999999805,-0.6199712285672907,-0.4302094475262904
2014-10-24,1231.199951171875,0.39,1.9,0.0021953509044640995,0.010000000000000009,-0.010000000000000009,-0.6043827672852826,-0.4000072766358657
2014-10-27,1229.0999755859375,0.38,1.89,-0.0017070895081285897,-0.010000000000000009,-0.010000000000000009,-0.6154966443530376,-0.3727906785742149
2014-10-28,1229.199951171875,0.39,1.91,8.133717526082052e-05,0.010000000000000009,0.020000000000000018,-0.6291795595651691,-0.36798574723848304
2014-10-29,1224.300048828125,0.42,1.92,-0.0039942195704769645,0.02999999999999997,0.010000000000000009,-0.648507157327817,-0.37973756975606154
2014-10-30,1198.0999755859375,0.42,1.9,-0.021632343693815947,0.0,-0.020000000000000018,-0.6566991522243283,-0.3678826493689939
2014-11-13,1161.0999755859375,0.47,1.88,0.001896510199365764,0.009999999999999953,-0.030000000000000027,-0.654042274218916,-0.47134119948305303
2014-11-14,1185.0,0.43,1.89,0.020374963962937365,-0.03999999999999998,0.010000000000000009,-0.6775093743995673,-0.5291897814337143
2014-11-17,1183.0,0.48,1.86,-0.0016891895908441867,0.04999999999999999,-0.029999999999999805,-0.7207169619946392,-0.5204095837726893
2014-11-18,1196.699951171875,0.48,1.84,0.011514142798771942,0.0,-0.020000000000000018,-0.7335187499725988,-0.48666719187511626
2014-11-19,1193.5999755859375,0.53,1.83,-0.002593797781803353,0.050000000000000044,-0.010000000000000009,-0.7369806671938682,-0.468574191117539
2014-11-20,1190.699951171875,0.49,1.85,-0.0024326015461424433,-0.040000000000000036,0.020000000000000018,-0.7397260399513407,-0.44905443689056823
2014-11-21,1197.5,0.45,1.86,0.005694721835856953,-0.03999999999999998,0.010000000000000009,-0.7359807148855061,-0.5075871367227591
2014-11-24,1195.5,0.44,1.86,-0.0016715423866902057,-0.010000000000000009,0.0,-0.7328579737056583,-0.491958341783009
2014-11-25,1197.0999755859375,0.42,1.85,0.0013374369646053097,-0.020000000000000018,-0.010000000000000009,-0.7290529638764576,-0.5022975744740558
2014-11-26,1196.5999755859375,0.42,1.82,-0.0004177633099144984,0.0,-0.030000000000000027,-0.7194822817731521,-0.4701117833272416
2014-12-01,1218.0,0.43,1.79,0.03577186495895468,0.03999999999999998,0.0,-0.6390673602112202,-0.18942210837119502
2015-01-14,1234.4000244140625,0.29,1.57,8.099451778331712e-05,-0.08000000000000002,0.030000000000000027,-0.6316001481746085,-0.21995486637520642
2015-01-15,1264.699951171875,0.19,1.58,0.024249859450433675,-0.09999999999999998,0.010000000000000009,-0.7359975358555486,-0.25106667990334774
2015-01-16,1276.9000244140625,0.23,1.6,0.009600383272962532,0.04000000000000001,0.020000000000000018,-0.7902701538561862,-0.22363534449788497
2015-01-21,1293.699951171875,0.26,1.61,-0.00038641371389047663,0.03,0.020000000000000018,-0.8274932833252533,-0.14751657997061207
2015-01-22,1300.699951171875,0.29,1.61,0.00539625134896049,0.02999999999999997,0.0,-0.8234000843612171,-0.13957475318894003
2015-01-23,1292.5999755859375,0.21,1.6,-0.006246868588578813,-0.07999999999999999,-0.010000000000000009,-0.8557959478183962,-0.016569902150082447
2015-01-26,1279.4000244140625,0.22,1.61,-0.010264437842764984,0.010000000000000009,0.010000000000000009,-0.8734832891065692,-0.03336361876673879
2015-01-27,1291.699951171875,0.17,1.66,0.009567905338057514,-0.04999999999999999,0.04999999999999982,-0.8934412754904255,-0.04512960600850762
2015-01-28,1285.9000244140625,0.12,1.61,-0.004500261174159803,-0.05000000000000002,-0.04999999999999982,-0.9005668314758285,-0.03424170777979946
2015-01-29,1254.5999755859375,0.15,1.62,-0.02464210405936118,0.03,0.010000000000000009,-0.8893924752422548,-0.05479088477247333
2015-01-30,1278.5,0.03,1.65,0.018870738528236508,-0.12,0.029999999999999805,-0.8823438649374648,-0.20453315400049704
2015-02-02,1276.199951171875,0.03,1.65,-0.0018006415575539947,0.0,0.0,-0.8722901457111517,-0.206987690763799
2015-02-03,1259.699951171875,0.09,1.7,-0.013013315577139473,0.06,0.050000000000000044,-0.8606763161316255,-0.26279453136217046
2015-02-04,1263.800048828125,0.1,1.71,0.0032495353787656,0.010000000000000009,0.010000000000000009,-0.8524682586600472,-0.27057532870685874
2015-02-05,1262.0,0.13,1.7,-0.0014253298741548903,0.03,-0.010000000000000009,-0.8476320372778081,-0.2920187024907718
2015-02-06,1233.9000244140625,0.24,1.71,-0.02251785941057527,0.10999999999999999,0.010000000000000009,-0.8290835704112612,-0.4072096152521222
2015-02-09,1240.800048828125,0.25,1.71,0.005576467523876971,0.010000000000000009,0.0,-0.8059325737879144,-0.3943062075379392
2015-02-10,1231.5999755859375,0.31,1.7,-0.007442254987159558,0.06,-0.010000000000000009,-0.7932434647067609,-0.4262127209962071
2015-02-11,1219.0,0.32,1.68,-0.010283266746029085,0.010000000000000009,-0.020000000000000018,-0.7645623178942992,-0.4393243453348548
2015-02-12,1220.0999755859375,0.33,1.66,0.0009019520901309974,0.010000000000000009,-0.020000000000000018,-0.7523419267523375,-0.4488900368814926
2015-02-13,1226.5,0.34,1.68,0.005231782127141926,0.010000000000000009,0.020000000000000018,-0.7217487306081177,-0.5227059406674293
2015-02-18,1199.699951171875,0.36,1.71,-0.0069773724962711725,-0.07,0.0,-0.7105888935461796,-0.5366772653455038
2015-02-19,1207.0999755859375,0.37,1.74,0.006149283661093463,0.010000000000000009,0.030000000000000027,-0.7118995222151053,-0.550262373466084
2015-02-20,1204.4000244140625,0.38,1.75,-0.0022392306033918175,0.010000000000000009,0.010000000000000009,-0.7120501035344032,-0.5633382865515248
2015-02-23,1200.300048828125,0.34,1.72,-0.0034099716670716873,-0.03999999999999998,-0.030000000000000027,-0.7000046001941173,-0.5501705675773406
2015-02-24,1196.9000244140625,0.27,1.72,-0.0028366649341622363,-0.07,0.0,-0.6696479973639523,-0.5184808345620382
2015-02-25,1201.0,0.24,1.72,0.003419641802913098,-0.030000000000000027,0.0,-0.6432131976818788,-0.5316678714724282
2015-02-26,1209.5999755859375,0.24,1.79,0.0071351631617018185,0.0,0.07000000000000006,-0.6323163552067464,-0.5298415444911192
2015-03-05,1195.9000244140625,0.27,1.84,-0.003922351093294196,0.020000000000000018,-0.030000000000000027,-0.6345958552100052,-0.5404603340695302
2015-03-06,1164.0999755859375,0.41,1.83,-0.026950825107847187,0.13999999999999996,-0.010000000000000009,-0.7454818330413037,-0.6521861629885801
2015-03-09,1166.4000244140625,0.44,1.76,0.00197386790380083,0.030000000000000027,-0.07000000000000006,-0.7952470735768876,-0.6788911882573133
2015-03-10,1160.0999755859375,0.41,1.73,-0.005415915948947969,-0.030000000000000027,-0.030000000000000027,-0.8277494696510083,-0.673093209038552
2015-03-11,1150.699951171875,0.39,1.72,-0.00813577684056721,-0.019999999999999962,-0.010000000000000009,-0.842843455546014,-0.6458976632164408
2015-03-12,1152.0999755859375,0.39,1.71,0.0012159324570824026,0.0,-0.010000000000000009,-0.8381975952970405,-0.6604669610690145
2015-03-13,1152.5999755859375,0.44,1.69,0.00043389596775078587,0.04999999999999999,-0.020000000000000018,-0.8426488864680746,-0.6748958471769471
2015-03-16,1153.300048828125,0.45,1.65,0.0006072017488047976,0.010000000000000009,-0.040000000000000036,-0.8300908919910865,-0.5910463816276247
2015-03-17,1148.300048828125,0.42,1.64,-0.004344810265399346,-0.030000000000000027,-0.010000000000000009,-0.8062554266544398,-0.5792605865171818
2015-03-18,1151.4000244140625,0.23,1.7,0.0026959841412743657,-0.18999999999999997,0.06000000000000005,-0.6963433649453773,-0.5292121794213523
2015-04-02,1200.9000244140625,0.11,1.81,-0.00597756132043159,0.039999999999999994,0.010000000000000009,-0.6462252322752674,-0.4856792792499829
2015-04-06,1218.5999755859375,0.07,1.85,0.014631342783434143,-0.039999999999999994,0.040000000000000036,-0.7264270671612276,-0.4873810847508696
2015-04-07,1210.5999755859375,0.04,1.85,-0.006586554489200758,-0.030000000000000006,0.0,-0.767879784671196,-0.48340862535848755
2015-04-08,1203.0999755859375,0.08,1.84,-0.006214545543826944,0.04,-0.010000000000000009,-0.7791973838421474,-0.5142935610207591
2015-04-09,1193.5999755859375,0.13,1.84,-0.007927608751493231,0.05,0.0,-0.784389274008881,-0.5245299248782562
2015-04-10,1204.5999755859375,0.14,1.82,0.009173611346904309,0.010000000000000009,-0.020000000000000018,-0.8058819480179454,-0.5145297526296215
2015-04-13,1199.300048828125,0.14,1.8,-0.004409447390731458,0.0,-0.020000000000000018,-0.812589312527732,-0.5136725417345808
2015-04-14,1192.800048828125,0.1,1.8,-0.005434568565282127,-0.04000000000000001,0.0,-0.8309829966723868,-0.4955261730774457
2015-04-15,1201.5,0.07,1.84,0.007267250790277124,-0.03,0.040000000000000036,-0.8553726054187573,-0.4985567104754289
2015-04-16,1198.0,0.05,1.85,-0.0029172765011287183,-0.020000000000000004,0.010000000000000009,-0.8692455289384787,-0.49631492419800344
2015-04-17,1202.9000244140625,-0.02,1.89,0.0040818286206354415,-0.07,0.039999999999999813,-0.8811052606939771,-0.497384124510296
2015-04-20,1193.5,0.01,1.89,-0.007845161517145094,0.03,0.0,-0.8682728020998983,-0.34665562122930815
2015-04-21,1202.9000244140625,0.06,1.86,0.007845161517145094,0.049999999999999996,-0.029999999999999805,-0.8761763192770247,-0.3078471170626661
2015-04-22,1186.9000244140625,0.12,1.87,-0.013390441663966968,0.06,0.010000000000000009,-0.8670137577214602,-0.37014343508144354
2015-04-23,1194.4000244140625,0.07,1.89,0.006299101033357957,-0.04999999999999999,0.019999999999999796,-0.8488739348726075,-0.3940453755379704
2015-04-24,1175.199951171875,0.04,1.89,-0.016205683354533207,-0.030000000000000006,0.0,-0.779580115578831,-0.34608506624809426
2015-04-27,1203.300048828125,0.03,1.91,0.02362951871174168,-0.010000000000000002,0.020000000000000018,-0.7407131690274343,-0.3141784838783652
2015-04-28,1214.0,0.11,1.89,0.008852869596814195,0.08,-0.020000000000000018,-0.6583009616263242,-0.2564924299449967
2015-06-24,1172.5999755859375,0.48,1.9,-0.0030653768027377737,-0.020000000000000018,-0.020000000000000018,-0.6001637859660206,-0.029340668249735836
2015-06-25,1171.5,0.49,1.91,-0.0009385057618116477,0.010000000000000009,0.010000000000000009,-0.6142476222149825,-0.049377019660929854
2015-06-26,1172.9000244140625,0.57,1.92,0.0011943563947358626,0.07999999999999996,0.010000000000000009,-0.6215270903268059,0.006740542746533865
2015-10-16,1183.5999755859375,0.56,1.48,-0.003626441948680892,0.020000000000000018,-0.020000000000000018,-0.600011288268502,-0.20870535703985796
2015-11-06,1087.5999755859375,0.75,1.59,-0.015328811851509805,0.040000000000000036,0.040000000000000036,-0.6342995811836116,-0.31952235228115095
2015-11-09,1087.9000244140625,0.76,1.6,0.0002758435578282814,0.010000000000000009,0.010000000000000009,-0.7146752732556522,-0.30473008813514485
2015-11-10,1088.199951171875,0.77,1.55,0.0002756553127856165,0.010000000000000009,-0.050000000000000044,-0.7596329997624071,-0.31157777904357425
2015-11-13,1080.800048828125,0.76,1.52,0.0,-0.020000000000000018,-0.020000000000000018,-0.8128684841793623,-0.36484467552653665
2015-11-16,1083.699951171875,0.76,1.51,0.0026795140483333313,0.0,-0.010000000000000009,-0.8483227972757402,-0.3923118163429957
2015-11-17,1068.699951171875,0.72,1.53,-0.013938156030504523,-0.040000000000000036,0.020000000000000018,-0.8766671776858522,-0.1247334934060209
2015-11-18,1068.800048828125,0.71,1.56,9.365862579890916e-05,-0.010000000000000009,0.030000000000000027,-0.8816266462220018,-0.15313540478959228
2015-11-19,1078.0,0.68,1.56,0.008570903001564822,-0.029999999999999916,0.0,-0.8841757992671146,-0.15723307212813556
2015-11-20,1076.4000244140625,0.66,1.6,-0.0014853099349743104,-0.020000000000000018,0.040000000000000036,-0.8771916434577124,-0.15529716395927992
2015-11-23,1066.800048828125,0.64,1.61,-0.008958603455464065,-0.020000000000000018,0.010000000000000009,-0.8528552460835287,-0.12871298461864888
2015-11-24,1074.300048828125,0.62,1.62,0.007005773045099417,-0.020000000000000018,0.010000000000000009,-0.8129239113640615,-0.23083144033017783
2015-11-25,1070.5,0.62,1.61,-0.003543503093865752,0.0,-0.010000000000000009,-0.7685884716057282,-0.17712076774628832
2015-11-30,1065.800048828125,0.62,1.59,0.009048221633438658,0.0,-0.010000000000000009,-0.6293011617008107,-0.14784199079815918
2016-01-26,1121.699951171875,0.65,1.36,0.013914673700545777,-0.039999999999999925,0.020000000000000018,-0.6012542847720889,-0.07362382318640033
2016-01-27,1116.0999755859375,0.62,1.4,-0.005004904333480553,-0.030000000000000027,0.039999999999999813,-0.6668896252776986,-0.051533124823784755
2016-01-28,1115.5999755859375,0.58,1.42,-0.0004480889181390779,-0.040000000000000036,0.020000000000000018,-0.692084895364508,0.0804027337019725
2016-01-29,1116.4000244140625,0.53,1.41,0.000716889661638298,-0.04999999999999993,-0.010000000000000009,-0.7023219358391151,0.09115312394256916
2016-02-01,1127.9000244140625,0.57,1.4,0.010248273760733895,0.039999999999999925,-0.010000000000000009,-0.7659503503872606,0.0747005757341678
2016-02-02,1127.300048828125,0.51,1.36,-0.0005320819267531363,-0.05999999999999994,-0.039999999999999813,-0.7843280284386805,-0.08052066534880739
2016-02-03,1141.300048828125,0.5,1.38,0.012342569977745299,-0.010000000000000009,0.019999999999999796,-0.8226982178970106,-0.04173195575531282
2016-02-04,1157.5999755859375,0.51,1.36,0.014180868884579034,0.010000000000000009,-0.019999999999999796,-0.8465143799736581,-0.05668617235172606
2016-02-05,1157.800048828125,0.53,1.33,0.00017281959106441036,0.020000000000000018,-0.030000000000000027,-0.8551674048792108,-0.026309963910272002
2016-02-08,1197.9000244140625,0.52,1.23,0.034048349299905745,-0.010000000000000009,-0.10000000000000009,-0.8333617401611235,-0.03758051771017784
2016-02-09,1198.699951171875,0.53,1.21,0.0006675513608165318,0.010000000000000009,-0.020000000000000018,-0.8234517913240097,-0.034846682696514183
2016-02-10,1194.699951171875,0.5,1.21,-0.0033425285262591586,-0.030000000000000027,0.0,-0.8319295270855005,-0.002640954149899143
2016-02-11,1247.9000244140625,0.45,1.18,0.04356709112536539,-0.04999999999999999,-0.030000000000000027,-0.8516109083175083,-0.1465367956975058
2016-02-12,1239.0999755859375,0.49,1.25,-0.00707686815854025,0.03999999999999998,0.07000000000000006,-0.8457521265177277,-0.21357943293258785
2016-02-17,1211.0999755859375,0.53,1.28,0.002645682545197481,0.0,0.030000000000000027,-0.8319042820720908,-0.294344930278197
2016-02-18,1226.0999755859375,0.51,1.24,0.012309362957954484,-0.020000000000000018,-0.040000000000000036,-0.8290517121177281,-0.30020778479671517
2016-02-19,1230.4000244140625,0.5,1.26,0.0035009592673835854,-0.010000000000000009,0.020000000000000018,-0.8327051629327881,-0.28524248300120125
2016-02-22,1209.5,0.46,1.31,-0.017132288543675323,-0.03999999999999998,0.050000000000000044,-0.8388182828187232,-0.23378196081114327
2016-02-23,1222.300048828125,0.42,1.32,0.010527318680876085,-0.040000000000000036,0.010000000000000009,-0.8457822877620563,-0.25220532221030445
2016-02-24,1238.699951171875,0.39,1.36,0.013328033410348716,-0.02999999999999997,0.040000000000000036,-0.855264817202916,-0.26025736710032543
2016-02-25,1238.199951171875,0.32,1.39,-0.00040373049094011293,-0.07,0.029999999999999805,-0.8491316777106913,-0.2500047457991419
2016-02-26,1219.800048828125,0.35,1.41,-0.014971721758396228,0.02999999999999997,0.020000000000000018,-0.8429862528944022,-0.30249134734425476
2016-02-29,1233.9000244140625,0.32,1.42,0.011492953798612149,-0.02999999999999997,0.010000000000000009,-0.8391336634127574,-0.2824535863184767
2016-03-01,1230.300048828125,0.35,1.48,-0.0029218229364778026,0.02999999999999997,0.06000000000000005,-0.8351101899768937,-0.31033601422470025
2016-03-02,1241.0999755859375,0.33,1.51,0.008739981710060185,-0.019999999999999962,0.030000000000000027,-0.8309337921682258,-0.30645896755422064
2016-03-03,1257.4000244140625,0.3,1.53,0.013048052901100782,-0.030000000000000027,0.020000000000000018,-0.8312757719813945,-0.3402525487048108
2016-03-04,1269.9000244140625,0.37,1.51,0.009892060054906615,0.07,-0.020000000000000018,-0.8207321427179154,-0.2411796998372753
2016-03-07,1263.199951171875,0.43,1.48,-0.005290031133051265,0.06,-0.030000000000000027,-0.7903390114112672,-0.2774522236837236
2016-03-08,1262.0999755859375,0.37,1.46,-0.0008711643665364477,-0.06,-0.020000000000000018,-0.7718668782677418,-0.24699576020321715
2016-03-09,1256.5999755859375,0.39,1.51,-0.0043673393804049,0.020000000000000018,0.050000000000000044,-0.7525489257381293,-0.24452164432284132
2016-03-10,1272.0,0.45,1.48,0.012180823359887682,0.06,-0.030000000000000027,-0.6983107454290931,-0.21214872381013047
2016-03-11,1258.699951171875,0.44,1.54,-0.010511061395113153,-0.010000000000000009,0.06000000000000005,-0.655649573498759,-0.21696248645864327
2016-03-14,1244.4000244140625,0.45,1.52,-0.011425897862329393,0.010000000000000009,-0.020000000000000018,-0.6370291700353721,-0.24023223574185837
2016-05-24,1228.9000244140625,0.31,1.55,-0.017903664652126672,0.010000000000000009,0.010000000000000009,-0.6183787073871985,-0.16075431311529065
2016-05-25,1223.5,0.29,1.58,-0.004403876274423624,-0.020000000000000018,0.030000000000000027,-0.651609085039659,-0.1650651266647304
2016-05-26,1220.0999755859375,0.25,1.58,-0.0027828013113238015,-0.03999999999999998,0.0,-0.6553023988378324,-0.11804634332774284
2016-05-27,1213.800048828125,0.27,1.58,-0.00517682794215979,0.020000000000000018,0.0,-0.6878843662137455,-0.10241062073590308
2016-06-01,1211.9000244140625,0.31,1.54,-0.002390098246246808,0.010000000000000009,0.0,-0.7535987906013405,-0.06815665352895917
2016-06-02,1209.800048828125,0.27,1.54,-0.0017342990864133156,-0.03999999999999998,0.0,-0.7540813922075356,-0.07008987548405023
2016-06-03,1240.0999755859375,0.19,1.52,0.02473690478824775,-0.08000000000000002,-0.020000000000000018,-0.7409738732103618,-0.2195754811196681
2016-06-06,1244.5999755859375,0.19,1.54,0.00362217169757173,0.0,0.020000000000000018,-0.7304704282970698,-0.21253755672316402
2016-06-07,1244.4000244140625,0.15,1.57,-0.00016066787650093062,-0.04000000000000001,0.030000000000000027,-0.7012400059924426,-0.2194488932517889
2016-06-08,1259.800048828125,0.12,1.59,0.012299511303835331,-0.03,0.020000000000000018,-0.686303326144387,-0.24119278599443253
2016-06-09,1270.199951171875,0.12,1.56,0.008221312981124385,0.0,-0.030000000000000027,-0.6913855426477795,-0.21897271103823596
2016-06-10,1273.4000244140625,0.12,1.52,0.002516177827683208,0.0,-0.040000000000000036,-0.7000499775566978,-0.15643121620047554
2016-06-13,1284.4000244140625,0.15,1.47,0.008601194468236706,0.03,-0.050000000000000044,-0.6915091374074748,-0.13710576154616952
2016-06-14,1285.5999755859375,0.17,1.45,0.0009338142093948676,0.020000000000000018,-0.020000000000000018,-0.7176215562950292,-0.18422180650663778
2016-06-15,1285.800048828125,0.13,1.47,0.0001556142495848789,-0.04000000000000001,0.020000000000000018,-0.7339923150770099,-0.19293435428745062
2016-06-16,1296.0999755859375,0.15,1.42,0.007978605910286873,0.01999999999999999,-0.050000000000000044,-0.731768475119206,-0.19332634456291745
2016-06-17,1292.5,0.2,1.42,-0.0027814092101872134,0.05000000000000002,0.0,-0.7069657199625844,-0.21321731132853056
2016-06-20,1290.0,0.24,1.43,-0.0019361090268663617,0.03999999999999998,0.010000000000000009,-0.6697689546071559,-0.32688503864241064
2016-06-21,1270.5,0.28,1.43,-0.015231694595499334,0.040000000000000036,0.0,-0.6343431321300174,-0.41176113049999846
2016-06-22,1268.0,0.25,1.44,-0.0019696677630474113,-0.030000000000000027,0.010000000000000009,-0.6221752119413226,-0.40909718499677494
2016-06-23,1261.199951171875,0.24,1.5,-0.005377246041874173,-0.010000000000000009,0.06000000000000005,-0.6108194150879442,-0.3922375836989118
2016-06-24,1320.0,0.15,1.42,0.045568126625119554,-0.09,-0.08000000000000007,-0.6173929890684013,-0.5525934436662423
2016-06-27,1322.5,0.12,1.34,0.0018921481520379757,-0.03,-0.07999999999999985,-0.6486220164567866,-0.55098387554338
2016-06-28,1315.300048828125,0.09,1.37,-0.005459071134537474,-0.03,0.030000000000000027,-0.6820071173889679,-0.5316026010934984
2016-06-29,1323.9000244140625,0.1,1.4,0.006517130786710901,0.010000000000000009,0.029999999999999805,-0.7089326638322138,-0.5244990980462327
2016-06-30,1318.4000244140625,0.09,1.4,-0.004163045711472968,-0.010000000000000009,0.0,-0.7455452780599359,-0.5806807284222911
2016-07-01,1336.699951171875,0.03,1.43,0.013784954775413638,-0.06,0.030000000000000027,-0.7840835610729837,-0.5801403415206456
2016-07-06,1364.9000244140625,-0.05,1.43,0.006247034498574777,-0.020000000000000004,0.030000000000000027,-0.8579013097482401,-0.5976110167266026
2016-07-07,1360.0999755859375,-0.03,1.43,-0.0035229752607088827,0.020000000000000004,0.0,-0.8698503767021264,-0.6046699517831021
2016-07-08,1356.5999755859375,-0.06,1.43,-0.0025766569730398814,-0.03,0.0,-0.873867783321472,-0.6008779141756189
2016-07-11,1355.0,0.01,1.42,-0.001180097201669561,0.06999999999999999,-0.010000000000000009,-0.8782464780298288,-0.6083382356741673
2016-07-12,1334.0999755859375,0.07,1.46,-0.015544565429065571,0.060000000000000005,0.040000000000000036,-0.8731416760858167,-0.6383780829908334
2016-07-13,1342.4000244140625,0.03,1.45,0.006202186015081601,-0.04000000000000001,-0.010000000000000009,-0.8647434458430477,-0.6410942118255551
2016-07-14,1331.300048828125,0.08,1.45,-0.008303129784920316,0.05,0.0,-0.8455279978043079,-0.6536179862106958
2016-07-15,1326.5,0.11,1.49,-0.0036120505371028955,0.03,0.040000000000000036,-0.8258139587976452,-0.6791821415710942
2016-07-18,1328.4000244140625,0.1,1.49,0.0014313343033443005,-0.009999999999999995,0.0,-0.8253208769923432,-0.6353755443313431
2016-07-19,1331.5,0.12,1.44,0.0023308973728486393,0.01999999999999999,-0.050000000000000044,-0.8178427470086903,-0.6321588962714157
2016-07-20,1318.800048828125,0.13,1.46,-0.009583857031749687,0.010000000000000009,0.020000000000000018,-0.8421113638235093,-0.6475614214984312
2016-07-21,1330.5,0.05,1.52,0.008832542195506221,-0.08,0.06000000000000005,-0.8785497824581329,-0.6353704484369967
2016-07-22,1323.0999755859375,0.06,1.51,-0.005577361821545779,0.009999999999999995,-0.010000000000000009,-0.9044068932025229,-0.6414345442082006
2016-07-25,1319.300048828125,0.08,1.5,-0.0028761196958368984,0.020000000000000004,-0.010000000000000009,-0.9308172849345735,-0.6439056824739587
2016-07-26,1320.699951171875,0.07,1.5,0.001060532177999285,-0.009999999999999995,0.0,-0.9351810466368262,-0.67378375272111
2016-07-27,1326.5999755859375,0.03,1.49,0.004457397609610503,-0.04000000000000001,-0.010000000000000009,-0.9316827808635588,-0.676882951789883
2016-07-28,1332.300048828125,0.0,1.52,0.004287548927691454,-0.03,0.030000000000000027,-0.9383873432127915,-0.6888990780286943
2016-07-29,1349.0,-0.03,1.49,0.012456768592093326,-0.03,-0.030000000000000027,-0.9397776152319065,-0.714849662972988
2016-08-01,1351.4000244140625,0.05,1.46,0.001777532976074525,0.08,-0.030000000000000027,-0.9300604771601574,-0.6685554662990708
2016-08-02,1364.4000244140625,0.11,1.44,0.009573679254285317,0.06,-0.020000000000000018,-0.8709390917137572,-0.60370734956786
2016-08-03,1356.0999755859375,0.09,1.46,-0.006101874347359093,-0.020000000000000004,0.020000000000000018,-0.8123192828902889,-0.5679484172575295
2016-08-04,1358.800048828125,0.04,1.47,0.0019890781304123806,-0.049999999999999996,0.010000000000000009,-0.7503436601877477,-0.5688509601625924
2016-08-05,1336.4000244140625,0.09,1.5,-0.016622543470038664,0.049999999999999996,0.030000000000000027,-0.6351641634139158,-0.6044241238333116
2016-08-08,1333.4000244140625,0.08,1.51,-0.0022473602575390217,-0.009999999999999995,0.010000000000000009,-0.6161386191860186,-0.5333006881073343
2016-09-15,1313.5,0.22,1.49,-0.006072124918748756,0.010000000000000009,0.0,-0.6192779039125209,-0.38986133216504265
2016-09-16,1305.800048828125,0.19,1.51,-0.005879412979798104,-0.03,0.020000000000000018,-0.6257379889933616,-0.35221677716465194
2016-09-19,1313.5,0.2,1.5,0.005879412979798104,0.010000000000000009,-0.010000000000000009,-0.6465417984620155,-0.27873475051128627
2016-09-20,1313.699951171875,0.2,1.49,0.00015221618146821214,0.0,-0.010000000000000009,-0.664921976456381,-0.283560965334771
2016-09-21,1326.9000244140625,0.15,1.51,0.009997866634651409,-0.05000000000000002,0.020000000000000018,-0.6567015882551104,-0.32802472065285976
2016-09-22,1340.4000244140625,0.08,1.55,0.010122682135452976,-0.06999999999999999,0.040000000000000036,-0.6490642274271106,-0.391069641072022
2016-09-23,1337.199951171875,0.05,1.57,-0.0023902560464241773,-0.03,0.020000000000000018,-0.6528952337242634,-0.379146787652038
2016-09-26,1339.699951171875,0.05,1.54,0.0018678328051375814,0.0,-0.030000000000000027,-0.658812168629109,-0.40399411774188165
2016-09-27,1325.9000244140625,0.04,1.52,-0.010354179302007438,-0.010000000000000002,-0.020000000000000018,-0.6274563850070923,-0.3980816454029326
2016-11-03,1302.0999755859375,0.14,1.68,-0.0036031111066421317,0.030000000000000013,-0.020000000000000018,-0.6304542919213075,-0.44753655298579387
2016-11-04,1303.300048828125,0.11,1.68,0.0009212200167434403,-0.030000000000000013,0.0,-0.6403347617214791,-0.39296883487305634
2016-11-07,1278.300048828125,0.12,1.71,-0.019368438629986606,0.009999999999999995,0.030000000000000027,-0.6268293951675615,-0.40115544320071744
2016-11-08,1273.4000244140625,0.15,1.73,-0.003840600616411116,0.03,0.020000000000000018,-0.6063331943765737,-0.40180728430358215
2016-11-17,1216.5,0.42,1.87,-0.005656004540798953,0.02999999999999997,0.040000000000000036,-0.6681918250825257,-0.5633421263483653
2016-11-18,1208.5,0.44,1.9,-0.006597962080038933,0.020000000000000018,0.029999999999999805,-0.7271066907984145,-0.567857187219802
2016-11-21,1209.5999755859375,0.42,1.91,0.0009097850981474309,-0.020000000000000018,0.010000000000000009,-0.7748200768215203,-0.5823746770612788
2016-11-22,1211.0,0.41,1.9,0.0011567583114064917,-0.010000000000000009,-0.010000000000000009,-0.8131158139334637,-0.5857245305829171
2016-11-23,1189.0999755859375,0.44,1.92,-0.018249766641106113,0.030000000000000027,0.020000000000000018,-0.839997872857678,-0.5972982831756218
2016-11-28,1190.5999755859375,0.47,1.85,0.010469552569007945,0.0,-0.039999999999999813,-0.8800425899560633,-0.5950001905767912
2016-11-29,1187.9000244140625,0.44,1.86,-0.0022702983658282605,-0.02999999999999997,0.010000000000000009,-0.891804407207586,-0.5803568691720693
2016-11-30,1170.800048828125,0.43,1.94,-0.014499745325127655,-0.010000000000000009,0.07999999999999985,-0.8993236671462603,-0.5425428233678404
2016-12-01,1166.9000244140625,0.48,1.97,-0.0033366367884370973,0.04999999999999999,0.030000000000000027,-0.9094061546604374,-0.5332333288409615
2016-12-02,1175.0999755859375,0.49,1.91,0.007002548829521338,0.010000000000000009,-0.06000000000000005,-0.9177187735272012,-0.5197314552518927
2016-12-05,1174.0,0.45,1.94,-0.0009365081756955718,-0.03999999999999998,0.030000000000000027,-0.9232418586582058,-0.5093999465528202
2016-12-06,1167.5999755859375,0.44,1.95,-0.005466382317694141,-0.010000000000000009,0.010000000000000009,-0.9274556561437857,-0.49780450758457223
2016-12-07,1175.0,0.42,1.92,0.0063178085079114155,-0.020000000000000018,-0.030000000000000027,-0.9295552172115797,-0.5138122836227872
2016-12-08,1169.800048828125,0.45,1.95,-0.004435311828759225,0.030000000000000027,0.030000000000000027,-0.9340269366557936,-0.49120055156577214
2016-12-09,1159.4000244140625,0.51,1.96,-0.008930184786370532,0.06,0.010000000000000009,-0.9454547148034932,-0.5023829437853694
2016-12-12,1163.5,0.51,1.98,0.00353005277921703,0.0,0.020000000000000018,-0.9493867907822472,-0.534314485327587
2016-12-13,1156.699951171875,0.53,1.95,-0.005861622654292908,0.020000000000000018,-0.030000000000000027,-0.9512198065959482,-0.5327968511885811
2016-12-14,1161.300048828125,0.6,1.94,0.003969028209747982,0.06999999999999995,-0.010000000000000009,-0.9528495618389596,-0.48100438965778797
2016-12-15,1127.800048828125,0.7,1.9,-0.029271233629700077,0.09999999999999998,-0.040000000000000036,-0.9520533266347219,-0.5623690680144552
2016-12-16,1135.300048828125,0.74,1.86,0.0066281005113921765,0.040000000000000036,-0.039999999999999813,-0.9390710118424758,-0.5361582657129772
2016-12-19,1140.5,0.68,1.86,0.004569786544949217,-0.05999999999999994,0.0,-0.9324650639621249,-0.554167454105393
2016-12-20,1131.5,0.67,1.9,-0.007922576650851276,-0.010000000000000009,0.039999999999999813,-0.923815977564778,-0.535805792911098
2016-12-21,1131.0999755859375,0.64,1.91,-0.0003535971206103383,-0.030000000000000027,0.010000000000000009,-0.9153389894712385,-0.5678925618043157
2016-12-22,1128.800048828125,0.6,1.95,-0.0020354241577118515,-0.040000000000000036,0.040000000000000036,-0.8994833009777905,-0.5617059763012896
2016-12-23,1131.9000244140625,0.58,1.97,0.0027424934122031175,-0.020000000000000018,0.020000000000000018,-0.881584512473495,-0.6340274133648615
2016-12-28,1139.4000244140625,0.56,1.95,0.0018447543496460383,-0.019999999999999907,-0.040000000000000036,-0.8548219349451375,-0.4691912678380143
2016-12-29,1156.4000244140625,0.55,1.94,0.014809922780900209,-0.010000000000000009,-0.010000000000000009,-0.8558232237519705,-0.4693033987276277
2016-12-30,1150.0,0.5,1.95,-0.005549809897020808,-0.050000000000000044,0.010000000000000009,-0.839979803011907,-0.4300370915807084
2017-01-04,1163.800048828125,0.47,1.99,0.0029257608917383493,0.0,0.010000000000000009,-0.8371960074574998,-0.43774194569944197
2017-01-05,1179.699951171875,0.42,1.95,0.013569572279167552,-0.04999999999999999,-0.040000000000000036,-0.8445544611025797,-0.4759486077321994
2017-01-06,1171.9000244140625,0.46,1.96,-0.006633743360060507,0.040000000000000036,0.010000000000000009,-0.8537020269555498,-0.48438824648111795
2017-01-09,1183.5,0.43,1.95,0.009849765856593251,-0.030000000000000027,-0.010000000000000009,-0.8581713813683304,-0.4846769111709852
2017-01-10,1184.199951171875,0.43,1.95,0.0005912499106308644,0.0,0.0,-0.8630935697922697,-0.47022604163447507
2017-01-11,1195.5999755859375,0.39,1.99,0.009580731125188535,-0.03999999999999998,0.040000000000000036,-0.8843389123089463,-0.5020064448831348
2017-01-12,1198.9000244140625,0.38,1.98,0.0027563590874688515,-0.010000000000000009,-0.010000000000000009,-0.89211384470909,-0.5149528765917194
2017-01-13,1195.300048828125,0.41,1.99,-0.0030072493432919956,0.02999999999999997,0.010000000000000009,-0.8942435118952791,-0.560179484336534
2017-01-18,1211.300048828125,0.42,2.0,-0.0005776842959903661,0.06,0.030000000000000027,-0.8868433052913555,-0.5818576372395359
2017-01-19,1200.9000244140625,0.43,2.04,-0.008622907336826913,0.010000000000000009,0.040000000000000036,-0.8836274883231677,-0.5963986243696031
2017-01-20,1204.300048828125,0.44,2.04,0.002827229814809762,0.010000000000000009,0.0,-0.8819741714614348,-0.6052541765821302
2017-01-23,1215.0,0.39,2.02,0.008845550963396676,-0.04999999999999999,-0.020000000000000018,-0.8873152151681993,-0.6147938689785453
2017-01-24,1210.300048828125,0.41,2.06,-0.0038757736862713443,0.019999999999999962,0.040000000000000036,-0.8912384550552932,-0.6124772813759953
2017-01-25,1197.300048828125,0.45,2.08,-0.010799240583716951,0.040000000000000036,0.020000000000000018,-0.8916209916838863,-0.6086386262701189
2017-01-26,1189.5,0.43,2.08,-0.006536011761648197,-0.020000000000000018,0.0,-0.8937070289920762,-0.5883021832793277
2017-01-27,1188.0999755859375,0.41,2.08,-0.0011776788275987826,-0.020000000000000018,0.0,-0.8946262534247134,-0.576800627127222
2017-01-30,1193.199951171875,0.42,2.07,0.004283360803183811,0.010000000000000009,-0.010000000000000231,-0.900997799681957,-0.6325114692382404
2017-01-31,1208.5999755859375,0.4,2.05,0.012823912008577132,-0.019999999999999962,-0.020000000000000018,-0.8957672819030612,-0.4449372976773107
2017-02-01,1205.5999755859375,0.43,2.05,-0.0024852966654380637,0.02999999999999997,0.0,-0.9090015354554791,-0.5155061123786208
2017-02-02,1216.699951171875,0.43,2.05,0.00916488760006029,0.0,0.0,-0.9107891422040125,-0.5015141086564405
2017-02-03,1218.5,0.44,2.05,0.0014783584034638864,0.010000000000000009,0.0,-0.8963861890991575,-0.5220091224623633
2017-02-06,1230.0,0.4,2.02,0.00939357530120244,-0.03999999999999998,-0.029999999999999805,-0.8833181710040995,-0.555719589014573
2017-02-07,1234.199951171875,0.4,2.0,0.003408777957932152,0.0,-0.020000000000000018,-0.8550116672980047,-0.5973825413578181
2017-02-08,1237.5999755859375,0.38,1.96,0.0027510532075201155,-0.020000000000000018,-0.040000000000000036,-0.8305253665207412,-0.597402234054933
2017-02-09,1235.0999755859375,0.41,1.99,-0.002022081854818225,0.02999999999999997,0.030000000000000027,-0.7840552223562021,-0.6090883228833953
2017-02-10,1234.4000244140625,0.4,2.01,-0.0005668768500655119,-0.009999999999999953,0.019999999999999796,-0.729334474755695,-0.6088557227501792
2017-02-13,1224.4000244140625,0.43,2.0,-0.008134093816161148,0.02999999999999997,-0.009999999999999787,-0.6789917959328696,-0.6526879888466763
2017-02-28,1252.5999755859375,0.34,2.02,-0.0038247447646631016,-0.009999999999999953,0.010000000000000231,-0.6110538882160991,-0.578666116248413
2017-03-01,1248.9000244140625,0.43,2.03,-0.002958188183111332,0.08999999999999997,0.009999999999999787,-0.6081268814336382,-0.5075950750332383
2017-03-10,1200.699951171875,0.57,2.01,-0.0014149003729180265,-0.030000000000000027,0.009999999999999787,-0.6254747030806528,-0.5194024772953956
2017-03-13,1202.4000244140625,0.61,2.01,0.0014149003729180265,0.040000000000000036,0.0,-0.7306368594557535,-0.5159364762858164
2017-03-14,1201.9000244140625,0.61,1.99,-0.000415921471574876,0.0,-0.019999999999999796,-0.8208044388988972,-0.5206007904970213
2017-03-15,1200.0999755859375,0.5,2.01,-0.0014987919775935055,-0.10999999999999999,0.019999999999999796,-0.8587568260580583,-0.40222424018950553
2017-03-16,1226.5,0.51,2.02,0.02175971840450508,0.010000000000000009,0.010000000000000231,-0.8867789532948956,-0.3065878950160381
2017-03-17,1229.800048828125,0.49,2.01,0.0026870095249433845,-0.020000000000000018,-0.010000000000000231,-0.8950774344513835,-0.31641198997281395
2017-03-20,1233.5999755859375,0.47,2.0,0.003085109794670693,-0.020000000000000018,-0.009999999999999787,-0.8994742597688561,-0.32290980213828757
2017-03-21,1246.0999755859375,0.45,1.98,0.010081950338284962,-0.019999999999999962,-0.020000000000000018,-0.8902723867071446,-0.3048357372497727
2017-03-22,1249.300048828125,0.43,1.97,0.0025647791657270602,-0.020000000000000018,-0.010000000000000009,-0.8824549368196789,-0.30908644112380995
2017-03-23,1246.9000244140625,0.46,1.95,-0.001922942939821759,0.030000000000000027,-0.020000000000000018,-0.8688437592762285,-0.3094079274895237
2017-03-24,1248.199951171875,0.42,1.98,0.0010419837987623026,-0.040000000000000036,0.030000000000000027,-0.8678352381532253,-0.30233904700587133
2017-03-27,1255.4000244140625,0.41,1.97,0.005751791949558438,-0.010000000000000009,-0.010000000000000009,-0.8673339647004036,-0.3076050213604089
2017-03-28,1255.300048828125,0.45,1.97,-7.96396089333129e-05,0.040000000000000036,0.0,-0.8573851860643413,-0.2846483656263118
2017-03-29,1253.4000244140625,0.41,1.98,-0.0015147484528919009,-0.040000000000000036,0.010000000000000009,-0.8601576047350531,-0.26591537396447584
2017-03-30,1245.0,0.46,1.96,-0.006724348370036104,0.050000000000000044,-0.020000000000000018,-0.854641397148923,-0.2959703099679336
2017-03-31,1247.300048828125,0.43,1.97,0.0018457243799128165,-0.030000000000000027,0.010000000000000009,-0.8535492465115928,-0.288579827313879
2017-04-03,1250.800048828125,0.39,1.96,0.0028021313424808625,-0.03999999999999998,-0.010000000000000009,-0.8593264510382393,-0.30261728648544894
2017-04-04,1255.0,0.4,1.96,0.0033521869446824226,0.010000000000000009,0.0,-0.8659904721324764,-0.29848756833650975
2017-04-05,1245.4000244140625,0.37,1.97,-0.00767878952414236,-0.030000000000000027,0.010000000000000009,-0.8832875285222509,-0.27514446032163814
2017-04-06,1250.300048828125,0.39,1.95,0.003926778512338913,0.020000000000000018,-0.020000000000000018,-0.8877328147884009,-0.23206627120371112
2017-04-07,1254.300048828125,0.44,1.94,0.003194125405133086,0.04999999999999999,-0.010000000000000009,-0.8863247372796188,-0.18316361004788348
2017-04-10,1251.0999755859375,0.44,1.93,-0.0025545421499373333,0.0,-0.010000000000000009,-0.8804557739837247,-0.18638685518181117
2017-04-11,1271.199951171875,0.41,1.91,0.015938153002180933,-0.030000000000000027,-0.020000000000000018,-0.8819200029298535,-0.23590783994000591
2017-04-12,1275.300048828125,0.38,1.9,0.003220185508955531,-0.02999999999999997,-0.010000000000000009,-0.8854503821711676,-0.2242136102410121
2017-04-13,1285.9000244140625,0.32,1.92,0.008277397941952813,-0.06,0.020000000000000018,-0.9010821057402273,-0.1858211109537641
2017-04-18,1291.699951171875,0.33,1.85,0.0017821296255693397,-0.04999999999999999,-0.029999999999999805,-0.9117979203128187,-0.18358159081958603
2017-04-19,1281.4000244140625,0.36,1.85,-0.00800589317895728,0.02999999999999997,0.0,-0.9193172731060986,-0.20758738594236642
2017-04-20,1281.9000244140625,0.39,1.85,0.0003901221057365234,0.030000000000000027,0.0,-0.910092803623399,-0.15243844204399748
2017-04-21,1287.4000244140625,0.4,1.84,0.0042813282190623525,0.010000000000000009,-0.010000000000000009,-0.8891736323270502,-0.10520102811460592
2017-04-24,1275.800048828125,0.41,1.87,-0.009051228501958164,0.009999999999999953,0.030000000000000027,-0.8684448770861615,-0.13762072254792387
2017-04-25,1265.5999755859375,0.44,1.91,-0.008027172357524037,0.030000000000000027,0.039999999999999813,-0.8385297135743998,-0.178610611498026
2017-04-26,1262.0999755859375,0.42,1.9,-0.002769317802299831,-0.020000000000000018,-0.010000000000000009,-0.8023734007805366,-0.16712736459808955
2017-04-27,1263.699951171875,0.39,1.91,0.0012669062050330027,-0.02999999999999997,0.010000000000000009,-0.778389038353695,-0.24385960679097257
2017-04-28,1266.0999755859375,0.37,1.92,0.0018974031177032558,-0.020000000000000018,0.010000000000000009,-0.7403816164518712,-0.35204688833331044
2017-05-01,1253.300048828125,0.41,1.92,-0.010161178666199255,0.03999999999999998,0.0,-0.699623661345398,-0.4005355802840649
2017-05-02,1255.0999755859375,0.41,1.88,0.0014351196373922903,0.0,-0.040000000000000036,-0.6633896739634313,-0.3954908108563923
2017-05-03,1246.4000244140625,0.46,1.87,-0.0069558155103681685,0.050000000000000044,-0.009999999999999787,-0.6640973633515884,-0.4228616406848224
2017-05-04,1226.5,0.5,1.86,-0.01609483100560194,0.03999999999999998,-0.010000000000000009,-0.7185330792340675,-0.45568333485151025
2017-05-05,1224.800048828125,0.5,1.86,-0.001386979488867901,0.0,0.0,-0.7553443947231421,-0.4549964244677682
2017-05-08,1225.300048828125,0.53,1.86,0.0004081465956584651,0.030000000000000027,0.0,-0.7912554508344956,-0.4468610875274668
2017-05-09,1214.300048828125,0.56,1.86,-0.009017932534638007,0.030000000000000027,0.0,-0.831885162908315,-0.4573838694106695
2017-05-10,1217.300048828125,0.56,1.85,0.0024675122566781837,0.0,-0.010000000000000009,-0.8558366333734959,-0.47149403960334996
2017-05-11,1222.699951171875,0.51,1.88,0.0044261566880958725,-0.050000000000000044,0.029999999999999805,-0.8682634167851184,-0.5070150322440099
2017-05-12,1226.199951171875,0.49,1.84,0.002858428292429771,-0.020000000000000018,-0.039999999999999813,-0.8720918668187239,-0.49243593428664306
2017-05-15,1228.5999755859375,0.52,1.82,0.001955373350477352,0.030000000000000027,-0.020000000000000018,-0.8791714693444196,-0.47130828221396953
2017-05-16,1235.0,0.51,1.82,0.005195680203700093,-0.010000000000000009,0.0,-0.8909855692562952,-0.4693962254314035
2017-05-17,1257.5,0.44,1.78,0.018054652911816405,-0.07,-0.040000000000000036,-0.8937834080093119,-0.5668711742123139
2017-05-18,1251.699951171875,0.43,1.8,-0.0046230346493647545,-0.010000000000000009,0.020000000000000018,-0.924664850259457,-0.6070746506855305
2017-05-19,1252.699951171875,0.41,1.82,0.0007985945473087952,-0.020000000000000018,0.020000000000000018,-0.9342453196318501,-0.620692835521946
2017-05-22,1260.699951171875,0.43,1.82,0.006365900634421884,0.020000000000000018,0.0,-0.93400598439136,-0.6378094170537432
2017-05-23,1254.800048828125,0.46,1.83,-0.004690847276664023,0.030000000000000027,0.010000000000000009,-0.9323052290067418,-0.645993364468736
2017-05-24,1252.4000244140625,0.45,1.81,-0.0019145062835237425,-0.010000000000000009,-0.020000000000000018,-0.9326005663188057,-0.6370986484643983
2017-05-25,1255.800048828125,0.45,1.8,0.002711128616023295,0.0,-0.010000000000000009,-0.9297024948260632,-0.6304410796689687
2017-05-26,1267.5999755859375,0.44,1.81,0.009352470994601347,-0.010000000000000009,0.010000000000000009,-0.9229961651202562,-0.5968648702160161
2017-05-31,1272.0,0.4,1.81,0.007813483979482783,0.0,0.0,-0.913102132929754,-0.616441702131312
2017-06-01,1267.0,0.4,1.81,-0.003938563578929077,0.0,0.0,-0.9078411728806639,-0.5980607418522195
2017-06-02,1276.800048828125,0.36,1.79,0.007705084616984159,-0.040000000000000036,-0.020000000000000018,-0.9105055701939037,-0.6338179846832451
2017-06-05,1279.300048828125,0.39,1.79,0.001956105552711307,0.030000000000000027,0.0,-0.9233629730184457,-0.6237124404317494
2017-06-06,1294.4000244140625,0.37,1.77,0.011734194674689391,-0.020000000000000018,-0.020000000000000018,-0.9243926459329467,-0.6300535716718771
2017-06-07,1290.0999755859375,0.4,1.78,-0.003327570358595544,0.030000000000000027,0.010000000000000009,-0.9166454123508903,-0.6184021075382772
2017-06-08,1276.300048828125,0.41,1.78,-0.010754410560722683,0.009999999999999953,0.0,-0.914319576301931,-0.6270190797920647
2017-06-09,1268.5,0.43,1.78,-0.006130205206869022,0.020000000000000018,0.0,-0.9139997436413345,-0.6409712526857709
2017-06-12,1266.0999755859375,0.46,1.75,-0.0018938097960150557,0.030000000000000027,-0.030000000000000027,-0.9103987481987432,-0.6394448376482691
2017-06-13,1265.800048828125,0.46,1.75,-0.00023691832720373895,0.0,0.0,-0.9093163532629839,-0.615136491996406
2017-06-14,1272.800048828125,0.44,1.71,0.005514864470222314,-0.020000000000000018,-0.040000000000000036,-0.9108415543032865,-0.6222806096787372
2017-06-15,1252.199951171875,0.49,1.67,-0.016317271069000938,0.04999999999999999,-0.040000000000000036,-0.9054142284326034,-0.6517924209233086
2017-06-16,1254.0,0.49,1.67,0.0014364768755275037,0.0,0.0,-0.8971118174766348,-0.6197605200069758
2017-06-19,1244.199951171875,0.52,1.67,-0.007845728356542736,0.030000000000000027,0.0,-0.8915738881494333,-0.6369400142425502
2017-06-20,1241.0,0.5,1.66,-0.0025752076317164807,-0.020000000000000018,-0.010000000000000009,-0.8854777027941818,-0.6313510322787363
2017-06-21,1243.4000244140625,0.5,1.66,0.0019320762655521406,0.0,0.0,-0.8678258654829438,-0.6107851902764319
2017-06-22,1247.5999755859375,0.46,1.69,0.0033721036946667837,-0.03999999999999998,0.030000000000000027,-0.8417285458341953,-0.6090165564307728
2017-06-23,1256.199951171875,0.45,1.7,0.0068695659857471725,-0.010000000000000009,0.010000000000000009,-0.8316158223007163,-0.6118792647100597
2017-06-26,1246.300048828125,0.43,1.71,-0.007912051139774334,-0.020000000000000018,0.010000000000000009,-0.8130587281610648,-0.5625197404845265
2017-06-27,1246.4000244140625,0.5,1.71,8.021469334718034e-05,0.07,0.0,-0.7943925916466763,-0.5270205877854995
2017-06-28,1248.0,0.49,1.73,0.0012828542252272257,-0.010000000000000009,0.020000000000000018,-0.779796925142707,-0.5249473216888758
2017-06-29,1244.199951171875,0.55,1.72,-0.003049556093049688,0.06000000000000005,-0.010000000000000009,-0.7813459504536883,-0.39884964836934833
2017-06-30,1240.699951171875,0.58,1.73,-0.002817016742802103,0.029999999999999916,0.010000000000000009,-0.7980253193929806,-0.42135529518387077
2017-07-03,1217.9000244140625,0.6,1.75,-0.018547612954424864,0.020000000000000018,0.020000000000000018,-0.8639460638084668,-0.4137025195395788
2017-07-06,1222.199951171875,0.61,1.76,0.0014737796623212063,0.030000000000000027,0.010000000000000009,-0.8988274378254525,-0.42262099145951293
2017-07-07,1208.5999755859375,0.66,1.73,-0.011189828782629085,0.050000000000000044,-0.030000000000000027,-0.9205119685175793,-0.4688382559328998
2017-07-10,1212.0999755859375,0.66,1.72,0.002891727607337913,0.0,-0.010000000000000009,-0.9312824151986998,-0.46881832058543854
2017-07-11,1213.5999755859375,0.62,1.75,0.0012367565827515747,-0.040000000000000036,0.030000000000000027,-0.9369007141658123,-0.4600772280636567
2017-07-12,1218.0999755859375,0.57,1.76,0.003701118745908616,-0.050000000000000044,0.010000000000000009,-0.9403338272332131,-0.5154128412361649
2017-07-13,1216.300048828125,0.58,1.77,-0.001478743893978951,0.010000000000000009,0.010000000000000009,-0.9390088832659327,-0.5229455341490178
2017-07-14,1226.5999755859375,0.57,1.76,0.008432590518839156,-0.010000000000000009,-0.010000000000000009,-0.9410152362282921,-0.5312624948024255
2017-07-17,1232.800048828125,0.54,1.77,0.00504195032537158,-0.029999999999999916,0.010000000000000009,-0.9408407395810258,-0.5170552035174962
2017-07-18,1241.0999755859375,0.51,1.76,0.006710018850760946,-0.030000000000000027,-0.010000000000000009,-0.9354624008670517,-0.5571222976482408
2017-07-19,1241.199951171875,0.51,1.76,8.055077060920013e-05,0.0,0.0,-0.925925398900009,-0.5464025103328606
2017-07-20,1244.800048828125,0.5,1.77,0.0028962994150303345,-0.010000000000000009,0.010000000000000009,-0.9228753872363716,-0.5492715169120779
2017-07-21,1254.300048828125,0.48,1.76,0.007602773309408839,-0.020000000000000018,-0.010000000000000009,-0.9158975522593381,-0.5709829792713242
2017-07-24,1253.9000244140625,0.48,1.78,-0.0003189732922193045,0.0,0.020000000000000018,-0.9105978097246342,-0.5642366020777746
2017-07-25,1251.699951171875,0.52,1.81,-0.0017561253424647205,0.040000000000000036,0.030000000000000027,-0.9037379756330777,-0.5593064015538164
2017-07-26,1249.0,0.49,1.8,-0.0021593571989519944,-0.030000000000000027,-0.010000000000000009,-0.9033000810388656,-0.5397475238362943
2017-07-27,1259.5999755859375,0.49,1.83,0.008450959718898865,0.0,0.030000000000000027,-0.8955059008273033,-0.5156090173105237
2017-07-28,1268.4000244140625,0.47,1.83,0.006962092067635872,-0.020000000000000018,0.0,-0.8886180974562896,-0.46178264973162797
2017-07-31,1266.5999755859375,0.48,1.82,-0.0014201571050573847,0.010000000000000009,-0.010000000000000009,-0.8814072606963206,-0.4640375051931104
2017-08-01,1272.5999755859375,0.47,1.79,0.004725906807240499,-0.010000000000000009,-0.030000000000000027,-0.8754946071872534,-0.44037101068859563
2017-08-02,1271.800048828125,0.48,1.79,-0.0006287743880610819,0.010000000000000009,0.0,-0.8708721884273646,-0.4601724837709303
2017-08-03,1267.800048828125,0.46,1.78,-0.0031501048621089822,-0.019999999999999962,-0.010000000000000009,-0.8773937676649224,-0.4395858020305189
2017-08-04,1258.300048828125,0.47,1.8,-0.007521510961367994,0.009999999999999953,0.020000000000000018,-0.8884165278342294,-0.4342893146249346
2017-08-07,1258.199951171875,0.46,1.8,-7.955307474905027e-05,-0.009999999999999953,0.0,-0.8915504929091924,-0.4293893018736882
2017-08-08,1256.4000244140625,0.46,1.83,-0.0014315812317580168,0.0,0.030000000000000027,-0.9211654053074635,-0.4820023806883711
2017-08-09,1273.0,0.42,1.82,0.013125811461156545,-0.040000000000000036,-0.010000000000000009,-0.927995457227803,-0.5798334283637234
2017-08-10,1283.699951171875,0.4,1.8,0.00837017549645136,-0.019999999999999962,-0.020000000000000018,-0.9378098898675895,-0.5878495008992513
2017-08-11,1287.699951171875,0.4,1.79,0.0031111483070125345,0.0,-0.010000000000000009,-0.9461670021458951,-0.5975479398734478
2017-08-14,1284.199951171875,0.45,1.77,-0.0027217250231359458,0.04999999999999999,-0.020000000000000018,-0.9479867800867172,-0.5842484162214144
2017-08-15,1273.699951171875,0.49,1.78,-0.008209906077677687,0.03999999999999998,0.010000000000000009,-0.9363252499818282,-0.6434437441292015
2017-08-16,1276.9000244140625,0.45,1.78,0.0025092722903705678,-0.03999999999999998,0.0,-0.9348519687113493,-0.6335268688182865
2017-08-17,1286.4000244140625,0.42,1.77,0.007412353852867426,-0.030000000000000027,-0.010000000000000009,-0.9348639479740729,-0.663765009408328
2017-08-18,1285.699951171875,0.43,1.76,-0.0005443592909450956,0.010000000000000009,-0.010000000000000009,-0.9300288144365028,-0.5968616283060487
2017-08-21,1290.800048828125,0.43,1.75,0.0039589398932564634,0.0,-0.010000000000000009,-0.9317079611109192,-0.5933481832822238
2017-08-22,1285.0999755859375,0.45,1.77,-0.004425701690303541,0.020000000000000018,0.020000000000000018,-0.9197845071902917,-0.6389117208828718
2017-08-23,1288.9000244140625,0.42,1.75,0.0029526430372124324,-0.030000000000000027,-0.020000000000000018,-0.911168429314887,-0.6518276033300158
2017-08-24,1286.5,0.44,1.75,-0.001863807630716252,0.020000000000000018,0.0,-0.8883094619605503,-0.6548992638846367
2017-08-25,1292.5,0.42,1.75,0.00465297466078507,-0.020000000000000018,0.0,-0.8718963668258903,-0.6692709352945984
2017-08-28,1309.699951171875,0.41,1.75,0.013219738670856351,-0.010000000000000009,0.0,-0.8543765428941612,-0.6270894079628377
2017-08-29,1313.0999755859375,0.39,1.74,0.0025926692188278366,-0.019999999999999962,-0.010000000000000009,-0.8616448795724482,-0.6122051029437523
2017-08-30,1308.0999755859375,0.39,1.76,-0.0038150512418457794,0.0,0.020000000000000018,-0.86374003657531,-0.6061208928050958
2017-08-31,1316.199951171875,0.36,1.76,0.006173075893794788,-0.030000000000000027,0.0,-0.8762135697305002,-0.6164510654579267
2017-09-01,1324.5,0.37,1.79,0.006286269787906917,0.010000000000000009,0.030000000000000027,-0.8888043877519466,-0.580112962870598
2017-09-06,1333.9000244140625,0.32,1.78,-0.003965383824777291,0.020000000000000018,0.010000000000000009,-0.9220163775557024,-0.6393878247995664
2017-09-07,1345.0999755859375,0.26,1.79,0.008361341114399679,-0.06,0.010000000000000009,-0.9296953470515636,-0.6922789331370823
2017-09-08,1346.0,0.25,1.81,0.0006688896405071532,-0.010000000000000009,0.020000000000000018,-0.934497177922508,-0.7159897509594856
2017-09-11,1331.0,0.31,1.83,-0.011206691809561242,0.06,0.020000000000000018,-0.9374021222897365,-0.7615283634721292
2017-09-12,1328.0,0.33,1.84,-0.002256488358733044,0.020000000000000018,0.010000000000000009,-0.9380122446956406,-0.7631988487495545
2017-09-13,1323.4000244140625,0.35,1.85,-0.003469850010435316,0.019999999999999962,0.010000000000000009,-0.9375255731487059,-0.7693254191209067
2017-09-14,1324.699951171875,0.35,1.85,0.0009817808045111676,0.0,0.0,-0.937029514066064,-0.7684153498106437
2017-09-15,1320.4000244140625,0.35,1.85,-0.0032512423615180808,0.0,0.0,-0.9356569220359132,-0.78882009525827
2017-09-18,1306.300048828125,0.36,1.87,-0.010735988597468271,0.010000000000000009,0.020000000000000018,-0.9315539251399032,-0.7738243869946756
2017-09-19,1306.199951171875,0.37,1.87,-7.662978472566806e-05,0.010000000000000009,0.0,-0.932016259575922,-0.7766655024507289
2017-09-20,1312.0,0.43,1.85,0.004430569417291252,0.06,-0.020000000000000018,-0.9171839153494685,-0.6901593800907544
2017-09-21,1290.5999755859375,0.44,1.83,-0.016445482919126064,0.010000000000000009,-0.020000000000000018,-0.9293706105196871,-0.6148196250131202
2017-09-22,1293.300048828125,0.42,1.84,0.0020899215909677693,-0.020000000000000018,0.010000000000000009,-0.9407919184612856,-0.6077343419477462
2017-09-25,1306.800048828125,0.38,1.84,0.010384308915688756,-0.03999999999999998,0.0,-0.9477150978374522,-0.633773172594478
2017-09-26,1297.0,0.4,1.84,-0.007527532775120527,0.020000000000000018,0.0,-0.9445542800570206,-0.647038146869572
2017-09-27,1283.4000244140625,0.44,1.87,-0.010541079977072876,0.03999999999999998,0.030000000000000027,-0.9405216653438577,-0.6523075935269792
2017-09-28,1285.5,0.44,1.87,0.001634922366573477,0.0,0.0,-0.940828712803508,-0.6572235527553913
2017-09-29,1281.5,0.49,1.84,-0.003116480901819152,0.04999999999999999,-0.030000000000000027,-0.943413214028823,-0.6378600302083649
2017-10-02,1272.699951171875,0.51,1.83,-0.006890677171901949,0.020000000000000018,-0.010000000000000009,-0.9492876919480195,-0.6432549033154504
2017-10-03,1271.5,0.49,1.84,-0.0009432837700495966,-0.020000000000000018,0.010000000000000009,-0.9532328492152807,-0.6383286570567811
2017-10-04,1273.699951171875,0.48,1.85,0.0017287063978832506,-0.010000000000000009,0.010000000000000009,-0.9549127069243296,-0.6354058187014849
2017-10-05,1269.9000244140625,0.49,1.86,-0.0029878358398844895,0.010000000000000009,0.010000000000000009,-0.9597119755984618,-0.6336545749964525
2017-10-06,1271.5999755859375,0.5,1.87,0.0013377544169914657,0.010000000000000009,0.010000000000000009,-0.9625202458264238,-0.630036065247148
2017-10-11,1285.800048828125,0.46,1.89,-0.0037260769024234364,-0.009999999999999953,0.010000000000000009,-0.9644622906840348,-0.6450582924371444
2017-10-12,1293.300048828125,0.44,1.89,0.005815998493391206,-0.020000000000000018,0.0,-0.9656595002769512,-0.6493284779877881
2017-10-13,1301.5,0.43,1.85,0.006320316258744185,-0.010000000000000009,-0.039999999999999813,-0.964156371690367,-0.6535570225426444
2017-10-16,1299.9000244140625,0.46,1.84,-0.00123008823915427,0.030000000000000027,-0.010000000000000009,-0.9573766011591763,-0.6369666470401794
2017-10-17,1283.0,0.48,1.82,-0.013086271579829223,0.019999999999999962,-0.020000000000000018,-0.9608867175535748,-0.651186593412415
2017-10-18,1279.9000244140625,0.5,1.84,-0.002419116678914257,0.020000000000000018,0.020000000000000018,-0.9580967964082405,-0.6018898041466528
2017-10-19,1286.9000244140625,0.49,1.84,0.005454275534116704,-0.010000000000000009,0.0,-0.9534812914909898,-0.6057980715195167
2017-10-20,1277.4000244140625,0.52,1.87,-0.007409463231041968,0.030000000000000027,0.030000000000000027,-0.9438210766045045,-0.5796312036533322
2017-10-23,1277.699951171875,0.52,1.86,0.00023476714183878755,0.0,-0.010000000000000009,-0.9276922039191186,-0.5789455331712732
2017-10-24,1275.0,0.55,1.87,-0.0021153697891094225,0.030000000000000027,0.010000000000000009,-0.9107256746454339,-0.5322633630869823
2017-10-25,1275.4000244140625,0.56,1.88,0.00031369543092374386,0.010000000000000009,0.009999999999999787,-0.8900726588193884,-0.5311212527788742
2017-10-26,1266.300048828125,0.57,1.89,-0.0071605730072059615,0.009999999999999898,0.010000000000000009,-0.8855661178220863,-0.5254042221338098
2017-10-27,1268.5,0.54,1.88,0.0017357990230921772,-0.029999999999999916,-0.010000000000000009,-0.8781599486347559,-0.5248025444717774
2017-10-30,1274.0999755859375,0.5,1.87,0.004404927786188395,-0.040000000000000036,-0.009999999999999787,-0.8572288034175214,-0.5437042569314388
2017-10-31,1267.0,0.5,1.88,-0.005588126504386004,0.0,0.009999999999999787,-0.8344018627520936,-0.5442307784725233
2017-11-01,1274.0999755859375,0.49,1.88,0.005588126504386004,-0.010000000000000009,0.0,-0.8095601741532626,-0.5528110777817243
2017-11-02,1274.9000244140625,0.48,1.87,0.0006277354683383862,-0.010000000000000009,-0.009999999999999787,-0.8152110898682191,-0.682845079864585
2017-11-03,1266.5,0.48,1.86,-0.0066105728521330676,0.0,-0.010000000000000009,-0.7832791519076795,-0.7129698398185175
2017-11-06,1279.4000244140625,0.46,1.86,0.010134046656737894,-0.019999999999999962,0.0,-0.7655247755755025,-0.7204459845579361
2017-11-07,1273.699951171875,0.44,1.88,-0.00446522483841072,-0.020000000000000018,0.019999999999999796,-0.6583383185297212,-0.6503998406940356
2017-11-08,1281.5999755859375,0.45,1.87,0.006183266004363475,0.010000000000000009,-0.009999999999999787,-0.6025741128265071,-0.6107095598502962
2017-11-09,1285.5999755859375,0.46,1.87,0.0031162381684790574,0.010000000000000009,0.0,-0.6084501610820245,-0.5532474529622492
2017-11-10,1272.4000244140625,0.52,1.88,-0.010320616370499636,0.06,0.009999999999999787,-0.6061568443578016,-0.6087860842716469
2017-11-13,1277.300048828125,0.52,1.88,0.003843613213939001,0.0,0.0,-0.6030196234866584,-0.6220731165998468
2018-04-17,1347.199951171875,0.68,2.14,-0.00022269553924481045,-0.029999999999999916,0.020000000000000018,-0.6081400669087561,-0.247570720068129
2018-04-18,1351.199951171875,0.71,2.16,0.0029647221128232815,0.029999999999999916,0.020000000000000018,-0.6225260228071446,-0.2614951416106771
2018-05-01,1303.800048828125,0.81,2.16,-0.009465644983154498,0.030000000000000027,-0.009999999999999787,-0.6182319812399218,-0.3112455829922914
2018-05-02,1302.5999755859375,0.8,2.17,-0.0009208665713247299,-0.010000000000000009,0.009999999999999787,-0.6101182731094205,-0.2965995724008077
2018-05-03,1310.699951171875,0.78,2.16,0.006199060002289869,-0.020000000000000018,-0.009999999999999787,-0.6049721077892368,-0.30418032426293395
2018-05-04,1312.699951171875,0.79,2.16,0.001524739240619688,0.010000000000000009,0.0,-0.6186628512751831,-0.2811693430001359
2018-05-07,1312.199951171875,0.78,2.17,-0.00038096691275768535,-0.010000000000000009,0.009999999999999787,-0.6424030874726886,-0.30633588916675797
2018-05-08,1312.0,0.81,2.16,-0.00015239019585600033,0.030000000000000027,-0.009999999999999787,-0.7146383805369677,-0.3168752185683319
2018-05-09,1311.300048828125,0.82,2.18,-0.0005336417302306273,0.009999999999999898,0.020000000000000018,-0.7234355875067984,-0.46023546782279173
2018-05-10,1320.800048828125,0.8,2.17,0.007218601800712321,-0.019999999999999907,-0.010000000000000231,-0.7378713629761703,-0.4902411936764355
2018-05-11,1319.0,0.82,2.15,-0.0013637768572012376,0.019999999999999907,-0.020000000000000018,-0.7774602167264462,-0.5110505168823575
2018-05-14,1316.5,0.85,2.15,-0.0018971737809501121,0.030000000000000027,0.0,-0.7699921369791124,-0.5173434943352019
2018-05-15,1288.9000244140625,0.9,2.18,-0.021187539583849002,0.050000000000000044,0.03000000000000025,-0.8127089412833005,-0.5635831924133764
2018-05-16,1290.199951171875,0.92,2.17,0.0010080469002327064,0.020000000000000018,-0.010000000000000231,-0.8391198286272313,-0.5540012504001925
2018-05-17,1288.199951171875,0.95,2.16,-0.0015513500441075578,0.029999999999999916,-0.009999999999999787,-0.8625550406952087,-0.5282305668159492
2018-05-18,1290.199951171875,0.91,2.15,0.0015513500441075578,-0.039999999999999925,-0.010000000000000231,-0.8810172361711158,-0.49836602514896816
2018-05-21,1290.199951171875,0.9,2.16,0.0,-0.010000000000000009,0.010000000000000231,-0.8887197679052901,-0.5051780659912425
2018-05-22,1291.699951171875,0.91,2.15,0.001161935183777274,0.010000000000000009,-0.010000000000000231,-0.8914685235498098,-0.5123185038090721
2018-05-23,1289.300048828125,0.87,2.14,-0.0018596691479242367,-0.040000000000000036,-0.009999999999999787,-0.878777480582672,-0.4235151881206177
2018-05-24,1303.699951171875,0.86,2.12,0.011106864926633264,-0.010000000000000009,-0.020000000000000018,-0.876058102301831,-0.42689630405968615
2018-05-25,1303.300048828125,0.84,2.09,-0.0003067912135685802,-0.020000000000000018,-0.03000000000000025,-0.8641430928688569,-0.41434951433465295
2018-05-30,1301.5,0.78,2.06,0.002153718916270364,0.050000000000000044,0.020000000000000018,-0.6994919530280038,-0.2551803723028529
2018-07-03,1251.5999755859375,0.71,2.12,0.00947259763675401,-0.020000000000000018,-0.020000000000000018,0.6555474180538803,-0.005721440255779655
2018-07-06,1254.300048828125,0.7,2.12,-0.0023889164756205616,-0.010000000000000009,-0.009999999999999787,0.7420487106691801,-0.010507077468421673
2018-07-09,1258.0999755859375,0.73,2.13,0.003024939992369191,0.030000000000000027,0.009999999999999787,0.7375265697744187,0.028289153542638317
2018-07-10,1253.800048828125,0.74,2.13,-0.003423648167605542,0.010000000000000009,0.0,0.7296578734305628,0.025334187257719368
2018-07-11,1242.800048828125,0.74,2.11,-0.008812040976282631,0.0,-0.020000000000000018,0.8048393269595137,-0.027430257083090055
2018-07-12,1245.0,0.75,2.1,0.0017685920911132413,0.010000000000000009,-0.009999999999999787,0.8218268657081463,-0.06807083975910543
2018-07-13,1239.5999755859375,0.72,2.11,-0.004346802680328388,-0.030000000000000027,0.009999999999999787,0.8732952009872855,-0.04400989266011763
2018-07-16,1238.0999755859375,0.75,2.1,-0.001210800510808241,0.030000000000000027,-0.009999999999999787,0.864781368543641,-0.014940282245593055
2018-07-17,1225.699951171875,0.77,2.09,-0.010065857197482764,0.020000000000000018,-0.010000000000000231,0.8082298958906259,-0.06208628156376354
2018-07-18,1226.300048828125,0.79,2.09,0.0004894760752298666,0.020000000000000018,0.0,0.7473941241031087,-0.011856374265571828
2018-07-19,1222.4000244140625,0.75,2.09,-0.0031853862009256773,-0.040000000000000036,0.0,0.7142253674982968,-0.01673003688463247
2018-07-20,1229.5,0.78,2.11,0.005791423271754859,0.030000000000000027,0.020000000000000018,0.6737503706140011,0.06744857205356705
2018-08-02,1210.5999755859375,0.86,2.12,-0.006011999848420935,-0.010000000000000009,-0.009999999999999787,-0.6880821463820578,-0.10026727803199889
2018-08-03,1214.199951171875,0.83,2.12,0.002969299191421193,-0.030000000000000027,0.0,-0.7508766993727081,-0.1447467337923914
2018-08-06,1208.5999755859375,0.83,2.11,-0.004622738754922473,0.0,-0.010000000000000231,-0.803088945470555,-0.1380910214381806
2018-08-07,1209.5999755859375,0.85,2.13,0.0008270615145109517,0.020000000000000018,0.020000000000000018,-0.8524567186705021,-0.12540142942203497
2018-08-08,1212.5999755859375,0.85,2.11,0.002477088262295979,0.0,-0.020000000000000018,-0.8727571201419264,-0.15054307166075712
2018-08-09,1211.9000244140625,0.82,2.11,-0.0005773983842614072,-0.030000000000000027,0.0,-0.8619778846789481,-0.18112755244713838
2018-08-10,1211.0999755859375,0.78,2.09,-0.0006603787513004278,-0.039999999999999925,-0.020000000000000018,-0.827240456338606,-0.16666162697493445
2018-08-13,1191.300048828125,0.78,2.1,-0.01648382857584263,0.0,0.010000000000000231,-0.7320579862415229,-0.13828399673647473
2018-08-14,1193.0,0.8,2.09,0.0014259543053389834,0.020000000000000018,-0.010000000000000231,-0.6870692802872307,-0.1515039432115119
2018-08-31,1200.300048828125,0.78,2.08,0.0021685560260156223,0.020000000000000018,-0.020000000000000018,0.6264795274035239,-0.16218178776579872
2018-10-25,1229.0999755859375,1.09,2.05,0.0010581845953803182,0.06000000000000005,-0.020000000000000018,0.6496133488572148,-0.2335266960331698
2018-10-26,1232.5,1.02,2.06,0.002762452559275985,-0.07000000000000006,0.010000000000000231,0.6551398134731394,-0.22386215065021842
2018-10-29,1224.5,1.02,2.06,-0.006512029524622598,0.0,0.0,0.6450844804745188,-0.20353946469493742
2018-10-30,1222.5999755859375,1.07,2.05,-0.0015528787665672894,0.050000000000000044,-0.010000000000000231,0.6554997751396995,-0.20887957724172154
2018-10-31,1212.300048828125,1.1,2.05,-0.008460296595855787,0.030000000000000027,0.0,0.6289077430414666,-0.22528616087216669
2018-11-01,1236.0,1.12,2.02,0.019360936987836475,0.020000000000000018,-0.029999999999999805,0.6570789703045822,-0.1740820655018355
2018-11-02,1230.9000244140625,1.16,2.06,-0.004134730067067771,0.039999999999999813,0.040000000000000036,0.682695715203746,-0.1861872051190397
2018-11-05,1229.800048828125,1.14,2.06,-0.0008940347270804949,-0.020000000000000018,0.0,0.6831713008151331,-0.19051007362806888
2018-11-06,1223.800048828125,1.15,2.07,-0.0048907822962700465,0.010000000000000009,0.009999999999999787,0.6725602938700779,-0.18942599340489613
2018-11-07,1226.199951171875,1.15,2.07,0.0019591045806830465,0.0,0.0,0.6658077156353925,-0.19070386309102497
2018-11-08,1222.9000244140625,1.17,2.07,-0.0026948093485055225,0.020000000000000018,0.0,0.6311491025905503,-0.22015787959192323
2018-12-10,1243.699951171875,0.99,1.86,-0.0024895396566160244,0.030000000000000027,-0.029999999999999805,-0.617715134153086,-0.25467188068897995
2018-12-11,1241.9000244140625,1.06,1.83,-0.0014482837866971465,0.07000000000000006,-0.030000000000000027,-0.6138880862360522,-0.2755803856190099
2018-12-18,1249.199951171875,1.01,1.81,0.0014419026574250537,-0.040000000000000036,0.0,-0.6345388765647302,-0.3652191956734791
2018-12-19,1252.0999755859375,0.97,1.8,0.0023188148550019605,-0.040000000000000036,-0.010000000000000009,-0.7016848653354303,-0.3445295588369049
2018-12-20,1263.5999755859375,1.03,1.76,0.00914264843048418,0.06000000000000005,-0.040000000000000036,-0.7023020290714058,-0.20880574410404024
2018-12-21,1253.800048828125,1.02,1.77,-0.007785791822915833,-0.010000000000000009,0.010000000000000009,-0.7144073353892704,-0.18023389812180723
2018-12-24,1267.5,0.99,1.75,0.010867477681361315,-0.030000000000000027,-0.020000000000000018,-0.7419504210016473,-0.21512907740284018
2018-12-27,1277.300048828125,1.03,1.74,0.0063617710388754745,-0.010000000000000009,-0.030000000000000027,-0.6716595568341495,-0.2635085712017373
2018-12-28,1279.9000244140625,0.99,1.73,0.0020334556603831544,-0.040000000000000036,-0.010000000000000009,-0.6623174060032643,-0.3118405794947875
2018-12-31,1278.300048828125,0.98,1.71,-0.0012508605650429772,-0.010000000000000009,-0.020000000000000018,-0.6592506496975283,-0.3160439191324809
2019-01-03,1291.800048828125,0.88,1.68,0.008395609500155388,-0.07999999999999996,-0.020000000000000018,-0.729941215513269,-0.3461673504653766
2019-01-04,1282.699951171875,0.91,1.76,-0.007069439157760371,0.030000000000000027,0.08000000000000007,-0.7522316812416471,-0.3813671414613123
2019-01-07,1286.800048828125,0.92,1.78,0.003191361071129606,0.010000000000000009,0.020000000000000018,-0.7645019344582565,-0.3615459152820972
2019-01-08,1283.199951171875,0.91,1.82,-0.0028016342498524693,-0.010000000000000009,0.040000000000000036,-0.7725687555963345,-0.3613681432624769
2019-01-09,1289.300048828125,0.91,1.83,0.004742553228195057,0.0,0.010000000000000009,-0.7790804816353574,-0.3566491805543467
2019-01-10,1284.699951171875,0.93,1.81,-0.0035742832584517714,0.020000000000000018,-0.020000000000000018,-0.7722037298554506,-0.3654468377655447
2019-01-11,1287.0999755859375,0.88,1.83,0.0018664166569104523,-0.050000000000000044,0.020000000000000018,-0.7504829376762204,-0.30438340061966196
2019-01-14,1289.0999755859375,0.9,1.81,0.0015526748231557974,0.020000000000000018,-0.020000000000000018,-0.7369943807965862,-0.2861980378489076
2019-01-15,1286.199951171875,0.91,1.81,-0.0022521847725425204,0.010000000000000009,0.0,-0.7379725610602211,-0.3060553970350756
2019-01-16,1291.5999755859375,0.91,1.82,0.004189644244261714,0.0,0.010000000000000009,-0.748950246451962,-0.31334611152699887
2019-01-17,1291.0,0.96,1.79,-0.0004646291352923271,0.04999999999999993,-0.030000000000000027,-0.740726443133064,-0.31161493942966045
2019-01-18,1281.300048828125,0.96,1.83,-0.0075418862228433525,0.0,0.040000000000000036,-0.7682529782795119,-0.26555296689079044
2019-01-23,1283.0999755859375,0.96,1.8,0.000467707828643249,0.010000000000000009,0.010000000000000009,-0.8435927025407344,-0.26272278869121946
2019-01-24,1279.0999755859375,0.95,1.77,-0.003122319355127523,-0.010000000000000009,-0.030000000000000027,-0.8674387260335884,-0.2341693443430103
2019-01-25,1297.4000244140625,0.97,1.79,0.01420559407819777,0.020000000000000018,0.020000000000000018,-0.8292741530820764,-0.12647646466928
2019-01-28,1302.4000244140625,0.97,1.78,0.003846454397078425,0.0,-0.010000000000000009,-0.7695171638676439,-0.12824856419174469
2019-01-29,1308.199951171875,0.94,1.78,0.004443374208731754,-0.030000000000000027,0.0,-0.7136301352301423,-0.13949423225685184
2019-01-30,1309.9000244140625,0.86,1.84,0.0012987078392665552,-0.07999999999999996,0.06000000000000005,-0.6939689119484282,-0.12834562636473676
2019-01-31,1319.699951171875,0.78,1.85,0.0074535839816558536,-0.07999999999999996,0.010000000000000009,-0.7219346595877234,-0.17969186931762662
2019-02-01,1316.9000244140625,0.82,1.88,-0.0021238927681554998,0.039999999999999925,0.029999999999999805,-0.7519084478391,-0.21101095050178592
2019-02-04,1314.300048828125,0.86,1.87,-0.0019762666158227304,0.040000000000000036,-0.009999999999999787,-0.7949353128657279,-0.2323344830925731
2019-02-05,1314.199951171875,0.84,1.87,-7.616332988291674e-05,-0.020000000000000018,0.0,-0.794410831443854,-0.34563423085419614
2019-02-06,1309.5,0.84,1.86,-0.0035826933617428836,0.0,-0.010000000000000009,-0.7920569607820801,-0.37320487401438646
2019-02-07,1309.4000244140625,0.81,1.84,-7.634929554711789e-05,-0.029999999999999916,-0.020000000000000018,-0.7948541178682283,-0.3437578729601348
2019-02-08,1313.699951171875,0.81,1.82,0.003278510654843636,0.0,-0.020000000000000018,-0.7877349013782863,-0.35824927046327903
2019-02-11,1307.0,0.83,1.82,-0.0051131116828413425,0.019999999999999907,0.0,-0.7838825150042693,-0.38509923436056004
2019-02-12,1309.199951171875,0.85,1.83,0.0016817917066491717,0.020000000000000018,0.010000000000000009,-0.7789683089055667,-0.37339019412900554
2019-02-13,1310.800048828125,0.85,1.86,0.0012214487444177635,0.0,0.030000000000000027,-0.7695470685191391,-0.3767562111958426
2019-02-14,1309.800048828125,0.81,1.85,-0.0007631840122668265,-0.039999999999999925,-0.010000000000000009,-0.7642693830806228,-0.35439188434417257
2019-02-15,1318.0999755859375,0.8,1.86,0.006316796133235769,-0.010000000000000009,0.010000000000000009,-0.7875395132515296,-0.26208981306829
2019-02-20,1343.300048828125,0.76,1.89,0.002385089610256408,-0.020000000000000018,0.019999999999999796,-0.8314659471062824,-0.23898163307006498
2019-02-21,1323.5,0.78,1.91,-0.014849566751192533,0.020000000000000018,0.020000000000000018,-0.8431398578911046,-0.28533151336441204
2019-02-22,1329.199951171875,0.74,1.91,0.0042974780783104904,-0.040000000000000036,0.0,-0.8532335008196698,-0.3045870192805538
2019-02-25,1325.9000244140625,0.75,1.92,-0.002485728211593319,0.010000000000000009,0.010000000000000009,-0.8555526493099828,-0.2962567805642454
2019-02-26,1325.0999755859375,0.72,1.92,-0.0006035826876003014,-0.030000000000000027,0.0,-0.8655332142871577,-0.2884504970162857
2019-02-27,1317.699951171875,0.76,1.93,-0.005600154350637432,0.040000000000000036,0.010000000000000009,-0.8635559268580021,-0.33229075201299835
2019-02-28,1312.800048828125,0.78,1.95,-0.0037254575258760525,0.020000000000000018,0.020000000000000018,-0.8585311209090485,-0.34026550144220646
2019-03-01,1296.4000244140625,0.8,1.96,-0.01257108687016828,0.020000000000000018,0.010000000000000009,-0.8230799002626031,-0.36939860616602477
2019-03-04,1284.800048828125,0.78,1.94,-0.008988108902638459,-0.020000000000000018,-0.020000000000000018,-0.7284401518237565,-0.3481291749222955
2019-03-05,1282.0,0.79,1.93,-0.002181743716337614,0.010000000000000009,-0.010000000000000009,-0.6217414113060861,-0.35218632813412504
2019-05-02,1269.699951171875,0.66,1.89,-0.009172635638249993,0.07000000000000006,-0.040000000000000036,-0.618573564865966,-0.5131283325259612
2019-05-03,1279.199951171875,0.63,1.91,0.0074542307295963894,-0.030000000000000027,0.020000000000000018,-0.6327862168805581,-0.5396622669960023
2019-05-06,1281.699951171875,0.6,1.91,0.0019524392904868293,-0.030000000000000027,0.0,-0.6039767803289142,-0.5288656970603225
2019-05-21,1272.0,0.6,1.83,-0.0032180677080839715,0.0,0.020000000000000018,-0.6110893648957656,-0.6939129544768707
2019-05-22,1273.5999755859375,0.6,1.79,0.001257052020717353,0.0,-0.040000000000000036,-0.6787396449177159,-0.6941817592116906
2019-05-23,1284.800048828125,0.58,1.73,0.008755585276167821,-0.020000000000000018,-0.06000000000000005,-0.6493800558095494,-0.695078796477917
2019-05-24,1283.0,0.56,1.76,-0.0014020165813164454,-0.019999999999999907,0.030000000000000027,-0.6387443464017714,-0.6887675010372533
2019-05-31,1305.800048828125,0.4,1.74,0.014424310458736933,-0.07999999999999996,0.0,-0.6932151412460054,-0.737734434333423
2019-06-03,1322.699951171875,0.34,1.73,0.012859147970709195,-0.06,-0.010000000000000009,-0.8165569160531767,-0.7753378911634998
2019-06-04,1323.4000244140625,0.38,1.74,0.0005291359094377057,0.03999999999999998,0.010000000000000009,-0.8543466810039253,-0.7618112131875024
2019-06-05,1328.300048828125,0.37,1.75,0.003695764872375662,-0.010000000000000009,0.010000000000000009,-0.8783760977247634,-0.7796962037791212
2019-06-06,1337.5999755859375,0.39,1.73,0.00697697917997786,0.020000000000000018,-0.020000000000000018,-0.8843869317938143,-0.7353819170061064
2019-06-07,1341.199951171875,0.35,1.74,0.0026877541074794564,-0.040000000000000036,0.010000000000000009,-0.903893411307348,-0.7294501017456466
2019-06-10,1324.699951171875,0.42,1.73,-0.012378717355321811,0.07,-0.010000000000000009,-0.908708250146828,-0.7710761373993598
2019-06-11,1326.4000244140625,0.43,1.72,0.0012825419568347485,0.010000000000000009,-0.010000000000000009,-0.9085557290398417,-0.7602191944958131
2019-06-12,1331.9000244140625,0.42,1.71,0.004137988749946864,-0.010000000000000009,-0.010000000000000009,-0.908272222455353,-0.7585758959527926
2019-06-13,1339.199951171875,0.42,1.68,0.005465871737307282,0.0,-0.030000000000000027,-0.90203479584769,-0.7516324470534214
2019-06-14,1340.0999755859375,0.46,1.63,0.0006718355335486592,0.040000000000000036,-0.050000000000000044,-0.8786754518924619,-0.7006937661194325
2019-06-17,1338.699951171875,0.48,1.61,-0.0010452624905257224,0.019999999999999962,-0.019999999999999796,-0.8547835711172244,-0.6958514831480813
2019-06-18,1346.5999755859375,0.42,1.64,0.005883921663461855,-0.06,0.029999999999999805,-0.8489113354839231,-0.7024107872268709
2019-06-19,1344.5999755859375,0.36,1.67,-0.0014863261032118658,-0.06,0.030000000000000027,-0.8564345192671281,-0.6455000562253603
2019-06-20,1392.9000244140625,0.27,1.74,0.03529136934367472,-0.08999999999999997,0.07000000000000006,-0.8766286608598142,-0.6959465519871808
2019-06-21,1396.199951171875,0.34,1.73,0.0023663033426526425,0.07,-0.010000000000000009,-0.8672158020169525,-0.6486194046208633
2019-06-24,1414.300048828125,0.31,1.71,0.012880517986897821,-0.030000000000000027,-0.020000000000000018,-0.8654912626740043,-0.6521498499360395
2019-06-25,1414.9000244140625,0.33,1.67,0.0004241309058388154,0.020000000000000018,-0.040000000000000036,-0.8625630143936508,-0.6438849673581521
2019-06-26,1411.5999755859375,0.35,1.7,-0.0023350789510780956,0.019999999999999962,0.030000000000000027,-0.8558326403832441,-0.64612793553971
2019-06-27,1408.4000244140625,0.33,1.68,-0.002269469890296527,-0.019999999999999962,-0.020000000000000018,-0.8576236933937162,-0.6380904137733315
2019-06-28,1409.699951171875,0.31,1.69,0.0009225555241272332,-0.020000000000000018,0.010000000000000009,-0.8604450399219332,-0.6266983254445622
2019-07-01,1385.5999755859375,0.34,1.69,-0.017243639951311174,0.030000000000000027,0.0,-0.856071856468979,-0.6272755442075951
2019-07-02,1404.5999755859375,0.33,1.65,0.013619306155092659,-0.010000000000000009,-0.040000000000000036,-0.8521656744075696,-0.6152681554307676
2019-07-03,1417.699951171875,0.31,1.65,0.00928325833838084,-0.020000000000000018,0.0,-0.8473442828893007,-0.6163494944503244
2019-07-08,1397.0,0.35,1.7,0.0002148039048739392,0.0,0.010000000000000009,-0.8328257434614301,-0.6400951953060431
2019-07-09,1397.5,0.36,1.71,0.00035784577229236447,0.010000000000000009,0.010000000000000009,-0.8187047893385235,-0.649083040908793
2019-07-10,1410.0999755859375,0.33,1.74,0.008975680500220129,-0.02999999999999997,0.030000000000000027,-0.7953730862305766,-0.6819429655928011
2019-07-11,1404.300048828125,0.36,1.77,-0.0041216137849033885,0.02999999999999997,0.030000000000000027,-0.7540151453078463,-0.6931547474924376
2019-07-12,1409.9000244140625,0.35,1.77,0.003979804442910684,-0.010000000000000009,0.0,-0.708020591012078,-0.6928026608578239
2019-07-15,1411.4000244140625,0.32,1.77,0.0010633396770112213,-0.02999999999999997,0.0,-0.7173033426212173,-0.663142341958824
2019-07-16,1409.199951171875,0.33,1.8,-0.0015600040469463394,0.010000000000000009,0.030000000000000027,-0.7758265855928319,-0.6459706216712396
2019-07-17,1421.300048828125,0.31,1.75,0.008549847281971168,-0.020000000000000018,-0.050000000000000044,-0.7990354591637305,-0.657368223628467
2019-07-18,1426.0999755859375,0.25,1.79,0.003371448523743048,-0.06,0.040000000000000036,-0.8274758306159871,-0.6362769642642044
2019-07-19,1425.0999755859375,0.25,1.8,-0.0007014590755680672,0.0,0.010000000000000009,-0.8342436016581167,-0.6550694041477189
2019-07-22,1425.300048828125,0.26,1.79,0.00014038257143056398,0.010000000000000009,-0.010000000000000009,-0.8670447038155341,-0.6642296030914445
2019-07-23,1420.0999755859375,0.27,1.81,-0.0036550776599471035,0.010000000000000009,0.020000000000000018,-0.8661511244186965,-0.6293261020137316
2019-07-24,1422.800048828125,0.26,1.79,0.0018995209334571328,-0.010000000000000009,-0.020000000000000018,-0.8593912455121988,-0.629401946000131
2019-07-25,1413.9000244140625,0.28,1.8,-0.006274934527660925,0.020000000000000018,0.010000000000000009,-0.8526526250427896,-0.6372275677874957
2019-07-26,1418.5,0.3,1.78,0.0032481143839335758,0.019999999999999962,-0.020000000000000018,-0.8421294772250876,-0.6316661915319953
2019-07-29,1419.5999755859375,0.29,1.77,0.0007751493255891972,-0.010000000000000009,-0.010000000000000009,-0.8048766465758252,-0.6433291675722671
2019-07-30,1429.699951171875,0.28,1.78,0.007089473307916094,-0.009999999999999953,0.010000000000000009,-0.7255029206109784,-0.6408511368449287
2019-07-31,1426.0999755859375,0.26,1.76,-0.0025211692591504686,-0.020000000000000018,-0.020000000000000018,-0.640109142032906,-0.6367643981708099
2019-08-01,1420.9000244140625,0.2,1.7,-0.0036529377971197263,-0.06,-0.06000000000000005,-0.669990555340844,-0.6204606037564794
2019-08-02,1445.5999755859375,0.2,1.66,0.0172339525633447,0.0,-0.040000000000000036,-0.8230674102976137,-0.3965103424569873
2019-08-05,1464.5999755859375,0.15,1.6,0.013057707568043142,-0.05000000000000002,-0.05999999999999983,-0.8765586786621339,-0.5190391465246532
2019-08-06,1472.4000244140625,0.11,1.62,0.005311588128471989,-0.039999999999999994,0.020000000000000018,-0.914946616543337,-0.5047923438924109
2019-08-07,1507.300048828125,0.09,1.62,0.023426264124912777,-0.020000000000000004,0.0,-0.9279496601106235,-0.48838811646683594
2019-08-08,1497.699951171875,0.07,1.65,-0.006389437814637411,-0.01999999999999999,0.029999999999999805,-0.9481384309613937,-0.45582256781704766
2019-08-09,1496.5999755859375,0.08,1.66,-0.0007347130630357412,0.009999999999999995,0.010000000000000009,-0.9564205774569227,-0.4700352906094014
2019-08-12,1505.300048828125,0.04,1.61,0.005796393970688207,-0.04,-0.04999999999999982,-0.9638774333484122,-0.4784316682086412
2019-08-13,1502.199951171875,0.05,1.63,-0.0020615785564279676,0.010000000000000002,0.019999999999999796,-0.9705116041377454,-0.42132559333761616
2019-08-14,1515.9000244140625,0.02,1.57,0.009078670323797056,-0.030000000000000002,-0.05999999999999983,-0.9741296000583377,-0.4498180387515566
2019-08-15,1519.5999755859375,-0.02,1.54,0.0024377881760617726,-0.04,-0.030000000000000027,-0.977493238437895,-0.4358042232069569
2019-08-16,1512.5,0.01,1.54,-0.004683215342362601,0.03,0.0,-0.9787539871256696,-0.36751544353462284
2019-08-19,1500.4000244140625,0.04,1.56,-0.008032155425562237,0.03,0.020000000000000018,-0.9788971840135956,-0.4147897547585303
2019-08-20,1504.5999755859375,0.02,1.53,0.0027953104204057055,-0.02,-0.030000000000000027,-0.9787524762740334,-0.4116825063004978
2019-08-21,1504.5999755859375,0.05,1.54,0.0,0.030000000000000002,0.010000000000000009,-0.9789874886338554,-0.39785711781580974
2019-08-22,1497.300048828125,0.07,1.55,-0.004863547145385283,0.020000000000000004,0.010000000000000009,-0.9792528455404056,-0.39560562125743387
2019-08-23,1526.5999755859375,-0.02,1.54,0.019379505617472148,-0.09000000000000001,-0.010000000000000009,-0.981607262662122,-0.5147307470192266
2019-08-26,1526.300048828125,0.0,1.54,-0.00019648645968040057,0.02,0.0,-0.9816626245461433,-0.5249500787602811
2019-08-27,1541.0,-0.06,1.55,0.009585018407868517,-0.06,0.010000000000000009,-0.9827667934221824,-0.536579613067073
2019-08-28,1537.800048828125,-0.08,1.55,-0.0020787009701006554,-0.020000000000000004,0.0,-0.983999630793067,-0.5275360877724348
2019-08-29,1526.5,-0.09,1.59,-0.007375322175081855,-0.009999999999999995,0.040000000000000036,-0.9795332614616075,-0.5318500251698198
2019-08-30,1519.0999755859375,-0.05,1.55,-0.004859495032714989,0.039999999999999994,-0.040000000000000036,-0.977477619168579,-0.5474597790919813
2019-09-04,1550.300048828125,-0.04,1.51,0.002842211273165418,-0.010000000000000002,0.010000000000000009,-0.9708514615037612,-0.4418208660516202
2019-09-05,1515.4000244140625,0.01,1.56,-0.022769045460323767,0.05,0.050000000000000044,-0.9687879737685511,-0.5241450013682192
2019-09-06,1506.199951171875,0.01,1.54,-0.006089556358749526,0.0,-0.020000000000000018,-0.9643656661760786,-0.5123201933412023
2019-09-09,1502.199951171875,0.06,1.57,-0.002659222501661951,0.049999999999999996,0.030000000000000027,-0.9585766451053039,-0.5225955121769945
2019-09-10,1490.300048828125,0.12,1.6,-0.007953193028797045,0.06,0.030000000000000027,-0.9476685146144898,-0.5459208307720493
2019-09-11,1494.4000244140625,0.15,1.6,0.0027473300929079514,0.03,0.0,-0.9246839886990936,-0.5339813499404279
2019-09-12,1498.699951171875,0.16,1.63,0.002873228259018923,0.010000000000000009,0.029999999999999805,-0.8792325144836686,-0.5404359871113007
2019-09-13,1490.9000244140625,0.23,1.67,-0.005218052260891781,0.07,0.040000000000000036,-0.8411409912245928,-0.6020748039193277
2019-09-16,1503.0999755859375,0.17,1.67,0.008149645086967361,-0.06,0.0,-0.7975812441609677,-0.6372640094995274
2019-09-17,1505.0999755859375,0.15,1.66,0.0013296990407196674,-0.020000000000000018,-0.010000000000000009,-0.7763633318594554,-0.6140269098005464
2019-09-18,1507.5,0.21,1.59,0.0015933246639150411,0.06,-0.06999999999999984,-0.751902689591425,-0.5829907250330578
2019-09-19,1498.4000244140625,0.18,1.61,-0.006054761178041268,-0.03,0.020000000000000018,-0.7551484061239596,-0.5699513445020886
2019-09-20,1507.300048828125,0.13,1.61,0.005922114787614063,-0.04999999999999999,0.0,-0.7556793266243882,-0.6046770668881579
2019-09-23,1523.699951171875,0.11,1.61,0.010821552218634345,-0.020000000000000004,0.0,-0.7308719088098197,-0.6077454419987801
2019-09-24,1532.0999755859375,0.06,1.58,0.0054977719571276396,-0.05,-0.030000000000000027,-0.7165239270030772,-0.6061995473519592
2019-09-25,1504.5999755859375,0.13,1.6,-0.0181122614868352,0.07,0.020000000000000018,-0.7273580533717827,-0.6471513446879805
2019-09-26,1507.5,0.13,1.57,0.0019255837015004218,0.0,-0.030000000000000027,-0.7281525533738917,-0.6380355774388764
2019-09-27,1499.0999755859375,0.16,1.53,-0.005587737868885334,0.03,-0.040000000000000036,-0.7357985135167168,-0.6445224116516167
2019-09-30,1465.699951171875,0.15,1.53,-0.02253200101306163,-0.010000000000000009,0.0,-0.7241141396513585,-0.5541931972995565
2019-10-01,1482.0,0.13,1.52,0.011059616136638084,-0.01999999999999999,-0.010000000000000009,-0.735007315920916,-0.5538822772465682
2019-10-02,1501.0,0.1,1.5,0.012739025777429802,-0.03,-0.020000000000000018,-0.7476287832548058,-0.5647885146681558
2019-10-03,1507.0999755859375,0.06,1.48,0.004055705592803882,-0.04000000000000001,-0.020000000000000018,-0.7510401616368324,-0.57178227833776
2019-10-04,1506.199951171875,0.02,1.5,-0.0005973679771029694,-0.039999999999999994,0.020000000000000018,-0.7485370295596551,-0.5576480111991907
2019-10-07,1497.699951171875,0.05,1.51,-0.005659324852886449,0.030000000000000002,0.010000000000000009,-0.7277603734163614,-0.49323943623031213
2019-10-08,1497.199951171875,0.06,1.48,-0.000333900978963797,0.009999999999999995,-0.030000000000000027,-0.7100677366571614,-0.49512716922564287
2019-10-09,1506.0999755859375,0.1,1.49,0.005926847590369988,0.04000000000000001,0.010000000000000009,-0.6800357208892611,-0.4317020445929572
2019-10-10,1494.800048828125,0.15,1.52,-0.007531060731031047,0.04999999999999999,0.030000000000000027,-0.645093386160363,-0.45231145401975975
2019-10-11,1482.699951171875,0.2,1.56,-0.008127734184569135,0.05000000000000002,0.040000000000000036,-0.6462773595074719,-0.48262265446444563
2019-10-16,1488.0,0.18,1.57,0.007013803030789134,-0.03,0.010000000000000009,-0.6144558028834355,-0.5495823843429801
2019-11-08,1461.300048828125,0.23,1.71,-0.001982500969778478,0.0,0.020000000000000018,-0.6183252166682376,-0.6327520824325373
2019-11-13,1461.699951171875,0.22,1.66,0.00658934076646478,0.0,-0.040000000000000036,-0.694601589753719,-0.7312749123517134
2019-11-14,1471.800048828125,0.2,1.62,0.006886066178064532,-0.01999999999999999,-0.039999999999999813,-0.7149939046738953,-0.735582420391767
2019-11-15,1467.300048828125,0.21,1.63,-0.003062164177332072,0.009999999999999981,0.009999999999999787,-0.7153832787451728,-0.7275191699069588
2019-11-18,1470.9000244140625,0.18,1.63,0.00245046443238639,-0.03,0.0,-0.6908267019713628,-0.7243814467391027
2019-11-19,1473.300048828125,0.16,1.63,0.0016303409319782247,-0.01999999999999999,0.0,-0.6681746865293398,-0.7485812466564141
2019-11-20,1473.300048828125,0.13,1.6,0.0,-0.03,-0.029999999999999805,-0.6426510157692686,-0.7316946930656723
2020-01-10,1557.5,0.07,1.76,0.0037308990396738295,-0.039999999999999994,0.020000000000000018,-0.6329690884927177,-0.452888131410214
2020-01-13,1548.4000244140625,0.08,1.77,-0.005859816190831424,0.009999999999999995,0.010000000000000009,-0.6597504529662273,-0.44284463868070245
2020-01-14,1542.4000244140625,0.05,1.77,-0.0038824947858762116,-0.03,0.0,-0.6651410623473661,-0.4555581272006783
2020-01-15,1552.0999755859375,0.04,1.75,0.006269176242541086,-0.010000000000000002,-0.020000000000000018,-0.6720408912679459,-0.4506980643398181
2020-01-16,1549.0,0.07,1.74,-0.0019992755105731064,0.030000000000000006,-0.010000000000000009,-0.7161428392899318,-0.3928983972653754
2020-01-17,1558.800048828125,0.09,1.75,0.006306764371860396,0.01999999999999999,0.010000000000000009,-0.7367917750257893,-0.3589376063405623
2020-01-22,1555.300048828125,0.05,1.72,-0.0007069933514571858,0.010000000000000002,-0.020000000000000018,-0.7584031411708617,-0.30051297762541235
2020-01-23,1564.5999755859375,0.04,1.7,0.005961700201771336,-0.010000000000000002,-0.020000000000000018,-0.7750963611922342,-0.30623087531481186
2020-01-24,1571.0999755859375,0.02,1.68,0.004145810767128388,-0.02,-0.020000000000000018,-0.7921861662676961,-0.30998915400489674
2020-01-27,1576.800048828125,-0.02,1.63,0.003621512391023707,-0.04,-0.050000000000000044,-0.8341955534766747,-0.30364719067800877
2020-01-28,1569.199951171875,0.0,1.65,-0.0048316035862789874,0.02,0.020000000000000018,-0.8251200353388872,-0.29642277985226007
2020-01-29,1569.800048828125,-0.04,1.64,0.0003823495785670872,-0.04,-0.010000000000000009,-0.8310166909705115,-0.24945847649373115
2020-01-30,1583.5,-0.07,1.64,0.008689333181302494,-0.030000000000000006,0.0,-0.8263764405096896,-0.25962360422183306
2020-01-31,1582.9000244140625,-0.14,1.65,-0.0003789638633726611,-0.07,0.010000000000000009,-0.8103487108770133,-0.21254318539444778
2020-02-03,1577.199951171875,-0.09,1.63,-0.0036075310705907526,0.05000000000000002,-0.020000000000000018,-0.8081035365220137,-0.24749124526492403
2020-02-04,1550.4000244140625,-0.03,1.64,-0.017138114161284967,0.06,0.010000000000000009,-0.7961835410080536,-0.3900600129058209
2020-02-05,1557.800048828125,0.0,1.66,0.004761622946684696,0.03,0.020000000000000018,-0.8048354476393604,-0.36453413983052957
2020-02-06,1565.0999755859375,-0.02,1.67,0.004675103267282488,-0.02,0.010000000000000009,-0.7921463558635459,-0.39607764067719653
2020-02-07,1568.5999755859375,-0.07,1.66,0.002233782116915606,-0.05,-0.010000000000000009,-0.7827108249241181,-0.3730422903672565
2020-02-10,1574.699951171875,-0.1,1.66,0.0038812607041434077,-0.03,0.0,-0.7647549348879594,-0.39924526282060857
2020-02-11,1565.5999755859375,-0.06,1.65,-0.0057956254306672506,0.04000000000000001,-0.010000000000000009,-0.7376696766663875,-0.42914260200602444
2020-02-12,1567.4000244140625,-0.04,1.66,0.0011490897071118056,0.019999999999999997,0.010000000000000009,-0.7064342462428588,-0.4247456014744489
2020-02-13,1575.0999755859375,-0.06,1.67,0.0049005356127649335,-0.019999999999999997,0.010000000000000009,-0.6681572876213001,-0.4317521889199724
2020-02-14,1582.699951171875,-0.07,1.66,0.0048134716803991395,-0.010000000000000009,-0.010000000000000009,-0.7009229090287562,-0.43679398232784106
2020-02-19,1607.5,-0.09,1.65,0.004676547883901705,0.010000000000000009,0.0,-0.7288697078588378,-0.4742640110040249
2020-02-20,1616.5999755859375,-0.11,1.63,0.005644986085864723,-0.020000000000000004,-0.020000000000000018,-0.7687965334072131,-0.5079613605036806
2020-02-21,1644.5999755859375,-0.15,1.61,0.0171720154941708,-0.039999999999999994,-0.019999999999999796,-0.7852820253987391,-0.4978973775014678
2020-02-24,1672.4000244140625,-0.21,1.59,0.016762556388819405,-0.06,-0.020000000000000018,-0.8251080972196091,-0.5558762007375904
2020-02-25,1646.9000244140625,-0.2,1.53,-0.015364987376213612,0.009999999999999981,-0.06000000000000005,-0.8540397442403915,-0.5465575084826312
2020-02-26,1640.0,-0.21,1.54,-0.004198505886171766,-0.009999999999999981,0.010000000000000009,-0.8692561340313768,-0.5322380848907414
2020-02-27,1640.0,-0.23,1.53,0.0,-0.020000000000000018,-0.010000000000000009,-0.8763923589476911,-0.5539794190072085
2020-02-28,1564.0999755859375,-0.28,1.41,-0.04738567874706412,-0.05000000000000002,-0.1200000000000001,-0.7310725291677691,-0.1737277955789083
2020-03-02,1592.300048828125,-0.31,1.41,0.01786897945635424,-0.02999999999999997,0.0,-0.6597996373125488,-0.18924172868628447
2020-03-03,1642.0999755859375,-0.43,1.45,0.030796353102672036,-0.12,0.040000000000000036,-0.6821301144005094,-0.37619930025145915
2020-03-04,1641.0999755859375,-0.44,1.46,-0.000609161821269133,-0.010000000000000009,0.010000000000000009,-0.6937869798284794,-0.3900509054922468
2020-03-05,1666.4000244140625,-0.48,1.4,0.015298891788606994,-0.03999999999999998,-0.06000000000000005,-0.7302432122338456,-0.40064748999587607
2020-03-06,1670.800048828125,-0.57,1.31,0.002636957249874783,-0.08999999999999997,-0.08999999999999986,-0.7613922682206525,-0.3826638925489502
2020-03-09,1674.5,-0.45,0.99,0.002212030386840702,0.11999999999999994,-0.32000000000000006,-0.7832391002322118,-0.3207839732099659
2020-03-10,1659.0999755859375,-0.24,1.0,-0.009239341300194326,0.21000000000000002,0.010000000000000009,-0.7718949098839697,-0.3387646734813006
2020-03-11,1641.4000244140625,-0.14,0.96,-0.010725720864527943,0.09999999999999998,-0.040000000000000036,-0.7464649061697628,-0.36466457216835774
2020-03-12,1589.300048828125,-0.04,0.92,-0.03225585264372555,0.1,-0.039999999999999925,-0.7402009764855506,-0.4372218375596763
2020-03-13,1515.699951171875,0.04,0.9,-0.047416352203101475,0.08,-0.020000000000000018,-0.7551566892574215,-0.4707137139691054
2020-03-16,1485.9000244140625,0.0,0.73,-0.01985668052992029,-0.04,-0.17000000000000004,-0.7500805769633622,-0.44215284369901836
2020-03-17,1524.9000244140625,0.39,0.63,0.02590818443844789,0.39,-0.09999999999999998,-0.7579213605682189,-0.0924492894589694
2020-03-18,1477.300048828125,0.55,0.63,-0.03171271975140133,0.16000000000000003,0.0,-0.8019549109648634,-0.15252304862164728
2020-03-19,1478.5999755859375,0.62,0.5,0.0008795472315563657,0.06999999999999995,-0.13,-0.829086110990745,-0.15102063876124258
2020-03-20,1484.0,0.17,0.75,0.0036454671159331653,-0.44999999999999996,0.25,-0.8306598275043718,-0.14673931508802296
2020-03-23,1567.0,-0.04,0.8,0.05442181862869511,-0.21000000000000002,0.050000000000000044,-0.8314808033233566,-0.25916012830250945
2020-03-24,1660.199951171875,-0.13,0.97,0.05777508425392419,-0.09,0.16999999999999993,-0.8196304134191199,-0.2832270203929621
2020-03-25,1632.300048828125,-0.19,1.07,-0.016947954536260745,-0.06,0.10000000000000009,-0.8203889309356601,-0.266318664521926
2020-03-26,1650.0999755859375,-0.24,1.07,0.010845784249569945,-0.04999999999999999,0.0,-0.8207255985563144,-0.26944817125104586
2020-03-27,1623.9000244140625,-0.22,0.94,-0.016005198817997446,0.01999999999999999,-0.13000000000000012,-0.8213864725805736,-0.2711423198148469
2020-03-30,1622.0,-0.25,0.95,-0.0011707228298982741,-0.03,0.010000000000000009,-0.8215937618391785,-0.27040435404746405
2020-03-31,1583.4000244140625,-0.17,0.87,-0.024085506519266886,0.07999999999999999,-0.07999999999999996,-0.818350057086457,-0.2828302806846327
2020-04-01,1578.199951171875,-0.29,0.91,-0.0032895230082807814,-0.11999999999999997,0.040000000000000036,-0.8052671123240017,-0.27733053437081084
2020-04-02,1625.699951171875,-0.4,1.03,0.029653536057228536,-0.11000000000000004,0.12,-0.8050362441290253,-0.296782314860682
2020-04-03,1633.699951171875,-0.46,1.08,0.004908888939362477,-0.06,0.050000000000000044,-0.8101761113252942,-0.2959921987094402
2020-04-06,1677.0,-0.47,1.14,0.026159131678807235,-0.009999999999999953,0.05999999999999983,-0.8291983805920395,-0.285471563638004
2020-04-07,1664.800048828125,-0.42,1.17,-0.007301457414060408,0.04999999999999999,0.030000000000000027,-0.8383790474777831,-0.2876539074444811
2020-04-08,1665.4000244140625,-0.42,1.19,0.00036032405214925234,0.0,0.020000000000000018,-0.8450722664853447,-0.28794027779173237
2020-04-09,1736.199951171875,-0.5,1.23,0.041633439372849246,-0.08000000000000002,0.040000000000000036,-0.8452774793222607,-0.30143119993816464
2020-04-14,1756.699951171875,-0.53,1.29,0.006797057351607627,-0.030000000000000027,0.030000000000000027,-0.862765577672726,-0.342313553544568
2020-04-15,1727.199951171875,-0.56,1.19,-0.016935449293475457,-0.030000000000000027,-0.10000000000000009,-0.8705035591368181,-0.3131976759984069
2020-04-16,1720.4000244140625,-0.42,1.03,-0.003944735829988666,0.14000000000000007,-0.15999999999999992,-0.8724113942239097,-0.31569848392068883
2020-04-17,1689.199951171875,-0.36,1.01,-0.0183018209467809,0.06,-0.020000000000000018,-0.8725156400000376,-0.31872006159825783
2020-04-20,1701.5999755859375,-0.31,0.94,0.007313955384595339,0.04999999999999999,-0.07000000000000006,-0.8720695013683228,-0.31538299628079586
2020-04-21,1678.199951171875,-0.38,0.96,-0.013847209197883181,-0.07,0.020000000000000018,-0.872458299755584,-0.30712618563008376
2020-04-22,1728.699951171875,-0.43,1.06,0.029647891342730937,-0.04999999999999999,0.10000000000000009,-0.8739469150769527,-0.3050235023305051
2020-04-23,1733.300048828125,-0.44,1.05,0.002657481434712672,-0.010000000000000009,-0.010000000000000009,-0.8766795703157905,-0.29611508966941485
2020-04-24,1723.5,-0.51,1.11,-0.005670027160958213,-0.07,0.06000000000000005,-0.879327796916009,-0.2626595092455906
2020-04-27,1711.9000244140625,-0.5,1.17,-0.00675322791480415,0.010000000000000009,0.05999999999999983,-0.881382197710282,-0.233127870904085
2020-04-28,1710.5,-0.52,1.14,-0.0008181536244569187,-0.020000000000000018,-0.030000000000000027,-0.8964375527651447,-0.24411857574665435
2020-04-29,1703.4000244140625,-0.51,1.14,-0.004159457378130504,0.010000000000000009,0.0,-0.8905377250317081,-0.43633901916215123
2020-04-30,1684.199951171875,-0.43,1.07,-0.011335623435517306,0.08000000000000002,-0.06999999999999984,-0.8672747346921559,-0.39036615393509655
2020-05-01,1694.5,-0.42,1.06,0.0060970674430942395,0.010000000000000009,-0.010000000000000009,-0.8558905850005668,-0.3888732568405902
2020-05-04,1706.9000244140625,-0.43,1.07,0.007291162026341169,-0.010000000000000009,0.010000000000000009,-0.7829642884613491,-0.594605251102498
2020-05-05,1704.4000244140625,-0.44,1.1,-0.0014657171235512578,-0.010000000000000009,0.030000000000000027,-0.7343966566880125,-0.4721089743385788
2020-05-06,1684.199951171875,-0.38,1.1,-0.011922512345884151,0.06,0.0,-0.7721432722240718,-0.4364241794329099
2020-05-07,1721.800048828125,-0.45,1.08,0.022079638978609317,-0.07,-0.020000000000000018,-0.7670572915538487,-0.5131156668532999
2020-05-08,1709.9000244140625,-0.43,1.12,-0.00693538005000871,0.020000000000000018,0.040000000000000036,-0.7682722093006514,-0.510144053661076
2020-05-11,1695.300048828125,-0.4,1.13,-0.008575158426649132,0.02999999999999997,0.009999999999999787,-0.747392670810664,-0.5124573562750465
2020-05-12,1704.4000244140625,-0.4,1.09,0.005353411843932676,0.0,-0.039999999999999813,-0.7131809646322261,-0.5153495425782796
2020-06-11,1732.0,-0.55,1.21,0.010855446283994041,-0.030000000000000027,-0.06000000000000005,-0.6117723907500447,-0.6207269581090094
2020-06-12,1729.300048828125,-0.5,1.21,-0.0015600795547294766,0.050000000000000044,0.0,-0.6276088353600617,-0.5917162219822881
2020-06-15,1720.300048828125,-0.52,1.23,-0.005218007981163453,-0.020000000000000018,0.020000000000000018,-0.6013294361510078,-0.5875181104740087
2020-06-16,1729.5999755859375,-0.52,1.27,0.005391431183017659,0.0,0.040000000000000036,-0.6015995874499027,-0.5842918613671675
2020-06-17,1729.199951171875,-0.52,1.26,-0.00023130821343642083,0.0,-0.010000000000000009,-0.6033043135940149,-0.5862265689789664
2020-06-22,1756.699951171875,-0.63,1.34,0.006166825249584562,-0.030000000000000027,0.040000000000000036,-0.6247406184819767,-0.4746558992119219
2020-06-23,1772.0999755859375,-0.66,1.38,0.008728248980421682,-0.030000000000000027,0.039999999999999813,-0.682651853708093,-0.4643985600415591
2020-06-24,1765.800048828125,-0.64,1.33,-0.003561397084781426,0.020000000000000018,-0.04999999999999982,-0.7102604519358138,-0.4756353936377308
2020-06-25,1762.0999755859375,-0.65,1.33,-0.0020976074000182976,-0.010000000000000009,0.0,-0.7326810767303398,-0.4692745068794569
2020-06-26,1772.5,-0.68,1.32,0.005884713686692855,-0.030000000000000027,-0.010000000000000009,-0.7893425404622119,-0.49975696884463283
2020-06-29,1774.800048828125,-0.7,1.34,0.0012967886103742998,-0.019999999999999907,0.020000000000000018,-0.8558579212460536,-0.4963741949556459
2020-06-30,1793.0,-0.68,1.34,0.010202426588476143,0.019999999999999907,0.0,-0.8791982699324437,-0.4471136930726304
2020-07-01,1773.199951171875,-0.68,1.37,-0.011104398270962434,0.0,0.030000000000000027,-0.9104395814527637,-0.4470660227088934
2020-07-02,1784.0,-0.73,1.41,0.006072237805784475,-0.04999999999999993,0.039999999999999813,-0.9390834167481841,-0.45320073246538284
2020-07-07,1804.199951171875,-0.78,1.43,0.008739973459877426,-0.020000000000000018,-0.020000000000000018,-0.9598232944571722,-0.4447885038647879
2020-07-08,1815.5,-0.75,1.42,0.006243658695440857,0.030000000000000027,-0.010000000000000009,-0.9569009802655961,-0.38459091021911423
2020-07-09,1799.199951171875,-0.77,1.39,-0.009018817348082742,-0.020000000000000018,-0.030000000000000027,-0.9590323724691812,-0.36207873192644274
2020-07-10,1798.199951171875,-0.76,1.41,-0.0005559571095261617,0.010000000000000009,0.020000000000000018,-0.9608476012582257,-0.3648724867219082
2020-07-13,1811.0,-0.78,1.42,0.0070930414866312574,-0.020000000000000018,0.010000000000000009,-0.9653869414368452,-0.36603199388253443
2020-07-14,1810.5999755859375,-0.78,1.41,-0.0002209103260355505,0.0,-0.010000000000000009,-0.9680977774873427,-0.36880585273801697
2020-07-15,1811.4000244140625,-0.77,1.41,0.0004417718614782018,0.010000000000000009,0.0,-0.9685387275967017,-0.3506856876089809
2020-07-16,1798.699951171875,-0.79,1.41,-0.007035885831272459,-0.020000000000000018,0.0,-0.9669233474260522,-0.2244080205591382
2020-07-17,1808.300048828125,-0.82,1.46,0.0053230498055762965,-0.029999999999999916,0.050000000000000044,-0.9738135126745125,-0.3288171992446308
2020-07-20,1815.9000244140625,-0.84,1.46,0.004194021617198729,-0.020000000000000018,0.0,-0.9698665730629038,-0.1584304843527723
2020-07-21,1842.4000244140625,-0.87,1.48,0.014487856747344985,-0.030000000000000027,0.020000000000000018,-0.9683614250946868,-0.14142717751091916
2020-07-22,1864.0999755859375,-0.88,1.48,0.011709267020526326,-0.010000000000000009,0.0,-0.9682286603740043,-0.12423263036075229
2020-07-23,1889.0999755859375,-0.9,1.49,0.013322162460929654,-0.020000000000000018,0.010000000000000009,-0.9571831757468287,-0.2335844246807705
2020-07-24,1897.300048828125,-0.92,1.51,0.00433133636651295,-0.020000000000000018,0.020000000000000018,-0.9527139261317896,-0.2118497509782678
2020-07-27,1931.0,-0.9,1.52,0.017606154822842335,0.020000000000000018,0.010000000000000009,-0.9315240944784513,-0.03417841428024924
2020-07-28,1944.699951171875,-0.92,1.51,0.007069694974014773,-0.020000000000000018,-0.010000000000000009,-0.9177733366791937,-0.055246441468716746
2020-07-29,1953.5,-0.95,1.53,0.004514937092595872,-0.029999999999999916,0.020000000000000018,-0.9210218816878867,-0.06135850539988311
2020-07-30,1942.300048828125,-0.97,1.52,-0.005749772517706475,-0.020000000000000018,-0.010000000000000009,-0.9326498439002637,-0.03285591441526965
2020-07-31,1962.800048828125,-1.0,1.55,0.010499187115099673,-0.030000000000000027,0.030000000000000027,-0.9378023220940821,-0.11827828381697651
2020-08-03,1966.0,-1.02,1.58,0.0016289716145934108,-0.020000000000000018,0.030000000000000027,-0.9453834020396537,-0.08513127312030988
2020-08-04,2001.199951171875,-1.05,1.57,0.01774595450751537,-0.030000000000000027,-0.010000000000000009,-0.9528680689072369,-0.1253329609878372
2020-08-05,2031.0999755859375,-1.06,1.61,0.014830529962694072,-0.010000000000000009,0.040000000000000036,-0.9579633672589535,-0.09736751706899509
2020-08-06,2051.5,-1.08,1.63,0.009993726704919936,-0.020000000000000018,0.019999999999999796,-0.9638995846172079,-0.03938372103895579
2020-08-07,2010.0999755859375,-1.04,1.61,-0.020386772968586264,0.040000000000000036,-0.019999999999999796,-0.9673967802538765,-0.28525017538098457
2020-08-10,2024.4000244140625,-1.02,1.61,0.007088912486167942,0.020000000000000018,0.0,-0.9671605687211867,-0.2558314815937148
2020-08-11,1932.5999755859375,-0.99,1.63,-0.046407138467370324,0.030000000000000027,0.019999999999999796,-0.96437564887444,-0.4137068368485224
2020-08-12,1934.9000244140625,-0.98,1.67,0.0011894242271690558,0.010000000000000009,0.040000000000000036,-0.968880843521337,-0.45492875021504914
2020-08-13,1956.699951171875,-0.96,1.67,0.011203697670107537,0.020000000000000018,0.0,-0.9707148608211603,-0.4021794078080385
2020-08-14,1937.0,-0.94,1.65,-0.010118971422733658,0.020000000000000018,-0.020000000000000018,-0.9695937927649917,-0.43861759363874736
2020-08-17,1985.0,-0.97,1.66,0.024478529714294872,-0.030000000000000027,0.010000000000000009,-0.9656771970325776,-0.47861179061628656
2020-08-18,1999.4000244140625,-1.01,1.68,0.007228233622484481,-0.040000000000000036,0.020000000000000018,-0.9645611071875771,-0.4707716527950154
2020-08-19,1958.699951171875,-0.99,1.67,-0.020566184811920962,0.020000000000000018,-0.010000000000000009,-0.9664220575502707,-0.5451485671158598
2020-08-20,1933.800048828125,-0.97,1.62,-0.012793958632575375,0.020000000000000018,-0.04999999999999982,-0.9629139912722,-0.5906292159560179
2020-08-21,1934.5999755859375,-1.0,1.64,0.0004135698294724932,-0.030000000000000027,0.019999999999999796,-0.9549201250898616,-0.576136688628935
2020-08-24,1927.699951171875,-1.02,1.67,-0.003573017054938177,-0.020000000000000018,0.030000000000000027,-0.938408930533547,-0.561791122627533
2020-08-25,1911.800048828125,-1.01,1.7,-0.008282324903756688,0.010000000000000009,0.030000000000000027,-0.9153416388132469,-0.5697972426743966
2020-08-26,1940.699951171875,-1.03,1.72,0.01500347538793445,-0.020000000000000018,0.020000000000000018,-0.8955595725842738,-0.578557690201233
2020-08-27,1921.5999755859375,-0.99,1.73,-0.009890547937341232,0.040000000000000036,0.010000000000000009,-0.8665360891659102,-0.6066775379381188
2020-08-28,1964.5999755859375,-1.03,1.77,0.02213049019313118,-0.040000000000000036,0.040000000000000036,-0.8335251066851713,-0.6340573184907159
2020-08-31,1967.5999755859375,-1.08,1.8,0.001525863699362695,-0.050000000000000044,0.030000000000000027,-0.7706549871596099,-0.6001649576385069
2020-09-01,1968.199951171875,-1.08,1.76,0.0003048811432240228,0.0,-0.040000000000000036,-0.7082184570364692,-0.5906377739913515
2020-09-25,1857.699951171875,-0.92,1.58,-0.005689815487671446,-0.010000000000000009,0.0,-0.6173145174193568,-0.6430643199910097
2020-09-28,1872.800048828125,-0.94,1.61,0.008095526135782904,-0.019999999999999907,0.030000000000000027,-0.6560801488225212,-0.644241631108697
2020-09-29,1894.300048828125,-0.98,1.64,0.01141473966161577,-0.040000000000000036,0.029999999999999805,-0.7049710941582915,-0.6450443611846861
2020-09-30,1887.5,-0.94,1.63,-0.0035962007873946433,0.040000000000000036,-0.010000000000000009,-0.741754910071372,-0.6188773287194177
2020-10-01,1908.4000244140625,-0.95,1.63,0.011012005311719975,-0.010000000000000009,0.0,-0.7556484313731856,-0.6166644663244036
2020-10-02,1900.199951171875,-0.94,1.64,-0.004306089358559362,0.010000000000000009,0.010000000000000009,-0.7673028422561703,-0.608841501317168
2020-10-05,1912.5,-0.9,1.68,0.006452168624350385,0.039999999999999925,0.040000000000000036,-0.743128729664608,-0.5608187248022071
2020-10-06,1901.0999755859375,-0.9,1.66,-0.0059786335451814665,0.0,-0.020000000000000018,-0.7442382825844457,-0.5739797305372453
2020-10-07,1883.5999755859375,-0.9,1.71,-0.009247826747493804,0.0,0.050000000000000044,-0.7706417173099499,-0.5623437731277892
2020-10-08,1888.5999755859375,-0.94,1.72,0.002650974493883851,-0.039999999999999925,0.010000000000000009,-0.7722134158199402,-0.5361456062842029
2020-10-09,1919.5,-0.94,1.73,0.0162289345389528,0.0,0.010000000000000009,-0.7681838400766867,-0.4976682675509817
2020-10-14,1901.300048828125,-0.96,1.69,0.006755025244469692,0.0,-0.010000000000000009,-0.7203667276570122,-0.3663955502430938
2020-10-15,1903.199951171875,-0.95,1.69,0.0009987659359627088,0.010000000000000009,0.0,-0.6824932862665625,-0.3632254791325348
2020-10-16,1900.800048828125,-0.95,1.71,-0.0012617784764215045,0.0,0.020000000000000018,-0.7285932856889443,-0.36592826116162624
2020-10-19,1906.4000244140625,-0.93,1.71,0.002941783734378589,0.019999999999999907,0.0,-0.7440854587337453,-0.3578076655669883
2020-10-20,1910.4000244140625,-0.91,1.72,0.0020959973869372206,0.020000000000000018,0.010000000000000009,-0.7200719025199431,-0.3555918071919475
2020-10-21,1924.5999755859375,-0.91,1.74,0.007405484259195738,0.0,0.020000000000000018,-0.6691739372679216,-0.3480431608411121
2020-10-22,1901.0999755859375,-0.89,1.76,-0.012285488081524853,0.020000000000000018,0.020000000000000018,-0.6254707978867313,-0.3602008348614326
2021-01-05,1952.699951171875,-1.07,2.03,0.004105306838480871,0.010000000000000009,0.020000000000000018,-0.7676258783194919,0.012566181543260477
2021-01-06,1906.9000244140625,-1.02,2.06,-0.023734105597418065,0.050000000000000044,0.03000000000000025,-0.8398254568187815,-0.18858505709065862
2021-01-07,1912.300048828125,-1.01,2.09,0.0028278319590517853,0.010000000000000009,0.029999999999999805,-0.8696876450289341,-0.14677415933721494
2021-01-08,1834.0999755859375,-0.93,2.06,-0.041752846956852,0.07999999999999996,-0.029999999999999805,-0.8687674515791391,-0.4817403120500042
2021-01-11,1849.5999755859375,-0.91,2.06,0.008415501632621947,0.020000000000000018,0.0,-0.8480724319079852,-0.45651049716395986
2021-01-12,1842.9000244140625,-0.93,2.08,-0.003628955192789718,-0.020000000000000018,0.020000000000000018,-0.8373342096628247,-0.5301265943447871
2021-01-13,1853.5999755859375,-0.96,2.06,0.005789249861382295,-0.029999999999999916,-0.020000000000000018,-0.8542915035383538,-0.5468322780307434
2021-01-14,1850.300048828125,-0.94,2.09,-0.0017818664700346432,0.020000000000000018,0.029999999999999805,-0.839476449468667,-0.69533027335725
2021-01-15,1829.300048828125,-0.99,2.1,-0.011414407787474268,-0.050000000000000044,0.010000000000000231,-0.806336991068721,-0.5818453231677236
2021-01-20,1865.9000244140625,-1.02,2.12,0.014249727942710066,-0.020000000000000018,0.020000000000000018,-0.7647757380561278,-0.5992766764717843
2021-01-21,1865.300048828125,-0.98,2.1,-0.00032159925993369143,0.040000000000000036,-0.020000000000000018,-0.7779407196756203,-0.5642713635697444
2021-01-22,1855.699951171875,-0.99,2.09,-0.005159967189823256,-0.010000000000000009,-0.010000000000000231,-0.784074765723801,-0.5551713155430797
2021-01-25,1854.9000244140625,-1.03,2.08,-0.0004311576432209918,-0.040000000000000036,-0.009999999999999787,-0.752037747706826,-0.5330524465357431
2021-01-26,1850.699951171875,-1.03,2.08,-0.0022668798944573965,0.0,0.0,-0.7134113131487095,-0.533111912316501
2021-01-27,1844.9000244140625,-1.04,2.08,-0.0031388308031132794,-0.010000000000000009,0.0,-0.6591953826159426,-0.5275499577902797
2021-02-25,1774.4000244140625,-0.6,2.14,-0.012322324448977184,0.19000000000000006,-0.029999999999999805,-0.6547267768842964,-0.26168116737099295
2021-02-26,1728.0999755859375,-0.71,2.15,-0.02643982642289977,-0.10999999999999999,0.009999999999999787,-0.7272051228596129,0.004609825108006541
2021-03-01,1722.5,-0.71,2.16,-0.0032458010444411656,0.0,0.010000000000000231,-0.777759879506107,0.004620417247059113
2021-03-02,1733.0999755859375,-0.78,2.2,0.006134974480583644,-0.07000000000000006,0.040000000000000036,-0.7876136167553557,-0.07333336879799773
2021-03-03,1715.300048828125,-0.74,2.21,-0.010323677486388405,0.040000000000000036,0.009999999999999787,-0.8009229196340502,-0.08142589079569257
2021-03-04,1700.199951171875,-0.66,2.2,-0.008842158417798451,0.07999999999999996,-0.009999999999999787,-0.8265743436182097,-0.07683561486677834
2021-03-05,1698.0,-0.66,2.22,-0.0012947745929183796,0.0,0.020000000000000018,-0.8522781108939868,-0.08404355966328264
2021-03-08,1677.699951171875,-0.62,2.21,-0.01202730919914341,0.040000000000000036,-0.010000000000000231,-0.8713658117603994,-0.10217276418956946
2021-03-09,1716.5999755859375,-0.66,2.21,0.022921797389634513,-0.040000000000000036,0.0,-0.87693723586727,-0.16564279697871517
2021-03-10,1721.5,-0.73,2.26,0.00285042771679489,-0.06999999999999995,0.04999999999999982,-0.8766513202226468,-0.18327357818166617
2021-03-11,1722.300048828125,-0.74,2.28,0.0004646314136564911,-0.010000000000000009,0.020000000000000018,-0.873753720629502,-0.18722521687804997
2021-03-12,1719.5,-0.62,2.26,-0.001627084319913763,0.12,-0.020000000000000018,-0.872692283254633,-0.17551622129588026
2021-03-15,1728.9000244140625,-0.65,2.27,0.005451831359563286,-0.030000000000000027,0.010000000000000231,-0.8698386852129064,-0.20261929170453713
2021-03-16,1730.5999755859375,-0.68,2.3,0.0009827728334723673,-0.030000000000000027,0.029999999999999805,-0.8685001926059085,-0.204523662248294
2021-03-17,1726.800048828125,-0.67,2.3,-0.002198142107380896,0.010000000000000009,0.0,-0.8635809572150739,-0.228281338810373
2021-03-18,1732.199951171875,-0.56,2.27,0.003122235750465663,0.10999999999999999,-0.029999999999999805,-0.8449732492267361,-0.1888592137707452
2021-03-19,1741.4000244140625,-0.57,2.31,0.005297152705863617,-0.009999999999999898,0.040000000000000036,-0.8392779164714772,-0.20668494494865122
2021-03-22,1737.800048828125,-0.64,2.33,-0.002069427911533417,-0.07000000000000006,0.020000000000000018,-0.8315072665294663,-0.19171479025836569
2021-03-23,1724.699951171875,-0.66,2.29,-0.007566879516500258,-0.020000000000000018,-0.040000000000000036,-0.816158904572079,-0.16781582625631844
2021-03-24,1732.9000244140625,-0.69,2.31,0.004743225748486957,-0.029999999999999916,0.020000000000000018,-0.7908023826020149,-0.17732460153609245
2021-03-25,1724.9000244140625,-0.69,2.32,-0.004627227810274803,0.0,0.009999999999999787,-0.7471162946700944,-0.16763340400791896
2021-03-26,1732.199951171875,-0.67,2.34,0.004223156783957904,0.019999999999999907,0.020000000000000018,-0.6957927636049741,-0.16210233085334777
2021-03-29,1712.0999755859375,-0.63,2.36,-0.011671575757387309,0.040000000000000036,0.020000000000000018,-0.6279596919283708,-0.17432169928853494
2021-04-21,1792.300048828125,-0.76,2.33,0.008404352241679014,-0.020000000000000018,0.010000000000000231,-0.6110708643755594,-0.40025047937730013
2021-04-22,1781.199951171875,-0.76,2.33,-0.0062124714463314135,0.0,0.0,-0.6916545725263131,-0.4016325643268608
2021-04-23,1777.0,-0.76,2.34,-0.0023607178798457085,0.0,0.009999999999999787,-0.7700551657836109,-0.40154235539308053
2021-04-26,1779.199951171875,-0.78,2.36,0.0012372484577465315,-0.020000000000000018,0.020000000000000018,-0.7831113826090044,-0.43258713416705746
2021-04-27,1778.0,-0.76,2.39,-0.000674660538547478,0.020000000000000018,0.03000000000000025,-0.7941661969488112,-0.426541025565588
2021-04-28,1773.199951171875,-0.78,2.41,-0.002703340739679483,-0.020000000000000018,0.020000000000000018,-0.8058898543712313,-0.42011380126401493
2021-04-29,1768.0999755859375,-0.77,2.42,-0.002880286458204928,0.010000000000000009,0.009999999999999787,-0.8117514702776826,-0.4206607621806502
2021-04-30,1767.300048828125,-0.76,2.41,-0.00045252405155782327,0.010000000000000009,-0.009999999999999787,-0.8398628290356767,-0.5562204747883928
2021-05-03,1791.4000244140625,-0.79,2.42,0.013544464845169024,-0.030000000000000027,0.009999999999999787,-0.9007451849865855,-0.568944428384628
2021-05-04,1775.800048828125,-0.81,2.42,-0.008746397574940445,-0.020000000000000018,0.0,-0.8996624980665108,-0.6099075206275749
2021-05-05,1784.0999755859375,-0.88,2.47,0.004663019601776064,-0.06999999999999995,0.050000000000000266,-0.8747558761998131,-0.6205949350344719
2021-05-06,1815.5,-0.87,2.45,0.01744683915797829,0.010000000000000009,-0.020000000000000018,-0.8936882654294831,-0.543737414199265
2021-05-07,1831.0999755859375,-0.89,2.49,0.008555953960273754,-0.020000000000000018,0.040000000000000036,-0.9143493739226679,-0.5483331149947436
2021-05-10,1837.5,-0.91,2.54,0.0034890862723271354,-0.020000000000000018,0.04999999999999982,-0.9262068895819392,-0.5651909100950835
2021-05-11,1835.9000244140625,-0.89,2.53,-0.000871114322687383,0.020000000000000018,-0.010000000000000231,-0.929604615587198,-0.5261948485612348
2021-05-12,1822.5999755859375,-0.85,2.54,-0.007270798097462006,0.040000000000000036,0.010000000000000231,-0.9386357408178435,-0.5602380033811021
2021-05-13,1823.800048828125,-0.85,2.51,0.000658223605463526,0.0,-0.03000000000000025,-0.9351675876814562,-0.59504725151207
2021-05-14,1837.9000244140625,-0.88,2.51,0.007701365482795097,-0.030000000000000027,0.0,-0.9347644500664097,-0.595501301755483
2021-05-17,1867.5,-0.9,2.54,0.01597700925187162,-0.020000000000000018,0.03000000000000025,-0.9228009948822702,-0.5978180154196531
2021-05-18,1867.800048828125,-0.88,2.52,0.00016065581069657497,0.020000000000000018,-0.020000000000000018,-0.9105783539336407,-0.5893634219411453
2021-05-19,1881.300048828125,-0.8,2.48,0.007201759353875126,0.07999999999999996,-0.040000000000000036,-0.8329457738114977,-0.4631702614411358
2021-05-20,1881.800048828125,-0.78,2.41,0.00026573834868415247,0.020000000000000018,-0.06999999999999984,-0.754935436703849,-0.45211547061593177
2021-05-21,1876.699951171875,-0.8,2.43,-0.002713902241079147,-0.020000000000000018,0.020000000000000018,-0.7013131352479937,-0.39266306540591533
2021-05-24,1884.5999755859375,-0.83,2.44,0.004200694539000516,-0.029999999999999916,0.009999999999999787,-0.6491872614503087,-0.3975620314808671
2021-05-25,1898.0999755859375,-0.86,2.42,0.007137789140429618,-0.030000000000000027,-0.020000000000000018,-0.6261698400324812,-0.3858693662006382
2021-07-29,1831.199951171875,-1.15,2.43,0.017462614454720082,0.0,0.020000000000000018,-0.7496345356003441,-0.055310436985481506
2021-07-30,1812.5999755859375,-1.16,2.4,-0.01020919782220897,-0.010000000000000009,-0.03000000000000025,-0.7392157336422449,0.019030924415641342
2021-08-02,1818.0999755859375,-1.17,2.37,0.003029721145291653,-0.010000000000000009,-0.029999999999999805,-0.7327371223878282,-0.001935069246385682
2021-08-03,1810.0999755859375,-1.19,2.38,-0.004409907432068039,-0.020000000000000018,0.009999999999999787,-0.7210936844534102,-0.07834158785653642
2021-08-04,1810.5,-1.16,2.35,0.0002209713408758418,0.030000000000000027,-0.029999999999999805,-0.7048698672406901,-0.14506552204089093
2021-08-05,1805.0999755859375,-1.1,2.33,-0.00298707183632807,0.05999999999999983,-0.020000000000000018,-0.6893797859241191,-0.18210163956657202
2021-09-27,1750.0,-0.87,2.35,0.00017147117355520436,0.0,0.010000000000000231,-0.667138824226472,-0.4858838168393666
2021-09-28,1735.800048828125,-0.84,2.38,-0.008147357577374947,0.030000000000000027,0.029999999999999805,-0.7527044833814485,-0.4830096912944757
2021-09-29,1721.5,-0.82,2.37,-0.008272426561606316,0.020000000000000018,-0.009999999999999787,-0.816897229048296,-0.49072754621939074
2021-09-30,1755.300048828125,-0.85,2.37,0.01944380650125943,-0.030000000000000027,0.0,-0.828741722032717,-0.5265874976687134
2021-10-01,1757.0,-0.9,2.38,0.0009679989072592932,-0.050000000000000044,0.009999999999999787,-0.8440928736837479,-0.5092973898185424
2021-10-04,1766.199951171875,-0.89,2.38,0.005222509201740166,0.010000000000000009,0.0,-0.8444449193948561,-0.5099936563369999
2021-10-05,1759.5999755859375,-0.91,2.45,-0.003743821789051971,-0.020000000000000018,0.07000000000000028,-0.8462782924671652,-0.4941663879646586
2021-10-06,1760.5,-0.9,2.43,0.0005113629953221732,0.010000000000000009,-0.020000000000000018,-0.8495699902599723,-0.49506348128116473
2021-10-07,1757.9000244140625,-0.88,2.46,-0.001477930901064184,0.020000000000000018,0.029999999999999805,-0.8507396977537821,-0.4969021672521855
2021-10-08,1756.300048828125,-0.89,2.5,-0.000910577464654061,-0.010000000000000009,0.040000000000000036,-0.8537505065643335,-0.49830281207586596
2021-10-13,1793.699951171875,-0.96,2.52,0.019933037412386057,-0.05999999999999994,0.029999999999999805,-0.8273978574830573,-0.5173179093867333
2021-10-14,1796.699951171875,-1.0,2.52,0.00167112342901099,-0.040000000000000036,0.0,-0.824440771747002,-0.5537325846846995
2021-10-15,1767.199951171875,-0.97,2.56,-0.01655527628627862,0.030000000000000027,0.040000000000000036,-0.8147814733792575,-0.5716566554140718
2021-10-18,1764.800048828125,-0.95,2.54,-0.0013589483086544618,0.020000000000000018,-0.020000000000000018,-0.8051620990288677,-0.5702673726166819
2021-10-19,1769.699951171875,-0.89,2.54,0.0027726159189187527,0.05999999999999994,0.0,-0.8305073815595758,-0.5603222039233646
2021-10-20,1784.0999755859375,-0.92,2.57,0.0081040596104609,-0.030000000000000027,0.029999999999999805,-0.8172239513322817,-0.5639558502177818
2021-10-21,1781.199951171875,-0.96,2.64,-0.0016268056619157534,-0.039999999999999925,0.07000000000000028,-0.8069467649043882,-0.5828142441825086
2021-10-22,1795.5,-0.98,2.64,0.007996267631640741,-0.020000000000000018,0.0,-0.787741702494745,-0.596797027026164
2021-10-25,1806.0,-1.02,2.66,0.005830920310793353,-0.040000000000000036,0.020000000000000018,-0.7944353167210375,-0.598863473423812
2021-10-26,1792.699951171875,-1.06,2.69,-0.007391618953336732,-0.040000000000000036,0.029999999999999805,-0.7926570369518191,-0.5435046186556965
2021-10-27,1797.9000244140625,-1.11,2.65,0.0028964946878655695,-0.050000000000000044,-0.040000000000000036,-0.7803446435896939,-0.5383048067738425
2021-10-28,1801.5999755859375,-1.0,2.57,0.0020558146825893076,0.1100000000000001,-0.08000000000000007,-0.7727626584844763,-0.436643456944681
2021-10-29,1783.0,-0.96,2.51,-0.010377806530908806,0.040000000000000036,-0.06000000000000005,-0.8226359945618936,-0.4493375376618566
2021-11-01,1795.0999755859375,-0.92,2.5,0.006763378213492821,0.039999999999999925,-0.009999999999999787,-0.8207940042508833,-0.4076408061058029
2021-11-02,1788.699951171875,-0.95,2.51,-0.0035716453755405553,-0.029999999999999916,0.009999999999999787,-0.8381973225012163,-0.3794151016540708
2021-11-03,1763.5999755859375,-0.93,2.53,-0.014131911060620617,0.019999999999999907,0.020000000000000018,-0.8368066805524921,-0.409368458342559
2021-11-04,1793.0,-1.03,2.56,0.016533033964661215,-0.09999999999999998,0.03000000000000025,-0.8418078182940054,-0.4918147781338303
2021-11-05,1816.4000244140625,-1.09,2.54,0.012966339059569343,-0.06000000000000005,-0.020000000000000018,-0.8653005642710658,-0.47364864757557273
2021-11-08,1827.4000244140625,-1.11,2.62,0.00603767125981669,-0.020000000000000018,0.08000000000000007,-0.8822205520123588,-0.4814207872910071
2021-11-09,1830.199951171875,-1.17,2.63,0.0015310188776389566,-0.05999999999999983,0.009999999999999787,-0.8950569102218432,-0.4698305441849872
2021-11-10,1847.5999755859375,-1.14,2.7,0.009462262540359312,0.030000000000000027,0.07000000000000028,-0.9017795080804601,-0.4106898038757786
2021-11-15,1866.0999755859375,-1.13,2.76,-0.0009641397790911554,0.020000000000000018,0.029999999999999805,-0.8945151377716939,-0.3904097036923949
2021-11-16,1853.5999755859375,-1.1,2.73,-0.006720997509486182,0.029999999999999805,-0.029999999999999805,-0.8909993253535639,-0.41946579179435656
2021-11-17,1869.699951171875,-1.1,2.7,0.008648283108735555,0.0,-0.029999999999999805,-0.8802530766582028,-0.41768537145581247
2021-11-18,1861.0,-1.14,2.73,-0.004663986413491195,-0.039999999999999813,0.029999999999999805,-0.8845591024272883,-0.3996656045577234
2021-11-19,1851.199951171875,-1.11,2.65,-0.005279926579310867,0.029999999999999805,-0.08000000000000007,-0.8830133391202579,-0.41345268354340053
2021-11-22,1806.0,-0.98,2.61,-0.024719596086009155,0.13000000000000012,-0.040000000000000036,-0.8718857248057797,-0.5554676294537926
2021-11-23,1783.5,-0.95,2.62,-0.01253672917798454,0.030000000000000027,0.010000000000000231,-0.8640861699842408,-0.5650842000069057
2021-11-24,1784.0999755859375,-0.97,2.61,0.00033634689746619983,-0.020000000000000018,-0.010000000000000231,-0.8558285240887558,-0.5636298906483095
2021-11-29,1782.300048828125,-1.02,2.54,-0.0016818032430743202,0.050000000000000044,-0.009999999999999787,-0.827149308750843,-0.5040652289063345
2021-11-30,1773.5999755859375,-1.07,2.5,-0.0048933268890927195,-0.050000000000000044,-0.040000000000000036,-0.7905483053380405,-0.4720931831657539
2021-12-01,1781.5999755859375,-1.01,2.44,0.004500457702866889,0.06000000000000005,-0.06000000000000005,-0.7800147500011572,-0.4397368871771175
2021-12-02,1760.699951171875,-1.03,2.47,-0.011800393739535231,-0.020000000000000018,0.03000000000000025,-0.7460722515877711,-0.43487350946057945
2021-12-03,1782.0,-1.08,2.43,0.01202489953057917,-0.050000000000000044,-0.040000000000000036,-0.721644124805305,-0.44766985851073854
2021-12-06,1777.5,-1.01,2.44,-0.002528446353358582,0.07000000000000006,0.009999999999999787,-0.7165356344229237,-0.4530607575502247
2021-12-07,1782.5999755859375,-0.99,2.47,0.002865076323460336,0.020000000000000018,0.03000000000000025,-0.7230690774434289,-0.44339125882969266
2021-12-08,1783.4000244140625,-1.0,2.52,0.00044870938953955886,-0.010000000000000009,0.04999999999999982,-0.7287065283405494,-0.4341756196566543
2021-12-09,1774.5999755859375,-0.98,2.47,-0.004946636746660182,0.020000000000000018,-0.04999999999999982,-0.7416256358460969,-0.466457692990775
2021-12-10,1782.9000244140625,-0.96,2.44,0.004666234090445087,0.020000000000000018,-0.03000000000000025,-0.7646922821995641,-0.4544260681728443
2021-12-13,1786.300048828125,-0.98,2.4,0.001905203055442506,-0.020000000000000018,-0.040000000000000036,-0.7692385679278751,-0.5100735428210905
2021-12-14,1770.4000244140625,-0.93,2.37,-0.008940945262644107,0.04999999999999993,-0.029999999999999805,-0.7748385170604682,-0.512224245087633
2021-12-15,1762.5999755859375,-0.92,2.39,-0.004415545712583402,0.010000000000000009,0.020000000000000018,-0.8065409955908782,-0.5461092806865759
2021-12-16,1796.5999755859375,-0.98,2.42,0.019105998391674817,-0.05999999999999994,0.029999999999999805,-0.8076844152572107,-0.5866503453330222
2021-12-17,1803.800048828125,-0.97,2.38,0.003999601595126023,0.010000000000000009,-0.040000000000000036,-0.7855336209174488,-0.5855842166835235
2021-12-20,1793.699951171875,-0.96,2.39,-0.005615079468241468,0.010000000000000009,0.010000000000000231,-0.7810055545817172,-0.5304166938301215
2021-12-21,1787.9000244140625,-0.96,2.44,-0.0032387379200198296,0.0,0.04999999999999982,-0.7809857233337124,-0.49383696606501
2021-12-22,1801.5999755859375,-1.01,2.47,0.007633384981113878,-0.050000000000000044,0.03000000000000025,-0.7767449922866811,-0.5063276647850685
2021-12-23,1811.199951171875,-0.97,2.47,0.005314436655822874,0.040000000000000036,0.0,-0.7686721683413539,-0.48656541937935
2021-12-28,1810.199951171875,-1.01,2.5,0.00116075276468397,0.010000000000000009,0.0,-0.7052970207057102,-0.5059755209558906
2021-12-29,1805.0999755859375,-0.98,2.53,-0.0028213310498177435,0.030000000000000027,0.029999999999999805,-0.6447164005997055,-0.5081040986720378
2021-12-30,1812.699951171875,-1.06,2.58,0.004201441162821951,-0.08000000000000007,0.050000000000000266,-0.6075210584378012,-0.5092939149710174
2022-03-08,2040.0999755859375,-1.04,2.9,0.022906282220362506,-0.050000000000000044,0.1299999999999999,-0.6748149398592703,-0.4028999765316979
2022-03-09,1985.9000244140625,-0.9,2.84,-0.02692659011377163,0.14,-0.06000000000000005,-0.7039935017519522,-0.5114019961732817
2022-03-10,1998.0999755859375,-0.88,2.86,0.00612449262362702,0.020000000000000018,0.020000000000000018,-0.7209311859234915,-0.47053399320778794
2022-03-11,1982.699951171875,-0.94,2.94,-0.007737189270017986,-0.05999999999999994,0.08000000000000007,-0.7497506837877987,-0.5257766527958938
2022-03-14,1959.5999755859375,-0.79,2.93,-0.011719169211707126,0.1499999999999999,-0.009999999999999787,-0.7865496342899452,-0.5969140331889609
2022-03-15,1928.5,-0.69,2.84,-0.01599785965743994,0.10000000000000009,-0.0900000000000003,-0.8150241499645697,-0.6282156593236196
2022-03-16,1908.0,-0.61,2.8,-0.01068692564005147,0.07999999999999996,-0.040000000000000036,-0.8371753047924415,-0.6449569727821656
2022-03-17,1942.0999755859375,-0.71,2.91,0.01771427625221378,-0.09999999999999998,0.11000000000000032,-0.8626921758088029,-0.6638729305030355
2022-03-18,1928.199951171875,-0.72,2.86,-0.007182949353329526,-0.010000000000000009,-0.050000000000000266,-0.8820828713558475,-0.6524777897707575
2022-03-21,1928.5999755859375,-0.58,2.9,0.00020743851021265414,0.14,0.040000000000000036,-0.8791942643906213,-0.6380031666685483
2022-03-22,1920.699951171875,-0.53,2.91,-0.004104660928568649,0.04999999999999993,0.010000000000000231,-0.8719597126613846,-0.6445080156076605
2022-03-23,1936.5999755859375,-0.62,2.94,0.00824416808200823,-0.08999999999999997,0.029999999999999805,-0.8648929952965451,-0.6500653715057826
2022-03-24,1961.5999755859375,-0.58,2.92,0.012826608725130306,0.040000000000000036,-0.020000000000000018,-0.838015856828119,-0.6228832694858859
2022-03-25,1953.800048828125,-0.47,2.95,-0.003984235085693122,0.10999999999999999,0.03000000000000025,-0.7817207894683896,-0.6264400968746693
2022-03-28,1939.5999755859375,-0.49,2.95,-0.007294465566171304,-0.020000000000000018,0.0,-0.764920405513673,-0.6247016919715991
2022-03-29,1912.0,-0.45,2.86,-0.01433193903268748,0.03999999999999998,-0.0900000000000003,-0.7574231845116104,-0.6413293024887933
2022-03-30,1933.5,-0.51,2.86,0.011182017436005331,-0.06,0.0,-0.7320272823405232,-0.6419663789908072
2022-03-31,1949.199951171875,-0.52,2.84,0.00808717487165822,-0.010000000000000009,-0.020000000000000018,-0.6900500059907052,-0.6442007533745454
2022-04-01,1919.0999755859375,-0.41,2.8,-0.015562693516429249,0.11000000000000004,-0.040000000000000036,-0.6758068552180293,-0.6669299362271465
2022-04-04,1929.199951171875,-0.38,2.8,0.005249070482197915,0.02999999999999997,0.0,-0.6501132087073105,-0.6634799935150218
2022-04-05,1922.9000244140625,-0.3,2.84,-0.0032709080317570027,0.08000000000000002,0.040000000000000036,-0.6325475404168629,-0.6616645681224664
2022-04-06,1918.4000244140625,-0.22,2.83,-0.00234295785350902,0.07999999999999999,-0.009999999999999787,-0.6242778061293274,-0.6600102487129427
2022-05-11,1852.5999755859375,0.21,2.7,0.0068788090723765904,-0.13000000000000003,0.050000000000000266,-0.6155646971794196,-0.35208469915197127
2022-05-12,1823.800048828125,0.25,2.59,-0.015667781369351985,0.04000000000000001,-0.11000000000000032,-0.6648959003084148,-0.3135812444087842
2022-05-13,1807.4000244140625,0.24,2.69,-0.009032901296614604,-0.010000000000000009,0.10000000000000009,-0.6922703713612741,-0.28391383704241635
2022-05-16,1813.5,0.2,2.68,0.0033693177472660096,-0.03999999999999998,-0.009999999999999787,-0.7391448004644635,-0.2498035398425776
2022-05-17,1818.199951171875,0.27,2.71,0.0025882941096000422,0.07,0.029999999999999805,-0.7821814646478099,-0.24006532897412955
2022-05-18,1815.9000244140625,0.17,2.72,-0.0012657478221989038,-0.1,0.010000000000000231,-0.8054375798636328,-0.2307079511857059
2022-05-19,1841.199951171875,0.25,2.59,0.013836280412999002,0.07999999999999999,-0.13000000000000034,-0.8269475840636376,-0.16553588177603634
2022-05-20,1841.800048828125,0.23,2.55,0.00032587437499831395,-0.01999999999999999,-0.040000000000000036,-0.8312054666812232,-0.1954182119697031
2022-05-23,1847.800048828125,0.26,2.6,0.0032523878632941816,0.03,0.050000000000000266,-0.8289237501157267,-0.19015203624688154
2022-05-24,1865.0999755859375,0.21,2.55,0.009318889191803237,-0.05000000000000002,-0.050000000000000266,-0.8211006809355418,-0.22151054218714072
2022-05-25,1846.199951171875,0.19,2.56,-0.010185211745309175,-0.01999999999999999,0.010000000000000231,-0.8075983806659407,-0.18894753407714224
2022-05-26,1847.4000244140625,0.13,2.62,0.0006498122657294658,-0.06,0.06000000000000005,-0.7923354705567861,-0.20960137948179408
2022-05-27,1851.300048828125,0.11,2.63,0.002108862996304417,-0.020000000000000004,0.009999999999999787,-0.7813642857202658,-0.21044113047477436
2022-06-01,1843.300048828125,0.29,2.65,0.0003256091489705071,0.07999999999999999,0.009999999999999787,-0.7926291631487884,-0.16876082535811074
2022-06-02,1866.5,0.26,2.66,0.012507549362994475,-0.02999999999999997,0.010000000000000231,-0.7658010630264841,-0.19448860226346512
2022-06-03,1845.4000244140625,0.22,2.74,-0.011368949980496978,-0.04000000000000001,0.08000000000000007,-0.7263131287847879,-0.17293025536469317
2022-06-06,1839.199951171875,0.28,2.76,-0.0033654014737374283,0.060000000000000026,0.019999999999999574,-0.6863337209885778,-0.16910314914235305
2022-06-07,1847.5,0.25,2.73,0.0045027059219524546,-0.030000000000000027,-0.029999999999999805,-0.6525749538894022,-0.22557734777885638
2022-06-29,1813.699951171875,0.74,2.36,-0.0020929997061278627,0.020000000000000018,-0.1200000000000001,-0.6064124212445468,-0.351128323281697
2022-06-30,1804.0999755859375,0.65,2.33,-0.005307091775333284,-0.08999999999999997,-0.029999999999999805,-0.6661146762780701,-0.32726150680441873
2022-07-01,1798.9000244140625,0.54,2.34,-0.0028864583859107285,-0.10999999999999999,0.009999999999999787,-0.7225545486844595,-0.3165327385239075
2022-08-15,1781.4000244140625,0.35,2.44,-0.009608985203733766,-0.020000000000000018,-0.03000000000000025,-0.6551538097389566,-0.44611581313413157
2022-08-16,1773.199951171875,0.38,2.44,-0.004613789368584698,0.030000000000000027,0.0,-0.6673442199083464,-0.5170174817376855
2022-08-17,1760.300048828125,0.43,2.46,-0.0073015195437200475,0.04999999999999999,0.020000000000000018,-0.6675160341230515,-0.4709942972805219
2022-08-18,1755.300048828125,0.36,2.52,-0.0028444665106128753,-0.07,0.06000000000000005,-0.6776772004508856,-0.4594370827840397
2022-08-19,1747.5999755859375,0.43,2.55,-0.00439640617260828,0.07,0.029999999999999805,-0.702247246159468,-0.47757143660060014
2022-08-22,1734.0,0.46,2.57,-0.007812525766742517,0.030000000000000027,0.020000000000000018,-0.7074860167268135,-0.5084328791001272
2022-08-23,1746.800048828125,0.47,2.58,0.007354692223818127,0.009999999999999953,0.010000000000000231,-0.7002772993983409,-0.5030939482876601
2022-08-24,1747.800048828125,0.49,2.62,0.0005723115660449807,0.020000000000000018,0.040000000000000036,-0.6993847098387905,-0.4962068613063332
2022-08-25,1757.699951171875,0.43,2.6,0.005648226308946569,-0.06,-0.020000000000000018,-0.6705385366602702,-0.5291251617065486
2022-08-26,1736.0999755859375,0.47,2.57,-0.01236490425398351,0.03999999999999998,-0.03000000000000025,-0.649756278588693,-0.5431700450026689
2022-08-29,1736.5999755859375,0.54,2.58,0.000287960382690855,0.07000000000000006,0.010000000000000231,-0.6255478087376611,-0.5432383490449341
2022-08-30,1723.199951171875,0.56,2.55,-0.007746165501607116,0.020000000000000018,-0.03000000000000025,-0.6075614526514319,-0.544100080291276
2022-09-01,1696.5999755859375,0.81,2.45,-0.009503252799611062,0.14,-0.029999999999999805,-0.6388780062409185,-0.566958569562326
2022-09-02,1709.800048828125,0.73,2.47,0.007750199166291161,-0.08000000000000007,0.020000000000000018,-0.6785948172366009,-0.5578685972199193
2022-09-07,1715.300048828125,0.82,2.45,0.008724489039539485,-0.030000000000000027,-0.029999999999999805,-0.7547513043196441,-0.5744342216798676
2022-09-08,1708.0,0.88,2.41,-0.004264925533493447,0.06000000000000005,-0.040000000000000036,-0.8070266617629,-0.5913526753172076
2022-09-09,1716.199951171875,0.91,2.42,0.004789420573202641,0.030000000000000027,0.009999999999999787,-0.8330404748127692,-0.48830459592147835
2022-09-12,1728.0999755859375,0.95,2.42,0.006910009010536733,0.039999999999999925,0.0,-0.8314542406696354,-0.44632321408545533
2022-09-13,1705.0,0.98,2.44,-0.01345741421463753,0.030000000000000027,0.020000000000000018,-0.8562307482833664,-0.41454181700410064
2022-09-14,1696.5,0.95,2.46,-0.004997805493332841,-0.030000000000000027,0.020000000000000018,-0.8669661501029391,-0.4651501612729012
2022-09-15,1665.4000244140625,1.02,2.43,-0.018501955762986633,0.07000000000000006,-0.029999999999999805,-0.8945845025182465,-0.5184492216236662
2022-09-16,1671.699951171875,1.07,2.38,0.0037756940386222126,0.050000000000000044,-0.050000000000000266,-0.9010530144608325,-0.5076740382048678
2022-09-19,1666.199951171875,1.15,2.34,-0.0032954882641922367,0.07999999999999985,-0.040000000000000036,-0.9099728728859857,-0.4841196251697828
2022-09-20,1659.699951171875,1.17,2.4,-0.00390872152890509,0.020000000000000018,0.06000000000000005,-0.9154113640376611,-0.43217434411227945
2022-09-21,1664.5999755859375,1.13,2.38,0.0029480059385473822,-0.040000000000000036,-0.020000000000000018,-0.9197431561817805,-0.4637704998087426
2022-09-22,1670.800048828125,1.29,2.41,0.003717743202048318,0.16000000000000014,0.03000000000000025,-0.9194288100207672,-0.3493856094479645
2022-09-23,1645.300048828125,1.32,2.37,-0.015379814777475964,0.030000000000000027,-0.040000000000000036,-0.9311730164311139,-0.3293631983152377
2022-09-26,1623.300048828125,1.56,2.32,-0.013461623673599377,0.24,-0.050000000000000266,-0.9495002387743702,-0.38385053609132697
2022-09-27,1626.699951171875,1.64,2.33,0.0020922483593892593,0.07999999999999985,0.010000000000000231,-0.9551441858196484,-0.4010653186930272
2022-09-28,1660.4000244140625,1.39,2.33,0.02050515912687434,-0.25,0.0,-0.9543847893439003,-0.5825993321710597
2022-09-29,1658.5,1.57,2.19,-0.0011449724954992746,0.18000000000000016,-0.14000000000000012,-0.9461068117610079,-0.551301880694095
2022-09-30,1662.4000244140625,1.68,2.15,0.0023487766438892166,0.10999999999999988,-0.040000000000000036,-0.9271065589796721,-0.5494438637394591
2022-10-03,1692.9000244140625,1.43,2.24,0.018180693033650996,-0.25,0.0900000000000003,-0.9009162926641427,-0.6336670058033177
2022-10-04,1721.0999755859375,1.38,2.24,0.016520558026137167,-0.050000000000000044,0.0,-0.8464811878132745,-0.6463642665781468
2022-10-05,1711.4000244140625,1.54,2.22,-0.0056518438412807015,0.16000000000000014,-0.020000000000000018,-0.7789359434408413,-0.6510464528448728
2022-10-06,1711.699951171875,1.61,2.22,0.00017523692601439933,0.07000000000000006,0.0,-0.6969424503788623,-0.6486877162960227
2022-10-07,1700.5,1.62,2.27,-0.006564674728268827,0.010000000000000009,0.04999999999999982,-0.615151324889593,-0.63165240703634
2022-11-16,1773.0,1.38,2.29,-0.0004511383955572157,-0.07000000000000006,-0.06000000000000005,-0.6176652734432959,-0.5011819194719694
2022-11-17,1760.800048828125,1.49,2.28,-0.00690474813130848,0.1100000000000001,-0.010000000000000231,-0.6319117610732156,-0.5058292664515839
2022-11-18,1751.9000244140625,1.57,2.25,-0.005067351765360328,0.08000000000000007,-0.029999999999999805,-0.6163645798896,-0.5087859246391399
2022-11-21,1737.4000244140625,1.52,2.31,-0.008311170299650783,-0.050000000000000044,0.06000000000000005,-0.6353125974002745,-0.48752810682412123
2022-11-22,1738.300048828125,1.44,2.32,0.000517895339190666,-0.08000000000000007,0.009999999999999787,-0.660771058739159,-0.4797058702920566
2022-11-23,1744.9000244140625,1.39,2.32,0.0037896091787743558,-0.050000000000000044,0.0,-0.6803985620211666,-0.4922818694110436
2022-11-28,1740.0999755859375,1.43,2.26,-0.007557185534083466,0.06999999999999984,-0.06000000000000005,-0.7087732602690598,-0.5084469001143639
2022-11-29,1748.4000244140625,1.5,2.25,0.00475852916155084,0.07000000000000006,-0.009999999999999787,-0.7157472911392296,-0.5505046387149918
2022-11-30,1746.0,1.34,2.34,-0.0013736405532718265,-0.15999999999999992,0.08999999999999986,-0.7253841116427321,-0.500373845085891
2022-12-01,1801.0999755859375,1.17,2.36,0.031070118388379697,-0.17000000000000015,0.020000000000000018,-0.7582767943719705,-0.5644290147695155
2022-12-02,1795.9000244140625,1.08,2.43,-0.0028912731689034743,-0.08999999999999986,0.07000000000000028,-0.7567999947776096,-0.5052168191692255
2022-12-05,1767.4000244140625,1.21,2.39,-0.015996748721573084,0.1299999999999999,-0.040000000000000036,-0.7460549846635691,-0.5504227899929892
2022-12-06,1769.300048828125,1.2,2.31,0.0010744618189315602,-0.010000000000000009,-0.08000000000000007,-0.7407220419471485,-0.550931266844542
2022-12-07,1785.5,1.16,2.26,0.009114472318120903,-0.040000000000000036,-0.050000000000000266,-0.7430877524695142,-0.5551367803500052
2022-12-08,1788.699951171875,1.2,2.28,0.0017905836665894626,0.040000000000000036,0.020000000000000018,-0.752997218208427,-0.556941345978375
2022-12-09,1798.0999755859375,1.31,2.26,0.005241466558799424,0.1100000000000001,-0.020000000000000018,-0.7512550924193759,-0.5355327364732053
2022-12-12,1780.5,1.33,2.28,-0.009836314542059021,0.020000000000000018,0.020000000000000018,-0.7624016147870517,-0.5543423789060082
2022-12-13,1813.9000244140625,1.27,2.24,0.018585013105521853,-0.06000000000000005,-0.03999999999999959,-0.7902569656708404,-0.5739810864044845
2022-12-14,1807.5,1.3,2.19,-0.003534561790434765,0.030000000000000027,-0.050000000000000266,-0.8006939032411523,-0.5723283369419743
2022-12-15,1777.199951171875,1.28,2.16,-0.01690561044591643,-0.020000000000000018,-0.029999999999999805,-0.8173201162698609,-0.5379996073445693
2022-12-16,1790.0,1.35,2.13,0.007176555247797367,0.07000000000000006,-0.03000000000000025,-0.8345664985322947,-0.5195457327635163
2022-12-19,1787.699951171875,1.42,2.15,-0.0012857697271355661,0.06999999999999984,0.020000000000000018,-0.8083701288407278,-0.4881667447847011
2022-12-20,1815.9000244140625,1.45,2.24,0.015651375902693054,0.030000000000000027,0.0900000000000003,-0.7218343518184152,-0.4665623215576271
2022-12-21,1815.9000244140625,1.41,2.27,0.0,-0.040000000000000036,0.029999999999999805,-0.6229296527552054,-0.4622783385771671
2023-01-25,1941.199951171875,1.17,2.29,0.0037676113849673953,-0.020000000000000018,0.020000000000000018,-0.6266075202230023,-0.3316059449399734
2023-01-26,1929.0999755859375,1.16,2.33,-0.006252753139314393,-0.010000000000000009,0.040000000000000036,-0.688657773954385,-0.31505008711227506
2023-01-27,1928.5999755859375,1.19,2.33,-0.00025922182084059386,0.030000000000000027,0.0,-0.7385612956672825,-0.28116208255492375
2023-01-30,1922.9000244140625,1.26,2.29,-0.0029598625643068033,0.07000000000000006,-0.040000000000000036,-0.7744921448543672,-0.28878905734123134
2023-01-31,1929.5,1.28,2.24,0.00342642612465216,0.020000000000000018,-0.04999999999999982,-0.8500899575125924,-0.34870608977080564
2023-02-01,1927.800048828125,1.14,2.25,-0.0008814202993878695,-0.14000000000000012,0.009999999999999787,-0.8924572890996504,-0.3201522805855334
2023-02-02,1916.300048828125,1.18,2.22,-0.005983212723418951,0.040000000000000036,-0.029999999999999805,-0.9144009689705774,-0.3274888181770537
2023-02-03,1862.9000244140625,1.31,2.22,-0.028261842553797045,0.13000000000000012,0.0,-0.9114076958980777,-0.5148662590952683
2023-02-06,1866.199951171875,1.38,2.25,0.0017698252343860688,0.06999999999999984,0.029999999999999805,-0.9213238824596601,-0.5058388236559975
2023-02-07,1871.699951171875,1.36,2.31,0.002942831061813145,-0.019999999999999796,0.06000000000000005,-0.9354370892276765,-0.47746729967685264
2023-02-08,1877.4000244140625,1.29,2.34,0.003040771209810167,-0.07000000000000006,0.029999999999999805,-0.9288945912528627,-0.503997967950602
2023-02-09,1866.199951171875,1.34,2.33,-0.005983602271623312,0.050000000000000044,-0.009999999999999787,-0.9177026602011656,-0.5524611849310314
2023-02-10,1862.800048828125,1.41,2.33,-0.0018234933150136357,0.06999999999999984,0.0,-0.9047955004133198,-0.5494261411842148
2023-02-13,1851.9000244140625,1.41,2.31,-0.005868606069231674,0.0,-0.020000000000000018,-0.8928364776663573,-0.5404415219140329
2023-02-14,1854.0,1.46,2.31,0.0011333148745897859,0.050000000000000044,0.0,-0.8791760713493952,-0.5334489395648453
2023-02-15,1834.199951171875,1.46,2.35,-0.010737074621895104,0.0,0.040000000000000036,-0.881131988910207,-0.5084601394641005
2023-02-16,1842.0,1.49,2.37,0.0042435453113469634,0.030000000000000027,0.020000000000000018,-0.8860662244703104,-0.4828204968311536
2023-02-17,1840.4000244140625,1.46,2.36,-0.0008689852683101407,-0.030000000000000027,-0.010000000000000231,-0.8834858804255306,-0.48030425418897116
2023-02-22,1832.0,1.52,2.41,-0.0005457026056294723,-0.010000000000000009,-0.009999999999999787,-0.9094768889002243,-0.38580724806872874
2023-02-23,1818.0,1.49,2.39,-0.007671270496651061,-0.030000000000000027,-0.020000000000000018,-0.9147048066876836,-0.36621221590037034
2023-02-24,1808.800048828125,1.57,2.38,-0.005073326778902931,0.08000000000000007,-0.010000000000000231,-0.9279670561415535,-0.37208772903882087
2023-02-27,1817.0,1.56,2.36,0.004523120437649908,-0.010000000000000009,-0.020000000000000018,-0.9392894996510315,-0.3149086199761999
2023-02-28,1828.9000244140625,1.49,2.43,0.0065279171634005095,-0.07000000000000006,0.07000000000000028,-0.9475137014621283,-0.47175809698736
2023-03-01,1837.699951171875,1.57,2.44,0.004800056571569122,0.08000000000000007,0.009999999999999787,-0.9518641202336343,-0.4086015613839619
2023-03-02,1833.5,1.6,2.48,-0.002288054619760338,0.030000000000000027,0.040000000000000036,-0.9458176744545862,-0.4406525422917435
2023-03-03,1847.699951171875,1.45,2.52,0.0077148874232912945,-0.15000000000000013,0.040000000000000036,-0.9440785873335983,-0.45998377845468263
2023-03-06,1847.9000244140625,1.49,2.49,0.00010827646049538231,0.040000000000000036,-0.029999999999999805,-0.9442784348189212,-0.47624185324120555
2023-03-07,1813.9000244140625,1.59,2.38,-0.018570635571812488,0.10000000000000009,-0.11000000000000032,-0.9470139692671414,-0.5238076690500113
2023-03-08,1812.699951171875,1.66,2.32,-0.0006618172911645459,0.06999999999999984,-0.06000000000000005,-0.9427364836150519,-0.499277362237972
2023-03-09,1829.300048828125,1.63,2.3,0.009115987157307437,-0.030000000000000027,-0.020000000000000018,-0.9322138582121212,-0.5049114994327698
2023-03-10,1862.0,1.44,2.26,0.01771777214751502,-0.18999999999999995,-0.040000000000000036,-0.9223355624420658,-0.6180079913830984
2023-03-13,1911.699951171875,1.31,2.24,0.026341694156229778,-0.1299999999999999,-0.019999999999999574,-0.9102209569038556,-0.6680965941535545
2023-03-14,1906.199951171875,1.33,2.31,-0.002881167105143412,0.020000000000000018,0.06999999999999984,-0.9044791695908243,-0.6698827828116308
2023-03-15,1926.5999755859375,1.22,2.29,0.010645072763327157,-0.1100000000000001,-0.020000000000000018,-0.9189870747893956,-0.6910390363404073
2023-03-16,1919.0,1.34,2.22,-0.003952561643726149,0.1200000000000001,-0.06999999999999984,-0.8886207973428546,-0.7257861819808371
2023-03-17,1969.800048828125,1.29,2.1,0.026127822516268218,-0.050000000000000044,-0.1200000000000001,-0.8429666894745045,-0.7020699067112119
2023-03-20,1979.199951171875,1.33,2.14,0.004760658443617949,0.040000000000000036,0.040000000000000036,-0.8253647589960543,-0.6595115683458155
2023-03-21,1938.0,1.36,2.23,-0.02103618451687428,0.030000000000000027,0.08999999999999986,-0.8246349395431622,-0.6406547464743361
2023-03-22,1946.800048828125,1.2,2.28,0.004530510589810355,-0.16000000000000014,0.04999999999999982,-0.8473821814665612,-0.6172179514285107
2023-03-23,1993.800048828125,1.19,2.19,0.023855366038062265,-0.010000000000000009,-0.08999999999999986,-0.8819848844719871,-0.5821316846433672
2023-03-24,1982.0999755859375,1.16,2.22,-0.005885513691906041,-0.030000000000000027,0.03000000000000025,-0.9074335838847356,-0.5613911083979081
2023-03-27,1952.4000244140625,1.29,2.24,-0.015097478869044778,0.13000000000000012,0.020000000000000018,-0.9123831647982766,-0.5962547076537513
2023-03-28,1972.4000244140625,1.24,2.31,0.010191690210183069,-0.050000000000000044,0.06999999999999984,-0.9223075366624732,-0.6045991479585905
2023-03-29,1966.0999755859375,1.24,2.33,-0.0031992150318798096,0.0,0.020000000000000018,-0.9266485407072802,-0.6068050177079511
2023-03-30,1980.300048828125,1.21,2.34,0.00719650032383079,-0.030000000000000027,0.009999999999999787,-0.9343390703088974,-0.6177892365717996
2023-03-31,1969.0,1.16,2.32,-0.005722573380642082,-0.050000000000000044,-0.020000000000000018,-0.9355957559426294,-0.6035204746471831
2023-04-03,1983.9000244140625,1.14,2.29,0.007538817015696253,-0.020000000000000018,-0.029999999999999805,-0.940680985078875,-0.6066495582113347
2023-04-04,2022.199951171875,1.1,2.25,0.019121386856435052,-0.039999999999999813,-0.040000000000000036,-0.9447833303822616,-0.5954035356589613
2023-04-05,2020.9000244140625,1.07,2.23,-0.0006430347062673647,-0.030000000000000027,-0.020000000000000018,-0.9482345671014251,-0.5922277298714036
2023-04-06,2011.9000244140625,1.06,2.24,-0.0044634074749696495,-0.010000000000000009,0.010000000000000231,-0.9537484454124244,-0.6043473251755183
2023-04-10,1989.0999755859375,1.14,2.27,-0.011397298492928698,0.07999999999999985,0.029999999999999805,-0.9530460761634552,-0.6149156261335663
2023-04-11,2004.800048828125,1.14,2.29,0.007862066660321076,0.0,0.020000000000000018,-0.9520958961114505,-0.611039578413654
2023-04-12,2010.9000244140625,1.14,2.27,0.003038065675473156,0.0,-0.020000000000000018,-0.9544351869579469,-0.6102289249155668
2023-04-13,2041.300048828125,1.16,2.29,0.015004488526765059,0.020000000000000018,0.020000000000000018,-0.9438698182481597,-0.6043965268515804
2023-04-14,2002.199951171875,1.22,2.3,-0.01934033210150421,0.06000000000000005,0.009999999999999787,-0.9352618576719102,-0.6156985973295949
2023-04-17,1994.199951171875,1.28,2.32,-0.004003608688523563,0.06000000000000005,0.020000000000000018,-0.9260741894527394,-0.633118628419804
2023-04-18,2007.4000244140625,1.3,2.28,0.0065974216321089685,0.020000000000000018,-0.040000000000000036,-0.9021333765115317,-0.6275214854526021
2023-04-19,1995.199951171875,1.32,2.28,-0.0060960930887574705,0.020000000000000018,0.0,-0.8639945823565656,-0.597679335912995
2023-04-20,2007.5999755859375,1.28,2.26,0.006195695166984372,-0.040000000000000036,-0.020000000000000018,-0.7925939167907998,-0.6003201982180865
2023-04-21,1979.5,1.29,2.28,-0.014095679073773404,0.010000000000000009,0.020000000000000018,-0.6802169794180888,-0.5935317684367074
2023-05-23,1972.4000244140625,1.44,2.26,-0.001216064382496107,-0.040000000000000036,0.019999999999999574,-0.6135274654104128,-0.41579588867464196
2023-05-24,1962.800048828125,1.48,2.25,-0.004879037635298289,0.040000000000000036,-0.009999999999999787,-0.6639755348053411,-0.4198078333711399
2023-05-25,1943.0999755859375,1.58,2.25,-0.01008742680002861,0.10000000000000009,0.0,-0.7070866208499632,-0.48613858467346877
2023-05-26,1944.0999755859375,1.57,2.23,0.0005145091760763165,-0.010000000000000009,-0.020000000000000018,-0.7547765161824382,-0.4669160607336147
2023-05-31,1963.9000244140625,1.46,2.18,0.0030087604621398256,-0.010000000000000009,-0.040000000000000036,-0.7810740633294668,-0.5089696686577094
2023-06-01,1978.0,1.45,2.16,0.007153928630061479,-0.010000000000000009,-0.020000000000000018,-0.7819977550668675,-0.5073085623212339
2023-06-02,1952.4000244140625,1.51,2.18,-0.013026835665023384,0.06000000000000005,0.020000000000000018,-0.7943972969594163,-0.517584579202792
2023-06-05,1958.0,1.5,2.19,0.0028641465728220794,-0.010000000000000009,0.009999999999999787,-0.8137658631536048,-0.5435916420639801
2023-06-06,1965.5,1.5,2.2,0.0038231217714592702,0.0,0.010000000000000231,-0.8295048983952353,-0.5332341535404983
2023-06-07,1942.699951171875,1.58,2.21,-0.011667932951336724,0.08000000000000007,0.009999999999999787,-0.8730755636493615,-0.5695194625239146
2023-06-08,1963.5999755859375,1.53,2.2,0.01070077784000123,-0.050000000000000044,-0.009999999999999787,-0.9132601052244682,-0.590782366813654
2023-06-09,1962.199951171875,1.55,2.2,-0.0007132429056664336,0.020000000000000018,0.0,-0.9242159336554783,-0.6226619590307447
2023-06-12,1955.300048828125,1.56,2.17,-0.003522608540492911,0.010000000000000009,-0.03000000000000025,-0.9387349012228635,-0.6211935724207971
2023-06-13,1944.5999755859375,1.64,2.2,-0.005487371483662962,0.07999999999999985,0.03000000000000025,-0.9406240996494142,-0.6386386324713652
2023-06-14,1955.300048828125,1.62,2.21,0.005487371483662962,-0.019999999999999796,0.009999999999999787,-0.9351695098693489,-0.5754268840216172
2023-06-15,1957.800048828125,1.51,2.21,0.0012777594632122913,-0.1100000000000001,0.0,-0.9316268038510261,-0.5181858641852505
2023-06-16,1958.4000244140625,1.55,2.22,0.00030640701670581194,0.040000000000000036,0.010000000000000231,-0.9202894831454544,-0.5183839114016894
2023-06-21,1933.300048828125,1.51,2.21,-0.001137278422884691,-0.010000000000000009,-0.010000000000000231,-0.887253231400241,-0.4825621327444272
2023-06-22,1912.699951171875,1.56,2.24,-0.010712581726706638,0.050000000000000044,0.03000000000000025,-0.8690572815558048,-0.5085376249992384
2023-06-23,1919.0999755859375,1.53,2.21,0.003340482534468947,-0.030000000000000027,-0.03000000000000025,-0.8244819050273329,-0.5306781700239929
2023-06-26,1923.699951171875,1.54,2.18,0.002394076127153255,0.010000000000000009,-0.029999999999999805,-0.7799162013393331,-0.5639074992388414
2023-06-27,1914.0,1.57,2.2,-0.005055096516834112,0.030000000000000027,0.020000000000000018,-0.7259532938129039,-0.5797646477710066
2023-06-28,1912.300048828125,1.53,2.18,-0.0008885614102558392,-0.040000000000000036,-0.020000000000000018,-0.6134572884100926,-0.585616406389556
2023-06-29,1909.199951171875,1.65,2.2,-0.001622451046078055,0.11999999999999988,0.020000000000000018,-0.6131308687022162,-0.5394047695442087
2023-07-03,1921.699951171875,1.61,2.25,0.0003122596035431968,0.020000000000000018,0.029999999999999805,-0.6244940675394602,-0.5345448524776844
2023-07-06,1908.699951171875,1.78,2.27,-0.0056944618118119905,0.09000000000000008,0.010000000000000231,-0.6385900504914326,-0.6089042366431768
2023-08-09,1915.4000244140625,1.66,2.34,-0.00453182240469463,0.0,-0.020000000000000018,-0.6418190565322529,-0.5456588063545612
2023-08-10,1914.4000244140625,1.76,2.33,-0.0005222204866965896,0.10000000000000009,-0.009999999999999787,-0.7449304665684103,-0.5405027775404573
2023-08-11,1912.9000244140625,1.8,2.36,-0.0007838424255561804,0.040000000000000036,0.029999999999999805,-0.7872122946203142,-0.5502671233379324
2023-08-14,1910.5999755859375,1.83,2.36,-0.0012031118637709781,0.030000000000000027,0.0,-0.8371495727456937,-0.5354305202586744
2023-08-15,1902.5,1.89,2.32,-0.004248505321848839,0.05999999999999983,-0.040000000000000036,-0.8795871819689145,-0.5440354201796289
2023-08-16,1896.0999755859375,1.96,2.32,-0.0033696785716195166,0.07000000000000006,0.0,-0.9004266602658946,-0.5552853069188601
2023-08-17,1884.0999755859375,1.97,2.33,-0.006348891838211301,0.010000000000000009,0.010000000000000231,-0.9165511955781424,-0.5322992624753556
2023-08-18,1886.0999755859375,1.94,2.32,0.001060951786911346,-0.030000000000000027,-0.010000000000000231,-0.9267409507119213,-0.5622531373859255
2023-08-21,1893.300048828125,2.0,2.34,0.003810171935338502,0.06000000000000005,0.020000000000000018,-0.9308937642368178,-0.5331320048444346
2023-08-22,1896.4000244140625,1.99,2.35,0.0016360008536020487,-0.010000000000000009,0.010000000000000231,-0.9342302227729891,-0.5332097029896014
2023-08-23,1918.5,1.84,2.35,0.011586265785144434,-0.1499999999999999,0.0,-0.933661021347021,-0.5247487886733463
2023-08-24,1918.199951171875,1.91,2.32,-0.0001564098483353149,0.06999999999999984,-0.03000000000000025,-0.9275493150320484,-0.514741927392374
2023-08-25,1911.0999755859375,1.92,2.33,-0.0037082411186100117,0.010000000000000009,0.010000000000000231,-0.9257721467164624,-0.5256580760659113
2023-08-28,1917.9000244140625,1.9,2.3,0.003551870450309913,-0.020000000000000018,-0.03000000000000025,-0.9221677749948424,-0.5490654678853648
2023-08-29,1936.5,1.83,2.29,0.009651369784435815,-0.06999999999999984,-0.009999999999999787,-0.9156651978056475,-0.6308814339466875
2023-08-30,1944.300048828125,1.86,2.26,0.004019820260444895,0.030000000000000027,-0.03000000000000025,-0.8871692994766883,-0.616686061381031
2023-08-31,1938.199951171875,1.85,2.24,-0.0031423581073140028,-0.010000000000000009,-0.019999999999999574,-0.8622410677824608,-0.6337110947235366
2023-09-01,1939.800048828125,1.92,2.26,0.0008252180232357631,0.06999999999999984,0.019999999999999574,-0.8160278126959536,-0.623900670998044
2023-09-06,1918.0999755859375,2.0,2.3,-0.004214024777917658,0.020000000000000018,0.009999999999999787,-0.7439432378480968,-0.6394331907670191
2023-09-07,1917.5,1.95,2.32,-0.0003128457579775201,-0.050000000000000044,0.020000000000000018,-0.6942020705972847,-0.6276056923828092
2023-09-08,1918.4000244140625,1.93,2.33,0.0004692637581014125,-0.020000000000000018,0.010000000000000231,-0.6753599180997766,-0.5739030256618183
2023-09-11,1923.300048828125,1.94,2.35,0.0025509680494888443,0.010000000000000009,0.020000000000000018,-0.6138128586740993,-0.546140018081546
2023-09-29,1848.0999755859375,2.24,2.35,-0.006633460391606505,0.040000000000000036,-0.040000000000000036,-0.6533743407219118,-0.5152356676822293
2023-10-02,1830.0,2.34,2.35,-0.009842104245886496,0.09999999999999964,0.0,-0.7662645278848581,-0.5491739986485765
2023-10-03,1824.5999755859375,2.45,2.36,-0.0029551953045938717,0.11000000000000032,0.009999999999999787,-0.8320803467677903,-0.5711366645623932
2023-10-04,1818.5,2.4,2.33,-0.003348786103829049,-0.050000000000000266,-0.029999999999999805,-0.865657160149768,-0.5446867679883626
2023-10-05,1816.5999755859375,2.41,2.31,-0.001045376798357367,0.010000000000000231,-0.020000000000000018,-0.8922261815178019,-0.43941467575913873
2023-10-06,1830.199951171875,2.47,2.31,0.007458615173471905,0.06000000000000005,0.0,-0.9049899186705103,-0.3927463920343116
2023-10-11,1872.800048828125,2.26,2.32,0.006320685606707954,-0.08000000000000007,0.0,-0.9133964259994124,-0.5468104765071945
2023-10-12,1869.300048828125,2.36,2.34,-0.0018706079095984762,0.10000000000000009,0.020000000000000018,-0.9084892443839039,-0.5001361734477356
2023-10-13,1927.4000244140625,2.29,2.34,0.030607901744664545,-0.06999999999999984,0.0,-0.8585322089406774,-0.5388605742640747
2023-10-16,1921.0999755859375,2.33,2.38,-0.003274031158004398,0.040000000000000036,0.040000000000000036,-0.8084634694692056,-0.547811607253161
2023-10-17,1922.699951171875,2.42,2.41,0.0008324968566677526,0.08999999999999986,0.03000000000000025,-0.7298369191317553,-0.5404469229968221
2023-12-21,2039.0999755859375,1.7,2.19,0.002258433605997645,0.030000000000000027,0.0,-0.6114586484208697,-0.47115218642908574
2023-12-22,2057.10009765625,1.71,2.19,0.008788749383461969,0.010000000000000009,0.0,-0.6212464034672154,-0.5371898596774032
2023-12-27,2081.89990234375,1.64,2.15,0.01144910069616678,-0.07000000000000006,-0.03000000000000025,-0.6148724887585312,-0.5837397252987669
2023-12-28,2073.89990234375,1.68,2.16,-0.0038500458433423645,0.040000000000000036,0.010000000000000231,-0.6300326874902714,-0.5912465304267734
2023-12-29,2062.39990234375,1.72,2.16,-0.005560539696971567,0.040000000000000036,0.0,-0.6182674667251142,-0.6042818743612628
2024-01-17,2002.5999755859375,1.8,2.3,-0.011617081726108758,0.030000000000000027,0.0,-0.6708067060437752,-0.5458062333197529
2024-01-18,2018.5999755859375,1.8,2.34,0.007957865627687077,0.0,0.040000000000000036,-0.7053315509947082,-0.4945285392238239
2024-01-19,2026.5,1.81,2.34,0.003905977358156676,0.010000000000000009,0.0,-0.7207466630583952,-0.5044728774820462
2024-01-22,2019.800048828125,1.8,2.31,-0.00331164630117442,-0.010000000000000009,-0.029999999999999805,-0.7589223771235188,-0.498419930624897
2024-01-23,2023.699951171875,1.85,2.29,0.0019289741822801076,0.050000000000000044,-0.020000000000000018,-0.8000925155988406,-0.483359880497404
2024-01-24,2013.9000244140625,1.88,2.3,-0.0048543422138758174,0.029999999999999805,0.009999999999999787,-0.8013587604390456,-0.4665659286580309
2024-01-25,2016.9000244140625,1.85,2.29,0.0014885385122536121,-0.029999999999999805,-0.009999999999999787,-0.7646752605591592,-0.46302587404194995
2024-01-26,2016.800048828125,1.85,2.3,-4.957016344508958e-05,0.0,0.009999999999999787,-0.7082560260719833,-0.4630116887683303
2024-01-29,2025.199951171875,1.78,2.3,0.004156315901078678,-0.07000000000000006,0.0,-0.6649099837157122,-0.5115077951492285
2024-01-30,2031.5,1.8,2.26,0.003105999442301055,0.020000000000000018,-0.040000000000000036,-0.6829257810477953,-0.25163842511892104
2024-01-31,2048.39990234375,1.73,2.26,0.008284516486208204,-0.07000000000000006,0.0,-0.7406000412570689,-0.30988423192014325
2024-02-01,2053.0,1.68,2.19,0.0022431851049438123,-0.050000000000000044,-0.06999999999999984,-0.7598040117666105,-0.3327942709239048
2024-02-02,2036.0999755859375,1.82,2.21,-0.008265936631712378,0.14000000000000012,0.020000000000000018,-0.7502400343450462,-0.39893022849282
2024-02-05,2025.699951171875,1.9,2.27,-0.005120905671782694,0.07999999999999985,0.06000000000000005,-0.7650999567275657,-0.4457215266496276
2024-02-06,2034.5,1.85,2.24,0.0043347927263059916,-0.04999999999999982,-0.029999999999999805,-0.7617446052538144,-0.46521626634036967
2024-02-07,2035.199951171875,1.86,2.23,0.00034398171225102914,0.010000000000000009,-0.010000000000000231,-0.7324472259643804,-0.48345117513793284
2024-02-08,2032.199951171875,1.91,2.24,-0.0014751441294391654,0.04999999999999982,0.010000000000000231,-0.6840742007072645,-0.4817834638328555
2024-02-09,2023.300048828125,1.92,2.25,-0.0043890601064937584,0.010000000000000009,0.009999999999999787,-0.6013905137965023,-0.42882335519838255
2024-02-13,1992.9000244140625,2.02,2.29,-0.012615124246704745,0.09000000000000008,0.04999999999999982,-0.6166012686490304,-0.46822778560400546
2024-02-14,1990.300048828125,1.97,2.3,-0.0013054709316033808,-0.050000000000000044,0.009999999999999787,-0.6649918771509389,-0.46119313524224337
2024-02-15,2002.0999755859375,1.94,2.3,0.00591121182520471,-0.030000000000000027,0.0,-0.6883441959130455,-0.569884810518791
2024-02-16,2011.5,1.97,2.33,0.004684094906416192,0.030000000000000027,0.03000000000000025,-0.6856133249814963,-0.5883825973505524
2024-02-21,2022.300048828125,1.98,2.34,-0.002568005317217903,0.030000000000000027,0.020000000000000018,-0.638650482303429,-0.665507870977895
2024-02-22,2019.699951171875,2.02,2.31,-0.0012865403339379355,0.040000000000000036,-0.029999999999999805,-0.6126971647034672,-0.6646125706588174
2024-04-11,2354.800048828125,2.16,2.4,0.01075919796756164,0.010000000000000231,0.0,0.676804137929004,-0.15160812608647992
2024-04-12,2356.199951171875,2.11,2.39,0.0005943121990892308,-0.050000000000000266,-0.009999999999999787,0.7446306500368053,-0.12341030210092858
2024-04-15,2365.800048828125,2.2,2.43,0.004066120662028716,0.0900000000000003,0.040000000000000036,0.7770041026938832,-0.047185571518857744
2024-04-16,2390.800048828125,2.24,2.43,0.010511806622644393,0.040000000000000036,0.0,0.8078077867026624,-0.02899826844170204
2024-04-17,2371.699951171875,2.2,2.39,-0.008021081390408469,-0.040000000000000036,-0.040000000000000036,0.8165797770556941,0.05874918451051714
2024-04-18,2382.300048828125,2.24,2.4,0.004459451082454713,0.040000000000000036,0.009999999999999787,0.8271331335775366,0.06704185624823734
2024-04-19,2398.39990234375,2.21,2.41,0.006735379565596666,-0.03000000000000025,0.010000000000000231,0.8373139636427944,0.05275729631571711
2024-04-22,2332.199951171875,2.21,2.41,-0.02798980048135924,0.0,0.0,0.8380462164669864,0.07888870534554374
2024-04-23,2327.699951171875,2.2,2.41,-0.0019313725586949104,-0.009999999999999787,0.0,0.8373061566361772,0.08555782209220295
2024-04-24,2324.5,2.24,2.41,-0.0013756724603899428,0.040000000000000036,0.0,0.8213947077225227,0.09675343100144654
2024-04-25,2329.800048828125,2.28,2.42,0.00227748579311271,0.03999999999999959,0.009999999999999787,0.8026865196498167,0.09079845505887739
2024-04-26,2334.800048828125,2.24,2.43,0.0021438073190775953,-0.03999999999999959,0.010000000000000231,0.8052549124509091,0.15471674033938698
2024-04-29,2345.39990234375,2.22,2.41,0.004529666146779299,-0.020000000000000018,-0.020000000000000018,0.813604209338617,0.14723199612823698
2024-04-30,2291.39990234375,2.28,2.41,-0.023292979548680037,0.05999999999999961,0.0,0.802129688858926,0.037036920577977285
2024-05-01,2299.89990234375,2.25,2.38,0.003702659409149156,-0.029999999999999805,-0.03000000000000025,0.7974746853563944,0.021841736089320007
2024-05-02,2299.199951171875,2.21,2.37,-0.00030438616232419946,-0.040000000000000036,-0.009999999999999787,0.7881852240063107,0.025335759572254295
2024-05-03,2299.0,2.15,2.35,-8.696932457219475e-05,-0.06000000000000005,-0.020000000000000018,0.772511748099311,0.059014019747104476
2024-05-06,2321.60009765625,2.14,2.35,0.009782399430942057,-0.009999999999999787,0.0,0.740007836170748,-0.013744319118880981
2024-05-07,2315.199951171875,2.15,2.32,-0.0027605894071447423,0.009999999999999787,-0.03000000000000025,0.7113397546591185,-0.031231628126681156
2024-05-08,2313.60009765625,2.17,2.31,-0.000691260612883049,0.020000000000000018,-0.009999999999999787,0.6701627796833854,-0.034614687669072886
2024-06-03,2346.60009765625,2.08,2.33,0.010151150585457458,-0.08000000000000007,-0.020000000000000018,-0.6341960592821487,-0.33722719318030003
2024-07-15,2422.89990234375,1.96,2.27,0.0036800068503834993,0.020000000000000018,0.029999999999999805,-0.6567278197779597,-0.49081084984953743
2024-07-16,2462.39990234375,1.91,2.26,0.016171314917782453,-0.050000000000000044,-0.010000000000000231,-0.7250688931353685,-0.5320281207638625
2024-07-17,2454.800048828125,1.9,2.26,-0.0030911330198239995,-0.010000000000000009,0.0,-0.7731124552695909,-0.5155382432434714
2024-07-18,2451.800048828125,1.89,2.31,-0.0012228428297103022,-0.010000000000000009,0.050000000000000266,-0.8114504300309554,-0.5760454262155769
2024-07-19,2395.5,1.93,2.32,-0.02323049125293153,0.040000000000000036,0.009999999999999787,-0.8189746155644394,-0.5837383309421809
2024-07-22,2392.0,1.96,2.3,-0.0014621412526549804,0.030000000000000027,-0.020000000000000018,-0.8220719487478474,-0.5912156471546179
2024-07-23,2404.60009765625,1.96,2.29,0.005253774082549789,0.0,-0.009999999999999787,-0.8192236753074329,-0.4560518543425236
2024-07-24,2413.300048828125,2.0,2.28,0.003611515541423138,0.040000000000000036,-0.010000000000000231,-0.8094892627699891,-0.4421498378361207
2024-07-25,2351.89990234375,1.99,2.28,-0.025771655108934866,-0.010000000000000009,0.0,-0.7943738482332184,-0.395512164233263
2024-07-26,2380.0,1.93,2.27,0.011877017079959806,-0.06000000000000005,-0.009999999999999787,-0.7867528378476106,-0.41036649439921546
2024-07-29,2377.300048828125,1.92,2.25,-0.0011350772219733685,-0.010000000000000009,-0.020000000000000018,-0.7830859194480833,-0.5126358866380172
2024-07-30,2405.0,1.9,2.25,0.01158449309631493,-0.020000000000000018,0.0,-0.7836041796622442,-0.53215873129756
2024-07-31,2426.5,1.85,2.24,0.008899986305409335,-0.04999999999999982,-0.009999999999999787,-0.7834773043424631,-0.5302834806312448
2024-08-01,2435.0,1.79,2.2,0.003496866671419241,-0.06000000000000005,-0.040000000000000036,-0.7889882829705264,-0.5142274839502567
2024-08-02,2425.699951171875,1.76,2.04,-0.00382663413501394,-0.030000000000000027,-0.16000000000000014,-0.7753584919198347,-0.5045698829728498
2024-08-05,2401.699951171875,1.71,2.07,-0.009943322792610232,-0.050000000000000044,0.029999999999999805,-0.7221647759414235,-0.43526476407331166
2024-08-06,2389.10009765625,1.78,2.12,-0.005260032745344034,0.07000000000000006,0.050000000000000266,-0.686800068087386,-0.45477067654663944
2024-08-07,2390.5,1.85,2.11,0.0005857822224362152,0.07000000000000006,-0.010000000000000231,-0.6831873533813159,-0.44349708377594255
2024-08-08,2422.199951171875,1.87,2.12,0.013173648862206733,0.020000000000000018,0.010000000000000231,-0.679657598591749,-0.38877873804239865
2024-08-09,2432.10009765625,1.84,2.1,0.004078923886462249,-0.030000000000000027,-0.020000000000000018,-0.6843435669199199,-0.3814776040514766
2024-08-12,2462.39990234375,1.79,2.11,0.012381322610815815,-0.050000000000000044,0.009999999999999787,-0.6820051030459181,-0.4126876860906345
2024-08-13,2466.699951171875,1.76,2.09,0.0017447607257965458,-0.030000000000000027,-0.020000000000000018,-0.6592297159240262,-0.43248709680279596
2024-08-14,2439.39990234375,1.77,2.06,-0.011129137775199638,0.010000000000000009,-0.029999999999999805,-0.6044796053562198,-0.4502005524455403
2024-08-23,2508.39990234375,1.68,2.13,0.011830186756921712,-0.08000000000000007,0.029999999999999805,-0.6316447814216026,-0.3436667287254877
2024-08-26,2517.699951171875,1.67,2.15,0.0037007061988525436,-0.010000000000000009,0.020000000000000018,-0.6781757362129605,-0.3530614761779247
2024-08-27,2516.0,1.68,2.15,-0.0006754281156968744,0.010000000000000009,0.0,-0.7306422581711333,-0.3190149292784999
2024-08-28,2501.0,1.69,2.15,-0.0059796869427115595,0.010000000000000009,0.0,-0.7621098024408669,-0.3274234089112136
2024-08-29,2525.699951171875,1.71,2.16,0.009827580801596625,0.020000000000000018,0.010000000000000231,-0.7843978394011665,-0.30046787664599367
2024-08-30,2493.800048828125,1.76,2.15,-0.012710561536922071,0.050000000000000044,-0.010000000000000231,-0.7776201487654247,-0.2874354444909985
2024-09-04,2493.39990234375,1.7,2.07,0.0014046919562069604,-0.030000000000000027,-0.040000000000000036,-0.774120707526062,-0.2769684226968132
2024-09-05,2511.39990234375,1.7,2.03,0.00719312592470267,0.0,-0.040000000000000036,-0.8043020013086581,-0.2886856475535965
2024-09-06,2493.5,1.69,2.03,-0.007152981683502091,-0.010000000000000009,0.0,-0.7676278014469889,-0.3349328654186224
2024-09-09,2501.800048828125,1.66,2.04,0.003323146311661418,-0.030000000000000027,0.010000000000000231,-0.7399829813169697,-0.29733585336395585
2024-09-10,2512.300048828125,1.63,2.02,0.00418819534666337,-0.030000000000000027,-0.020000000000000018,-0.7032135062244051,-0.3020024483342979
2024-09-11,2512.10009765625,1.61,2.04,-7.95920572214115e-05,-0.019999999999999796,0.020000000000000018,-0.6760337215601837,-0.29583928078548455
2024-09-12,2551.199951171875,1.63,2.05,0.015444721969290143,0.019999999999999796,0.009999999999999787,-0.6894353964835253,-0.20704336293254524
2024-09-13,2581.300048828125,1.58,2.08,0.011729349341313977,-0.04999999999999982,0.03000000000000025,-0.7312239415311292,-0.24282354366296477
2024-09-16,2580.39990234375,1.54,2.09,-0.0003487790851908201,-0.040000000000000036,0.009999999999999787,-0.7744494585193062,-0.24922313575117316
2024-09-17,2564.300048828125,1.53,2.12,-0.00625883189495724,-0.010000000000000009,0.03000000000000025,-0.8459742556044401,-0.31951051588918594
2024-09-18,2570.699951171875,1.58,2.12,0.002492660431349769,0.050000000000000044,0.0,-0.885598359088933,-0.262707641337703
2024-09-19,2588.0,1.56,2.17,0.006707160271704815,-0.020000000000000018,0.04999999999999982,-0.8934529109854344,-0.27338483170708
2024-09-20,2619.89990234375,1.58,2.15,0.012250735192204765,0.020000000000000018,-0.020000000000000018,-0.8682392184510672,-0.27856991231545714
2024-09-23,2626.5,1.58,2.17,0.0025160495810210293,0.0,0.020000000000000018,-0.8462363787604602,-0.2762237737612763
2024-09-24,2651.199951171875,1.55,2.19,0.009360187860914415,-0.030000000000000027,0.020000000000000018,-0.841142178759143,-0.24861614646526317
2024-09-25,2659.199951171875,1.61,2.18,0.0030129580442377346,0.06000000000000005,-0.009999999999999787,-0.8026285970244392,-0.23015883277417182
2024-09-26,2669.89990234375,1.63,2.16,0.004015674633472521,0.019999999999999796,-0.020000000000000018,-0.7468697697167842,-0.20842112364559012
2024-09-27,2644.300048828125,1.6,2.15,-0.009634583484436021,-0.029999999999999805,-0.010000000000000231,-0.7226598600189331,-0.17406987711002014
2024-09-30,2636.10009765625,1.63,2.18,-0.003105809232568646,0.029999999999999805,0.03000000000000025,-0.7129548566601973,-0.25071443500100354
2024-10-01,2667.300048828125,1.55,2.19,0.011766153885765185,-0.07999999999999985,0.009999999999999787,-0.7355906274015556,-0.32030738978165096
2024-10-02,2647.10009765625,1.58,2.21,-0.007602005078805263,0.030000000000000027,0.020000000000000018,-0.7422144007800339,-0.3476004875439709
2024-10-03,2657.10009765625,1.64,2.21,0.003770601213994418,0.05999999999999983,0.0,-0.7055487483741079,-0.32733307576946374
2024-10-23,2714.39990234375,1.93,2.31,-0.010918677200948856,0.05999999999999983,-0.020000000000000018,0.6381608278264967,-0.2801180094495892
2024-10-24,2734.89990234375,1.91,2.3,0.007523937915991041,-0.020000000000000018,-0.010000000000000231,0.7012925742085648,-0.3036465845101867
2024-10-25,2740.89990234375,1.96,2.29,0.0021914615637026458,0.050000000000000044,-0.009999999999999787,0.7535778060571263,-0.33226400246768706
2024-10-28,2742.89990234375,1.99,2.29,0.0007294212625952312,0.030000000000000027,0.0,0.7743816813298415,-0.2859952592671057
2024-10-29,2768.39990234375,1.98,2.3,0.009253781457163157,-0.010000000000000009,0.009999999999999787,0.7892172153850389,-0.32583642652372974
2024-10-30,2788.5,1.95,2.34,0.007234316137240349,-0.030000000000000027,0.040000000000000036,0.7904757373064928,-0.3801614338964897
2024-10-31,2738.300048828125,1.95,2.33,-0.018166509123427765,0.0,-0.009999999999999787,0.7947422862573252,-0.3050662454031062
2024-11-01,2738.60009765625,2.04,2.33,0.0001095688511387749,0.09000000000000008,0.0,0.7881869379065568,-0.29141478130097503
2024-11-04,2736.10009765625,2.03,2.28,-0.000913292083431827,-0.010000000000000231,-0.050000000000000266,0.7836635798101751,-0.2970917706389836
2024-11-05,2740.300048828125,1.99,2.27,0.0015338367843664713,-0.039999999999999813,-0.009999999999999787,0.7811204944769481,-0.288899627153866
2024-11-06,2667.60009765625,2.04,2.38,-0.026888192891822982,0.050000000000000044,0.10999999999999988,0.7239963581811675,-0.29465233381376593
2024-11-07,2698.39990234375,1.98,2.33,0.0114797401905804,-0.06000000000000005,-0.04999999999999982,0.7142239543764184,-0.3580850009000008
2024-11-08,2687.5,1.95,2.35,-0.004047575121093772,-0.030000000000000027,0.020000000000000018,0.708606312601772,-0.34035957600130656
2025-01-31,2812.5,2.16,2.42,-0.0037263817408135225,0.020000000000000018,0.040000000000000036,-0.6053806351693205,-0.41750508400860054
2025-02-03,2833.89990234375,2.09,2.45,0.007580052840268081,-0.07000000000000028,0.03000000000000025,-0.6995121113644255,-0.42178994052005153
2025-02-04,2853.300048828125,2.08,2.44,0.006822415916365898,-0.009999999999999787,-0.010000000000000231,-0.7383529562510902,-0.28164944044391343
2025-02-05,2871.60009765625,2.01,2.42,0.006393163440626459,-0.07000000000000028,-0.020000000000000018,-0.7909252564367957,-0.251526943435928
2025-02-06,2856.0,2.03,2.42,-0.00544735525046125,0.020000000000000018,0.0,-0.8134934191373926,-0.23230637070518914
2025-02-07,2867.300048828125,2.07,2.42,0.003948792974386883,0.040000000000000036,0.0,-0.8385879321729992,-0.2222142650474377
2025-02-10,2914.300048828125,2.07,2.44,0.016258833046569166,0.0,0.020000000000000018,-0.8556535012285853,-0.20267904214049387
2025-02-11,2912.5,2.08,2.46,-0.000617851606475206,0.010000000000000231,0.020000000000000018,-0.8578855356474314,-0.14544028045871515
2025-02-12,2909.0,2.16,2.46,-0.0012024393787539722,0.08000000000000007,0.0,-0.8454951829604453,-0.21530404166895822
2025-02-13,2925.89990234375,2.08,2.44,0.005792712774394637,-0.08000000000000007,-0.020000000000000018,-0.8577519082874464,-0.2238201402767876
2025-02-14,2883.60009765625,2.04,2.43,-0.014562544873085947,-0.040000000000000036,-0.009999999999999787,-0.8707553812737137,-0.1428958752367351
2025-02-19,2919.39990234375,2.08,2.45,-0.004170300117599446,-0.020000000000000018,0.0,-0.861541627340869,0.001642232991119956
2025-02-20,2940.0,2.05,2.45,0.0070314990870450345,-0.03000000000000025,0.0,-0.8580825861333368,-0.011979723194256917
2025-02-21,2937.60009765625,2.0,2.42,-0.0008166266630071917,-0.04999999999999982,-0.03000000000000025,-0.8617861740744309,0.0037297262049325783
2025-02-24,2947.89990234375,1.98,2.42,0.003500064634192057,-0.020000000000000018,0.0,-0.8615411270480118,-0.007725146763234713
2025-02-25,2904.5,1.92,2.38,-0.014831760871325095,-0.06000000000000005,-0.040000000000000036,-0.8413444634767668,0.03205739696856673
2025-02-26,2916.800048828125,1.89,2.36,0.004225883232117589,-0.030000000000000027,-0.020000000000000018,-0.80456874560049,0.052864551229239574
2025-02-27,2883.199951171875,1.92,2.37,-0.011586370186079442,0.030000000000000027,0.010000000000000231,-0.7475936913607736,-0.005206156078548319
2025-02-28,2836.800048828125,1.86,2.38,-0.016224097946285987,-0.05999999999999983,0.009999999999999787,-0.6358660653958323,0.15643107765460312
2025-09-04,3565.800048828125,1.79,2.38,-0.007654710471889814,-0.030000000000000027,-0.020000000000000018,-0.7235219409576809,-0.21583487846077742
2025-09-05,3613.199951171875,1.73,2.37,0.013205346467746182,-0.06000000000000005,-0.009999999999999787,-0.8059695269910325,-0.30069763960839735
2025-09-08,3638.10009765625,1.7,2.35,0.006867801411635455,-0.030000000000000027,-0.020000000000000018,-0.8488019202340675,-0.33352410849256686
2025-09-09,3643.300048828125,1.72,2.36,0.001428283558452037,0.020000000000000018,0.009999999999999787,-0.870972858676058,-0.3157998319526561
2025-09-10,3643.60009765625,1.69,2.35,8.235294082759026e-05,-0.030000000000000027,-0.009999999999999787,-0.8888935304836059,-0.31392883221973483
2025-09-11,3636.89990234375,1.67,2.34,-0.0018405871036470955,-0.020000000000000018,-0.010000000000000231,-0.8959103013076357,-0.2551751826489582
2025-09-12,3649.39990234375,1.7,2.36,0.0034311001737599156,0.030000000000000027,0.020000000000000018,-0.9019502060753439,-0.2400832130477593
2025-09-15,3682.199951171875,1.68,2.37,0.008947642619622442,-0.020000000000000018,0.010000000000000231,-0.9113098542926119,-0.1605992053131349
2025-09-16,3688.89990234375,1.67,2.37,0.0018178977764957693,-0.010000000000000009,0.0,-0.9233358493568602,-0.13933464644673524
2025-09-17,3681.800048828125,1.68,2.38,-0.0019265078645300804,0.010000000000000009,0.009999999999999787,-0.9302006061441056,-0.14685956788823387
2025-09-18,3643.699951171875,1.73,2.38,-0.010402140797461712,0.050000000000000044,0.0,-0.9308014791148754,-0.21067465837998775
2025-09-19,3671.5,1.75,2.39,0.007600662414638748,0.020000000000000018,0.010000000000000231,-0.9254434502979673,-0.1957269956039306
2025-09-22,3740.699951171875,1.78,2.37,0.018672448725780555,0.030000000000000027,-0.020000000000000018,-0.898728973838353,-0.13032417667348814
2025-09-23,3780.60009765625,1.75,2.37,0.0106100063895056,-0.030000000000000027,0.0,-0.8806598457116803,-0.20383077338924405
2025-09-24,3732.10009765625,1.78,2.38,-0.012911648948104926,0.030000000000000027,0.009999999999999787,-0.8579326003893711,-0.23473780444025436
2025-09-25,3736.89990234375,1.8,2.38,0.0012852605029394226,0.020000000000000018,0.0,-0.8313389155719463,-0.2468393105945279
2025-09-26,3775.300048828125,1.82,2.38,0.010223498096001649,0.020000000000000018,0.0,-0.7798392377490969,-0.19091086755727596
2025-09-29,3820.89990234375,1.8,2.35,0.012006108728817466,-0.020000000000000018,-0.029999999999999805,-0.7195998005226789,-0.18427934261773854
2025-09-30,3840.800048828125,1.8,2.36,0.005194719543135662,0.0,0.009999999999999787,-0.6455597786564192,-0.17430598533772926
2025-12-22,4444.60009765625,1.94,2.23,0.018896813791641875,0.020000000000000018,-0.010000000000000231,0.6244562800144028,-0.07478170775631574
2025-12-23,4482.7998046875,1.94,2.24,0.008557909489308457,0.0,0.010000000000000231,0.662787081972901,-0.07624949080791664
2025-12-24,4480.60009765625,1.91,2.24,-0.0004908198003832354,-0.030000000000000027,0.0,0.6605443472046468,-0.08842062397215286
2025-12-29,4325.10009765625,1.9,2.22,-0.04608798173882889,-0.010000000000000009,-0.009999999999999787,0.6692591030302664,0.07534187099053329
2025-12-30,4370.10009765625,1.9,2.24,0.01035063040454176,0.0,0.020000000000000018,0.6779624588362361,0.16586170195047595
2025-12-31,4325.60009765625,1.93,2.25,-0.010235032825324453,0.030000000000000027,0.009999999999999787,0.6814789706281479,0.11180657011022402
2026-01-05,4436.89990234375,1.91,2.26,0.027997669976116413,-0.030000000000000027,0.009999999999999787,0.6900873526004866,0.009672064964123218
2026-01-06,4482.2001953125,1.91,2.27,0.010158128512449238,0.0,0.010000000000000231,0.7000731820507229,0.007039181165066829
2026-01-07,4449.2998046875,1.88,2.27,-0.007367304357957849,-0.030000000000000027,0.0,0.6527755841085541,0.049967893723895304
2026-01-08,4449.7001953125,1.92,2.27,8.998553214389915e-05,0.040000000000000036,0.0,0.6217224329048261,0.03916515309783878
2026-03-13,5052.5,1.92,2.36,-0.01245058143707567,0.030000000000000027,-0.020000000000000018,-0.6481660441404835,-0.1024546122257168
2026-03-16,4994.0,1.87,2.36,-0.01164597843805737,-0.04999999999999982,0.0,-0.6279326675195707,-0.041600481444299744
2026-03-20,4570.39990234375,2.01,2.38,-0.006607801222591192,0.1299999999999999,0.009999999999999787,-0.6470834861134879,-0.09304879169794998
2026-03-23,4404.10009765625,2.01,2.33,-0.03706475965408629,0.0,-0.04999999999999982,-0.7457963365184264,-0.07105986058491934
2026-03-24,4399.2998046875,2.06,2.33,-0.001090554444362013,0.050000000000000266,0.0,-0.8189318820061009,-0.04845738539704579
2026-03-25,4549.7998046875,2.02,2.31,0.033637840062541,-0.040000000000000036,-0.020000000000000018,-0.84184466169356,-0.12577174665288793
2026-03-26,4375.5,2.08,2.34,-0.03906243403134724,0.06000000000000005,0.029999999999999805,-0.875446987790377,-0.20008029692418403
2026-03-27,4492.0,2.13,2.31,0.02627723788244829,0.04999999999999982,-0.029999999999999805,-0.8856165529095319,-0.22707415894348174
2026-03-30,4526.0,2.04,2.31,0.007540510335148909,-0.08999999999999986,0.0,-0.8975991699746011,-0.21598945889786117
2026-03-31,4647.60009765625,2.0,2.3,0.026512431127411418,-0.040000000000000036,-0.010000000000000231,-0.9124065826219676,-0.24938407748119332
2026-04-01,4783.2001953125,2.02,2.31,0.028758841078818875,0.020000000000000018,0.010000000000000231,-0.9078760508306577,-0.23406615134093606
2026-04-02,4651.5,1.97,2.34,-0.02792007119110096,-0.050000000000000044,0.029999999999999805,-0.914452711235947,-0.17293314952257172
2026-04-06,4656.7998046875,1.98,2.36,0.0011387268075573331,0.010000000000000009,0.020000000000000018,-0.9160319495701839,-0.1770163468185009
2026-04-07,4657.10009765625,1.96,2.37,6.448275631143474e-05,-0.020000000000000018,0.010000000000000231,-0.9133275950595661,-0.14645311813223827
2026-04-08,4749.5,1.96,2.33,0.01964639155775494,0.0,-0.040000000000000036,-0.910936439763898,-0.1481274452381657
2026-04-09,4792.2001953125,1.95,2.34,0.00895028757749472,-0.010000000000000009,0.009999999999999787,-0.9063239645971228,-0.147768491871927
2026-04-10,4761.89990234375,1.95,2.36,-0.006342909169259059,0.0,0.020000000000000018,-0.9034212891365403,-0.15256155759239828
2026-04-13,4742.39990234375,1.92,2.38,-0.004103411668916479,-0.030000000000000027,0.020000000000000018,-0.8960260760025802,-0.13842901863455215
2026-04-14,4825.0,1.89,2.37,0.01726741870353088,-0.030000000000000027,-0.009999999999999787,-0.883213310978335,-0.1816237375202322
2026-04-15,4800.0,1.9,2.39,-0.0051948168771041026,0.010000000000000009,0.020000000000000018,-0.877120303731528,-0.18238672047359444
2026-04-16,4785.39990234375,1.93,2.39,-0.0030463223435290843,0.030000000000000027,0.0,-0.8688264547489024,-0.1877373556458225
2026-04-17,4857.60009765625,1.9,2.36,0.014974913312608251,-0.030000000000000027,-0.03000000000000025,-0.8624154282633681,-0.19989130510824496
2026-04-20,4806.60009765625,1.91,2.35,-0.01055451509881955,0.010000000000000009,-0.009999999999999787,-0.8487632729446258,-0.18973667531335348
2026-04-21,4698.39990234375,1.92,2.38,-0.02276798934293467,0.010000000000000009,0.029999999999999805,-0.832022156975257,-0.19982301601349134
2026-04-22,4732.5,1.92,2.38,0.007231599660171284,0.0,0.0,-0.8085169122061427,-0.2501146752962772
2026-04-23,4705.10009765625,1.92,2.42,-0.00580655654933615,0.0,0.040000000000000036,-0.7906031906218746,-0.243184542404125
2026-04-24,4722.2998046875,1.89,2.42,0.0036488801351293176,-0.030000000000000027,0.0,-0.7909575241935481,-0.24171731834385074
2026-04-27,4675.39990234375,1.91,2.44,-0.009981227996584963,0.020000000000000018,0.020000000000000018,-0.8135263662200081,-0.23758880851083866
2026-04-28,4591.5,1.92,2.44,-0.018107931619109507,0.010000000000000009,0.0,-0.7861913333150347,-0.2656493673758095
2026-04-29,4545.2001953125,1.96,2.46,-0.010134994038567768,0.040000000000000036,0.020000000000000018,-0.7437397986108427,-0.26963193430668464
2026-04-30,4614.7001953125,1.94,2.46,0.015175128715865682,-0.020000000000000018,0.0,-0.7119733597557679,-0.26648953969041
2026-05-01,4629.89990234375,1.91,2.48,0.003288345751501609,-0.030000000000000027,0.020000000000000018,-0.7409795570427404,-0.2654871693273683
